[2025-06-05T15:39:47.698+0700][0.006s][info][gc] Using G1
[2025-06-05T15:39:47.698+0700][0.008s][info][gc,init] Version: 17.0.15+6 (release)
[2025-06-05T15:39:47.698+0700][0.008s][info][gc,init] CPUs: 20 total, 20 available
[2025-06-05T15:39:47.698+0700][0.008s][info][gc,init] Memory: 16068M
[2025-06-05T15:39:47.698+0700][0.008s][info][gc,init] Large Page Support: Disabled
[2025-06-05T15:39:47.698+0700][0.008s][info][gc,init] NUMA Support: Disabled
[2025-06-05T15:39:47.698+0700][0.008s][info][gc,init] Compressed Oops: Enabled (32-bit)
[2025-06-05T15:39:47.698+0700][0.008s][info][gc,init] Heap Region Size: 1M
[2025-06-05T15:39:47.698+0700][0.008s][info][gc,init] Heap Min Capacity: 512M
[2025-06-05T15:39:47.698+0700][0.010s][info][gc,init] Heap Initial Capacity: 512M
[2025-06-05T15:39:47.698+0700][0.010s][info][gc,init] Heap Max Capacity: 1G
[2025-06-05T15:39:47.698+0700][0.010s][info][gc,init] Pre-touch: Disabled
[2025-06-05T15:39:47.698+0700][0.010s][info][gc,init] Parallel Workers: 15
[2025-06-05T15:39:47.698+0700][0.010s][info][gc,init] Concurrent Workers: 4
[2025-06-05T15:39:47.698+0700][0.010s][info][gc,init] Concurrent Refinement Workers: 15
[2025-06-05T15:39:47.698+0700][0.010s][info][gc,init] Periodic GC: Disabled
[2025-06-05T15:39:47.708+0700][0.016s][info][gc,metaspace] CDS archive(s) mapped at: [0x000001c6b4000000-0x000001c6b4bb0000-0x000001c6b4bb0000), size 12255232, SharedBaseAddress: 0x000001c6b4000000, ArchiveRelocationMode: 1.
[2025-06-05T15:39:47.708+0700][0.016s][info][gc,metaspace] Compressed class space mapped at: 0x000001c6b5000000-0x000001c6f5000000, reserved size: 1073741824
[2025-06-05T15:39:47.708+0700][0.016s][info][gc,metaspace] Narrow klass base: 0x000001c6b4000000, Narrow klass shift: 0, Narrow klass range: 0x100000000
[2025-06-05T15:39:47.977+0700][0.288s][debug][safepoint   ] Safepoint synchronization initiated using striped semaphore wait barrier. (23 threads)
[2025-06-05T15:39:47.977+0700][0.289s][info ][safepoint   ] Safepoint "ICBufferFull", Time since last: 269859900 ns, Reaching safepoint: 35300 ns, Cleanup: 52000 ns, At safepoint: 3700 ns, Total: 91000 ns
[2025-06-05T15:39:48.388+0700][0.695s][debug][safepoint   ] Safepoint synchronization initiated using striped semaphore wait barrier. (23 threads)
[2025-06-05T15:39:48.388+0700][0.696s][info ][gc,start    ] GC(0) Pause Young (Normal) (G1 Evacuation Pause)
[2025-06-05T15:39:48.388+0700][0.697s][info ][gc,task     ] GC(0) Using 12 workers of 15 for evacuation
[2025-06-05T15:39:48.394+0700][0.700s][info ][gc,phases   ] GC(0)   Pre Evacuate Collection Set: 0.1ms
[2025-06-05T15:39:48.394+0700][0.700s][info ][gc,phases   ] GC(0)   Merge Heap Roots: 0.1ms
[2025-06-05T15:39:48.394+0700][0.700s][info ][gc,phases   ] GC(0)   Evacuate Collection Set: 2.6ms
[2025-06-05T15:39:48.394+0700][0.700s][info ][gc,phases   ] GC(0)   Post Evacuate Collection Set: 0.4ms
[2025-06-05T15:39:48.394+0700][0.700s][info ][gc,phases   ] GC(0)   Other: 0.8ms
[2025-06-05T15:39:48.394+0700][0.700s][info ][gc,heap     ] GC(0) Eden regions: 62->0(97)
[2025-06-05T15:39:48.394+0700][0.700s][info ][gc,heap     ] GC(0) Survivor regions: 0->6(8)
[2025-06-05T15:39:48.394+0700][0.700s][info ][gc,heap     ] GC(0) Old regions: 0->0
[2025-06-05T15:39:48.394+0700][0.700s][info ][gc,heap     ] GC(0) Archive regions: 0->0
[2025-06-05T15:39:48.394+0700][0.700s][info ][gc,heap     ] GC(0) Humongous regions: 0->0
[2025-06-05T15:39:48.394+0700][0.700s][info ][gc,metaspace] GC(0) Metaspace: 4467K(4736K)->4467K(4736K) NonClass: 4012K(4160K)->4012K(4160K) Class: 454K(576K)->454K(576K)
[2025-06-05T15:39:48.394+0700][0.700s][info ][gc          ] GC(0) Pause Young (Normal) (G1 Evacuation Pause) 62M->5M(512M) 3.960ms
[2025-06-05T15:39:48.394+0700][0.700s][info ][gc,cpu      ] GC(0) User=0.00s Sys=0.02s Real=0.01s
[2025-06-05T15:39:48.394+0700][0.700s][info ][safepoint   ] Safepoint "G1CollectForAllocation", Time since last: 406725800 ns, Reaching safepoint: 595200 ns, Cleanup: 56500 ns, At safepoint: 4032700 ns, Total: 4684400 ns
[2025-06-05T15:39:48.861+0700][1.167s][debug][safepoint   ] Safepoint synchronization initiated using striped semaphore wait barrier. (24 threads)
[2025-06-05T15:39:48.861+0700][1.167s][info ][gc,start    ] GC(1) Pause Young (Normal) (G1 Evacuation Pause)
[2025-06-05T15:39:48.861+0700][1.167s][info ][gc,task     ] GC(1) Using 12 workers of 15 for evacuation
[2025-06-05T15:39:48.861+0700][1.171s][info ][gc,phases   ] GC(1)   Pre Evacuate Collection Set: 0.1ms
[2025-06-05T15:39:48.861+0700][1.171s][info ][gc,phases   ] GC(1)   Merge Heap Roots: 0.0ms
[2025-06-05T15:39:48.861+0700][1.171s][info ][gc,phases   ] GC(1)   Evacuate Collection Set: 3.2ms
[2025-06-05T15:39:48.861+0700][1.171s][info ][gc,phases   ] GC(1)   Post Evacuate Collection Set: 0.9ms
[2025-06-05T15:39:48.861+0700][1.171s][info ][gc,phases   ] GC(1)   Other: 0.1ms
[2025-06-05T15:39:48.861+0700][1.171s][info ][gc,heap     ] GC(1) Eden regions: 97->0(300)
[2025-06-05T15:39:48.861+0700][1.171s][info ][gc,heap     ] GC(1) Survivor regions: 6->7(13)
[2025-06-05T15:39:48.861+0700][1.171s][info ][gc,heap     ] GC(1) Old regions: 0->0
[2025-06-05T15:39:48.861+0700][1.171s][info ][gc,heap     ] GC(1) Archive regions: 0->0
[2025-06-05T15:39:48.861+0700][1.171s][info ][gc,heap     ] GC(1) Humongous regions: 0->0
[2025-06-05T15:39:48.861+0700][1.171s][info ][gc,metaspace] GC(1) Metaspace: 9512K(9792K)->9512K(9792K) NonClass: 8306K(8448K)->8306K(8448K) Class: 1205K(1344K)->1205K(1344K)
[2025-06-05T15:39:48.861+0700][1.171s][info ][gc          ] GC(1) Pause Young (Normal) (G1 Evacuation Pause) 102M->6M(512M) 4.354ms
[2025-06-05T15:39:48.861+0700][1.171s][info ][gc,cpu      ] GC(1) User=0.02s Sys=0.00s Real=0.00s
[2025-06-05T15:39:48.861+0700][1.171s][info ][safepoint   ] Safepoint "G1CollectForAllocation", Time since last: 466781900 ns, Reaching safepoint: 68500 ns, Cleanup: 106400 ns, At safepoint: 4394800 ns, Total: 4569700 ns
[2025-06-05T15:39:49.002+0700][1.309s][debug][safepoint   ] Safepoint synchronization initiated using striped semaphore wait barrier. (24 threads)
[2025-06-05T15:39:49.002+0700][1.309s][info ][safepoint   ] Safepoint "ICBufferFull", Time since last: 137501000 ns, Reaching safepoint: 56900 ns, Cleanup: 581800 ns, At safepoint: 8500 ns, Total: 647200 ns
[2025-06-05T15:39:49.116+0700][1.421s][debug][safepoint   ] Safepoint synchronization initiated using striped semaphore wait barrier. (25 threads)
[2025-06-05T15:39:49.116+0700][1.421s][info ][safepoint   ] Safepoint "ICBufferFull", Time since last: 111229400 ns, Reaching safepoint: 57700 ns, Cleanup: 64600 ns, At safepoint: 24900 ns, Total: 147200 ns
[2025-06-05T15:39:49.556+0700][1.861s][debug][safepoint   ] Safepoint synchronization initiated using striped semaphore wait barrier. (23 threads)
[2025-06-05T15:39:49.556+0700][1.861s][info ][safepoint   ] Safepoint "ICBufferFull", Time since last: 439922100 ns, Reaching safepoint: 36400 ns, Cleanup: 78400 ns, At safepoint: 2400 ns, Total: 117200 ns
[2025-06-05T15:39:49.704+0700][2.009s][debug][safepoint   ] Safepoint synchronization initiated using striped semaphore wait barrier. (23 threads)
[2025-06-05T15:39:49.704+0700][2.009s][info ][gc,start    ] GC(2) Pause Young (Concurrent Start) (Metadata GC Threshold)
[2025-06-05T15:39:49.704+0700][2.009s][info ][gc,task     ] GC(2) Using 12 workers of 15 for evacuation
[2025-06-05T15:39:49.705+0700][2.014s][info ][gc,phases   ] GC(2)   Pre Evacuate Collection Set: 0.1ms
[2025-06-05T15:39:49.705+0700][2.014s][info ][gc,phases   ] GC(2)   Merge Heap Roots: 0.0ms
[2025-06-05T15:39:49.705+0700][2.014s][info ][gc,phases   ] GC(2)   Evacuate Collection Set: 4.3ms
[2025-06-05T15:39:49.705+0700][2.014s][info ][gc,phases   ] GC(2)   Post Evacuate Collection Set: 0.5ms
[2025-06-05T15:39:49.705+0700][2.014s][info ][gc,phases   ] GC(2)   Other: 0.1ms
[2025-06-05T15:39:49.705+0700][2.014s][info ][gc,heap     ] GC(2) Eden regions: 217->0(294)
[2025-06-05T15:39:49.705+0700][2.014s][info ][gc,heap     ] GC(2) Survivor regions: 7->13(39)
[2025-06-05T15:39:49.705+0700][2.014s][info ][gc,heap     ] GC(2) Old regions: 0->0
[2025-06-05T15:39:49.705+0700][2.014s][info ][gc,heap     ] GC(2) Archive regions: 0->0
[2025-06-05T15:39:49.705+0700][2.014s][info ][gc,heap     ] GC(2) Humongous regions: 0->0
[2025-06-05T15:39:49.705+0700][2.014s][info ][gc,metaspace] GC(2) Metaspace: 21195K(21504K)->21195K(21504K) NonClass: 18464K(18624K)->18464K(18624K) Class: 2731K(2880K)->2731K(2880K)
[2025-06-05T15:39:49.705+0700][2.014s][info ][gc          ] GC(2) Pause Young (Concurrent Start) (Metadata GC Threshold) 223M->12M(512M) 5.225ms
[2025-06-05T15:39:49.705+0700][2.014s][info ][gc,cpu      ] GC(2) User=0.00s Sys=0.00s Real=0.00s
[2025-06-05T15:39:49.705+0700][2.014s][info ][gc          ] GC(3) Concurrent Mark Cycle
[2025-06-05T15:39:49.705+0700][2.014s][info ][safepoint   ] Safepoint "CollectForMetadataAllocation", Time since last: 147632100 ns, Reaching safepoint: 31800 ns, Cleanup: 30200 ns, At safepoint: 5285300 ns, Total: 5347300 ns
[2025-06-05T15:39:49.705+0700][2.014s][info ][gc,marking  ] GC(3) Concurrent Clear Claimed Marks
[2025-06-05T15:39:49.705+0700][2.014s][info ][gc,marking  ] GC(3) Concurrent Clear Claimed Marks 0.031ms
[2025-06-05T15:39:49.705+0700][2.014s][info ][gc,marking  ] GC(3) Concurrent Scan Root Regions
[2025-06-05T15:39:49.711+0700][2.015s][info ][gc,marking  ] GC(3) Concurrent Scan Root Regions 1.314ms
[2025-06-05T15:39:49.711+0700][2.015s][info ][gc,marking  ] GC(3) Concurrent Mark
[2025-06-05T15:39:49.711+0700][2.015s][info ][gc,marking  ] GC(3) Concurrent Mark From Roots
[2025-06-05T15:39:49.711+0700][2.015s][info ][gc,task     ] GC(3) Using 4 workers of 4 for marking
[2025-06-05T15:39:49.711+0700][2.015s][info ][gc,marking  ] GC(3) Concurrent Mark From Roots 0.133ms
[2025-06-05T15:39:49.711+0700][2.015s][info ][gc,marking  ] GC(3) Concurrent Preclean
[2025-06-05T15:39:49.711+0700][2.015s][info ][gc,marking  ] GC(3) Concurrent Preclean 0.041ms
[2025-06-05T15:39:49.711+0700][2.015s][debug][safepoint   ] Safepoint synchronization initiated using striped semaphore wait barrier. (23 threads)
[2025-06-05T15:39:49.711+0700][2.016s][info ][gc,start    ] GC(3) Pause Remark
[2025-06-05T15:39:49.713+0700][2.017s][info ][gc          ] GC(3) Pause Remark 14M->14M(512M) 1.548ms
[2025-06-05T15:39:49.713+0700][2.017s][info ][gc,cpu      ] GC(3) User=0.00s Sys=0.00s Real=0.00s
[2025-06-05T15:39:49.713+0700][2.017s][info ][safepoint   ] Safepoint "G1PauseRemark", Time since last: 1614700 ns, Reaching safepoint: 77400 ns, Cleanup: 5400 ns, At safepoint: 1599900 ns, Total: 1682700 ns
[2025-06-05T15:39:49.713+0700][2.017s][info ][gc,marking  ] GC(3) Concurrent Mark 1.913ms
[2025-06-05T15:39:49.713+0700][2.017s][info ][gc,marking  ] GC(3) Concurrent Rebuild Remembered Sets
[2025-06-05T15:39:49.713+0700][2.017s][info ][gc,marking  ] GC(3) Concurrent Rebuild Remembered Sets 0.007ms
[2025-06-05T15:39:49.713+0700][2.017s][debug][safepoint   ] Safepoint synchronization initiated using striped semaphore wait barrier. (23 threads)
[2025-06-05T15:39:49.713+0700][2.017s][info ][gc,start    ] GC(3) Pause Cleanup
[2025-06-05T15:39:49.713+0700][2.017s][info ][gc          ] GC(3) Pause Cleanup 14M->14M(512M) 0.009ms
[2025-06-05T15:39:49.713+0700][2.017s][info ][gc,cpu      ] GC(3) User=0.00s Sys=0.00s Real=0.00s
[2025-06-05T15:39:49.713+0700][2.017s][info ][safepoint   ] Safepoint "G1PauseCleanup", Time since last: 57400 ns, Reaching safepoint: 29500 ns, Cleanup: 1700 ns, At safepoint: 33100 ns, Total: 64300 ns
[2025-06-05T15:39:49.713+0700][2.017s][info ][gc,marking  ] GC(3) Concurrent Cleanup for Next Mark
[2025-06-05T15:39:49.713+0700][2.018s][info ][gc,marking  ] GC(3) Concurrent Cleanup for Next Mark 1.171ms
[2025-06-05T15:39:49.713+0700][2.019s][info ][gc          ] GC(3) Concurrent Mark Cycle 4.658ms
[2025-06-05T15:39:49.940+0700][2.249s][debug][safepoint   ] Safepoint synchronization initiated using striped semaphore wait barrier. (23 threads)
[2025-06-05T15:39:49.940+0700][2.249s][info ][safepoint   ] Safepoint "ICBufferFull", Time since last: 231231500 ns, Reaching safepoint: 35000 ns, Cleanup: 71000 ns, At safepoint: 3500 ns, Total: 109500 ns
[2025-06-05T15:39:50.304+0700][2.610s][debug][safepoint   ] Safepoint synchronization initiated using striped semaphore wait barrier. (22 threads)
[2025-06-05T15:39:50.306+0700][2.610s][info ][safepoint   ] Safepoint "ICBufferFull", Time since last: 361536900 ns, Reaching safepoint: 85700 ns, Cleanup: 71600 ns, At safepoint: 5100 ns, Total: 162400 ns
[2025-06-05T15:39:50.566+0700][2.872s][debug][safepoint   ] Safepoint synchronization initiated using striped semaphore wait barrier. (22 threads)
[2025-06-05T15:39:50.566+0700][2.872s][info ][safepoint   ] Safepoint "ICBufferFull", Time since last: 261903000 ns, Reaching safepoint: 34300 ns, Cleanup: 72800 ns, At safepoint: 3100 ns, Total: 110200 ns
[2025-06-05T15:39:50.651+0700][2.961s][debug][safepoint   ] Safepoint synchronization initiated using striped semaphore wait barrier. (22 threads)
[2025-06-05T15:39:50.651+0700][2.962s][info ][gc,start    ] GC(4) Pause Young (Normal) (G1 Evacuation Pause)
[2025-06-05T15:39:50.651+0700][2.962s][info ][gc,task     ] GC(4) Using 12 workers of 15 for evacuation
[2025-06-05T15:39:50.665+0700][2.970s][info ][gc,phases   ] GC(4)   Pre Evacuate Collection Set: 0.2ms
[2025-06-05T15:39:50.665+0700][2.970s][info ][gc,phases   ] GC(4)   Merge Heap Roots: 0.1ms
[2025-06-05T15:39:50.665+0700][2.970s][info ][gc,phases   ] GC(4)   Evacuate Collection Set: 6.8ms
[2025-06-05T15:39:50.665+0700][2.970s][info ][gc,phases   ] GC(4)   Post Evacuate Collection Set: 1.1ms
[2025-06-05T15:39:50.665+0700][2.970s][info ][gc,phases   ] GC(4)   Other: 0.1ms
[2025-06-05T15:39:50.665+0700][2.970s][info ][gc,heap     ] GC(4) Eden regions: 294->0(281)
[2025-06-05T15:39:50.665+0700][2.970s][info ][gc,heap     ] GC(4) Survivor regions: 13->26(39)
[2025-06-05T15:39:50.665+0700][2.970s][info ][gc,heap     ] GC(4) Old regions: 0->0
[2025-06-05T15:39:50.665+0700][2.970s][info ][gc,heap     ] GC(4) Archive regions: 0->0
[2025-06-05T15:39:50.665+0700][2.970s][info ][gc,heap     ] GC(4) Humongous regions: 0->0
[2025-06-05T15:39:50.665+0700][2.970s][info ][gc,metaspace] GC(4) Metaspace: 29811K(30208K)->29811K(30208K) NonClass: 26217K(26432K)->26217K(26432K) Class: 3594K(3776K)->3594K(3776K)
[2025-06-05T15:39:50.665+0700][2.970s][info ][gc          ] GC(4) Pause Young (Normal) (G1 Evacuation Pause) 306M->25M(512M) 8.427ms
[2025-06-05T15:39:50.665+0700][2.970s][info ][gc,cpu      ] GC(4) User=0.05s Sys=0.00s Real=0.01s
[2025-06-05T15:39:50.665+0700][2.970s][info ][safepoint   ] Safepoint "G1CollectForAllocation", Time since last: 89139900 ns, Reaching safepoint: 52400 ns, Cleanup: 43000 ns, At safepoint: 8479200 ns, Total: 8574600 ns
[2025-06-05T15:39:52.177+0700][4.489s][debug][safepoint   ] Safepoint synchronization initiated using striped semaphore wait barrier. (17 threads)
[2025-06-05T15:39:52.177+0700][4.489s][info ][safepoint   ] Safepoint "Cleanup", Time since last: 1518549800 ns, Reaching safepoint: 98100 ns, Cleanup: 196000 ns, At safepoint: 11400 ns, Total: 305500 ns
[2025-06-05T15:39:52.860+0700][5.168s][debug][safepoint   ] Safepoint synchronization initiated using striped semaphore wait barrier. (18 threads)
[2025-06-05T15:39:52.860+0700][5.168s][info ][safepoint   ] Safepoint "ICBufferFull", Time since last: 678600700 ns, Reaching safepoint: 47100 ns, Cleanup: 75200 ns, At safepoint: 5600 ns, Total: 127900 ns
[2025-06-05T15:39:53.533+0700][5.837s][debug][safepoint   ] Safepoint synchronization initiated using striped semaphore wait barrier. (17 threads)
[2025-06-05T15:39:53.533+0700][5.837s][info ][gc,start    ] GC(5) Pause Young (Concurrent Start) (Metadata GC Threshold)
[2025-06-05T15:39:53.533+0700][5.837s][info ][gc,task     ] GC(5) Using 12 workers of 15 for evacuation
[2025-06-05T15:39:53.543+0700][5.847s][info ][gc,phases   ] GC(5)   Pre Evacuate Collection Set: 0.2ms
[2025-06-05T15:39:53.543+0700][5.847s][info ][gc,phases   ] GC(5)   Merge Heap Roots: 0.1ms
[2025-06-05T15:39:53.543+0700][5.847s][info ][gc,phases   ] GC(5)   Evacuate Collection Set: 7.7ms
[2025-06-05T15:39:53.543+0700][5.847s][info ][gc,phases   ] GC(5)   Post Evacuate Collection Set: 1.5ms
[2025-06-05T15:39:53.543+0700][5.847s][info ][gc,phases   ] GC(5)   Other: 0.3ms
[2025-06-05T15:39:53.543+0700][5.847s][info ][gc,heap     ] GC(5) Eden regions: 204->0(283)
[2025-06-05T15:39:53.543+0700][5.847s][info ][gc,heap     ] GC(5) Survivor regions: 26->24(39)
[2025-06-05T15:39:53.543+0700][5.847s][info ][gc,heap     ] GC(5) Old regions: 0->5
[2025-06-05T15:39:53.543+0700][5.847s][info ][gc,heap     ] GC(5) Archive regions: 0->0
[2025-06-05T15:39:53.543+0700][5.847s][info ][gc,heap     ] GC(5) Humongous regions: 0->0
[2025-06-05T15:39:53.543+0700][5.847s][info ][gc,metaspace] GC(5) Metaspace: 35610K(35968K)->35610K(35968K) NonClass: 31153K(31360K)->31153K(31360K) Class: 4457K(4608K)->4457K(4608K)
[2025-06-05T15:39:53.543+0700][5.847s][info ][gc          ] GC(5) Pause Young (Concurrent Start) (Metadata GC Threshold) 228M->27M(512M) 10.040ms
[2025-06-05T15:39:53.543+0700][5.847s][info ][gc,cpu      ] GC(5) User=0.00s Sys=0.00s Real=0.01s
[2025-06-05T15:39:53.543+0700][5.847s][info ][safepoint   ] Safepoint "CollectForMetadataAllocation", Time since last: 669472700 ns, Reaching safepoint: 107600 ns, Cleanup: 139500 ns, At safepoint: 10127600 ns, Total: 10374700 ns
[2025-06-05T15:39:53.543+0700][5.848s][info ][gc          ] GC(6) Concurrent Mark Cycle
[2025-06-05T15:39:53.543+0700][5.848s][info ][gc,marking  ] GC(6) Concurrent Clear Claimed Marks
[2025-06-05T15:39:53.543+0700][5.848s][info ][gc,marking  ] GC(6) Concurrent Clear Claimed Marks 0.027ms
[2025-06-05T15:39:53.543+0700][5.848s][info ][gc,marking  ] GC(6) Concurrent Scan Root Regions
[2025-06-05T15:39:53.547+0700][5.852s][info ][gc,marking  ] GC(6) Concurrent Scan Root Regions 4.140ms
[2025-06-05T15:39:53.547+0700][5.852s][info ][gc,marking  ] GC(6) Concurrent Mark
[2025-06-05T15:39:53.547+0700][5.852s][info ][gc,marking  ] GC(6) Concurrent Mark From Roots
[2025-06-05T15:39:53.547+0700][5.852s][info ][gc,task     ] GC(6) Using 4 workers of 4 for marking
[2025-06-05T15:39:53.547+0700][5.852s][info ][gc,marking  ] GC(6) Concurrent Mark From Roots 0.196ms
[2025-06-05T15:39:53.547+0700][5.852s][info ][gc,marking  ] GC(6) Concurrent Preclean
[2025-06-05T15:39:53.547+0700][5.852s][info ][gc,marking  ] GC(6) Concurrent Preclean 0.049ms
[2025-06-05T15:39:53.547+0700][5.852s][debug][safepoint   ] Safepoint synchronization initiated using striped semaphore wait barrier. (17 threads)
[2025-06-05T15:39:53.547+0700][5.852s][info ][gc,start    ] GC(6) Pause Remark
[2025-06-05T15:39:53.551+0700][5.856s][info ][gc          ] GC(6) Pause Remark 28M->28M(512M) 3.688ms
[2025-06-05T15:39:53.551+0700][5.856s][info ][gc,cpu      ] GC(6) User=0.02s Sys=0.00s Real=0.00s
[2025-06-05T15:39:53.551+0700][5.856s][info ][safepoint   ] Safepoint "G1PauseRemark", Time since last: 4670200 ns, Reaching safepoint: 52200 ns, Cleanup: 3900 ns, At safepoint: 3780000 ns, Total: 3836100 ns
[2025-06-05T15:39:53.552+0700][5.856s][info ][gc,marking  ] GC(6) Concurrent Mark 4.210ms
[2025-06-05T15:39:53.552+0700][5.856s][info ][gc,marking  ] GC(6) Concurrent Rebuild Remembered Sets
[2025-06-05T15:39:53.552+0700][5.857s][info ][gc,marking  ] GC(6) Concurrent Rebuild Remembered Sets 0.746ms
[2025-06-05T15:39:53.552+0700][5.857s][debug][safepoint   ] Safepoint synchronization initiated using striped semaphore wait barrier. (17 threads)
[2025-06-05T15:39:53.553+0700][5.857s][info ][gc,start    ] GC(6) Pause Cleanup
[2025-06-05T15:39:53.553+0700][5.857s][info ][gc          ] GC(6) Pause Cleanup 28M->28M(512M) 0.092ms
[2025-06-05T15:39:53.553+0700][5.857s][info ][gc,cpu      ] GC(6) User=0.00s Sys=0.00s Real=0.00s
[2025-06-05T15:39:53.553+0700][5.857s][info ][safepoint   ] Safepoint "G1PauseCleanup", Time since last: 846100 ns, Reaching safepoint: 271900 ns, Cleanup: 3600 ns, At safepoint: 129900 ns, Total: 405400 ns
[2025-06-05T15:39:53.553+0700][5.857s][info ][gc,marking  ] GC(6) Concurrent Cleanup for Next Mark
[2025-06-05T15:39:53.554+0700][5.859s][info ][gc,marking  ] GC(6) Concurrent Cleanup for Next Mark 1.562ms
[2025-06-05T15:39:53.554+0700][5.859s][info ][gc          ] GC(6) Concurrent Mark Cycle 11.332ms
[2025-06-05T15:39:54.945+0700][7.253s][debug][safepoint   ] Safepoint synchronization initiated using striped semaphore wait barrier. (16 threads)
[2025-06-05T15:39:54.945+0700][7.253s][info ][safepoint   ] Safepoint "Cleanup", Time since last: 1395827900 ns, Reaching safepoint: 87100 ns, Cleanup: 164800 ns, At safepoint: 1800 ns, Total: 253700 ns
[2025-06-05T15:39:56.159+0700][8.469s][debug][safepoint   ] Safepoint synchronization initiated using striped semaphore wait barrier. (18 threads)
[2025-06-05T15:39:56.159+0700][8.469s][info ][safepoint   ] Safepoint "Cleanup", Time since last: 1215769700 ns, Reaching safepoint: 81600 ns, Cleanup: 184300 ns, At safepoint: 8900 ns, Total: 274800 ns
[2025-06-05T15:39:57.298+0700][9.607s][debug][safepoint   ] Safepoint synchronization initiated using striped semaphore wait barrier. (18 threads)
[2025-06-05T15:39:57.298+0700][9.607s][info ][safepoint   ] Safepoint "ICBufferFull", Time since last: 1137630400 ns, Reaching safepoint: 59300 ns, Cleanup: 110100 ns, At safepoint: 2900 ns, Total: 172300 ns
[2025-06-05T15:39:57.723+0700][10.029s][debug][safepoint   ] Safepoint synchronization initiated using striped semaphore wait barrier. (20 threads)
[2025-06-05T15:39:57.723+0700][10.030s][info ][safepoint   ] Safepoint "ICBufferFull", Time since last: 422305200 ns, Reaching safepoint: 86600 ns, Cleanup: 105800 ns, At safepoint: 5700 ns, Total: 198100 ns
[2025-06-05T15:39:58.146+0700][10.451s][debug][safepoint   ] Safepoint synchronization initiated using striped semaphore wait barrier. (20 threads)
[2025-06-05T15:39:58.146+0700][10.452s][info ][gc,start    ] GC(7) Pause Young (Normal) (G1 Evacuation Pause)
[2025-06-05T15:39:58.146+0700][10.452s][info ][gc,task     ] GC(7) Using 12 workers of 15 for evacuation
[2025-06-05T15:39:58.150+0700][10.458s][info ][gc,phases   ] GC(7)   Pre Evacuate Collection Set: 0.1ms
[2025-06-05T15:39:58.150+0700][10.458s][info ][gc,phases   ] GC(7)   Merge Heap Roots: 0.1ms
[2025-06-05T15:39:58.150+0700][10.458s][info ][gc,phases   ] GC(7)   Evacuate Collection Set: 5.1ms
[2025-06-05T15:39:58.150+0700][10.458s][info ][gc,phases   ] GC(7)   Post Evacuate Collection Set: 1.2ms
[2025-06-05T15:39:58.150+0700][10.458s][info ][gc,phases   ] GC(7)   Other: 0.1ms
[2025-06-05T15:39:58.150+0700][10.458s][info ][gc,heap     ] GC(7) Eden regions: 283->0(284)
[2025-06-05T15:39:58.150+0700][10.458s][info ][gc,heap     ] GC(7) Survivor regions: 24->23(39)
[2025-06-05T15:39:58.150+0700][10.458s][info ][gc,heap     ] GC(7) Old regions: 5->12
[2025-06-05T15:39:58.150+0700][10.458s][info ][gc,heap     ] GC(7) Archive regions: 0->0
[2025-06-05T15:39:58.150+0700][10.458s][info ][gc,heap     ] GC(7) Humongous regions: 0->0
[2025-06-05T15:39:58.150+0700][10.458s][info ][gc,metaspace] GC(7) Metaspace: 47236K(47680K)->47236K(47680K) NonClass: 41302K(41536K)->41302K(41536K) Class: 5933K(6144K)->5933K(6144K)
[2025-06-05T15:39:58.150+0700][10.458s][info ][gc          ] GC(7) Pause Young (Normal) (G1 Evacuation Pause) 310M->33M(512M) 6.658ms
[2025-06-05T15:39:58.150+0700][10.458s][info ][gc,cpu      ] GC(7) User=0.02s Sys=0.00s Real=0.00s
[2025-06-05T15:39:58.150+0700][10.458s][info ][safepoint   ] Safepoint "G1CollectForAllocation", Time since last: 421736600 ns, Reaching safepoint: 57200 ns, Cleanup: 58100 ns, At safepoint: 6700200 ns, Total: 6815500 ns
[2025-06-05T15:39:59.410+0700][11.718s][debug][safepoint   ] Safepoint synchronization initiated using striped semaphore wait barrier. (19 threads)
[2025-06-05T15:39:59.410+0700][11.719s][info ][safepoint   ] Safepoint "Cleanup", Time since last: 1260257800 ns, Reaching safepoint: 50300 ns, Cleanup: 32200 ns, At safepoint: 3200 ns, Total: 85700 ns
[2025-06-05T15:40:00.502+0700][12.813s][debug][safepoint   ] Safepoint synchronization initiated using striped semaphore wait barrier. (20 threads)
[2025-06-05T15:40:00.502+0700][12.813s][info ][safepoint   ] Safepoint "Cleanup", Time since last: 1094368600 ns, Reaching safepoint: 74400 ns, Cleanup: 179700 ns, At safepoint: 12400 ns, Total: 266500 ns
[2025-06-05T15:40:01.509+0700][13.819s][debug][safepoint   ] Safepoint synchronization initiated using striped semaphore wait barrier. (18 threads)
[2025-06-05T15:40:01.509+0700][13.819s][info ][safepoint   ] Safepoint "Cleanup", Time since last: 1006072500 ns, Reaching safepoint: 90300 ns, Cleanup: 48200 ns, At safepoint: 1400 ns, Total: 139900 ns
[2025-06-05T15:40:01.981+0700][14.300s][debug][safepoint   ] Safepoint synchronization initiated using striped semaphore wait barrier. (21 threads)
[2025-06-05T15:40:01.981+0700][14.300s][info ][safepoint   ] Safepoint "ICBufferFull", Time since last: 480102900 ns, Reaching safepoint: 48600 ns, Cleanup: 81500 ns, At safepoint: 1400 ns, Total: 131500 ns
[2025-06-05T15:40:02.884+0700][15.194s][debug][safepoint   ] Safepoint synchronization initiated using striped semaphore wait barrier. (25 threads)
[2025-06-05T15:40:02.884+0700][15.195s][info ][safepoint   ] Safepoint "ICBufferFull", Time since last: 894553600 ns, Reaching safepoint: 180700 ns, Cleanup: 313300 ns, At safepoint: 9500 ns, Total: 503500 ns
[2025-06-05T15:40:03.561+0700][15.875s][debug][safepoint   ] Safepoint synchronization initiated using striped semaphore wait barrier. (30 threads)
[2025-06-05T15:40:03.561+0700][15.875s][info ][gc,start    ] GC(8) Pause Young (Concurrent Start) (Metadata GC Threshold)
[2025-06-05T15:40:03.561+0700][15.875s][info ][gc,task     ] GC(8) Using 14 workers of 15 for evacuation
[2025-06-05T15:40:03.578+0700][15.883s][info ][gc,phases   ] GC(8)   Pre Evacuate Collection Set: 0.3ms
[2025-06-05T15:40:03.578+0700][15.883s][info ][gc,phases   ] GC(8)   Merge Heap Roots: 0.1ms
[2025-06-05T15:40:03.578+0700][15.883s][info ][gc,phases   ] GC(8)   Evacuate Collection Set: 6.5ms
[2025-06-05T15:40:03.578+0700][15.883s][info ][gc,phases   ] GC(8)   Post Evacuate Collection Set: 1.4ms
[2025-06-05T15:40:03.578+0700][15.883s][info ][gc,phases   ] GC(8)   Other: 0.1ms
[2025-06-05T15:40:03.578+0700][15.883s][info ][gc,heap     ] GC(8) Eden regions: 274->0(287)
[2025-06-05T15:40:03.578+0700][15.883s][info ][gc,heap     ] GC(8) Survivor regions: 23->20(39)
[2025-06-05T15:40:03.578+0700][15.883s][info ][gc,heap     ] GC(8) Old regions: 12->21
[2025-06-05T15:40:03.578+0700][15.883s][info ][gc,heap     ] GC(8) Archive regions: 0->0
[2025-06-05T15:40:03.578+0700][15.883s][info ][gc,heap     ] GC(8) Humongous regions: 0->0
[2025-06-05T15:40:03.578+0700][15.883s][info ][gc,metaspace] GC(8) Metaspace: 59660K(60096K)->59660K(60096K) NonClass: 52194K(52416K)->52194K(52416K) Class: 7466K(7680K)->7466K(7680K)
[2025-06-05T15:40:03.578+0700][15.883s][info ][gc          ] GC(8) Pause Young (Concurrent Start) (Metadata GC Threshold) 307M->40M(512M) 8.524ms
[2025-06-05T15:40:03.578+0700][15.883s][info ][gc,cpu      ] GC(8) User=0.12s Sys=0.00s Real=0.02s
[2025-06-05T15:40:03.578+0700][15.883s][info ][safepoint   ] Safepoint "CollectForMetadataAllocation", Time since last: 680052300 ns, Reaching safepoint: 59600 ns, Cleanup: 54300 ns, At safepoint: 8591700 ns, Total: 8705600 ns
[2025-06-05T15:40:03.578+0700][15.884s][info ][gc          ] GC(9) Concurrent Mark Cycle
[2025-06-05T15:40:03.578+0700][15.884s][info ][gc,marking  ] GC(9) Concurrent Clear Claimed Marks
[2025-06-05T15:40:03.578+0700][15.884s][info ][gc,marking  ] GC(9) Concurrent Clear Claimed Marks 0.039ms
[2025-06-05T15:40:03.578+0700][15.884s][info ][gc,marking  ] GC(9) Concurrent Scan Root Regions
[2025-06-05T15:40:03.579+0700][15.887s][info ][gc,marking  ] GC(9) Concurrent Scan Root Regions 3.587ms
[2025-06-05T15:40:03.579+0700][15.887s][info ][gc,marking  ] GC(9) Concurrent Mark
[2025-06-05T15:40:03.579+0700][15.887s][info ][gc,marking  ] GC(9) Concurrent Mark From Roots
[2025-06-05T15:40:03.579+0700][15.887s][info ][gc,task     ] GC(9) Using 4 workers of 4 for marking
[2025-06-05T15:40:03.579+0700][15.891s][info ][gc,marking  ] GC(9) Concurrent Mark From Roots 3.490ms
[2025-06-05T15:40:03.579+0700][15.891s][info ][gc,marking  ] GC(9) Concurrent Preclean
[2025-06-05T15:40:03.579+0700][15.891s][info ][gc,marking  ] GC(9) Concurrent Preclean 0.110ms
[2025-06-05T15:40:03.579+0700][15.891s][debug][safepoint   ] Safepoint synchronization initiated using striped semaphore wait barrier. (30 threads)
[2025-06-05T15:40:03.595+0700][15.900s][info ][gc,start    ] GC(9) Pause Remark
[2025-06-05T15:40:03.595+0700][15.906s][info ][gc          ] GC(9) Pause Remark 41M->41M(512M) 5.679ms
[2025-06-05T15:40:03.595+0700][15.906s][info ][gc,cpu      ] GC(9) User=0.00s Sys=0.00s Real=0.00s
[2025-06-05T15:40:03.595+0700][15.906s][info ][safepoint   ] Safepoint "G1PauseRemark", Time since last: 7475000 ns, Reaching safepoint: 9048400 ns, Cleanup: 12900 ns, At safepoint: 5760600 ns, Total: 14821900 ns
[2025-06-05T15:40:03.595+0700][15.906s][info ][gc,marking  ] GC(9) Concurrent Mark 18.603ms
[2025-06-05T15:40:03.595+0700][15.906s][info ][gc,marking  ] GC(9) Concurrent Rebuild Remembered Sets
[2025-06-05T15:40:03.595+0700][15.906s][info ][gc,marking  ] GC(9) Concurrent Rebuild Remembered Sets 0.007ms
[2025-06-05T15:40:03.595+0700][15.906s][debug][safepoint   ] Safepoint synchronization initiated using striped semaphore wait barrier. (30 threads)
[2025-06-05T15:40:03.595+0700][15.906s][info ][gc,start    ] GC(9) Pause Cleanup
[2025-06-05T15:40:03.595+0700][15.906s][info ][gc          ] GC(9) Pause Cleanup 41M->41M(512M) 0.009ms
[2025-06-05T15:40:03.595+0700][15.906s][info ][gc,cpu      ] GC(9) User=0.00s Sys=0.00s Real=0.00s
[2025-06-05T15:40:03.595+0700][15.906s][info ][safepoint   ] Safepoint "G1PauseCleanup", Time since last: 122200 ns, Reaching safepoint: 405500 ns, Cleanup: 2200 ns, At safepoint: 31700 ns, Total: 439400 ns
[2025-06-05T15:40:03.595+0700][15.906s][info ][gc,marking  ] GC(9) Concurrent Cleanup for Next Mark
[2025-06-05T15:40:03.595+0700][15.907s][info ][gc,marking  ] GC(9) Concurrent Cleanup for Next Mark 0.393ms
[2025-06-05T15:40:03.595+0700][15.907s][info ][gc          ] GC(9) Concurrent Mark Cycle 23.282ms
[2025-06-05T15:40:05.015+0700][17.319s][debug][safepoint   ] Safepoint synchronization initiated using striped semaphore wait barrier. (24 threads)
[2025-06-05T15:40:05.015+0700][17.319s][info ][safepoint   ] Safepoint "Cleanup", Time since last: 1412663900 ns, Reaching safepoint: 457100 ns, Cleanup: 39700 ns, At safepoint: 900 ns, Total: 497700 ns
[2025-06-05T15:40:06.088+0700][18.392s][debug][safepoint   ] Safepoint synchronization initiated using striped semaphore wait barrier. (28 threads)
[2025-06-05T15:40:06.088+0700][18.392s][info ][safepoint   ] Safepoint "ICBufferFull", Time since last: 1072824900 ns, Reaching safepoint: 78300 ns, Cleanup: 82500 ns, At safepoint: 5400 ns, Total: 166200 ns
[2025-06-05T15:40:06.435+0700][18.740s][debug][safepoint   ] Safepoint synchronization initiated using striped semaphore wait barrier. (28 threads)
[2025-06-05T15:40:06.435+0700][18.740s][info ][safepoint   ] Safepoint "ICBufferFull", Time since last: 347307900 ns, Reaching safepoint: 59000 ns, Cleanup: 115800 ns, At safepoint: 6800 ns, Total: 181600 ns
[2025-06-05T15:40:06.939+0700][19.250s][debug][safepoint   ] Safepoint synchronization initiated using striped semaphore wait barrier. (29 threads)
[2025-06-05T15:40:06.939+0700][19.250s][info ][safepoint   ] Safepoint "ICBufferFull", Time since last: 510076300 ns, Reaching safepoint: 73000 ns, Cleanup: 169200 ns, At safepoint: 12400 ns, Total: 254600 ns
[2025-06-05T15:40:07.645+0700][19.950s][debug][safepoint   ] Safepoint synchronization initiated using striped semaphore wait barrier. (29 threads)
[2025-06-05T15:40:07.646+0700][19.950s][info ][safepoint   ] Safepoint "ICBufferFull", Time since last: 699806700 ns, Reaching safepoint: 85400 ns, Cleanup: 211900 ns, At safepoint: 2500 ns, Total: 299800 ns
[2025-06-05T15:40:08.465+0700][20.769s][debug][safepoint   ] Safepoint synchronization initiated using striped semaphore wait barrier. (28 threads)
[2025-06-05T15:40:08.465+0700][20.769s][info ][gc,start    ] GC(10) Pause Young (Normal) (G1 Evacuation Pause)
[2025-06-05T15:40:08.465+0700][20.769s][info ][gc,task     ] GC(10) Using 14 workers of 15 for evacuation
[2025-06-05T15:40:08.471+0700][20.776s][info ][gc,phases   ] GC(10)   Pre Evacuate Collection Set: 0.2ms
[2025-06-05T15:40:08.471+0700][20.776s][info ][gc,phases   ] GC(10)   Merge Heap Roots: 0.1ms
[2025-06-05T15:40:08.471+0700][20.776s][info ][gc,phases   ] GC(10)   Evacuate Collection Set: 5.1ms
[2025-06-05T15:40:08.471+0700][20.776s][info ][gc,phases   ] GC(10)   Post Evacuate Collection Set: 1.2ms
[2025-06-05T15:40:08.471+0700][20.776s][info ][gc,phases   ] GC(10)   Other: 0.1ms
[2025-06-05T15:40:08.471+0700][20.776s][info ][gc,heap     ] GC(10) Eden regions: 287->0(283)
[2025-06-05T15:40:08.471+0700][20.776s][info ][gc,heap     ] GC(10) Survivor regions: 20->24(39)
[2025-06-05T15:40:08.471+0700][20.776s][info ][gc,heap     ] GC(10) Old regions: 21->21
[2025-06-05T15:40:08.472+0700][20.776s][info ][gc,heap     ] GC(10) Archive regions: 0->0
[2025-06-05T15:40:08.472+0700][20.776s][info ][gc,heap     ] GC(10) Humongous regions: 0->0
[2025-06-05T15:40:08.472+0700][20.776s][info ][gc,metaspace] GC(10) Metaspace: 77049K(77568K)->77049K(77568K) NonClass: 67136K(67392K)->67136K(67392K) Class: 9913K(10176K)->9913K(10176K)
[2025-06-05T15:40:08.472+0700][20.776s][info ][gc          ] GC(10) Pause Young (Normal) (G1 Evacuation Pause) 327M->44M(512M) 6.899ms
[2025-06-05T15:40:08.472+0700][20.776s][info ][gc,cpu      ] GC(10) User=0.02s Sys=0.00s Real=0.01s
[2025-06-05T15:40:08.472+0700][20.776s][info ][safepoint   ] Safepoint "G1CollectForAllocation", Time since last: 818853300 ns, Reaching safepoint: 32700 ns, Cleanup: 63900 ns, At safepoint: 6945700 ns, Total: 7042300 ns
[2025-06-05T15:40:09.444+0700][21.751s][debug][safepoint   ] Safepoint synchronization initiated using striped semaphore wait barrier. (28 threads)
[2025-06-05T15:40:09.444+0700][21.751s][info ][safepoint   ] Safepoint "ICBufferFull", Time since last: 974273700 ns, Reaching safepoint: 67000 ns, Cleanup: 122700 ns, At safepoint: 2100 ns, Total: 191800 ns
[2025-06-05T15:40:09.571+0700][21.880s][debug][safepoint   ] Safepoint synchronization initiated using striped semaphore wait barrier. (30 threads)
[2025-06-05T15:40:09.571+0700][21.880s][info ][safepoint   ] Safepoint "ICBufferFull", Time since last: 129427800 ns, Reaching safepoint: 41100 ns, Cleanup: 70400 ns, At safepoint: 1000 ns, Total: 112500 ns
[2025-06-05T15:40:09.745+0700][22.052s][debug][safepoint   ] Safepoint synchronization initiated using striped semaphore wait barrier. (30 threads)
[2025-06-05T15:40:09.745+0700][22.052s][info ][safepoint   ] Safepoint "ICBufferFull", Time since last: 171325500 ns, Reaching safepoint: 45300 ns, Cleanup: 63100 ns, At safepoint: 900 ns, Total: 109300 ns
[2025-06-05T15:40:09.855+0700][22.172s][debug][safepoint   ] Safepoint synchronization initiated using striped semaphore wait barrier. (30 threads)
[2025-06-05T15:40:09.855+0700][22.172s][info ][safepoint   ] Safepoint "ICBufferFull", Time since last: 120392200 ns, Reaching safepoint: 57000 ns, Cleanup: 103700 ns, At safepoint: 7500 ns, Total: 168200 ns
[2025-06-05T15:40:09.887+0700][22.198s][debug][safepoint   ] Safepoint synchronization initiated using striped semaphore wait barrier. (30 threads)
[2025-06-05T15:40:09.887+0700][22.198s][info ][safepoint   ] Safepoint "ICBufferFull", Time since last: 25531500 ns, Reaching safepoint: 70500 ns, Cleanup: 102300 ns, At safepoint: 6100 ns, Total: 178900 ns
[2025-06-05T15:40:10.138+0700][22.449s][debug][safepoint   ] Safepoint synchronization initiated using striped semaphore wait barrier. (31 threads)
[2025-06-05T15:40:10.138+0700][22.449s][info ][safepoint   ] Safepoint "ICBufferFull", Time since last: 250620800 ns, Reaching safepoint: 48400 ns, Cleanup: 72900 ns, At safepoint: 1200 ns, Total: 122500 ns
[2025-06-05T15:40:10.895+0700][23.206s][debug][safepoint   ] Safepoint synchronization initiated using striped semaphore wait barrier. (28 threads)
[2025-06-05T15:40:10.895+0700][23.206s][info ][safepoint   ] Safepoint "ICBufferFull", Time since last: 756854100 ns, Reaching safepoint: 34300 ns, Cleanup: 73600 ns, At safepoint: 1400 ns, Total: 109300 ns
[2025-06-05T15:40:11.933+0700][24.241s][debug][safepoint   ] Safepoint synchronization initiated using striped semaphore wait barrier. (31 threads)
[2025-06-05T15:40:11.933+0700][24.242s][info ][safepoint   ] Safepoint "ICBufferFull", Time since last: 1035662300 ns, Reaching safepoint: 51700 ns, Cleanup: 75400 ns, At safepoint: 7400 ns, Total: 134500 ns
[2025-06-05T15:40:12.751+0700][25.069s][debug][safepoint   ] Safepoint synchronization initiated using striped semaphore wait barrier. (32 threads)
[2025-06-05T15:40:12.751+0700][25.069s][info ][safepoint   ] Safepoint "ICBufferFull", Time since last: 827176300 ns, Reaching safepoint: 97700 ns, Cleanup: 220900 ns, At safepoint: 3200 ns, Total: 321800 ns
[2025-06-05T15:40:12.846+0700][25.151s][debug][safepoint   ] ... found polling page loop exception at pc = 0x000001c6a5fcff37, stub =0x000001c6a54d7700
[2025-06-05T15:40:13.304+0700][25.617s][debug][safepoint   ] Safepoint synchronization initiated using striped semaphore wait barrier. (28 threads)
[2025-06-05T15:40:13.304+0700][25.617s][info ][safepoint   ] Safepoint "ICBufferFull", Time since last: 547552500 ns, Reaching safepoint: 52700 ns, Cleanup: 123000 ns, At safepoint: 6000 ns, Total: 181700 ns
[2025-06-05T15:40:14.093+0700][26.398s][debug][safepoint   ] Safepoint synchronization initiated using striped semaphore wait barrier. (35 threads)
[2025-06-05T15:40:14.093+0700][26.398s][info ][gc,start    ] GC(11) Pause Young (Normal) (G1 Evacuation Pause)
[2025-06-05T15:40:14.093+0700][26.398s][info ][gc,task     ] GC(11) Using 14 workers of 15 for evacuation
[2025-06-05T15:40:14.093+0700][26.405s][info ][gc,phases   ] GC(11)   Pre Evacuate Collection Set: 0.2ms
[2025-06-05T15:40:14.093+0700][26.405s][info ][gc,phases   ] GC(11)   Merge Heap Roots: 0.1ms
[2025-06-05T15:40:14.093+0700][26.405s][info ][gc,phases   ] GC(11)   Evacuate Collection Set: 5.9ms
[2025-06-05T15:40:14.093+0700][26.405s][info ][gc,phases   ] GC(11)   Post Evacuate Collection Set: 1.1ms
[2025-06-05T15:40:14.093+0700][26.405s][info ][gc,phases   ] GC(11)   Other: 0.1ms
[2025-06-05T15:40:14.093+0700][26.405s][info ][gc,heap     ] GC(11) Eden regions: 283->0(280)
[2025-06-05T15:40:14.093+0700][26.405s][info ][gc,heap     ] GC(11) Survivor regions: 24->27(39)
[2025-06-05T15:40:14.093+0700][26.405s][info ][gc,heap     ] GC(11) Old regions: 21->25
[2025-06-05T15:40:14.093+0700][26.405s][info ][gc,heap     ] GC(11) Archive regions: 0->0
[2025-06-05T15:40:14.093+0700][26.405s][info ][gc,heap     ] GC(11) Humongous regions: 0->0
[2025-06-05T15:40:14.093+0700][26.405s][info ][gc,metaspace] GC(11) Metaspace: 91844K(92480K)->91844K(92480K) NonClass: 79805K(80128K)->79805K(80128K) Class: 12039K(12352K)->12039K(12352K)
[2025-06-05T15:40:14.093+0700][26.405s][info ][gc          ] GC(11) Pause Young (Normal) (G1 Evacuation Pause) 327M->50M(512M) 7.483ms
[2025-06-05T15:40:14.093+0700][26.405s][info ][gc,cpu      ] GC(11) User=0.02s Sys=0.00s Real=0.00s
[2025-06-05T15:40:14.093+0700][26.405s][info ][safepoint   ] Safepoint "G1CollectForAllocation", Time since last: 781084400 ns, Reaching safepoint: 49300 ns, Cleanup: 61100 ns, At safepoint: 7531200 ns, Total: 7641600 ns
[2025-06-05T15:40:15.618+0700][27.932s][debug][safepoint   ] Safepoint synchronization initiated using striped semaphore wait barrier. (33 threads)
[2025-06-05T15:40:15.618+0700][27.933s][info ][safepoint   ] Safepoint "Cleanup", Time since last: 1526614600 ns, Reaching safepoint: 298000 ns, Cleanup: 155600 ns, At safepoint: 7200 ns, Total: 460800 ns
[2025-06-05T15:40:16.706+0700][29.013s][debug][safepoint   ] Safepoint synchronization initiated using striped semaphore wait barrier. (30 threads)
[2025-06-05T15:40:16.706+0700][29.013s][info ][safepoint   ] Safepoint "Cleanup", Time since last: 1080402900 ns, Reaching safepoint: 49200 ns, Cleanup: 56200 ns, At safepoint: 5700 ns, Total: 111100 ns
[2025-06-05T15:40:17.085+0700][29.399s][debug][safepoint   ] Safepoint synchronization initiated using striped semaphore wait barrier. (29 threads)
[2025-06-05T15:40:17.085+0700][29.399s][info ][gc,start    ] GC(12) Pause Young (Concurrent Start) (Metadata GC Threshold)
[2025-06-05T15:40:17.085+0700][29.399s][info ][gc,task     ] GC(12) Using 15 workers of 15 for evacuation
[2025-06-05T15:40:17.101+0700][29.418s][info ][gc,phases   ] GC(12)   Pre Evacuate Collection Set: 0.2ms
[2025-06-05T15:40:17.101+0700][29.418s][info ][gc,phases   ] GC(12)   Merge Heap Roots: 0.1ms
[2025-06-05T15:40:17.101+0700][29.418s][info ][gc,phases   ] GC(12)   Evacuate Collection Set: 17.3ms
[2025-06-05T15:40:17.101+0700][29.418s][info ][gc,phases   ] GC(12)   Post Evacuate Collection Set: 1.3ms
[2025-06-05T15:40:17.101+0700][29.418s][info ][gc,phases   ] GC(12)   Other: 0.1ms
[2025-06-05T15:40:17.101+0700][29.418s][info ][gc,heap     ] GC(12) Eden regions: 101->0(284)
[2025-06-05T15:40:17.101+0700][29.418s][info ][gc,heap     ] GC(12) Survivor regions: 27->23(39)
[2025-06-05T15:40:17.101+0700][29.418s][info ][gc,heap     ] GC(12) Old regions: 25->30
[2025-06-05T15:40:17.101+0700][29.418s][info ][gc,heap     ] GC(12) Archive regions: 0->0
[2025-06-05T15:40:17.101+0700][29.418s][info ][gc,heap     ] GC(12) Humongous regions: 0->0
[2025-06-05T15:40:17.101+0700][29.418s][info ][gc,metaspace] GC(12) Metaspace: 100162K(100736K)->100162K(100736K) NonClass: 86893K(87168K)->86893K(87168K) Class: 13268K(13568K)->13268K(13568K)
[2025-06-05T15:40:17.101+0700][29.418s][info ][gc          ] GC(12) Pause Young (Concurrent Start) (Metadata GC Threshold) 151M->52M(512M) 19.201ms
[2025-06-05T15:40:17.101+0700][29.418s][info ][gc,cpu      ] GC(12) User=0.03s Sys=0.00s Real=0.02s
[2025-06-05T15:40:17.101+0700][29.418s][info ][safepoint   ] Safepoint "CollectForMetadataAllocation", Time since last: 385667300 ns, Reaching safepoint: 42500 ns, Cleanup: 22000 ns, At safepoint: 19257600 ns, Total: 19322100 ns
[2025-06-05T15:40:17.101+0700][29.418s][info ][gc          ] GC(13) Concurrent Mark Cycle
[2025-06-05T15:40:17.101+0700][29.418s][info ][gc,marking  ] GC(13) Concurrent Clear Claimed Marks
[2025-06-05T15:40:17.101+0700][29.418s][info ][gc,marking  ] GC(13) Concurrent Clear Claimed Marks 0.042ms
[2025-06-05T15:40:17.101+0700][29.418s][info ][gc,marking  ] GC(13) Concurrent Scan Root Regions
[2025-06-05T15:40:17.117+0700][29.422s][info ][gc,marking  ] GC(13) Concurrent Scan Root Regions 4.240ms
[2025-06-05T15:40:17.117+0700][29.422s][info ][gc,marking  ] GC(13) Concurrent Mark
[2025-06-05T15:40:17.117+0700][29.422s][info ][gc,marking  ] GC(13) Concurrent Mark From Roots
[2025-06-05T15:40:17.117+0700][29.422s][info ][gc,task     ] GC(13) Using 4 workers of 4 for marking
[2025-06-05T15:40:17.117+0700][29.429s][info ][gc,marking  ] GC(13) Concurrent Mark From Roots 6.052ms
[2025-06-05T15:40:17.117+0700][29.429s][info ][gc,marking  ] GC(13) Concurrent Preclean
[2025-06-05T15:40:17.117+0700][29.429s][info ][gc,marking  ] GC(13) Concurrent Preclean 0.105ms
[2025-06-05T15:40:17.117+0700][29.429s][debug][safepoint   ] Safepoint synchronization initiated using striped semaphore wait barrier. (29 threads)
[2025-06-05T15:40:17.117+0700][29.430s][info ][gc,start    ] GC(13) Pause Remark
[2025-06-05T15:40:17.117+0700][29.434s][info ][gc          ] GC(13) Pause Remark 54M->54M(512M) 4.285ms
[2025-06-05T15:40:17.117+0700][29.434s][info ][gc,cpu      ] GC(13) User=0.00s Sys=0.00s Real=0.00s
[2025-06-05T15:40:17.117+0700][29.434s][info ][safepoint   ] Safepoint "G1PauseRemark", Time since last: 10599800 ns, Reaching safepoint: 898800 ns, Cleanup: 6700 ns, At safepoint: 4354900 ns, Total: 5260400 ns
[2025-06-05T15:40:17.117+0700][29.434s][info ][gc,marking  ] GC(13) Concurrent Mark 11.493ms
[2025-06-05T15:40:17.117+0700][29.434s][info ][gc,marking  ] GC(13) Concurrent Rebuild Remembered Sets
[2025-06-05T15:40:17.133+0700][29.438s][info ][gc,marking  ] GC(13) Concurrent Rebuild Remembered Sets 4.351ms
[2025-06-05T15:40:17.133+0700][29.438s][debug][safepoint   ] Safepoint synchronization initiated using striped semaphore wait barrier. (29 threads)
[2025-06-05T15:40:17.133+0700][29.438s][info ][gc,start    ] GC(13) Pause Cleanup
[2025-06-05T15:40:17.133+0700][29.439s][info ][gc          ] GC(13) Pause Cleanup 54M->54M(512M) 0.148ms
[2025-06-05T15:40:17.133+0700][29.439s][info ][gc,cpu      ] GC(13) User=0.00s Sys=0.00s Real=0.00s
[2025-06-05T15:40:17.133+0700][29.439s][info ][safepoint   ] Safepoint "G1PauseCleanup", Time since last: 4426000 ns, Reaching safepoint: 28800 ns, Cleanup: 9000 ns, At safepoint: 187100 ns, Total: 224900 ns
[2025-06-05T15:40:17.133+0700][29.439s][info ][gc,marking  ] GC(13) Concurrent Cleanup for Next Mark
[2025-06-05T15:40:17.133+0700][29.439s][info ][gc,marking  ] GC(13) Concurrent Cleanup for Next Mark 0.266ms
[2025-06-05T15:40:17.133+0700][29.439s][info ][gc          ] GC(13) Concurrent Mark Cycle 20.773ms
[2025-06-05T15:40:17.683+0700][29.993s][debug][safepoint   ] Safepoint synchronization initiated using striped semaphore wait barrier. (33 threads)
[2025-06-05T15:40:17.683+0700][29.993s][info ][safepoint   ] Safepoint "ICBufferFull", Time since last: 554389700 ns, Reaching safepoint: 201900 ns, Cleanup: 88100 ns, At safepoint: 4900 ns, Total: 294900 ns
[2025-06-05T15:40:18.627+0700][30.934s][debug][safepoint   ] Safepoint synchronization initiated using striped semaphore wait barrier. (31 threads)
[2025-06-05T15:40:18.627+0700][30.934s][info ][safepoint   ] Safepoint "ICBufferFull", Time since last: 940412700 ns, Reaching safepoint: 165400 ns, Cleanup: 224200 ns, At safepoint: 26900 ns, Total: 416500 ns
[2025-06-05T15:40:19.683+0700][31.990s][debug][safepoint   ] Safepoint synchronization initiated using striped semaphore wait barrier. (31 threads)
[2025-06-05T15:40:19.683+0700][31.990s][info ][safepoint   ] Safepoint "Cleanup", Time since last: 1055871000 ns, Reaching safepoint: 81900 ns, Cleanup: 179500 ns, At safepoint: 1700 ns, Total: 263100 ns
[2025-06-05T15:40:19.714+0700][32.019s][debug][safepoint   ] Safepoint synchronization initiated using striped semaphore wait barrier. (31 threads)
[2025-06-05T15:40:19.714+0700][32.019s][info ][gc,start    ] GC(14) Pause Young (Prepare Mixed) (G1 Evacuation Pause)
[2025-06-05T15:40:19.714+0700][32.019s][info ][gc,task     ] GC(14) Using 15 workers of 15 for evacuation
[2025-06-05T15:40:19.727+0700][32.032s][info ][gc,phases   ] GC(14)   Pre Evacuate Collection Set: 0.2ms
[2025-06-05T15:40:19.728+0700][32.032s][info ][gc,phases   ] GC(14)   Merge Heap Roots: 0.2ms
[2025-06-05T15:40:19.728+0700][32.032s][info ][gc,phases   ] GC(14)   Evacuate Collection Set: 11.0ms
[2025-06-05T15:40:19.728+0700][32.032s][info ][gc,phases   ] GC(14)   Post Evacuate Collection Set: 1.4ms
[2025-06-05T15:40:19.728+0700][32.032s][info ][gc,phases   ] GC(14)   Other: 0.1ms
[2025-06-05T15:40:19.728+0700][32.032s][info ][gc,heap     ] GC(14) Eden regions: 284->0(1)
[2025-06-05T15:40:19.728+0700][32.032s][info ][gc,heap     ] GC(14) Survivor regions: 23->39(39)
[2025-06-05T15:40:19.728+0700][32.032s][info ][gc,heap     ] GC(14) Old regions: 30->38
[2025-06-05T15:40:19.728+0700][32.032s][info ][gc,heap     ] GC(14) Archive regions: 0->0
[2025-06-05T15:40:19.728+0700][32.032s][info ][gc,heap     ] GC(14) Humongous regions: 6->6
[2025-06-05T15:40:19.728+0700][32.032s][info ][gc,metaspace] GC(14) Metaspace: 101825K(102464K)->101825K(102464K) NonClass: 88313K(88640K)->88313K(88640K) Class: 13511K(13824K)->13511K(13824K)
[2025-06-05T15:40:19.728+0700][32.032s][info ][gc          ] GC(14) Pause Young (Prepare Mixed) (G1 Evacuation Pause) 342M->82M(512M) 13.055ms
[2025-06-05T15:40:19.728+0700][32.032s][info ][gc,cpu      ] GC(14) User=0.02s Sys=0.00s Real=0.01s
[2025-06-05T15:40:19.728+0700][32.032s][info ][safepoint   ] Safepoint "G1CollectForAllocation", Time since last: 28707300 ns, Reaching safepoint: 62400 ns, Cleanup: 22200 ns, At safepoint: 13130100 ns, Total: 13214700 ns
[2025-06-05T15:40:19.734+0700][32.039s][debug][safepoint   ] Safepoint synchronization initiated using striped semaphore wait barrier. (31 threads)
[2025-06-05T15:40:19.734+0700][32.039s][info ][gc,start    ] GC(15) Pause Young (Mixed) (G1 Evacuation Pause)
[2025-06-05T15:40:19.734+0700][32.039s][info ][gc,task     ] GC(15) Using 15 workers of 15 for evacuation
[2025-06-05T15:40:19.746+0700][32.051s][info ][gc,phases   ] GC(15)   Pre Evacuate Collection Set: 0.2ms
[2025-06-05T15:40:19.746+0700][32.051s][info ][gc,phases   ] GC(15)   Merge Heap Roots: 0.1ms
[2025-06-05T15:40:19.746+0700][32.051s][info ][gc,phases   ] GC(15)   Evacuate Collection Set: 10.6ms
[2025-06-05T15:40:19.746+0700][32.051s][info ][gc,phases   ] GC(15)   Post Evacuate Collection Set: 1.0ms
[2025-06-05T15:40:19.746+0700][32.051s][info ][gc,phases   ] GC(15)   Other: 0.1ms
[2025-06-05T15:40:19.746+0700][32.051s][info ][gc,heap     ] GC(15) Eden regions: 1->0(303)
[2025-06-05T15:40:19.746+0700][32.051s][info ][gc,heap     ] GC(15) Survivor regions: 39->4(5)
[2025-06-05T15:40:19.746+0700][32.051s][info ][gc,heap     ] GC(15) Old regions: 38->77
[2025-06-05T15:40:19.746+0700][32.051s][info ][gc,heap     ] GC(15) Archive regions: 0->0
[2025-06-05T15:40:19.746+0700][32.051s][info ][gc,heap     ] GC(15) Humongous regions: 6->6
[2025-06-05T15:40:19.746+0700][32.051s][info ][gc,metaspace] GC(15) Metaspace: 101825K(102464K)->101825K(102464K) NonClass: 88313K(88640K)->88313K(88640K) Class: 13511K(13824K)->13511K(13824K)
[2025-06-05T15:40:19.746+0700][32.051s][info ][gc          ] GC(15) Pause Young (Mixed) (G1 Evacuation Pause) 83M->87M(512M) 12.058ms
[2025-06-05T15:40:19.746+0700][32.051s][info ][gc,cpu      ] GC(15) User=0.03s Sys=0.00s Real=0.01s
[2025-06-05T15:40:19.746+0700][32.051s][info ][safepoint   ] Safepoint "G1CollectForAllocation", Time since last: 6431400 ns, Reaching safepoint: 41800 ns, Cleanup: 4300 ns, At safepoint: 12108100 ns, Total: 12154200 ns
[2025-06-05T15:40:21.661+0700][33.965s][debug][safepoint   ] Safepoint synchronization initiated using striped semaphore wait barrier. (30 threads)
[2025-06-05T15:40:21.661+0700][33.965s][info ][safepoint   ] Safepoint "Cleanup", Time since last: 1914339400 ns, Reaching safepoint: 113000 ns, Cleanup: 207000 ns, At safepoint: 10600 ns, Total: 330600 ns
[2025-06-05T15:40:22.665+0700][34.972s][debug][safepoint   ] Safepoint synchronization initiated using striped semaphore wait barrier. (32 threads)
[2025-06-05T15:40:22.665+0700][34.972s][info ][safepoint   ] Safepoint "ICBufferFull", Time since last: 1006764400 ns, Reaching safepoint: 59900 ns, Cleanup: 89500 ns, At safepoint: 1000 ns, Total: 150400 ns
[2025-06-05T15:40:23.680+0700][35.984s][debug][safepoint   ] Safepoint synchronization initiated using striped semaphore wait barrier. (31 threads)
[2025-06-05T15:40:23.680+0700][35.985s][info ][safepoint   ] Safepoint "Cleanup", Time since last: 1011810000 ns, Reaching safepoint: 180500 ns, Cleanup: 226300 ns, At safepoint: 26600 ns, Total: 433400 ns
[2025-06-05T15:40:24.111+0700][36.417s][debug][safepoint   ] Safepoint synchronization initiated using striped semaphore wait barrier. (31 threads)
[2025-06-05T15:40:24.111+0700][36.417s][info ][gc,start    ] GC(16) Pause Young (Normal) (G1 Evacuation Pause)
[2025-06-05T15:40:24.111+0700][36.417s][info ][gc,task     ] GC(16) Using 15 workers of 15 for evacuation
[2025-06-05T15:40:24.114+0700][36.423s][info ][gc,phases   ] GC(16)   Pre Evacuate Collection Set: 0.2ms
[2025-06-05T15:40:24.114+0700][36.423s][info ][gc,phases   ] GC(16)   Merge Heap Roots: 0.2ms
[2025-06-05T15:40:24.114+0700][36.423s][info ][gc,phases   ] GC(16)   Evacuate Collection Set: 3.8ms
[2025-06-05T15:40:24.114+0700][36.423s][info ][gc,phases   ] GC(16)   Post Evacuate Collection Set: 1.3ms
[2025-06-05T15:40:24.114+0700][36.423s][info ][gc,phases   ] GC(16)   Other: 0.1ms
[2025-06-05T15:40:24.114+0700][36.423s][info ][gc,heap     ] GC(16) Eden regions: 303->0(296)
[2025-06-05T15:40:24.114+0700][36.423s][info ][gc,heap     ] GC(16) Survivor regions: 4->11(39)
[2025-06-05T15:40:24.114+0700][36.423s][info ][gc,heap     ] GC(16) Old regions: 77->77
[2025-06-05T15:40:24.114+0700][36.423s][info ][gc,heap     ] GC(16) Archive regions: 0->0
[2025-06-05T15:40:24.114+0700][36.423s][info ][gc,heap     ] GC(16) Humongous regions: 6->6
[2025-06-05T15:40:24.114+0700][36.423s][info ][gc,metaspace] GC(16) Metaspace: 109037K(110080K)->109037K(110080K) NonClass: 94778K(95360K)->94778K(95360K) Class: 14259K(14720K)->14259K(14720K)
[2025-06-05T15:40:24.114+0700][36.423s][info ][gc          ] GC(16) Pause Young (Normal) (G1 Evacuation Pause) 390M->93M(512M) 5.776ms
[2025-06-05T15:40:24.114+0700][36.423s][info ][gc,cpu      ] GC(16) User=0.00s Sys=0.00s Real=0.00s
[2025-06-05T15:40:24.114+0700][36.423s][info ][safepoint   ] Safepoint "G1CollectForAllocation", Time since last: 432384900 ns, Reaching safepoint: 74000 ns, Cleanup: 58500 ns, At safepoint: 5841400 ns, Total: 5973900 ns
[2025-06-05T15:40:25.847+0700][38.156s][debug][safepoint   ] Safepoint synchronization initiated using striped semaphore wait barrier. (31 threads)
[2025-06-05T15:40:25.847+0700][38.156s][info ][safepoint   ] Safepoint "ICBufferFull", Time since last: 1732788000 ns, Reaching safepoint: 44400 ns, Cleanup: 103500 ns, At safepoint: 1700 ns, Total: 149600 ns
[2025-06-05T15:40:26.565+0700][38.869s][debug][safepoint   ] Safepoint synchronization initiated using striped semaphore wait barrier. (33 threads)
[2025-06-05T15:40:26.565+0700][38.869s][info ][gc,start    ] GC(17) Pause Young (Normal) (G1 Evacuation Pause)
[2025-06-05T15:40:26.565+0700][38.869s][info ][gc,task     ] GC(17) Using 15 workers of 15 for evacuation
[2025-06-05T15:40:26.571+0700][38.876s][info ][gc,phases   ] GC(17)   Pre Evacuate Collection Set: 0.2ms
[2025-06-05T15:40:26.571+0700][38.876s][info ][gc,phases   ] GC(17)   Merge Heap Roots: 0.1ms
[2025-06-05T15:40:26.571+0700][38.876s][info ][gc,phases   ] GC(17)   Evacuate Collection Set: 5.2ms
[2025-06-05T15:40:26.571+0700][38.876s][info ][gc,phases   ] GC(17)   Post Evacuate Collection Set: 1.1ms
[2025-06-05T15:40:26.571+0700][38.876s][info ][gc,phases   ] GC(17)   Other: 0.1ms
[2025-06-05T15:40:26.571+0700][38.876s][info ][gc,heap     ] GC(17) Eden regions: 296->0(287)
[2025-06-05T15:40:26.571+0700][38.876s][info ][gc,heap     ] GC(17) Survivor regions: 11->20(39)
[2025-06-05T15:40:26.571+0700][38.876s][info ][gc,heap     ] GC(17) Old regions: 77->77
[2025-06-05T15:40:26.571+0700][38.876s][info ][gc,heap     ] GC(17) Archive regions: 0->0
[2025-06-05T15:40:26.571+0700][38.876s][info ][gc,heap     ] GC(17) Humongous regions: 6->6
[2025-06-05T15:40:26.571+0700][38.876s][info ][gc,metaspace] GC(17) Metaspace: 111146K(112128K)->111146K(112128K) NonClass: 96613K(97152K)->96613K(97152K) Class: 14532K(14976K)->14532K(14976K)
[2025-06-05T15:40:26.571+0700][38.876s][info ][gc          ] GC(17) Pause Young (Normal) (G1 Evacuation Pause) 389M->102M(512M) 6.876ms
[2025-06-05T15:40:26.571+0700][38.876s][info ][gc,cpu      ] GC(17) User=0.00s Sys=0.00s Real=0.01s
[2025-06-05T15:40:26.572+0700][38.876s][info ][safepoint   ] Safepoint "G1CollectForAllocation", Time since last: 713389900 ns, Reaching safepoint: 48100 ns, Cleanup: 52100 ns, At safepoint: 6937700 ns, Total: 7037900 ns
[2025-06-05T15:40:27.567+0700][39.880s][debug][safepoint   ] Safepoint synchronization initiated using striped semaphore wait barrier. (32 threads)
[2025-06-05T15:40:27.567+0700][39.880s][info ][safepoint   ] Safepoint "Cleanup", Time since last: 1003468500 ns, Reaching safepoint: 66500 ns, Cleanup: 69000 ns, At safepoint: 19000 ns, Total: 154500 ns
[2025-06-05T15:40:28.951+0700][41.266s][debug][safepoint   ] Safepoint synchronization initiated using striped semaphore wait barrier. (31 threads)
[2025-06-05T15:40:28.951+0700][41.267s][info ][safepoint   ] Safepoint "Cleanup", Time since last: 1386506400 ns, Reaching safepoint: 100800 ns, Cleanup: 213100 ns, At safepoint: 10200 ns, Total: 324100 ns
[2025-06-05T15:40:29.596+0700][41.901s][debug][safepoint   ] ... found polling page loop exception at pc = 0x000001c6a66d1d07, stub =0x000001c6a54d7700
[2025-06-05T15:40:30.383+0700][42.698s][debug][safepoint   ] Safepoint synchronization initiated using striped semaphore wait barrier. (30 threads)
[2025-06-05T15:40:30.383+0700][42.698s][info ][safepoint   ] Safepoint "Cleanup", Time since last: 1430864000 ns, Reaching safepoint: 101100 ns, Cleanup: 97200 ns, At safepoint: 9500 ns, Total: 207800 ns
[2025-06-05T15:40:30.635+0700][42.949s][debug][safepoint   ] Safepoint synchronization initiated using striped semaphore wait barrier. (31 threads)
[2025-06-05T15:40:30.635+0700][42.950s][info ][gc,start    ] GC(18) Pause Young (Normal) (G1 Evacuation Pause)
[2025-06-05T15:40:30.635+0700][42.950s][info ][gc,task     ] GC(18) Using 15 workers of 15 for evacuation
[2025-06-05T15:40:30.651+0700][42.959s][info ][gc,phases   ] GC(18)   Pre Evacuate Collection Set: 0.2ms
[2025-06-05T15:40:30.651+0700][42.959s][info ][gc,phases   ] GC(18)   Merge Heap Roots: 0.2ms
[2025-06-05T15:40:30.651+0700][42.959s][info ][gc,phases   ] GC(18)   Evacuate Collection Set: 7.3ms
[2025-06-05T15:40:30.651+0700][42.959s][info ][gc,phases   ] GC(18)   Post Evacuate Collection Set: 1.6ms
[2025-06-05T15:40:30.651+0700][42.959s][info ][gc,phases   ] GC(18)   Other: 0.2ms
[2025-06-05T15:40:30.651+0700][42.959s][info ][gc,heap     ] GC(18) Eden regions: 287->0(279)
[2025-06-05T15:40:30.651+0700][42.959s][info ][gc,heap     ] GC(18) Survivor regions: 20->28(39)
[2025-06-05T15:40:30.651+0700][42.959s][info ][gc,heap     ] GC(18) Old regions: 77->77
[2025-06-05T15:40:30.651+0700][42.959s][info ][gc,heap     ] GC(18) Archive regions: 0->0
[2025-06-05T15:40:30.651+0700][42.959s][info ][gc,heap     ] GC(18) Humongous regions: 6->6
[2025-06-05T15:40:30.651+0700][42.959s][info ][gc,metaspace] GC(18) Metaspace: 117044K(118080K)->117044K(118080K) NonClass: 101725K(102272K)->101725K(102272K) Class: 15319K(15808K)->15319K(15808K)
[2025-06-05T15:40:30.651+0700][42.959s][info ][gc          ] GC(18) Pause Young (Normal) (G1 Evacuation Pause) 389M->110M(512M) 9.582ms
[2025-06-05T15:40:30.651+0700][42.959s][info ][gc,cpu      ] GC(18) User=0.00s Sys=0.00s Real=0.02s
[2025-06-05T15:40:30.651+0700][42.959s][info ][safepoint   ] Safepoint "G1CollectForAllocation", Time since last: 251568200 ns, Reaching safepoint: 99800 ns, Cleanup: 53800 ns, At safepoint: 9646100 ns, Total: 9799700 ns
[2025-06-05T15:40:31.882+0700][44.194s][debug][safepoint   ] Safepoint synchronization initiated using striped semaphore wait barrier. (31 threads)
[2025-06-05T15:40:31.882+0700][44.194s][info ][safepoint   ] Safepoint "Cleanup", Time since last: 1234673200 ns, Reaching safepoint: 103900 ns, Cleanup: 74200 ns, At safepoint: 16000 ns, Total: 194100 ns
[2025-06-05T15:40:33.634+0700][45.939s][debug][safepoint   ] Safepoint synchronization initiated using striped semaphore wait barrier. (47 threads)
[2025-06-05T15:40:33.634+0700][45.939s][info ][safepoint   ] Safepoint "Cleanup", Time since last: 1744496800 ns, Reaching safepoint: 102800 ns, Cleanup: 144000 ns, At safepoint: 4500 ns, Total: 251300 ns
[2025-06-05T15:40:34.644+0700][46.949s][debug][safepoint   ] Safepoint synchronization initiated using striped semaphore wait barrier. (47 threads)
[2025-06-05T15:40:34.644+0700][46.949s][info ][safepoint   ] Safepoint "Cleanup", Time since last: 1010155800 ns, Reaching safepoint: 124800 ns, Cleanup: 39100 ns, At safepoint: 7700 ns, Total: 171600 ns
[2025-06-05T15:40:35.652+0700][47.957s][debug][safepoint   ] Safepoint synchronization initiated using striped semaphore wait barrier. (47 threads)
[2025-06-05T15:40:35.652+0700][47.957s][info ][safepoint   ] Safepoint "Cleanup", Time since last: 1007611000 ns, Reaching safepoint: 116200 ns, Cleanup: 48500 ns, At safepoint: 14100 ns, Total: 178800 ns
[2025-06-05T15:40:36.662+0700][48.967s][debug][safepoint   ] Safepoint synchronization initiated using striped semaphore wait barrier. (47 threads)
[2025-06-05T15:40:36.662+0700][48.967s][info ][safepoint   ] Safepoint "Cleanup", Time since last: 1009797800 ns, Reaching safepoint: 121000 ns, Cleanup: 36200 ns, At safepoint: 4700 ns, Total: 161900 ns
[2025-06-05T15:40:37.835+0700][50.140s][debug][safepoint   ] Safepoint synchronization initiated using striped semaphore wait barrier. (48 threads)
[2025-06-05T15:40:37.835+0700][50.140s][info ][safepoint   ] Safepoint "ICBufferFull", Time since last: 1172944900 ns, Reaching safepoint: 46200 ns, Cleanup: 89100 ns, At safepoint: 4000 ns, Total: 139300 ns
[2025-06-05T15:40:39.378+0700][51.682s][debug][safepoint   ] Safepoint synchronization initiated using striped semaphore wait barrier. (70 threads)
[2025-06-05T15:40:39.378+0700][51.683s][info ][safepoint   ] Safepoint "Cleanup", Time since last: 1542399200 ns, Reaching safepoint: 135300 ns, Cleanup: 191600 ns, At safepoint: 19800 ns, Total: 346700 ns
[2025-06-05T15:40:39.533+0700][51.839s][debug][safepoint   ] Safepoint synchronization initiated using striped semaphore wait barrier. (71 threads)
[2025-06-05T15:40:39.533+0700][51.839s][info ][gc,start    ] GC(19) Pause Young (Normal) (G1 Evacuation Pause)
[2025-06-05T15:40:39.533+0700][51.839s][info ][gc,task     ] GC(19) Using 15 workers of 15 for evacuation
[2025-06-05T15:40:39.546+0700][51.852s][info ][gc,phases   ] GC(19)   Pre Evacuate Collection Set: 0.2ms
[2025-06-05T15:40:39.546+0700][51.852s][info ][gc,phases   ] GC(19)   Merge Heap Roots: 0.1ms
[2025-06-05T15:40:39.546+0700][51.852s][info ][gc,phases   ] GC(19)   Evacuate Collection Set: 11.8ms
[2025-06-05T15:40:39.546+0700][51.852s][info ][gc,phases   ] GC(19)   Post Evacuate Collection Set: 1.2ms
[2025-06-05T15:40:39.546+0700][51.852s][info ][gc,phases   ] GC(19)   Other: 0.1ms
[2025-06-05T15:40:39.546+0700][51.852s][info ][gc,heap     ] GC(19) Eden regions: 279->0(281)
[2025-06-05T15:40:39.546+0700][51.852s][info ][gc,heap     ] GC(19) Survivor regions: 28->26(39)
[2025-06-05T15:40:39.546+0700][51.852s][info ][gc,heap     ] GC(19) Old regions: 77->86
[2025-06-05T15:40:39.546+0700][51.852s][info ][gc,heap     ] GC(19) Archive regions: 0->0
[2025-06-05T15:40:39.546+0700][51.852s][info ][gc,heap     ] GC(19) Humongous regions: 6->6
[2025-06-05T15:40:39.546+0700][51.852s][info ][gc,metaspace] GC(19) Metaspace: 127747K(128896K)->127747K(128896K) NonClass: 110945K(111552K)->110945K(111552K) Class: 16802K(17344K)->16802K(17344K)
[2025-06-05T15:40:39.546+0700][51.852s][info ][gc          ] GC(19) Pause Young (Normal) (G1 Evacuation Pause) 389M->117M(512M) 13.448ms
[2025-06-05T15:40:39.546+0700][51.852s][info ][gc,cpu      ] GC(19) User=0.00s Sys=0.00s Real=0.01s
[2025-06-05T15:40:39.546+0700][51.852s][info ][safepoint   ] Safepoint "G1CollectForAllocation", Time since last: 156066300 ns, Reaching safepoint: 35000 ns, Cleanup: 6800 ns, At safepoint: 13511400 ns, Total: 13553200 ns
[2025-06-05T15:40:41.174+0700][53.478s][debug][safepoint   ] Safepoint synchronization initiated using striped semaphore wait barrier. (71 threads)
[2025-06-05T15:40:41.174+0700][53.479s][info ][safepoint   ] Safepoint "Cleanup", Time since last: 1626174600 ns, Reaching safepoint: 57200 ns, Cleanup: 182400 ns, At safepoint: 15500 ns, Total: 255100 ns
[2025-06-05T15:40:42.177+0700][54.482s][debug][safepoint   ] Safepoint synchronization initiated using striped semaphore wait barrier. (71 threads)
[2025-06-05T15:40:42.177+0700][54.482s][info ][safepoint   ] Safepoint "Cleanup", Time since last: 1002763900 ns, Reaching safepoint: 79300 ns, Cleanup: 38300 ns, At safepoint: 3600 ns, Total: 121200 ns
[2025-06-05T15:40:43.181+0700][55.485s][debug][safepoint   ] Safepoint synchronization initiated using striped semaphore wait barrier. (71 threads)
[2025-06-05T15:40:43.181+0700][55.485s][info ][safepoint   ] Safepoint "Cleanup", Time since last: 1003668100 ns, Reaching safepoint: 128100 ns, Cleanup: 54200 ns, At safepoint: 5100 ns, Total: 187400 ns
[2025-06-05T15:40:44.190+0700][56.495s][debug][safepoint   ] Safepoint synchronization initiated using striped semaphore wait barrier. (70 threads)
[2025-06-05T15:40:44.190+0700][56.495s][info ][safepoint   ] Safepoint "Cleanup", Time since last: 1009155800 ns, Reaching safepoint: 102700 ns, Cleanup: 32400 ns, At safepoint: 3100 ns, Total: 138200 ns
[2025-06-05T15:40:45.197+0700][57.502s][debug][safepoint   ] Safepoint synchronization initiated using striped semaphore wait barrier. (70 threads)
[2025-06-05T15:40:45.197+0700][57.502s][info ][safepoint   ] Safepoint "Cleanup", Time since last: 1007158700 ns, Reaching safepoint: 254300 ns, Cleanup: 41100 ns, At safepoint: 6800 ns, Total: 302200 ns
[2025-06-05T15:40:47.212+0700][59.516s][debug][safepoint   ] Safepoint synchronization initiated using striped semaphore wait barrier. (70 threads)
[2025-06-05T15:40:47.212+0700][59.516s][info ][safepoint   ] Safepoint "Cleanup", Time since last: 2013869600 ns, Reaching safepoint: 138100 ns, Cleanup: 39600 ns, At safepoint: 4200 ns, Total: 181900 ns
[2025-06-05T15:40:48.920+0700][61.224s][debug][safepoint   ] Safepoint synchronization initiated using striped semaphore wait barrier. (71 threads)
[2025-06-05T15:40:48.920+0700][61.225s][info ][safepoint   ] Safepoint "Cleanup", Time since last: 1708086400 ns, Reaching safepoint: 177400 ns, Cleanup: 55700 ns, At safepoint: 5400 ns, Total: 238500 ns
[2025-06-05T15:40:50.937+0700][63.242s][debug][safepoint   ] Safepoint synchronization initiated using striped semaphore wait barrier. (73 threads)
[2025-06-05T15:40:50.937+0700][63.242s][info ][safepoint   ] Safepoint "Cleanup", Time since last: 2016949100 ns, Reaching safepoint: 61300 ns, Cleanup: 48700 ns, At safepoint: 3100 ns, Total: 113100 ns
[2025-06-05T15:40:51.941+0700][64.246s][debug][safepoint   ] Safepoint synchronization initiated using striped semaphore wait barrier. (71 threads)
[2025-06-05T15:40:51.941+0700][64.246s][info ][safepoint   ] Safepoint "Cleanup", Time since last: 1004141800 ns, Reaching safepoint: 168400 ns, Cleanup: 51300 ns, At safepoint: 5600 ns, Total: 225300 ns
[2025-06-05T15:40:52.942+0700][65.247s][debug][safepoint   ] Safepoint synchronization initiated using striped semaphore wait barrier. (71 threads)
[2025-06-05T15:40:52.942+0700][65.247s][info ][safepoint   ] Safepoint "Cleanup", Time since last: 1000542200 ns, Reaching safepoint: 50200 ns, Cleanup: 23100 ns, At safepoint: 1500 ns, Total: 74800 ns
[2025-06-05T15:40:53.944+0700][66.248s][debug][safepoint   ] Safepoint synchronization initiated using striped semaphore wait barrier. (70 threads)
[2025-06-05T15:40:53.944+0700][66.248s][info ][safepoint   ] Safepoint "Cleanup", Time since last: 1001406800 ns, Reaching safepoint: 123600 ns, Cleanup: 49200 ns, At safepoint: 13400 ns, Total: 186200 ns
[2025-06-05T15:40:54.961+0700][67.265s][debug][safepoint   ] Safepoint synchronization initiated using striped semaphore wait barrier. (70 threads)
[2025-06-05T15:40:54.961+0700][67.265s][info ][safepoint   ] Safepoint "Cleanup", Time since last: 1017024500 ns, Reaching safepoint: 139500 ns, Cleanup: 57400 ns, At safepoint: 5300 ns, Total: 202200 ns
[2025-06-05T15:40:55.964+0700][68.268s][debug][safepoint   ] Safepoint synchronization initiated using striped semaphore wait barrier. (70 threads)
[2025-06-05T15:40:55.964+0700][68.268s][info ][safepoint   ] Safepoint "Cleanup", Time since last: 1002687300 ns, Reaching safepoint: 152900 ns, Cleanup: 47700 ns, At safepoint: 5300 ns, Total: 205900 ns
[2025-06-05T15:40:57.951+0700][70.256s][debug][safepoint   ] Safepoint synchronization initiated using striped semaphore wait barrier. (74 threads)
[2025-06-05T15:40:57.951+0700][70.256s][info ][safepoint   ] Safepoint "Cleanup", Time since last: 1987569000 ns, Reaching safepoint: 147600 ns, Cleanup: 107100 ns, At safepoint: 3800 ns, Total: 258500 ns
[2025-06-05T15:40:58.957+0700][71.261s][debug][safepoint   ] Safepoint synchronization initiated using striped semaphore wait barrier. (74 threads)
[2025-06-05T15:40:58.957+0700][71.261s][info ][safepoint   ] Safepoint "Cleanup", Time since last: 1005100700 ns, Reaching safepoint: 90700 ns, Cleanup: 49100 ns, At safepoint: 3600 ns, Total: 143400 ns
[2025-06-05T15:40:59.959+0700][72.264s][debug][safepoint   ] Safepoint synchronization initiated using striped semaphore wait barrier. (73 threads)
[2025-06-05T15:40:59.959+0700][72.264s][info ][safepoint   ] Safepoint "Cleanup", Time since last: 1002384300 ns, Reaching safepoint: 82700 ns, Cleanup: 13800 ns, At safepoint: 2600 ns, Total: 99100 ns
[2025-06-05T15:41:00.961+0700][73.266s][debug][safepoint   ] Safepoint synchronization initiated using striped semaphore wait barrier. (73 threads)
[2025-06-05T15:41:00.961+0700][73.266s][info ][safepoint   ] Safepoint "Cleanup", Time since last: 1001725700 ns, Reaching safepoint: 132200 ns, Cleanup: 31600 ns, At safepoint: 4700 ns, Total: 168500 ns
[2025-06-05T15:41:01.976+0700][74.280s][debug][safepoint   ] Safepoint synchronization initiated using striped semaphore wait barrier. (73 threads)
[2025-06-05T15:41:01.976+0700][74.280s][info ][safepoint   ] Safepoint "Cleanup", Time since last: 1014160900 ns, Reaching safepoint: 174000 ns, Cleanup: 11200 ns, At safepoint: 3200 ns, Total: 188400 ns
[2025-06-05T15:41:02.982+0700][75.286s][debug][safepoint   ] Safepoint synchronization initiated using striped semaphore wait barrier. (76 threads)
[2025-06-05T15:41:02.982+0700][75.286s][info ][safepoint   ] Safepoint "Cleanup", Time since last: 1006011900 ns, Reaching safepoint: 163500 ns, Cleanup: 60300 ns, At safepoint: 7600 ns, Total: 231400 ns
[2025-06-05T15:41:03.987+0700][76.291s][debug][safepoint   ] Safepoint synchronization initiated using striped semaphore wait barrier. (75 threads)
[2025-06-05T15:41:03.987+0700][76.292s][info ][safepoint   ] Safepoint "Cleanup", Time since last: 1005072400 ns, Reaching safepoint: 213800 ns, Cleanup: 29600 ns, At safepoint: 42500 ns, Total: 285900 ns
[2025-06-05T15:41:10.023+0700][82.328s][debug][safepoint   ] Safepoint synchronization initiated using striped semaphore wait barrier. (73 threads)
[2025-06-05T15:41:10.023+0700][82.328s][info ][safepoint   ] Safepoint "Cleanup", Time since last: 6035894700 ns, Reaching safepoint: 133900 ns, Cleanup: 43900 ns, At safepoint: 4700 ns, Total: 182500 ns
[2025-06-05T15:41:13.053+0700][85.357s][debug][safepoint   ] Safepoint synchronization initiated using striped semaphore wait barrier. (76 threads)
[2025-06-05T15:41:13.053+0700][85.357s][info ][safepoint   ] Safepoint "Cleanup", Time since last: 3029387400 ns, Reaching safepoint: 147200 ns, Cleanup: 34400 ns, At safepoint: 4900 ns, Total: 186500 ns
[2025-06-05T15:41:15.071+0700][87.376s][debug][safepoint   ] Safepoint synchronization initiated using striped semaphore wait barrier. (74 threads)
[2025-06-05T15:41:15.071+0700][87.376s][info ][safepoint   ] Safepoint "Cleanup", Time since last: 2018229700 ns, Reaching safepoint: 70700 ns, Cleanup: 17300 ns, At safepoint: 2600 ns, Total: 90600 ns
[2025-06-05T15:41:17.078+0700][89.382s][debug][safepoint   ] Safepoint synchronization initiated using striped semaphore wait barrier. (73 threads)
[2025-06-05T15:41:17.078+0700][89.382s][info ][safepoint   ] Safepoint "Cleanup", Time since last: 2006482200 ns, Reaching safepoint: 154100 ns, Cleanup: 32500 ns, At safepoint: 4200 ns, Total: 190800 ns
[2025-06-05T15:41:19.102+0700][91.406s][debug][safepoint   ] Safepoint synchronization initiated using striped semaphore wait barrier. (73 threads)
[2025-06-05T15:41:19.102+0700][91.406s][info ][safepoint   ] Safepoint "Cleanup", Time since last: 2023709300 ns, Reaching safepoint: 177700 ns, Cleanup: 48500 ns, At safepoint: 6400 ns, Total: 232600 ns
[2025-06-05T15:41:20.117+0700][92.422s][debug][safepoint   ] Safepoint synchronization initiated using striped semaphore wait barrier. (73 threads)
[2025-06-05T15:41:20.117+0700][92.422s][info ][safepoint   ] Safepoint "Cleanup", Time since last: 1015514600 ns, Reaching safepoint: 134500 ns, Cleanup: 30800 ns, At safepoint: 5000 ns, Total: 170300 ns
[2025-06-05T15:41:23.146+0700][95.451s][debug][safepoint   ] Safepoint synchronization initiated using striped semaphore wait barrier. (73 threads)
[2025-06-05T15:41:23.146+0700][95.451s][info ][safepoint   ] Safepoint "Cleanup", Time since last: 3028890400 ns, Reaching safepoint: 116800 ns, Cleanup: 44000 ns, At safepoint: 3200 ns, Total: 164000 ns
[2025-06-05T15:41:26.118+0700][98.423s][debug][safepoint   ] Safepoint synchronization initiated using striped semaphore wait barrier. (73 threads)
[2025-06-05T15:41:26.119+0700][98.423s][info ][safepoint   ] Safepoint "Cleanup", Time since last: 2972034900 ns, Reaching safepoint: 34200 ns, Cleanup: 9600 ns, At safepoint: 700 ns, Total: 44500 ns
[2025-06-05T15:41:27.668+0700][99.973s][debug][safepoint   ] Safepoint synchronization initiated using striped semaphore wait barrier. (73 threads)
[2025-06-05T15:41:27.668+0700][99.973s][info ][safepoint   ] Safepoint "Cleanup", Time since last: 1549442600 ns, Reaching safepoint: 145100 ns, Cleanup: 198000 ns, At safepoint: 5500 ns, Total: 348600 ns
[2025-06-05T15:41:28.677+0700][100.981s][debug][safepoint   ] Safepoint synchronization initiated using striped semaphore wait barrier. (73 threads)
[2025-06-05T15:41:28.677+0700][100.981s][info ][safepoint   ] Safepoint "Cleanup", Time since last: 1008359600 ns, Reaching safepoint: 104900 ns, Cleanup: 19500 ns, At safepoint: 3900 ns, Total: 128300 ns
[2025-06-05T15:41:30.681+0700][102.985s][debug][safepoint   ] Safepoint synchronization initiated using striped semaphore wait barrier. (73 threads)
[2025-06-05T15:41:30.681+0700][102.985s][info ][safepoint   ] Safepoint "Cleanup", Time since last: 2003686500 ns, Reaching safepoint: 94400 ns, Cleanup: 28100 ns, At safepoint: 4000 ns, Total: 126500 ns
[2025-06-05T15:41:31.690+0700][103.994s][debug][safepoint   ] Safepoint synchronization initiated using striped semaphore wait barrier. (73 threads)
[2025-06-05T15:41:31.690+0700][103.994s][info ][safepoint   ] Safepoint "Cleanup", Time since last: 1008998500 ns, Reaching safepoint: 81400 ns, Cleanup: 17300 ns, At safepoint: 1600 ns, Total: 100300 ns
[2025-06-05T15:41:32.691+0700][104.996s][debug][safepoint   ] Safepoint synchronization initiated using striped semaphore wait barrier. (74 threads)
[2025-06-05T15:41:32.691+0700][104.996s][info ][safepoint   ] Safepoint "Cleanup", Time since last: 1001417300 ns, Reaching safepoint: 49500 ns, Cleanup: 13300 ns, At safepoint: 1700 ns, Total: 64500 ns
[2025-06-05T15:41:33.695+0700][105.999s][debug][safepoint   ] Safepoint synchronization initiated using striped semaphore wait barrier. (74 threads)
[2025-06-05T15:41:33.695+0700][105.999s][info ][safepoint   ] Safepoint "Cleanup", Time since last: 1003464600 ns, Reaching safepoint: 61600 ns, Cleanup: 14600 ns, At safepoint: 1700 ns, Total: 77900 ns
[2025-06-05T15:41:37.719+0700][110.024s][debug][safepoint   ] Safepoint synchronization initiated using striped semaphore wait barrier. (73 threads)
[2025-06-05T15:41:37.719+0700][110.024s][info ][safepoint   ] Safepoint "Cleanup", Time since last: 4024545700 ns, Reaching safepoint: 154200 ns, Cleanup: 37100 ns, At safepoint: 4600 ns, Total: 195900 ns
[2025-06-05T15:41:38.723+0700][111.028s][debug][safepoint   ] Safepoint synchronization initiated using striped semaphore wait barrier. (73 threads)
[2025-06-05T15:41:38.723+0700][111.028s][info ][safepoint   ] Safepoint "Cleanup", Time since last: 1003661600 ns, Reaching safepoint: 155000 ns, Cleanup: 58400 ns, At safepoint: 5200 ns, Total: 218600 ns
[2025-06-05T15:41:42.743+0700][115.048s][debug][safepoint   ] Safepoint synchronization initiated using striped semaphore wait barrier. (73 threads)
[2025-06-05T15:41:42.743+0700][115.048s][info ][safepoint   ] Safepoint "Cleanup", Time since last: 4019504700 ns, Reaching safepoint: 72300 ns, Cleanup: 30700 ns, At safepoint: 2900 ns, Total: 105900 ns
[2025-06-05T15:41:43.752+0700][116.057s][debug][safepoint   ] Safepoint synchronization initiated using striped semaphore wait barrier. (73 threads)
[2025-06-05T15:41:43.752+0700][116.057s][info ][safepoint   ] Safepoint "Cleanup", Time since last: 1009282300 ns, Reaching safepoint: 75800 ns, Cleanup: 18200 ns, At safepoint: 2100 ns, Total: 96100 ns
[2025-06-05T15:41:44.754+0700][117.059s][debug][safepoint   ] Safepoint synchronization initiated using striped semaphore wait barrier. (73 threads)
[2025-06-05T15:41:44.754+0700][117.059s][info ][safepoint   ] Safepoint "Cleanup", Time since last: 1001570200 ns, Reaching safepoint: 82600 ns, Cleanup: 24900 ns, At safepoint: 2700 ns, Total: 110200 ns
[2025-06-05T15:41:45.760+0700][118.064s][debug][safepoint   ] Safepoint synchronization initiated using striped semaphore wait barrier. (73 threads)
[2025-06-05T15:41:45.760+0700][118.065s][info ][safepoint   ] Safepoint "Cleanup", Time since last: 1005792400 ns, Reaching safepoint: 112000 ns, Cleanup: 33700 ns, At safepoint: 5700 ns, Total: 151400 ns
[2025-06-05T15:41:46.767+0700][119.072s][debug][safepoint   ] Safepoint synchronization initiated using striped semaphore wait barrier. (73 threads)
[2025-06-05T15:41:46.767+0700][119.072s][info ][safepoint   ] Safepoint "Cleanup", Time since last: 1007103200 ns, Reaching safepoint: 121600 ns, Cleanup: 34000 ns, At safepoint: 3700 ns, Total: 159300 ns
[2025-06-05T15:41:47.769+0700][120.074s][debug][safepoint   ] Safepoint synchronization initiated using striped semaphore wait barrier. (73 threads)
[2025-06-05T15:41:47.769+0700][120.074s][info ][safepoint   ] Safepoint "Cleanup", Time since last: 1001726700 ns, Reaching safepoint: 338000 ns, Cleanup: 58200 ns, At safepoint: 8400 ns, Total: 404600 ns
[2025-06-05T15:41:48.772+0700][121.077s][debug][safepoint   ] Safepoint synchronization initiated using striped semaphore wait barrier. (73 threads)
[2025-06-05T15:41:48.772+0700][121.077s][info ][safepoint   ] Safepoint "Cleanup", Time since last: 1002684800 ns, Reaching safepoint: 77800 ns, Cleanup: 24900 ns, At safepoint: 20500 ns, Total: 123200 ns
[2025-06-05T15:41:50.773+0700][123.078s][debug][safepoint   ] Safepoint synchronization initiated using striped semaphore wait barrier. (73 threads)
[2025-06-05T15:41:50.773+0700][123.078s][info ][safepoint   ] Safepoint "Cleanup", Time since last: 2001181800 ns, Reaching safepoint: 80700 ns, Cleanup: 26900 ns, At safepoint: 2800 ns, Total: 110400 ns
[2025-06-05T15:41:53.788+0700][126.093s][debug][safepoint   ] Safepoint synchronization initiated using striped semaphore wait barrier. (73 threads)
[2025-06-05T15:41:53.788+0700][126.093s][info ][safepoint   ] Safepoint "Cleanup", Time since last: 3014608900 ns, Reaching safepoint: 87400 ns, Cleanup: 29500 ns, At safepoint: 2600 ns, Total: 119500 ns
[2025-06-05T15:41:55.795+0700][128.100s][debug][safepoint   ] Safepoint synchronization initiated using striped semaphore wait barrier. (73 threads)
[2025-06-05T15:41:55.796+0700][128.100s][info ][safepoint   ] Safepoint "Cleanup", Time since last: 2007011500 ns, Reaching safepoint: 128400 ns, Cleanup: 43500 ns, At safepoint: 3300 ns, Total: 175200 ns
[2025-06-05T15:41:58.827+0700][131.131s][debug][safepoint   ] Safepoint synchronization initiated using striped semaphore wait barrier. (73 threads)
[2025-06-05T15:41:58.827+0700][131.131s][info ][safepoint   ] Safepoint "Cleanup", Time since last: 3031189500 ns, Reaching safepoint: 133400 ns, Cleanup: 29700 ns, At safepoint: 3200 ns, Total: 166300 ns
[2025-06-05T15:42:06.870+0700][139.175s][debug][safepoint   ] Safepoint synchronization initiated using striped semaphore wait barrier. (73 threads)
[2025-06-05T15:42:06.870+0700][139.175s][info ][safepoint   ] Safepoint "Cleanup", Time since last: 8043369400 ns, Reaching safepoint: 96900 ns, Cleanup: 33200 ns, At safepoint: 5900 ns, Total: 136000 ns
[2025-06-05T15:42:14.899+0700][147.204s][debug][safepoint   ] Safepoint synchronization initiated using striped semaphore wait barrier. (73 threads)
[2025-06-05T15:42:14.899+0700][147.204s][info ][safepoint   ] Safepoint "Cleanup", Time since last: 8028743500 ns, Reaching safepoint: 143200 ns, Cleanup: 50500 ns, At safepoint: 15300 ns, Total: 209000 ns
[2025-06-05T15:42:16.915+0700][149.219s][debug][safepoint   ] Safepoint synchronization initiated using striped semaphore wait barrier. (73 threads)
[2025-06-05T15:42:16.915+0700][149.219s][info ][safepoint   ] Safepoint "Cleanup", Time since last: 2015356600 ns, Reaching safepoint: 155700 ns, Cleanup: 51100 ns, At safepoint: 5800 ns, Total: 212600 ns
[2025-06-05T15:42:17.921+0700][150.225s][debug][safepoint   ] Safepoint synchronization initiated using striped semaphore wait barrier. (73 threads)
[2025-06-05T15:42:17.921+0700][150.225s][info ][safepoint   ] Safepoint "Cleanup", Time since last: 1005748200 ns, Reaching safepoint: 139000 ns, Cleanup: 39900 ns, At safepoint: 4600 ns, Total: 183500 ns
[2025-06-05T15:42:22.964+0700][155.268s][debug][safepoint   ] Safepoint synchronization initiated using striped semaphore wait barrier. (74 threads)
[2025-06-05T15:42:22.964+0700][155.268s][info ][safepoint   ] Safepoint "Cleanup", Time since last: 5042794900 ns, Reaching safepoint: 92300 ns, Cleanup: 28300 ns, At safepoint: 2500 ns, Total: 123100 ns
[2025-06-05T15:42:23.973+0700][156.278s][debug][safepoint   ] Safepoint synchronization initiated using striped semaphore wait barrier. (73 threads)
[2025-06-05T15:42:23.973+0700][156.278s][info ][safepoint   ] Safepoint "Cleanup", Time since last: 1009333700 ns, Reaching safepoint: 147600 ns, Cleanup: 25500 ns, At safepoint: 4400 ns, Total: 177500 ns
[2025-06-05T15:42:27.315+0700][159.620s][debug][safepoint   ] Safepoint synchronization initiated using striped semaphore wait barrier. (73 threads)
[2025-06-05T15:42:27.315+0700][159.620s][info ][safepoint   ] Safepoint "Cleanup", Time since last: 3341985000 ns, Reaching safepoint: 81300 ns, Cleanup: 30700 ns, At safepoint: 3200 ns, Total: 115200 ns
[2025-06-05T15:42:28.321+0700][160.625s][debug][safepoint   ] Safepoint synchronization initiated using striped semaphore wait barrier. (73 threads)
[2025-06-05T15:42:28.321+0700][160.626s][info ][safepoint   ] Safepoint "Cleanup", Time since last: 1005597000 ns, Reaching safepoint: 71900 ns, Cleanup: 25500 ns, At safepoint: 2700 ns, Total: 100100 ns
[2025-06-05T15:42:31.342+0700][163.646s][debug][safepoint   ] Safepoint synchronization initiated using striped semaphore wait barrier. (73 threads)
[2025-06-05T15:42:31.342+0700][163.646s][info ][safepoint   ] Safepoint "Cleanup", Time since last: 3020566800 ns, Reaching safepoint: 106800 ns, Cleanup: 17100 ns, At safepoint: 1800 ns, Total: 125700 ns
[2025-06-05T15:42:33.344+0700][165.648s][debug][safepoint   ] Safepoint synchronization initiated using striped semaphore wait barrier. (73 threads)
[2025-06-05T15:42:33.344+0700][165.648s][info ][safepoint   ] Safepoint "Cleanup", Time since last: 2001943400 ns, Reaching safepoint: 117100 ns, Cleanup: 26200 ns, At safepoint: 3400 ns, Total: 146700 ns
[2025-06-05T15:42:37.375+0700][169.679s][debug][safepoint   ] Safepoint synchronization initiated using striped semaphore wait barrier. (73 threads)
[2025-06-05T15:42:37.375+0700][169.679s][info ][safepoint   ] Safepoint "Cleanup", Time since last: 4030845000 ns, Reaching safepoint: 98800 ns, Cleanup: 31800 ns, At safepoint: 3500 ns, Total: 134100 ns
[2025-06-05T15:42:40.411+0700][172.715s][debug][safepoint   ] Safepoint synchronization initiated using striped semaphore wait barrier. (73 threads)
[2025-06-05T15:42:40.411+0700][172.716s][info ][safepoint   ] Safepoint "Cleanup", Time since last: 3036076900 ns, Reaching safepoint: 108400 ns, Cleanup: 28700 ns, At safepoint: 3600 ns, Total: 140700 ns
[2025-06-05T15:42:42.434+0700][174.739s][debug][safepoint   ] Safepoint synchronization initiated using striped semaphore wait barrier. (73 threads)
[2025-06-05T15:42:42.434+0700][174.739s][info ][safepoint   ] Safepoint "Cleanup", Time since last: 2023081600 ns, Reaching safepoint: 99300 ns, Cleanup: 29100 ns, At safepoint: 3700 ns, Total: 132100 ns
[2025-06-05T15:42:48.476+0700][180.781s][debug][safepoint   ] Safepoint synchronization initiated using striped semaphore wait barrier. (73 threads)
[2025-06-05T15:42:48.476+0700][180.781s][info ][safepoint   ] Safepoint "Cleanup", Time since last: 6041838500 ns, Reaching safepoint: 91000 ns, Cleanup: 35300 ns, At safepoint: 3300 ns, Total: 129600 ns
[2025-06-05T15:42:53.510+0700][185.815s][debug][safepoint   ] Safepoint synchronization initiated using striped semaphore wait barrier. (73 threads)
[2025-06-05T15:42:53.510+0700][185.815s][info ][safepoint   ] Safepoint "Cleanup", Time since last: 5033986300 ns, Reaching safepoint: 110800 ns, Cleanup: 27400 ns, At safepoint: 9500 ns, Total: 147700 ns
[2025-06-05T15:43:01.555+0700][193.860s][debug][safepoint   ] Safepoint synchronization initiated using striped semaphore wait barrier. (73 threads)
[2025-06-05T15:43:01.555+0700][193.860s][info ][safepoint   ] Safepoint "Cleanup", Time since last: 8044941400 ns, Reaching safepoint: 81100 ns, Cleanup: 22600 ns, At safepoint: 3100 ns, Total: 106800 ns
[2025-06-05T15:43:05.572+0700][197.876s][debug][safepoint   ] Safepoint synchronization initiated using striped semaphore wait barrier. (73 threads)
[2025-06-05T15:43:05.572+0700][197.876s][info ][safepoint   ] Safepoint "Cleanup", Time since last: 4016450200 ns, Reaching safepoint: 84800 ns, Cleanup: 30000 ns, At safepoint: 3700 ns, Total: 118500 ns
[2025-06-05T15:43:08.606+0700][200.910s][debug][safepoint   ] Safepoint synchronization initiated using striped semaphore wait barrier. (73 threads)
[2025-06-05T15:43:08.606+0700][200.910s][info ][safepoint   ] Safepoint "Cleanup", Time since last: 3033585800 ns, Reaching safepoint: 91500 ns, Cleanup: 27400 ns, At safepoint: 3400 ns, Total: 122300 ns
[2025-06-05T15:43:22.707+0700][215.011s][debug][safepoint   ] Safepoint synchronization initiated using striped semaphore wait barrier. (73 threads)
[2025-06-05T15:43:22.707+0700][215.012s][info ][safepoint   ] Safepoint "Cleanup", Time since last: 14101274800 ns, Reaching safepoint: 94000 ns, Cleanup: 27100 ns, At safepoint: 3100 ns, Total: 124200 ns
[2025-06-05T15:43:32.793+0700][225.097s][debug][safepoint   ] Safepoint synchronization initiated using striped semaphore wait barrier. (73 threads)
[2025-06-05T15:43:32.793+0700][225.097s][info ][safepoint   ] Safepoint "Cleanup", Time since last: 10085650200 ns, Reaching safepoint: 110200 ns, Cleanup: 33000 ns, At safepoint: 4200 ns, Total: 147400 ns
[2025-06-05T15:44:01.267+0700][253.572s][debug][safepoint   ] Safepoint synchronization initiated using striped semaphore wait barrier. (73 threads)
[2025-06-05T15:44:01.267+0700][253.572s][info ][safepoint   ] Safepoint "Cleanup", Time since last: 28474557400 ns, Reaching safepoint: 191200 ns, Cleanup: 44300 ns, At safepoint: 5200 ns, Total: 240700 ns
[2025-06-05T15:44:04.304+0700][256.608s][debug][safepoint   ] Safepoint synchronization initiated using striped semaphore wait barrier. (73 threads)
[2025-06-05T15:44:04.304+0700][256.608s][info ][safepoint   ] Safepoint "Cleanup", Time since last: 3036083300 ns, Reaching safepoint: 162600 ns, Cleanup: 29500 ns, At safepoint: 17300 ns, Total: 209400 ns
[2025-06-05T15:44:05.305+0700][257.610s][debug][safepoint   ] Safepoint synchronization initiated using striped semaphore wait barrier. (73 threads)
[2025-06-05T15:44:05.305+0700][257.610s][info ][safepoint   ] Safepoint "Cleanup", Time since last: 1001152000 ns, Reaching safepoint: 90700 ns, Cleanup: 26600 ns, At safepoint: 3200 ns, Total: 120500 ns
[2025-06-05T15:44:06.309+0700][258.614s][debug][safepoint   ] Safepoint synchronization initiated using striped semaphore wait barrier. (73 threads)
[2025-06-05T15:44:06.309+0700][258.614s][info ][safepoint   ] Safepoint "Cleanup", Time since last: 1003734600 ns, Reaching safepoint: 148400 ns, Cleanup: 24000 ns, At safepoint: 14200 ns, Total: 186600 ns
[2025-06-05T15:44:10.366+0700][262.670s][debug][safepoint   ] Safepoint synchronization initiated using striped semaphore wait barrier. (73 threads)
[2025-06-05T15:44:10.366+0700][262.671s][info ][safepoint   ] Safepoint "Cleanup", Time since last: 4056643400 ns, Reaching safepoint: 149100 ns, Cleanup: 36000 ns, At safepoint: 4500 ns, Total: 189600 ns
[2025-06-05T15:44:11.374+0700][263.678s][debug][safepoint   ] Safepoint synchronization initiated using striped semaphore wait barrier. (73 threads)
[2025-06-05T15:44:11.374+0700][263.678s][info ][safepoint   ] Safepoint "Cleanup", Time since last: 1007684400 ns, Reaching safepoint: 108600 ns, Cleanup: 33900 ns, At safepoint: 4000 ns, Total: 146500 ns
[2025-06-05T15:44:13.388+0700][265.692s][debug][safepoint   ] Safepoint synchronization initiated using striped semaphore wait barrier. (73 threads)
[2025-06-05T15:44:13.388+0700][265.692s][info ][safepoint   ] Safepoint "Cleanup", Time since last: 2013877600 ns, Reaching safepoint: 105900 ns, Cleanup: 21200 ns, At safepoint: 5500 ns, Total: 132600 ns
[2025-06-05T15:44:16.402+0700][268.707s][debug][safepoint   ] Safepoint synchronization initiated using striped semaphore wait barrier. (73 threads)
[2025-06-05T15:44:16.402+0700][268.707s][info ][safepoint   ] Safepoint "Cleanup", Time since last: 3014518200 ns, Reaching safepoint: 151100 ns, Cleanup: 52200 ns, At safepoint: 5600 ns, Total: 208900 ns
[2025-06-05T15:44:18.415+0700][270.720s][debug][safepoint   ] Safepoint synchronization initiated using striped semaphore wait barrier. (73 threads)
[2025-06-05T15:44:18.415+0700][270.720s][info ][safepoint   ] Safepoint "Cleanup", Time since last: 2012768000 ns, Reaching safepoint: 109900 ns, Cleanup: 29500 ns, At safepoint: 3800 ns, Total: 143200 ns
[2025-06-05T15:44:22.443+0700][274.747s][debug][safepoint   ] Safepoint synchronization initiated using striped semaphore wait barrier. (73 threads)
[2025-06-05T15:44:22.443+0700][274.747s][info ][safepoint   ] Safepoint "Cleanup", Time since last: 4027100600 ns, Reaching safepoint: 157300 ns, Cleanup: 51000 ns, At safepoint: 5000 ns, Total: 213300 ns
[2025-06-05T15:44:23.450+0700][275.755s][debug][safepoint   ] Safepoint synchronization initiated using striped semaphore wait barrier. (73 threads)
[2025-06-05T15:44:23.450+0700][275.755s][info ][safepoint   ] Safepoint "Cleanup", Time since last: 1007650300 ns, Reaching safepoint: 129000 ns, Cleanup: 59600 ns, At safepoint: 5400 ns, Total: 194000 ns
[2025-06-05T15:44:25.478+0700][277.783s][debug][safepoint   ] Safepoint synchronization initiated using striped semaphore wait barrier. (73 threads)
[2025-06-05T15:44:25.478+0700][277.783s][info ][safepoint   ] Safepoint "Cleanup", Time since last: 2027727800 ns, Reaching safepoint: 147100 ns, Cleanup: 52700 ns, At safepoint: 4900 ns, Total: 204700 ns
[2025-06-05T15:44:27.501+0700][279.806s][debug][safepoint   ] Safepoint synchronization initiated using striped semaphore wait barrier. (73 threads)
[2025-06-05T15:44:27.501+0700][279.806s][info ][safepoint   ] Safepoint "Cleanup", Time since last: 2022565600 ns, Reaching safepoint: 147400 ns, Cleanup: 27600 ns, At safepoint: 4200 ns, Total: 179200 ns
[2025-06-05T15:44:28.515+0700][280.819s][debug][safepoint   ] Safepoint synchronization initiated using striped semaphore wait barrier. (73 threads)
[2025-06-05T15:44:28.515+0700][280.820s][info ][safepoint   ] Safepoint "Cleanup", Time since last: 1013531600 ns, Reaching safepoint: 150500 ns, Cleanup: 30700 ns, At safepoint: 4700 ns, Total: 185900 ns
[2025-06-05T15:44:29.516+0700][281.821s][debug][safepoint   ] Safepoint synchronization initiated using striped semaphore wait barrier. (73 threads)
[2025-06-05T15:44:29.516+0700][281.822s][info ][safepoint   ] Safepoint "Cleanup", Time since last: 1001185800 ns, Reaching safepoint: 1099800 ns, Cleanup: 35200 ns, At safepoint: 16900 ns, Total: 1151900 ns
[2025-06-05T15:44:33.542+0700][285.846s][debug][safepoint   ] Safepoint synchronization initiated using striped semaphore wait barrier. (73 threads)
[2025-06-05T15:44:33.542+0700][285.846s][info ][safepoint   ] Safepoint "Cleanup", Time since last: 4024206200 ns, Reaching safepoint: 134300 ns, Cleanup: 29200 ns, At safepoint: 4700 ns, Total: 168200 ns
[2025-06-05T15:44:40.585+0700][292.889s][debug][safepoint   ] Safepoint synchronization initiated using striped semaphore wait barrier. (73 threads)
[2025-06-05T15:44:40.585+0700][292.890s][info ][safepoint   ] Safepoint "Cleanup", Time since last: 7043166700 ns, Reaching safepoint: 132700 ns, Cleanup: 36000 ns, At safepoint: 4700 ns, Total: 173400 ns
[2025-06-05T15:44:41.590+0700][293.894s][debug][safepoint   ] Safepoint synchronization initiated using striped semaphore wait barrier. (73 threads)
[2025-06-05T15:44:41.590+0700][293.895s][info ][safepoint   ] Safepoint "Cleanup", Time since last: 1004775300 ns, Reaching safepoint: 133400 ns, Cleanup: 86800 ns, At safepoint: 13200 ns, Total: 233400 ns
[2025-06-05T15:44:42.599+0700][294.903s][debug][safepoint   ] Safepoint synchronization initiated using striped semaphore wait barrier. (73 threads)
[2025-06-05T15:44:42.599+0700][294.903s][info ][safepoint   ] Safepoint "Cleanup", Time since last: 1008648700 ns, Reaching safepoint: 153600 ns, Cleanup: 44400 ns, At safepoint: 5200 ns, Total: 203200 ns
[2025-06-05T15:44:43.607+0700][295.911s][debug][safepoint   ] Safepoint synchronization initiated using striped semaphore wait barrier. (73 threads)
[2025-06-05T15:44:43.607+0700][295.912s][info ][safepoint   ] Safepoint "Cleanup", Time since last: 1008006700 ns, Reaching safepoint: 154000 ns, Cleanup: 28300 ns, At safepoint: 4800 ns, Total: 187100 ns
[2025-06-05T15:44:47.626+0700][299.931s][debug][safepoint   ] Safepoint synchronization initiated using striped semaphore wait barrier. (73 threads)
[2025-06-05T15:44:47.626+0700][299.931s][info ][safepoint   ] Safepoint "Cleanup", Time since last: 4019316000 ns, Reaching safepoint: 89900 ns, Cleanup: 27500 ns, At safepoint: 3400 ns, Total: 120800 ns
[2025-06-05T15:44:48.643+0700][300.947s][debug][safepoint   ] Safepoint synchronization initiated using striped semaphore wait barrier. (73 threads)
[2025-06-05T15:44:48.643+0700][300.947s][info ][safepoint   ] Safepoint "Cleanup", Time since last: 1016121300 ns, Reaching safepoint: 112300 ns, Cleanup: 23500 ns, At safepoint: 5300 ns, Total: 141100 ns
[2025-06-05T15:44:51.661+0700][303.965s][debug][safepoint   ] Safepoint synchronization initiated using striped semaphore wait barrier. (73 threads)
[2025-06-05T15:44:51.661+0700][303.965s][info ][safepoint   ] Safepoint "Cleanup", Time since last: 3017922600 ns, Reaching safepoint: 105400 ns, Cleanup: 31300 ns, At safepoint: 3300 ns, Total: 140000 ns
[2025-06-05T15:44:53.680+0700][305.984s][debug][safepoint   ] Safepoint synchronization initiated using striped semaphore wait barrier. (73 threads)
[2025-06-05T15:44:53.680+0700][305.985s][info ][safepoint   ] Safepoint "Cleanup", Time since last: 2019049500 ns, Reaching safepoint: 198900 ns, Cleanup: 17800 ns, At safepoint: 2700 ns, Total: 219400 ns
[2025-06-05T15:45:06.784+0700][319.089s][debug][safepoint   ] Safepoint synchronization initiated using striped semaphore wait barrier. (73 threads)
[2025-06-05T15:45:06.784+0700][319.089s][info ][safepoint   ] Safepoint "Cleanup", Time since last: 13103888100 ns, Reaching safepoint: 37300 ns, Cleanup: 11300 ns, At safepoint: 1400 ns, Total: 50000 ns
[2025-06-05T15:45:08.801+0700][321.105s][debug][safepoint   ] Safepoint synchronization initiated using striped semaphore wait barrier. (73 threads)
[2025-06-05T15:45:08.801+0700][321.105s][info ][safepoint   ] Safepoint "Cleanup", Time since last: 2016565400 ns, Reaching safepoint: 125800 ns, Cleanup: 48000 ns, At safepoint: 5000 ns, Total: 178800 ns
[2025-06-05T15:45:13.852+0700][326.157s][debug][safepoint   ] Safepoint synchronization initiated using striped semaphore wait barrier. (73 threads)
[2025-06-05T15:45:13.852+0700][326.157s][info ][safepoint   ] Safepoint "Cleanup", Time since last: 5051187800 ns, Reaching safepoint: 192400 ns, Cleanup: 40200 ns, At safepoint: 5300 ns, Total: 237900 ns
[2025-06-05T15:45:15.869+0700][328.174s][debug][safepoint   ] Safepoint synchronization initiated using striped semaphore wait barrier. (73 threads)
[2025-06-05T15:45:15.869+0700][328.174s][info ][safepoint   ] Safepoint "Cleanup", Time since last: 2017090800 ns, Reaching safepoint: 149300 ns, Cleanup: 51500 ns, At safepoint: 5900 ns, Total: 206700 ns
[2025-06-05T15:45:23.923+0700][336.228s][debug][safepoint   ] Safepoint synchronization initiated using striped semaphore wait barrier. (73 threads)
[2025-06-05T15:45:23.923+0700][336.228s][info ][safepoint   ] Safepoint "Cleanup", Time since last: 8053581700 ns, Reaching safepoint: 129400 ns, Cleanup: 48200 ns, At safepoint: 5500 ns, Total: 183100 ns
[2025-06-05T15:45:40.042+0700][352.346s][debug][safepoint   ] Safepoint synchronization initiated using striped semaphore wait barrier. (73 threads)
[2025-06-05T15:45:40.042+0700][352.346s][info ][safepoint   ] Safepoint "Cleanup", Time since last: 16118507200 ns, Reaching safepoint: 84500 ns, Cleanup: 23000 ns, At safepoint: 2400 ns, Total: 109900 ns
[2025-06-05T15:46:05.216+0700][377.520s][debug][safepoint   ] Safepoint synchronization initiated using striped semaphore wait barrier. (73 threads)
[2025-06-05T15:46:05.216+0700][377.521s][info ][safepoint   ] Safepoint "Cleanup", Time since last: 25173893100 ns, Reaching safepoint: 108200 ns, Cleanup: 28300 ns, At safepoint: 5100 ns, Total: 141600 ns
[2025-06-05T15:46:13.285+0700][385.589s][debug][safepoint   ] Safepoint synchronization initiated using striped semaphore wait barrier. (73 threads)
[2025-06-05T15:46:13.285+0700][385.589s][info ][safepoint   ] Safepoint "Cleanup", Time since last: 8068792800 ns, Reaching safepoint: 146700 ns, Cleanup: 36300 ns, At safepoint: 4800 ns, Total: 187800 ns
[2025-06-05T15:46:41.448+0700][413.753s][debug][safepoint   ] Safepoint synchronization initiated using striped semaphore wait barrier. (73 threads)
[2025-06-05T15:46:41.448+0700][413.753s][info ][safepoint   ] Safepoint "Cleanup", Time since last: 28163349800 ns, Reaching safepoint: 79100 ns, Cleanup: 25000 ns, At safepoint: 2600 ns, Total: 106700 ns
[2025-06-05T15:46:45.459+0700][417.763s][debug][safepoint   ] Safepoint synchronization initiated using striped semaphore wait barrier. (73 threads)
[2025-06-05T15:46:45.459+0700][417.763s][info ][safepoint   ] Safepoint "Cleanup", Time since last: 4010079700 ns, Reaching safepoint: 111200 ns, Cleanup: 26300 ns, At safepoint: 3200 ns, Total: 140700 ns
[2025-06-05T15:46:59.533+0700][431.837s][debug][safepoint   ] Safepoint synchronization initiated using striped semaphore wait barrier. (73 threads)
[2025-06-05T15:46:59.533+0700][431.837s][info ][safepoint   ] Safepoint "Cleanup", Time since last: 14073908700 ns, Reaching safepoint: 90400 ns, Cleanup: 17300 ns, At safepoint: 2100 ns, Total: 109800 ns
[2025-06-05T15:47:00.542+0700][432.846s][debug][safepoint   ] Safepoint synchronization initiated using striped semaphore wait barrier. (73 threads)
[2025-06-05T15:47:00.542+0700][432.846s][info ][safepoint   ] Safepoint "Cleanup", Time since last: 1009086800 ns, Reaching safepoint: 118700 ns, Cleanup: 31700 ns, At safepoint: 3500 ns, Total: 153900 ns
[2025-06-05T15:47:06.589+0700][438.894s][debug][safepoint   ] Safepoint synchronization initiated using striped semaphore wait barrier. (73 threads)
[2025-06-05T15:47:06.589+0700][438.894s][info ][safepoint   ] Safepoint "Cleanup", Time since last: 6047548500 ns, Reaching safepoint: 153700 ns, Cleanup: 29200 ns, At safepoint: 15000 ns, Total: 197900 ns
[2025-06-05T15:47:07.600+0700][439.904s][debug][safepoint   ] Safepoint synchronization initiated using striped semaphore wait barrier. (73 threads)
[2025-06-05T15:47:07.600+0700][439.904s][info ][safepoint   ] Safepoint "Cleanup", Time since last: 1009824300 ns, Reaching safepoint: 105000 ns, Cleanup: 27800 ns, At safepoint: 3100 ns, Total: 135900 ns
[2025-06-05T15:47:08.608+0700][440.913s][debug][safepoint   ] Safepoint synchronization initiated using striped semaphore wait barrier. (73 threads)
[2025-06-05T15:47:08.608+0700][440.913s][info ][safepoint   ] Safepoint "Cleanup", Time since last: 1008526700 ns, Reaching safepoint: 99800 ns, Cleanup: 40200 ns, At safepoint: 3500 ns, Total: 143500 ns
[2025-06-05T15:47:10.625+0700][442.929s][debug][safepoint   ] Safepoint synchronization initiated using striped semaphore wait barrier. (73 threads)
[2025-06-05T15:47:10.625+0700][442.929s][info ][safepoint   ] Safepoint "Cleanup", Time since last: 2016302400 ns, Reaching safepoint: 89800 ns, Cleanup: 53400 ns, At safepoint: 4300 ns, Total: 147500 ns
[2025-06-05T15:47:18.676+0700][450.981s][debug][safepoint   ] Safepoint synchronization initiated using striped semaphore wait barrier. (73 threads)
[2025-06-05T15:47:18.676+0700][450.981s][info ][safepoint   ] Safepoint "Cleanup", Time since last: 8051613100 ns, Reaching safepoint: 154300 ns, Cleanup: 47000 ns, At safepoint: 4900 ns, Total: 206200 ns
[2025-06-05T15:47:21.695+0700][454.000s][debug][safepoint   ] Safepoint synchronization initiated using striped semaphore wait barrier. (73 threads)
[2025-06-05T15:47:21.695+0700][454.000s][info ][safepoint   ] Safepoint "Cleanup", Time since last: 3018595700 ns, Reaching safepoint: 140000 ns, Cleanup: 38900 ns, At safepoint: 4900 ns, Total: 183800 ns
[2025-06-05T15:47:22.702+0700][455.007s][debug][safepoint   ] Safepoint synchronization initiated using striped semaphore wait barrier. (73 threads)
[2025-06-05T15:47:22.702+0700][455.007s][info ][safepoint   ] Safepoint "Cleanup", Time since last: 1007068800 ns, Reaching safepoint: 141200 ns, Cleanup: 26500 ns, At safepoint: 4800 ns, Total: 172500 ns
[2025-06-05T15:47:24.714+0700][457.019s][debug][safepoint   ] Safepoint synchronization initiated using striped semaphore wait barrier. (73 threads)
[2025-06-05T15:47:24.714+0700][457.019s][info ][safepoint   ] Safepoint "Cleanup", Time since last: 2011534000 ns, Reaching safepoint: 136100 ns, Cleanup: 40500 ns, At safepoint: 4800 ns, Total: 181400 ns
[2025-06-05T15:47:32.756+0700][465.060s][debug][safepoint   ] Safepoint synchronization initiated using striped semaphore wait barrier. (74 threads)
[2025-06-05T15:47:32.756+0700][465.060s][info ][safepoint   ] Safepoint "Cleanup", Time since last: 8041367700 ns, Reaching safepoint: 89500 ns, Cleanup: 47300 ns, At safepoint: 2800 ns, Total: 139600 ns
[2025-06-05T15:47:33.195+0700][465.500s][debug][safepoint   ] Safepoint synchronization initiated using striped semaphore wait barrier. (77 threads)
[2025-06-05T15:47:33.196+0700][465.500s][info ][safepoint   ] Safepoint "ICBufferFull", Time since last: 439774900 ns, Reaching safepoint: 39100 ns, Cleanup: 95200 ns, At safepoint: 1200 ns, Total: 135500 ns
[2025-06-05T15:47:33.520+0700][465.826s][debug][safepoint   ] Safepoint synchronization initiated using striped semaphore wait barrier. (94 threads)
[2025-06-05T15:47:33.526+0700][465.830s][info ][safepoint   ] Safepoint "ICBufferFull", Time since last: 325715300 ns, Reaching safepoint: 4140900 ns, Cleanup: 114500 ns, At safepoint: 13900 ns, Total: 4269300 ns
[2025-06-05T15:47:34.042+0700][466.352s][debug][safepoint   ] Safepoint synchronization initiated using striped semaphore wait barrier. (96 threads)
[2025-06-05T15:47:34.042+0700][466.352s][info ][safepoint   ] Safepoint "ICBufferFull", Time since last: 521897600 ns, Reaching safepoint: 48000 ns, Cleanup: 93900 ns, At safepoint: 1200 ns, Total: 143100 ns
[2025-06-05T15:47:34.042+0700][466.352s][debug][safepoint   ] Safepoint synchronization initiated using striped semaphore wait barrier. (96 threads)
[2025-06-05T15:47:34.042+0700][466.352s][info ][safepoint   ] Safepoint "ICBufferFull", Time since last: 24500 ns, Reaching safepoint: 18700 ns, Cleanup: 1700 ns, At safepoint: 2600 ns, Total: 23000 ns
[2025-06-05T15:47:35.069+0700][467.373s][debug][safepoint   ] Safepoint synchronization initiated using striped semaphore wait barrier. (93 threads)
[2025-06-05T15:47:35.069+0700][467.373s][info ][safepoint   ] Safepoint "Cleanup", Time since last: 1020994400 ns, Reaching safepoint: 60100 ns, Cleanup: 42400 ns, At safepoint: 1600 ns, Total: 104100 ns
[2025-06-05T15:47:36.079+0700][468.383s][debug][safepoint   ] Safepoint synchronization initiated using striped semaphore wait barrier. (93 threads)
[2025-06-05T15:47:36.079+0700][468.384s][info ][safepoint   ] Safepoint "Cleanup", Time since last: 1009950200 ns, Reaching safepoint: 134200 ns, Cleanup: 63000 ns, At safepoint: 4800 ns, Total: 202000 ns
[2025-06-05T15:47:37.085+0700][469.390s][debug][safepoint   ] Safepoint synchronization initiated using striped semaphore wait barrier. (93 threads)
[2025-06-05T15:47:37.085+0700][469.390s][info ][safepoint   ] Safepoint "Cleanup", Time since last: 1006365800 ns, Reaching safepoint: 109500 ns, Cleanup: 30700 ns, At safepoint: 14200 ns, Total: 154400 ns
[2025-06-05T15:47:38.092+0700][470.396s][debug][safepoint   ] Safepoint synchronization initiated using striped semaphore wait barrier. (93 threads)
[2025-06-05T15:47:38.092+0700][470.396s][info ][safepoint   ] Safepoint "Cleanup", Time since last: 1006362000 ns, Reaching safepoint: 42800 ns, Cleanup: 18300 ns, At safepoint: 1300 ns, Total: 62400 ns
[2025-06-05T15:47:39.093+0700][471.397s][debug][safepoint   ] Safepoint synchronization initiated using striped semaphore wait barrier. (93 threads)
[2025-06-05T15:47:39.093+0700][471.397s][info ][safepoint   ] Safepoint "Cleanup", Time since last: 1000726500 ns, Reaching safepoint: 56000 ns, Cleanup: 26000 ns, At safepoint: 1500 ns, Total: 83500 ns
[2025-06-05T15:47:40.094+0700][472.398s][debug][safepoint   ] Safepoint synchronization initiated using striped semaphore wait barrier. (93 threads)
[2025-06-05T15:47:40.094+0700][472.398s][info ][safepoint   ] Safepoint "Cleanup", Time since last: 1000926700 ns, Reaching safepoint: 95600 ns, Cleanup: 56700 ns, At safepoint: 32300 ns, Total: 184600 ns
[2025-06-05T15:47:42.111+0700][474.416s][debug][safepoint   ] Safepoint synchronization initiated using striped semaphore wait barrier. (93 threads)
[2025-06-05T15:47:42.111+0700][474.416s][info ][safepoint   ] Safepoint "Cleanup", Time since last: 2017283100 ns, Reaching safepoint: 98300 ns, Cleanup: 27500 ns, At safepoint: 3300 ns, Total: 129100 ns
[2025-06-05T15:47:43.117+0700][475.421s][debug][safepoint   ] Safepoint synchronization initiated using striped semaphore wait barrier. (93 threads)
[2025-06-05T15:47:43.117+0700][475.422s][info ][safepoint   ] Safepoint "Cleanup", Time since last: 1005598800 ns, Reaching safepoint: 132700 ns, Cleanup: 56100 ns, At safepoint: 5600 ns, Total: 194400 ns
[2025-06-05T15:47:49.842+0700][482.161s][debug][safepoint   ] Safepoint synchronization initiated using striped semaphore wait barrier. (93 threads)
[2025-06-05T15:47:49.842+0700][482.161s][info ][safepoint   ] Safepoint "Cleanup", Time since last: 6739488200 ns, Reaching safepoint: 41300 ns, Cleanup: 8400 ns, At safepoint: 4300 ns, Total: 54000 ns
[2025-06-05T15:47:51.857+0700][484.162s][debug][safepoint   ] Safepoint synchronization initiated using striped semaphore wait barrier. (93 threads)
[2025-06-05T15:47:51.857+0700][484.162s][info ][safepoint   ] Safepoint "Cleanup", Time since last: 2000663300 ns, Reaching safepoint: 114800 ns, Cleanup: 37800 ns, At safepoint: 4300 ns, Total: 156900 ns
[2025-06-05T15:47:53.870+0700][486.175s][debug][safepoint   ] Safepoint synchronization initiated using striped semaphore wait barrier. (117 threads)
[2025-06-05T15:47:53.870+0700][486.175s][info ][safepoint   ] Safepoint "Cleanup", Time since last: 2012945100 ns, Reaching safepoint: 131500 ns, Cleanup: 144600 ns, At safepoint: 7000 ns, Total: 283100 ns
[2025-06-05T15:47:56.895+0700][489.199s][debug][safepoint   ] Safepoint synchronization initiated using striped semaphore wait barrier. (116 threads)
[2025-06-05T15:47:56.895+0700][489.199s][info ][safepoint   ] Safepoint "Cleanup", Time since last: 3023831900 ns, Reaching safepoint: 80900 ns, Cleanup: 24100 ns, At safepoint: 3900 ns, Total: 108900 ns
[2025-06-05T15:47:57.905+0700][490.210s][debug][safepoint   ] Safepoint synchronization initiated using striped semaphore wait barrier. (116 threads)
[2025-06-05T15:47:57.905+0700][490.210s][info ][safepoint   ] Safepoint "Cleanup", Time since last: 1010436000 ns, Reaching safepoint: 86600 ns, Cleanup: 16800 ns, At safepoint: 3700 ns, Total: 107100 ns
[2025-06-05T15:48:20.062+0700][512.366s][debug][safepoint   ] Safepoint synchronization initiated using striped semaphore wait barrier. (115 threads)
[2025-06-05T15:48:20.062+0700][512.366s][info ][safepoint   ] Safepoint "Cleanup", Time since last: 22156660900 ns, Reaching safepoint: 75800 ns, Cleanup: 17500 ns, At safepoint: 1900 ns, Total: 95200 ns
[2025-06-05T15:48:21.064+0700][513.368s][debug][safepoint   ] Safepoint synchronization initiated using striped semaphore wait barrier. (115 threads)
[2025-06-05T15:48:21.064+0700][513.368s][info ][safepoint   ] Safepoint "Cleanup", Time since last: 1001800000 ns, Reaching safepoint: 93800 ns, Cleanup: 25400 ns, At safepoint: 3300 ns, Total: 122500 ns
[2025-06-05T15:48:24.092+0700][516.396s][debug][safepoint   ] Safepoint synchronization initiated using striped semaphore wait barrier. (115 threads)
[2025-06-05T15:48:24.092+0700][516.396s][info ][safepoint   ] Safepoint "Cleanup", Time since last: 3027897900 ns, Reaching safepoint: 93100 ns, Cleanup: 12200 ns, At safepoint: 1700 ns, Total: 107000 ns
[2025-06-05T15:48:25.093+0700][517.398s][debug][safepoint   ] Safepoint synchronization initiated using striped semaphore wait barrier. (116 threads)
[2025-06-05T15:48:25.093+0700][517.398s][info ][safepoint   ] Safepoint "Cleanup", Time since last: 1001153600 ns, Reaching safepoint: 72900 ns, Cleanup: 11600 ns, At safepoint: 2000 ns, Total: 86500 ns
[2025-06-05T15:48:28.118+0700][520.423s][debug][safepoint   ] Safepoint synchronization initiated using striped semaphore wait barrier. (115 threads)
[2025-06-05T15:48:28.118+0700][520.423s][info ][safepoint   ] Safepoint "Cleanup", Time since last: 3025198500 ns, Reaching safepoint: 89500 ns, Cleanup: 18100 ns, At safepoint: 2300 ns, Total: 109900 ns
[2025-06-05T15:48:31.131+0700][523.436s][debug][safepoint   ] Safepoint synchronization initiated using striped semaphore wait barrier. (116 threads)
[2025-06-05T15:48:31.131+0700][523.436s][info ][safepoint   ] Safepoint "Cleanup", Time since last: 3012688300 ns, Reaching safepoint: 86000 ns, Cleanup: 18600 ns, At safepoint: 2200 ns, Total: 106800 ns
[2025-06-05T15:48:45.260+0700][537.565s][debug][safepoint   ] Safepoint synchronization initiated using striped semaphore wait barrier. (115 threads)
[2025-06-05T15:48:45.260+0700][537.565s][info ][safepoint   ] Safepoint "Cleanup", Time since last: 14129028600 ns, Reaching safepoint: 101300 ns, Cleanup: 19100 ns, At safepoint: 2900 ns, Total: 123300 ns
[2025-06-05T15:48:47.273+0700][539.577s][debug][safepoint   ] Safepoint synchronization initiated using striped semaphore wait barrier. (116 threads)
[2025-06-05T15:48:47.273+0700][539.577s][info ][safepoint   ] Safepoint "Cleanup", Time since last: 2012328600 ns, Reaching safepoint: 62100 ns, Cleanup: 28600 ns, At safepoint: 3200 ns, Total: 93900 ns
[2025-06-05T15:48:48.274+0700][540.578s][debug][safepoint   ] Safepoint synchronization initiated using striped semaphore wait barrier. (123 threads)
[2025-06-05T15:48:48.274+0700][540.578s][info ][safepoint   ] Safepoint "Cleanup", Time since last: 1000647000 ns, Reaching safepoint: 56700 ns, Cleanup: 81100 ns, At safepoint: 2000 ns, Total: 139800 ns
[2025-06-05T15:48:48.696+0700][541.001s][debug][safepoint   ] Safepoint synchronization initiated using striped semaphore wait barrier. (125 threads)
[2025-06-05T15:48:48.696+0700][541.002s][info ][safepoint   ] Safepoint "ICBufferFull", Time since last: 423259500 ns, Reaching safepoint: 57900 ns, Cleanup: 101900 ns, At safepoint: 3500 ns, Total: 163300 ns
[2025-06-05T15:48:49.805+0700][542.109s][debug][safepoint   ] Safepoint synchronization initiated using striped semaphore wait barrier. (124 threads)
[2025-06-05T15:48:49.805+0700][542.109s][debug][safepoint   ] ... found polling page loop exception at pc = 0x000001c69e403137, stub =0x000001c6a54d7700
[2025-06-05T15:48:49.805+0700][542.110s][info ][safepoint   ] Safepoint "Cleanup", Time since last: 1107781500 ns, Reaching safepoint: 328800 ns, Cleanup: 181600 ns, At safepoint: 30300 ns, Total: 540700 ns
[2025-06-05T15:48:52.815+0700][545.119s][debug][safepoint   ] Safepoint synchronization initiated using striped semaphore wait barrier. (124 threads)
[2025-06-05T15:48:52.815+0700][545.120s][info ][safepoint   ] Safepoint "Cleanup", Time since last: 3009531400 ns, Reaching safepoint: 255200 ns, Cleanup: 45400 ns, At safepoint: 13500 ns, Total: 314100 ns
[2025-06-05T15:48:55.837+0700][548.142s][debug][safepoint   ] Safepoint synchronization initiated using striped semaphore wait barrier. (122 threads)
[2025-06-05T15:48:55.837+0700][548.142s][info ][safepoint   ] Safepoint "Cleanup", Time since last: 3022136700 ns, Reaching safepoint: 164700 ns, Cleanup: 45900 ns, At safepoint: 6700 ns, Total: 217300 ns
[2025-06-05T15:49:00.864+0700][553.169s][debug][safepoint   ] Safepoint synchronization initiated using striped semaphore wait barrier. (123 threads)
[2025-06-05T15:49:00.864+0700][553.169s][info ][safepoint   ] Safepoint "Cleanup", Time since last: 5026599500 ns, Reaching safepoint: 114400 ns, Cleanup: 126600 ns, At safepoint: 4900 ns, Total: 245900 ns
[2025-06-05T15:49:02.866+0700][555.171s][debug][safepoint   ] Safepoint synchronization initiated using striped semaphore wait barrier. (122 threads)
[2025-06-05T15:49:02.866+0700][555.171s][info ][safepoint   ] Safepoint "Cleanup", Time since last: 2001931900 ns, Reaching safepoint: 71900 ns, Cleanup: 35600 ns, At safepoint: 6900 ns, Total: 114400 ns
[2025-06-05T15:49:24.051+0700][576.355s][debug][safepoint   ] Safepoint synchronization initiated using striped semaphore wait barrier. (123 threads)
[2025-06-05T15:49:24.051+0700][576.356s][info ][safepoint   ] Safepoint "Cleanup", Time since last: 21184521400 ns, Reaching safepoint: 166600 ns, Cleanup: 32000 ns, At safepoint: 4700 ns, Total: 203300 ns
[2025-06-05T15:49:39.155+0700][591.460s][debug][safepoint   ] Safepoint synchronization initiated using striped semaphore wait barrier. (122 threads)
[2025-06-05T15:49:39.155+0700][591.460s][info ][safepoint   ] Safepoint "Cleanup", Time since last: 15103973200 ns, Reaching safepoint: 79200 ns, Cleanup: 22500 ns, At safepoint: 2200 ns, Total: 103900 ns
[2025-06-05T15:49:42.172+0700][594.476s][debug][safepoint   ] Safepoint synchronization initiated using striped semaphore wait barrier. (122 threads)
[2025-06-05T15:49:42.172+0700][594.476s][info ][safepoint   ] Safepoint "Cleanup", Time since last: 3016313200 ns, Reaching safepoint: 67000 ns, Cleanup: 19400 ns, At safepoint: 3300 ns, Total: 89700 ns
[2025-06-05T15:49:52.874+0700][605.179s][debug][safepoint   ] Safepoint synchronization initiated using striped semaphore wait barrier. (122 threads)
[2025-06-05T15:49:52.874+0700][605.179s][info ][safepoint   ] Safepoint "Cleanup", Time since last: 10702607600 ns, Reaching safepoint: 143100 ns, Cleanup: 38900 ns, At safepoint: 5400 ns, Total: 187400 ns
[2025-06-05T15:49:53.881+0700][606.185s][debug][safepoint   ] Safepoint synchronization initiated using striped semaphore wait barrier. (122 threads)
[2025-06-05T15:49:53.881+0700][606.185s][info ][safepoint   ] Safepoint "Cleanup", Time since last: 1006237800 ns, Reaching safepoint: 102600 ns, Cleanup: 18600 ns, At safepoint: 3500 ns, Total: 124700 ns
[2025-06-05T15:50:16.037+0700][628.341s][debug][safepoint   ] Safepoint synchronization initiated using striped semaphore wait barrier. (121 threads)
[2025-06-05T15:50:16.037+0700][628.341s][info ][safepoint   ] Safepoint "Cleanup", Time since last: 22155925400 ns, Reaching safepoint: 87800 ns, Cleanup: 24100 ns, At safepoint: 3800 ns, Total: 115700 ns
[2025-06-05T15:50:17.040+0700][629.344s][debug][safepoint   ] Safepoint synchronization initiated using striped semaphore wait barrier. (121 threads)
[2025-06-05T15:50:17.040+0700][629.344s][info ][safepoint   ] Safepoint "Cleanup", Time since last: 1002827600 ns, Reaching safepoint: 90000 ns, Cleanup: 18800 ns, At safepoint: 2100 ns, Total: 110900 ns
[2025-06-05T15:50:18.045+0700][630.349s][debug][safepoint   ] Safepoint synchronization initiated using striped semaphore wait barrier. (121 threads)
[2025-06-05T15:50:18.045+0700][630.349s][info ][safepoint   ] Safepoint "Cleanup", Time since last: 1005045300 ns, Reaching safepoint: 96000 ns, Cleanup: 12300 ns, At safepoint: 1900 ns, Total: 110200 ns
[2025-06-05T15:50:21.062+0700][633.366s][debug][safepoint   ] Safepoint synchronization initiated using striped semaphore wait barrier. (121 threads)
[2025-06-05T15:50:21.062+0700][633.367s][info ][safepoint   ] Safepoint "Cleanup", Time since last: 3017003900 ns, Reaching safepoint: 94000 ns, Cleanup: 20500 ns, At safepoint: 2700 ns, Total: 117200 ns
[2025-06-05T15:50:22.067+0700][634.371s][debug][safepoint   ] Safepoint synchronization initiated using striped semaphore wait barrier. (121 threads)
[2025-06-05T15:50:22.067+0700][634.371s][info ][safepoint   ] Safepoint "Cleanup", Time since last: 1004478200 ns, Reaching safepoint: 69500 ns, Cleanup: 13600 ns, At safepoint: 1700 ns, Total: 84800 ns
[2025-06-05T15:50:32.143+0700][644.447s][debug][safepoint   ] Safepoint synchronization initiated using striped semaphore wait barrier. (121 threads)
[2025-06-05T15:50:32.143+0700][644.447s][info ][safepoint   ] Safepoint "Cleanup", Time since last: 10075855100 ns, Reaching safepoint: 118700 ns, Cleanup: 43800 ns, At safepoint: 4000 ns, Total: 166500 ns
[2025-06-05T15:50:54.300+0700][666.604s][debug][safepoint   ] Safepoint synchronization initiated using striped semaphore wait barrier. (121 threads)
[2025-06-05T15:50:54.300+0700][666.604s][info ][safepoint   ] Safepoint "Cleanup", Time since last: 22156963800 ns, Reaching safepoint: 85400 ns, Cleanup: 24800 ns, At safepoint: 3900 ns, Total: 114100 ns
[2025-06-05T15:51:02.352+0700][674.657s][debug][safepoint   ] Safepoint synchronization initiated using striped semaphore wait barrier. (121 threads)
[2025-06-05T15:51:02.352+0700][674.657s][info ][safepoint   ] Safepoint "Cleanup", Time since last: 8052725500 ns, Reaching safepoint: 153700 ns, Cleanup: 33700 ns, At safepoint: 9800 ns, Total: 197200 ns
[2025-06-05T15:51:05.371+0700][677.675s][debug][safepoint   ] Safepoint synchronization initiated using striped semaphore wait barrier. (122 threads)
[2025-06-05T15:51:05.371+0700][677.675s][info ][safepoint   ] Safepoint "Cleanup", Time since last: 3018104000 ns, Reaching safepoint: 61400 ns, Cleanup: 17300 ns, At safepoint: 5300 ns, Total: 84000 ns
[2025-06-05T15:51:05.666+0700][677.971s][debug][safepoint   ] Safepoint synchronization initiated using striped semaphore wait barrier. (124 threads)
[2025-06-05T15:51:05.666+0700][677.971s][info ][safepoint   ] Safepoint "ICBufferFull", Time since last: 295587700 ns, Reaching safepoint: 74600 ns, Cleanup: 176400 ns, At safepoint: 11300 ns, Total: 262300 ns
[2025-06-05T15:51:06.107+0700][678.412s][debug][safepoint   ] Safepoint synchronization initiated using striped semaphore wait barrier. (127 threads)
[2025-06-05T15:51:06.107+0700][678.412s][info ][safepoint   ] Safepoint "ICBufferFull", Time since last: 440437300 ns, Reaching safepoint: 96200 ns, Cleanup: 129600 ns, At safepoint: 15000 ns, Total: 240800 ns
[2025-06-05T15:51:06.141+0700][678.446s][debug][safepoint   ] Safepoint synchronization initiated using striped semaphore wait barrier. (127 threads)
[2025-06-05T15:51:06.141+0700][678.446s][info ][gc,start    ] GC(20) Pause Young (Normal) (G1 Preventive Collection)
[2025-06-05T15:51:06.141+0700][678.446s][info ][gc,task     ] GC(20) Using 15 workers of 15 for evacuation
[2025-06-05T15:51:06.149+0700][678.454s][info ][gc,phases   ] GC(20)   Pre Evacuate Collection Set: 0.4ms
[2025-06-05T15:51:06.149+0700][678.454s][info ][gc,phases   ] GC(20)   Merge Heap Roots: 0.1ms
[2025-06-05T15:51:06.149+0700][678.454s][info ][gc,phases   ] GC(20)   Evacuate Collection Set: 6.6ms
[2025-06-05T15:51:06.149+0700][678.454s][info ][gc,phases   ] GC(20)   Post Evacuate Collection Set: 1.2ms
[2025-06-05T15:51:06.149+0700][678.455s][info ][gc,phases   ] GC(20)   Other: 0.1ms
[2025-06-05T15:51:06.149+0700][678.455s][info ][gc,heap     ] GC(20) Eden regions: 268->0(242)
[2025-06-05T15:51:06.149+0700][678.455s][info ][gc,heap     ] GC(20) Survivor regions: 26->24(39)
[2025-06-05T15:51:06.149+0700][678.455s][info ][gc,heap     ] GC(20) Old regions: 86->95
[2025-06-05T15:51:06.149+0700][678.455s][info ][gc,heap     ] GC(20) Archive regions: 0->0
[2025-06-05T15:51:06.149+0700][678.455s][info ][gc,heap     ] GC(20) Humongous regions: 89->71
[2025-06-05T15:51:06.149+0700][678.455s][info ][gc,metaspace] GC(20) Metaspace: 136506K(137728K)->136506K(137728K) NonClass: 118748K(119424K)->118748K(119424K) Class: 17758K(18304K)->17758K(18304K)
[2025-06-05T15:51:06.149+0700][678.455s][info ][gc          ] GC(20) Pause Young (Normal) (G1 Preventive Collection) 467M->189M(512M) 8.574ms
[2025-06-05T15:51:06.150+0700][678.455s][info ][gc,cpu      ] GC(20) User=0.00s Sys=0.00s Real=0.01s
[2025-06-05T15:51:06.150+0700][678.455s][info ][safepoint   ] Safepoint "G1CollectForAllocation", Time since last: 34043700 ns, Reaching safepoint: 60200 ns, Cleanup: 13300 ns, At safepoint: 8671100 ns, Total: 8744600 ns
[2025-06-05T15:51:06.490+0700][678.794s][debug][safepoint   ] Safepoint synchronization initiated using striped semaphore wait barrier. (128 threads)
[2025-06-05T15:51:06.490+0700][678.794s][info ][safepoint   ] Safepoint "ICBufferFull", Time since last: 339421900 ns, Reaching safepoint: 67800 ns, Cleanup: 93300 ns, At safepoint: 23600 ns, Total: 184700 ns
[2025-06-05T15:51:06.490+0700][678.794s][debug][safepoint   ] Safepoint synchronization initiated using striped semaphore wait barrier. (128 threads)
[2025-06-05T15:51:06.490+0700][678.794s][info ][safepoint   ] Safepoint "ICBufferFull", Time since last: 25500 ns, Reaching safepoint: 62400 ns, Cleanup: 800 ns, At safepoint: 13900 ns, Total: 77100 ns
[2025-06-05T15:51:07.020+0700][679.324s][debug][safepoint   ] Safepoint synchronization initiated using striped semaphore wait barrier. (127 threads)
[2025-06-05T15:51:07.020+0700][679.324s][info ][safepoint   ] Safepoint "ICBufferFull", Time since last: 529844800 ns, Reaching safepoint: 96600 ns, Cleanup: 212200 ns, At safepoint: 3800 ns, Total: 312600 ns
[2025-06-05T15:51:07.866+0700][680.171s][debug][safepoint   ] Safepoint synchronization initiated using striped semaphore wait barrier. (130 threads)
[2025-06-05T15:51:07.866+0700][680.171s][info ][safepoint   ] Safepoint "ICBufferFull", Time since last: 846304200 ns, Reaching safepoint: 67200 ns, Cleanup: 83100 ns, At safepoint: 7000 ns, Total: 157300 ns
[2025-06-05T15:51:08.878+0700][681.182s][debug][safepoint   ] Safepoint synchronization initiated using striped semaphore wait barrier. (127 threads)
[2025-06-05T15:51:08.878+0700][681.182s][info ][safepoint   ] Safepoint "Cleanup", Time since last: 1011035000 ns, Reaching safepoint: 95300 ns, Cleanup: 175100 ns, At safepoint: 2900 ns, Total: 273300 ns
[2025-06-05T15:51:10.892+0700][683.197s][debug][safepoint   ] Safepoint synchronization initiated using striped semaphore wait barrier. (126 threads)
[2025-06-05T15:51:10.892+0700][683.197s][info ][safepoint   ] Safepoint "Cleanup", Time since last: 2014362900 ns, Reaching safepoint: 95900 ns, Cleanup: 43100 ns, At safepoint: 3900 ns, Total: 142900 ns
[2025-06-05T15:51:12.901+0700][685.206s][debug][safepoint   ] Safepoint synchronization initiated using striped semaphore wait barrier. (124 threads)
[2025-06-05T15:51:12.901+0700][685.206s][info ][safepoint   ] Safepoint "Cleanup", Time since last: 2008954200 ns, Reaching safepoint: 73700 ns, Cleanup: 18300 ns, At safepoint: 1800 ns, Total: 93800 ns
[2025-06-05T15:51:13.902+0700][686.207s][debug][safepoint   ] Safepoint synchronization initiated using striped semaphore wait barrier. (124 threads)
[2025-06-05T15:51:13.902+0700][686.207s][info ][safepoint   ] Safepoint "Cleanup", Time since last: 1000914200 ns, Reaching safepoint: 68700 ns, Cleanup: 16700 ns, At safepoint: 2000 ns, Total: 87400 ns
[2025-06-05T15:51:14.907+0700][687.212s][debug][safepoint   ] Safepoint synchronization initiated using striped semaphore wait barrier. (124 threads)
[2025-06-05T15:51:14.907+0700][687.212s][info ][safepoint   ] Safepoint "Cleanup", Time since last: 1004770100 ns, Reaching safepoint: 96700 ns, Cleanup: 18300 ns, At safepoint: 3300 ns, Total: 118300 ns
[2025-06-05T15:51:18.946+0700][691.250s][debug][safepoint   ] Safepoint synchronization initiated using striped semaphore wait barrier. (124 threads)
[2025-06-05T15:51:18.946+0700][691.250s][info ][safepoint   ] Safepoint "Cleanup", Time since last: 4038412900 ns, Reaching safepoint: 83500 ns, Cleanup: 28900 ns, At safepoint: 3200 ns, Total: 115600 ns
[2025-06-05T15:51:24.984+0700][697.289s][debug][safepoint   ] Safepoint synchronization initiated using striped semaphore wait barrier. (124 threads)
[2025-06-05T15:51:24.984+0700][697.289s][info ][safepoint   ] Safepoint "Cleanup", Time since last: 6038346100 ns, Reaching safepoint: 109700 ns, Cleanup: 38200 ns, At safepoint: 4600 ns, Total: 152500 ns
[2025-06-05T15:51:29.012+0700][701.317s][debug][safepoint   ] Safepoint synchronization initiated using striped semaphore wait barrier. (124 threads)
[2025-06-05T15:51:29.012+0700][701.317s][info ][safepoint   ] Safepoint "Cleanup", Time since last: 4027837600 ns, Reaching safepoint: 181600 ns, Cleanup: 26200 ns, At safepoint: 3800 ns, Total: 211600 ns
[2025-06-05T15:51:33.056+0700][705.360s][debug][safepoint   ] Safepoint synchronization initiated using striped semaphore wait barrier. (124 threads)
[2025-06-05T15:51:33.056+0700][705.360s][info ][safepoint   ] Safepoint "Cleanup", Time since last: 4043275300 ns, Reaching safepoint: 185800 ns, Cleanup: 29400 ns, At safepoint: 6600 ns, Total: 221800 ns
[2025-06-05T15:51:47.118+0700][719.423s][debug][safepoint   ] Safepoint synchronization initiated using striped semaphore wait barrier. (124 threads)
[2025-06-05T15:51:47.118+0700][719.423s][info ][safepoint   ] Safepoint "Cleanup", Time since last: 14062440000 ns, Reaching safepoint: 79000 ns, Cleanup: 43100 ns, At safepoint: 2400 ns, Total: 124500 ns
[2025-06-05T15:51:52.956+0700][725.260s][debug][safepoint   ] Safepoint synchronization initiated using striped semaphore wait barrier. (124 threads)
[2025-06-05T15:51:52.956+0700][725.260s][info ][safepoint   ] Safepoint "Cleanup", Time since last: 5837148700 ns, Reaching safepoint: 129100 ns, Cleanup: 35900 ns, At safepoint: 5900 ns, Total: 170900 ns
[2025-06-05T15:51:53.965+0700][726.270s][debug][safepoint   ] Safepoint synchronization initiated using striped semaphore wait barrier. (124 threads)
[2025-06-05T15:51:53.965+0700][726.270s][info ][safepoint   ] Safepoint "Cleanup", Time since last: 1009646800 ns, Reaching safepoint: 71300 ns, Cleanup: 22000 ns, At safepoint: 2900 ns, Total: 96200 ns
[2025-06-05T15:51:55.016+0700][727.321s][debug][safepoint   ] Safepoint synchronization initiated using striped semaphore wait barrier. (124 threads)
[2025-06-05T15:51:55.016+0700][727.321s][info ][safepoint   ] Safepoint "Cleanup", Time since last: 1050722200 ns, Reaching safepoint: 232500 ns, Cleanup: 57200 ns, At safepoint: 4400 ns, Total: 294100 ns
[2025-06-05T15:51:58.039+0700][730.343s][debug][safepoint   ] Safepoint synchronization initiated using striped semaphore wait barrier. (124 threads)
[2025-06-05T15:51:58.039+0700][730.343s][info ][safepoint   ] Safepoint "Cleanup", Time since last: 3022110600 ns, Reaching safepoint: 116900 ns, Cleanup: 46600 ns, At safepoint: 3500 ns, Total: 167000 ns
[2025-06-05T15:52:49.937+0700][782.241s][debug][safepoint   ] Safepoint synchronization initiated using striped semaphore wait barrier. (124 threads)
[2025-06-05T15:52:49.937+0700][782.241s][info ][safepoint   ] Safepoint "Cleanup", Time since last: 51897969000 ns, Reaching safepoint: 97800 ns, Cleanup: 25500 ns, At safepoint: 3600 ns, Total: 126900 ns
[2025-06-05T15:53:02.013+0700][794.317s][debug][safepoint   ] Safepoint synchronization initiated using striped semaphore wait barrier. (123 threads)
[2025-06-05T15:53:02.013+0700][794.317s][info ][safepoint   ] Safepoint "Cleanup", Time since last: 12075701100 ns, Reaching safepoint: 80700 ns, Cleanup: 23200 ns, At safepoint: 2300 ns, Total: 106200 ns
[2025-06-05T15:53:04.133+0700][796.438s][debug][safepoint   ] Safepoint synchronization initiated using striped semaphore wait barrier. (123 threads)
[2025-06-05T15:53:04.133+0700][796.438s][info ][safepoint   ] Safepoint "Cleanup", Time since last: 2120694700 ns, Reaching safepoint: 126800 ns, Cleanup: 88200 ns, At safepoint: 5500 ns, Total: 220500 ns
[2025-06-05T15:53:14.216+0700][806.521s][debug][safepoint   ] Safepoint synchronization initiated using striped semaphore wait barrier. (123 threads)
[2025-06-05T15:53:14.216+0700][806.521s][info ][safepoint   ] Safepoint "Cleanup", Time since last: 10082560800 ns, Reaching safepoint: 78400 ns, Cleanup: 44700 ns, At safepoint: 3900 ns, Total: 127000 ns
[2025-06-05T15:54:35.162+0700][887.467s][debug][safepoint   ] Safepoint synchronization initiated using striped semaphore wait barrier. (123 threads)
[2025-06-05T15:54:35.162+0700][887.468s][info ][safepoint   ] Safepoint "Cleanup", Time since last: 80946267700 ns, Reaching safepoint: 416600 ns, Cleanup: 84000 ns, At safepoint: 5500 ns, Total: 506100 ns
[2025-06-05T15:55:02.353+0700][914.657s][debug][safepoint   ] Safepoint synchronization initiated using striped semaphore wait barrier. (123 threads)
[2025-06-05T15:55:02.353+0700][914.657s][info ][safepoint   ] Safepoint "Cleanup", Time since last: 27189645700 ns, Reaching safepoint: 104200 ns, Cleanup: 32800 ns, At safepoint: 4500 ns, Total: 141500 ns
[2025-06-05T15:55:03.358+0700][915.663s][debug][safepoint   ] Safepoint synchronization initiated using striped semaphore wait barrier. (123 threads)
[2025-06-05T15:55:03.358+0700][915.663s][info ][safepoint   ] Safepoint "Cleanup", Time since last: 1005761200 ns, Reaching safepoint: 165400 ns, Cleanup: 28500 ns, At safepoint: 5600 ns, Total: 199500 ns
[2025-06-05T15:55:42.583+0700][954.887s][debug][safepoint   ] Safepoint synchronization initiated using striped semaphore wait barrier. (123 threads)
[2025-06-05T15:55:42.583+0700][954.887s][info ][safepoint   ] Safepoint "Cleanup", Time since last: 39223760600 ns, Reaching safepoint: 170400 ns, Cleanup: 42700 ns, At safepoint: 5400 ns, Total: 218500 ns
[2025-06-05T15:55:43.596+0700][955.900s][debug][safepoint   ] Safepoint synchronization initiated using striped semaphore wait barrier. (123 threads)
[2025-06-05T15:55:43.596+0700][955.901s][info ][safepoint   ] Safepoint "Cleanup", Time since last: 1013153500 ns, Reaching safepoint: 146100 ns, Cleanup: 36400 ns, At safepoint: 5800 ns, Total: 188300 ns
[2025-06-05T15:55:49.629+0700][961.933s][debug][safepoint   ] Safepoint synchronization initiated using striped semaphore wait barrier. (123 threads)
[2025-06-05T15:55:49.629+0700][961.934s][info ][safepoint   ] Safepoint "Cleanup", Time since last: 6032863000 ns, Reaching safepoint: 113100 ns, Cleanup: 29900 ns, At safepoint: 3300 ns, Total: 146300 ns
[2025-06-05T15:56:02.707+0700][975.011s][debug][safepoint   ] Safepoint synchronization initiated using striped semaphore wait barrier. (123 threads)
[2025-06-05T15:56:02.707+0700][975.011s][info ][safepoint   ] Safepoint "Cleanup", Time since last: 13077433100 ns, Reaching safepoint: 242400 ns, Cleanup: 30600 ns, At safepoint: 14700 ns, Total: 287700 ns
[2025-06-05T15:57:43.248+0700][1075.553s][debug][safepoint   ] Safepoint synchronization initiated using striped semaphore wait barrier. (123 threads)
[2025-06-05T15:57:43.248+0700][1075.553s][info ][safepoint   ] Safepoint "Cleanup", Time since last: 100541430900 ns, Reaching safepoint: 170400 ns, Cleanup: 30000 ns, At safepoint: 18100 ns, Total: 218500 ns
[2025-06-05T15:59:02.764+0700][1155.069s][debug][safepoint   ] Safepoint synchronization initiated using striped semaphore wait barrier. (123 threads)
[2025-06-05T15:59:02.764+0700][1155.069s][info ][safepoint   ] Safepoint "Cleanup", Time since last: 79515877800 ns, Reaching safepoint: 112900 ns, Cleanup: 22800 ns, At safepoint: 5400 ns, Total: 141100 ns
[2025-06-05T16:00:20.137+0700][1232.442s][debug][safepoint   ] Safepoint synchronization initiated using striped semaphore wait barrier. (123 threads)
[2025-06-05T16:00:20.137+0700][1232.442s][info ][safepoint   ] Safepoint "Cleanup", Time since last: 77372828100 ns, Reaching safepoint: 105400 ns, Cleanup: 23400 ns, At safepoint: 7600 ns, Total: 136400 ns
[2025-06-05T16:01:14.380+0700][1286.685s][debug][safepoint   ] Safepoint synchronization initiated using striped semaphore wait barrier. (123 threads)
[2025-06-05T16:01:14.380+0700][1286.685s][info ][safepoint   ] Safepoint "Cleanup", Time since last: 54242732300 ns, Reaching safepoint: 93500 ns, Cleanup: 13800 ns, At safepoint: 3700 ns, Total: 111000 ns
[2025-06-05T16:01:24.407+0700][1296.711s][debug][safepoint   ] Safepoint synchronization initiated using striped semaphore wait barrier. (123 threads)
[2025-06-05T16:01:24.407+0700][1296.712s][info ][safepoint   ] Safepoint "Cleanup", Time since last: 10026625900 ns, Reaching safepoint: 118900 ns, Cleanup: 40700 ns, At safepoint: 4400 ns, Total: 164000 ns
[2025-06-05T16:01:34.427+0700][1306.731s][debug][safepoint   ] Safepoint synchronization initiated using striped semaphore wait barrier. (123 threads)
[2025-06-05T16:01:34.427+0700][1306.731s][info ][safepoint   ] Safepoint "Cleanup", Time since last: 10019720000 ns, Reaching safepoint: 75300 ns, Cleanup: 19100 ns, At safepoint: 2100 ns, Total: 96500 ns
[2025-06-05T16:01:41.877+0700][1314.182s][debug][safepoint   ] Safepoint synchronization initiated using striped semaphore wait barrier. (128 threads)
[2025-06-05T16:01:41.877+0700][1314.182s][debug][safepoint   ] ... found polling page loop exception at pc = 0x000001c6a5c6e5e4, stub =0x000001c6a54d7700
[2025-06-05T16:01:41.877+0700][1314.182s][info ][safepoint   ] Safepoint "Cleanup", Time since last: 7450294000 ns, Reaching safepoint: 105100 ns, Cleanup: 30500 ns, At safepoint: 30100 ns, Total: 165700 ns
[2025-06-05T16:01:42.879+0700][1315.183s][debug][safepoint   ] Safepoint synchronization initiated using striped semaphore wait barrier. (128 threads)
[2025-06-05T16:01:42.879+0700][1315.184s][info ][safepoint   ] Safepoint "Cleanup", Time since last: 1001602100 ns, Reaching safepoint: 71800 ns, Cleanup: 57300 ns, At safepoint: 3900 ns, Total: 133000 ns
[2025-06-05T16:02:11.879+0700][1344.183s][debug][safepoint   ] Safepoint synchronization initiated using striped semaphore wait barrier. (127 threads)
[2025-06-05T16:02:11.879+0700][1344.184s][info ][safepoint   ] Safepoint "ICBufferFull", Time since last: 28999924400 ns, Reaching safepoint: 59600 ns, Cleanup: 132000 ns, At safepoint: 6600 ns, Total: 198200 ns
[2025-06-05T16:02:13.142+0700][1345.446s][debug][safepoint   ] Safepoint synchronization initiated using striped semaphore wait barrier. (127 threads)
[2025-06-05T16:02:13.142+0700][1345.446s][info ][safepoint   ] Safepoint "Cleanup", Time since last: 1262452900 ns, Reaching safepoint: 107900 ns, Cleanup: 137500 ns, At safepoint: 4000 ns, Total: 249400 ns
[2025-06-05T16:02:15.152+0700][1347.456s][debug][safepoint   ] Safepoint synchronization initiated using striped semaphore wait barrier. (127 threads)
[2025-06-05T16:02:15.152+0700][1347.457s][info ][safepoint   ] Safepoint "Cleanup", Time since last: 2010057400 ns, Reaching safepoint: 89900 ns, Cleanup: 11200 ns, At safepoint: 1500 ns, Total: 102600 ns
[2025-06-05T16:03:45.318+0700][1437.623s][debug][safepoint   ] Safepoint synchronization initiated using striped semaphore wait barrier. (126 threads)
[2025-06-05T16:03:45.318+0700][1437.623s][info ][safepoint   ] Safepoint "Cleanup", Time since last: 90165971000 ns, Reaching safepoint: 103400 ns, Cleanup: 37400 ns, At safepoint: 4600 ns, Total: 145400 ns
[2025-06-05T16:04:10.440+0700][1462.744s][debug][safepoint   ] Safepoint synchronization initiated using striped semaphore wait barrier. (126 threads)
[2025-06-05T16:04:10.440+0700][1462.745s][info ][safepoint   ] Safepoint "Cleanup", Time since last: 25121772700 ns, Reaching safepoint: 79400 ns, Cleanup: 15800 ns, At safepoint: 1700 ns, Total: 96900 ns
[2025-06-05T16:04:13.451+0700][1465.756s][debug][safepoint   ] Safepoint synchronization initiated using striped semaphore wait barrier. (126 threads)
[2025-06-05T16:04:13.452+0700][1465.756s][info ][safepoint   ] Safepoint "Cleanup", Time since last: 3011428800 ns, Reaching safepoint: 85600 ns, Cleanup: 31500 ns, At safepoint: 3800 ns, Total: 120900 ns
[2025-06-05T16:04:14.456+0700][1466.761s][debug][safepoint   ] Safepoint synchronization initiated using striped semaphore wait barrier. (126 threads)
[2025-06-05T16:04:14.456+0700][1466.761s][info ][safepoint   ] Safepoint "Cleanup", Time since last: 1004456200 ns, Reaching safepoint: 62100 ns, Cleanup: 12200 ns, At safepoint: 1500 ns, Total: 75800 ns
[2025-06-05T16:04:40.558+0700][1492.863s][debug][safepoint   ] Safepoint synchronization initiated using striped semaphore wait barrier. (126 threads)
[2025-06-05T16:04:40.558+0700][1492.863s][info ][safepoint   ] Safepoint "Cleanup", Time since last: 26101949600 ns, Reaching safepoint: 79700 ns, Cleanup: 14200 ns, At safepoint: 4000 ns, Total: 97900 ns
[2025-06-05T16:04:41.563+0700][1493.867s][debug][safepoint   ] Safepoint synchronization initiated using striped semaphore wait barrier. (126 threads)
[2025-06-05T16:04:41.563+0700][1493.868s][info ][safepoint   ] Safepoint "Cleanup", Time since last: 1004741100 ns, Reaching safepoint: 130800 ns, Cleanup: 86200 ns, At safepoint: 3500 ns, Total: 220500 ns
[2025-06-05T16:04:43.589+0700][1495.893s][debug][safepoint   ] Safepoint synchronization initiated using striped semaphore wait barrier. (126 threads)
[2025-06-05T16:04:43.589+0700][1495.893s][info ][safepoint   ] Safepoint "Cleanup", Time since last: 2025564200 ns, Reaching safepoint: 85000 ns, Cleanup: 27300 ns, At safepoint: 3400 ns, Total: 115700 ns
[2025-06-05T16:04:45.608+0700][1497.914s][debug][safepoint   ] Safepoint synchronization initiated using striped semaphore wait barrier. (126 threads)
[2025-06-05T16:04:45.609+0700][1497.914s][info ][safepoint   ] Safepoint "Cleanup", Time since last: 2020404200 ns, Reaching safepoint: 197800 ns, Cleanup: 39000 ns, At safepoint: 4200 ns, Total: 241000 ns
[2025-06-05T16:04:46.061+0700][1498.366s][debug][safepoint   ] Safepoint synchronization initiated using striped semaphore wait barrier. (126 threads)
[2025-06-05T16:04:46.061+0700][1498.367s][info ][gc,start    ] GC(21) Pause Young (Normal) (G1 Evacuation Pause)
[2025-06-05T16:04:46.061+0700][1498.367s][info ][gc,task     ] GC(21) Using 15 workers of 15 for evacuation
[2025-06-05T16:04:46.074+0700][1498.379s][info ][gc,phases   ] GC(21)   Pre Evacuate Collection Set: 0.4ms
[2025-06-05T16:04:46.074+0700][1498.379s][info ][gc,phases   ] GC(21)   Merge Heap Roots: 0.3ms
[2025-06-05T16:04:46.074+0700][1498.379s][info ][gc,phases   ] GC(21)   Evacuate Collection Set: 10.0ms
[2025-06-05T16:04:46.074+0700][1498.379s][info ][gc,phases   ] GC(21)   Post Evacuate Collection Set: 1.3ms
[2025-06-05T16:04:46.074+0700][1498.379s][info ][gc,phases   ] GC(21)   Other: 0.3ms
[2025-06-05T16:04:46.074+0700][1498.379s][info ][gc,heap     ] GC(21) Eden regions: 242->0(220)
[2025-06-05T16:04:46.074+0700][1498.379s][info ][gc,heap     ] GC(21) Survivor regions: 24->18(34)
[2025-06-05T16:04:46.074+0700][1498.379s][info ][gc,heap     ] GC(21) Old regions: 95->103
[2025-06-05T16:04:46.074+0700][1498.379s][info ][gc,heap     ] GC(21) Archive regions: 0->0
[2025-06-05T16:04:46.074+0700][1498.379s][info ][gc,heap     ] GC(21) Humongous regions: 96->96
[2025-06-05T16:04:46.074+0700][1498.379s][info ][gc,metaspace] GC(21) Metaspace: 140066K(141568K)->140066K(141568K) NonClass: 121879K(122688K)->121879K(122688K) Class: 18187K(18880K)->18187K(18880K)
[2025-06-05T16:04:46.074+0700][1498.379s][info ][gc          ] GC(21) Pause Young (Normal) (G1 Evacuation Pause) 456M->216M(512M) 12.417ms
[2025-06-05T16:04:46.074+0700][1498.379s][info ][gc,cpu      ] GC(21) User=0.02s Sys=0.00s Real=0.01s
[2025-06-05T16:04:46.074+0700][1498.379s][info ][safepoint   ] Safepoint "G1CollectForAllocation", Time since last: 452422900 ns, Reaching safepoint: 81400 ns, Cleanup: 23600 ns, At safepoint: 12599800 ns, Total: 12704800 ns
[2025-06-05T16:04:47.077+0700][1499.381s][debug][safepoint   ] Safepoint synchronization initiated using striped semaphore wait barrier. (126 threads)
[2025-06-05T16:04:47.077+0700][1499.381s][info ][safepoint   ] Safepoint "Cleanup", Time since last: 1002188600 ns, Reaching safepoint: 77700 ns, Cleanup: 23700 ns, At safepoint: 2100 ns, Total: 103500 ns
[2025-06-05T16:05:02.331+0700][1514.636s][debug][safepoint   ] Safepoint synchronization initiated using striped semaphore wait barrier. (126 threads)
[2025-06-05T16:05:02.332+0700][1514.636s][info ][safepoint   ] Safepoint "Cleanup", Time since last: 15254544400 ns, Reaching safepoint: 76300 ns, Cleanup: 30000 ns, At safepoint: 4000 ns, Total: 110300 ns
[2025-06-05T16:05:52.667+0700][1564.972s][debug][safepoint   ] Safepoint synchronization initiated using striped semaphore wait barrier. (125 threads)
[2025-06-05T16:05:52.667+0700][1564.972s][info ][safepoint   ] Safepoint "Cleanup", Time since last: 50335865900 ns, Reaching safepoint: 158900 ns, Cleanup: 41100 ns, At safepoint: 5900 ns, Total: 205900 ns
[2025-06-05T16:09:36.379+0700][1788.684s][debug][safepoint   ] Safepoint synchronization initiated using striped semaphore wait barrier. (127 threads)
[2025-06-05T16:09:36.379+0700][1788.684s][info ][safepoint   ] Safepoint "Cleanup", Time since last: 223711713600 ns, Reaching safepoint: 259400 ns, Cleanup: 80000 ns, At safepoint: 7300 ns, Total: 346700 ns
[2025-06-05T16:09:40.411+0700][1792.716s][debug][safepoint   ] Safepoint synchronization initiated using striped semaphore wait barrier. (127 threads)
[2025-06-05T16:09:40.411+0700][1792.716s][info ][safepoint   ] Safepoint "Cleanup", Time since last: 4031845800 ns, Reaching safepoint: 126300 ns, Cleanup: 39800 ns, At safepoint: 4700 ns, Total: 170800 ns
[2025-06-05T16:09:42.428+0700][1794.732s][debug][safepoint   ] Safepoint synchronization initiated using striped semaphore wait barrier. (125 threads)
[2025-06-05T16:09:42.428+0700][1794.732s][info ][safepoint   ] Safepoint "Cleanup", Time since last: 2016087100 ns, Reaching safepoint: 89700 ns, Cleanup: 20200 ns, At safepoint: 5400 ns, Total: 115300 ns
[2025-06-05T16:09:50.495+0700][1802.800s][debug][safepoint   ] Safepoint synchronization initiated using striped semaphore wait barrier. (127 threads)
[2025-06-05T16:09:50.495+0700][1802.800s][info ][safepoint   ] Safepoint "Cleanup", Time since last: 8067465100 ns, Reaching safepoint: 167100 ns, Cleanup: 42300 ns, At safepoint: 5500 ns, Total: 214900 ns
[2025-06-05T16:09:55.805+0700][1808.110s][debug][safepoint   ] Safepoint synchronization initiated using striped semaphore wait barrier. (127 threads)
[2025-06-05T16:09:55.805+0700][1808.110s][info ][safepoint   ] Safepoint "Cleanup", Time since last: 5309821800 ns, Reaching safepoint: 141200 ns, Cleanup: 24800 ns, At safepoint: 3600 ns, Total: 169600 ns
[2025-06-05T16:09:59.839+0700][1812.143s][debug][safepoint   ] Safepoint synchronization initiated using striped semaphore wait barrier. (127 threads)
[2025-06-05T16:09:59.839+0700][1812.143s][info ][safepoint   ] Safepoint "Cleanup", Time since last: 4032956200 ns, Reaching safepoint: 69900 ns, Cleanup: 14200 ns, At safepoint: 8000 ns, Total: 92100 ns
[2025-06-05T16:10:43.175+0700][1855.480s][debug][safepoint   ] Safepoint synchronization initiated using striped semaphore wait barrier. (125 threads)
[2025-06-05T16:10:43.175+0700][1855.480s][info ][safepoint   ] Safepoint "Cleanup", Time since last: 43336671700 ns, Reaching safepoint: 135500 ns, Cleanup: 21400 ns, At safepoint: 4200 ns, Total: 161100 ns
[2025-06-05T16:10:45.189+0700][1857.494s][debug][safepoint   ] Safepoint synchronization initiated using striped semaphore wait barrier. (125 threads)
[2025-06-05T16:10:45.189+0700][1857.494s][info ][safepoint   ] Safepoint "Cleanup", Time since last: 2013839500 ns, Reaching safepoint: 148800 ns, Cleanup: 36400 ns, At safepoint: 4600 ns, Total: 189800 ns
[2025-06-05T16:11:42.716+0700][1915.021s][debug][safepoint   ] Safepoint synchronization initiated using striped semaphore wait barrier. (126 threads)
[2025-06-05T16:11:42.716+0700][1915.021s][info ][safepoint   ] Safepoint "Cleanup", Time since last: 57526862800 ns, Reaching safepoint: 126700 ns, Cleanup: 35500 ns, At safepoint: 4700 ns, Total: 166900 ns
[2025-06-05T16:11:54.836+0700][1927.140s][debug][safepoint   ] Safepoint synchronization initiated using striped semaphore wait barrier. (126 threads)
[2025-06-05T16:11:54.836+0700][1927.140s][info ][safepoint   ] Safepoint "Cleanup", Time since last: 12119231700 ns, Reaching safepoint: 187700 ns, Cleanup: 48300 ns, At safepoint: 32600 ns, Total: 268600 ns
[2025-06-05T16:12:01.865+0700][1934.169s][debug][safepoint   ] Safepoint synchronization initiated using striped semaphore wait barrier. (126 threads)
[2025-06-05T16:12:01.865+0700][1934.169s][info ][safepoint   ] Safepoint "Cleanup", Time since last: 7028398600 ns, Reaching safepoint: 109200 ns, Cleanup: 20100 ns, At safepoint: 2700 ns, Total: 132000 ns
[2025-06-05T16:14:02.727+0700][2055.032s][debug][safepoint   ] Safepoint synchronization initiated using striped semaphore wait barrier. (126 threads)
[2025-06-05T16:14:02.727+0700][2055.032s][info ][safepoint   ] Safepoint "Cleanup", Time since last: 120863021000 ns, Reaching safepoint: 232100 ns, Cleanup: 44800 ns, At safepoint: 6600 ns, Total: 283500 ns
[2025-06-05T16:14:12.800+0700][2065.105s][debug][safepoint   ] Safepoint synchronization initiated using striped semaphore wait barrier. (126 threads)
[2025-06-05T16:14:12.800+0700][2065.105s][info ][safepoint   ] Safepoint "Cleanup", Time since last: 10072658200 ns, Reaching safepoint: 120700 ns, Cleanup: 26500 ns, At safepoint: 5000 ns, Total: 152200 ns
[2025-06-05T16:15:01.778+0700][2114.083s][debug][safepoint   ] Safepoint synchronization initiated using striped semaphore wait barrier. (126 threads)
[2025-06-05T16:15:01.778+0700][2114.083s][info ][safepoint   ] Safepoint "Cleanup", Time since last: 48978111500 ns, Reaching safepoint: 106200 ns, Cleanup: 23300 ns, At safepoint: 5100 ns, Total: 134600 ns
[2025-06-05T16:15:02.780+0700][2115.084s][debug][safepoint   ] Safepoint synchronization initiated using striped semaphore wait barrier. (127 threads)
[2025-06-05T16:15:02.780+0700][2115.084s][info ][safepoint   ] Safepoint "Cleanup", Time since last: 1000513700 ns, Reaching safepoint: 88000 ns, Cleanup: 50900 ns, At safepoint: 13600 ns, Total: 152500 ns
[2025-06-05T16:15:03.787+0700][2116.092s][debug][safepoint   ] Safepoint synchronization initiated using striped semaphore wait barrier. (127 threads)
[2025-06-05T16:15:03.788+0700][2116.092s][info ][safepoint   ] Safepoint "Cleanup", Time since last: 1007918300 ns, Reaching safepoint: 148200 ns, Cleanup: 48500 ns, At safepoint: 4200 ns, Total: 200900 ns
[2025-06-05T16:19:02.872+0700][2355.176s][debug][safepoint   ] Safepoint synchronization initiated using striped semaphore wait barrier. (126 threads)
[2025-06-05T16:19:02.872+0700][2355.176s][info ][safepoint   ] Safepoint "Cleanup", Time since last: 239083859500 ns, Reaching safepoint: 203800 ns, Cleanup: 33300 ns, At safepoint: 5500 ns, Total: 242600 ns
[2025-06-05T16:19:54.964+0700][2407.270s][debug][safepoint   ] Safepoint synchronization initiated using striped semaphore wait barrier. (126 threads)
[2025-06-05T16:19:54.964+0700][2407.270s][info ][gc,start    ] GC(22) Pause Young (Normal) (G1 Evacuation Pause)
[2025-06-05T16:19:54.964+0700][2407.270s][info ][gc,task     ] GC(22) Using 15 workers of 15 for evacuation
[2025-06-05T16:19:54.986+0700][2407.294s][info ][gc,phases   ] GC(22)   Pre Evacuate Collection Set: 0.7ms
[2025-06-05T16:19:54.986+0700][2407.294s][info ][gc,phases   ] GC(22)   Merge Heap Roots: 0.5ms
[2025-06-05T16:19:54.986+0700][2407.294s][info ][gc,phases   ] GC(22)   Evacuate Collection Set: 18.7ms
[2025-06-05T16:19:54.986+0700][2407.294s][info ][gc,phases   ] GC(22)   Post Evacuate Collection Set: 3.8ms
[2025-06-05T16:19:54.986+0700][2407.294s][info ][gc,phases   ] GC(22)   Other: 0.3ms
[2025-06-05T16:19:54.986+0700][2407.294s][info ][gc,heap     ] GC(22) Eden regions: 220->0(215)
[2025-06-05T16:19:54.986+0700][2407.294s][info ][gc,heap     ] GC(22) Survivor regions: 18->12(30)
[2025-06-05T16:19:54.986+0700][2407.294s][info ][gc,heap     ] GC(22) Old regions: 103->109
[2025-06-05T16:19:54.986+0700][2407.294s][info ][gc,heap     ] GC(22) Archive regions: 0->0
[2025-06-05T16:19:54.986+0700][2407.294s][info ][gc,heap     ] GC(22) Humongous regions: 118->106
[2025-06-05T16:19:54.986+0700][2407.294s][info ][gc,metaspace] GC(22) Metaspace: 140264K(141696K)->140264K(141696K) NonClass: 122072K(122816K)->122072K(122816K) Class: 18191K(18880K)->18191K(18880K)
[2025-06-05T16:19:54.986+0700][2407.294s][info ][gc          ] GC(22) Pause Young (Normal) (G1 Evacuation Pause) 458M->226M(512M) 24.191ms
[2025-06-05T16:19:54.986+0700][2407.294s][info ][gc,cpu      ] GC(22) User=0.05s Sys=0.00s Real=0.02s
[2025-06-05T16:19:54.986+0700][2407.294s][info ][safepoint   ] Safepoint "G1CollectForAllocation", Time since last: 52093427600 ns, Reaching safepoint: 141200 ns, Cleanup: 12400 ns, At safepoint: 24372000 ns, Total: 24525600 ns
[2025-06-05T16:19:57.013+0700][2409.318s][debug][safepoint   ] Safepoint synchronization initiated using striped semaphore wait barrier. (126 threads)
[2025-06-05T16:19:57.013+0700][2409.318s][info ][safepoint   ] Safepoint "Cleanup", Time since last: 2023462100 ns, Reaching safepoint: 181700 ns, Cleanup: 66200 ns, At safepoint: 7500 ns, Total: 255400 ns
[2025-06-05T16:20:32.316+0700][2444.621s][debug][safepoint   ] Safepoint synchronization initiated using striped semaphore wait barrier. (126 threads)
[2025-06-05T16:20:32.316+0700][2444.621s][info ][safepoint   ] Safepoint "Cleanup", Time since last: 35302713500 ns, Reaching safepoint: 119900 ns, Cleanup: 32700 ns, At safepoint: 4300 ns, Total: 156900 ns
[2025-06-05T16:22:13.115+0700][2545.420s][debug][safepoint   ] Safepoint synchronization initiated using striped semaphore wait barrier. (126 threads)
[2025-06-05T16:22:13.115+0700][2545.420s][info ][safepoint   ] Safepoint "Cleanup", Time since last: 100798827000 ns, Reaching safepoint: 168600 ns, Cleanup: 71700 ns, At safepoint: 6000 ns, Total: 246300 ns
[2025-06-05T16:22:42.333+0700][2574.638s][debug][safepoint   ] Safepoint synchronization initiated using striped semaphore wait barrier. (126 threads)
[2025-06-05T16:22:42.333+0700][2574.638s][info ][safepoint   ] Safepoint "Cleanup", Time since last: 29217959700 ns, Reaching safepoint: 154800 ns, Cleanup: 47300 ns, At safepoint: 5700 ns, Total: 207800 ns
[2025-06-05T16:23:02.490+0700][2594.794s][debug][safepoint   ] Safepoint synchronization initiated using striped semaphore wait barrier. (126 threads)
[2025-06-05T16:23:02.490+0700][2594.794s][info ][safepoint   ] Safepoint "Cleanup", Time since last: 20156216500 ns, Reaching safepoint: 177700 ns, Cleanup: 45900 ns, At safepoint: 9800 ns, Total: 233400 ns
