[32m2025-06-05 | 01:30:36.006[0;39m | [34mINFO [0;39m [[36mbackground-preinit                      [0;39m] [33mo.h.v.i.u.Version[0;39m                               : HV000001: Hibernate Validator 8.0.1.Final 
[32m2025-06-05 | 01:30:36.375[0;39m | [34mINFO [0;39m [[36mmain                                    [0;39m] [33mo.s.b.StartupInfoLogger[0;39m                         : Starting TrendzApplication v1.13.1-SNAPSHOT using Java 17.0.15 with PID 9428 (C:\Program Files (x86)\trendz\lib\trendz.jar started by DESKTOP-FEGLDB1$ in C:\Program Files (x86)\trendz\conf) 
[32m2025-06-05 | 01:30:36.377[0;39m | [34mINFO [0;39m [[36mmain                                    [0;39m] [33mo.s.b.SpringApplication[0;39m                         : No active profile set, falling back to 1 default profile: "default" 
[32m2025-06-05 | 01:30:40.765[0;39m | [34mINFO [0;39m [[36mmain                                    [0;39m] [33mo.s.d.r.c.RepositoryConfigurationDelegate[0;39m       : Multiple Spring Data modules found, entering strict repository configuration mode 
[32m2025-06-05 | 01:30:40.765[0;39m | [34mINFO [0;39m [[36mmain                                    [0;39m] [33mo.s.d.r.c.RepositoryConfigurationDelegate[0;39m       : Bootstrapping Spring Data JPA repositories in DEFAULT mode. 
[32m2025-06-05 | 01:30:41.424[0;39m | [34mINFO [0;39m [[36mmain                                    [0;39m] [33mo.s.d.r.c.RepositoryConfigurationDelegate[0;39m       : Finished Spring Data repository scanning in 594 ms. Found 45 JPA repository interfaces. 
[32m2025-06-05 | 01:30:47.688[0;39m | [34mINFO [0;39m [[36mmain                                    [0;39m] [33mo.s.b.w.e.t.TomcatWebServer[0;39m                     : Tomcat initialized with port 8888 (http) 
[32m2025-06-05 | 01:30:47.914[0;39m | [34mINFO [0;39m [[36mmain                                    [0;39m] [33mo.a.j.l.DirectJDKLog[0;39m                            : Initializing ProtocolHandler ["http-nio-0.0.0.0-8888"] 
[32m2025-06-05 | 01:30:47.973[0;39m | [34mINFO [0;39m [[36mmain                                    [0;39m] [33mo.a.j.l.DirectJDKLog[0;39m                            : Starting service [Tomcat] 
[32m2025-06-05 | 01:30:47.975[0;39m | [34mINFO [0;39m [[36mmain                                    [0;39m] [33mo.a.j.l.DirectJDKLog[0;39m                            : Starting Servlet engine: [Apache Tomcat/10.1.19] 
[32m2025-06-05 | 01:30:48.574[0;39m | [34mINFO [0;39m [[36mmain                                    [0;39m] [33mo.a.j.l.DirectJDKLog[0;39m                            : Initializing Spring embedded WebApplicationContext 
[32m2025-06-05 | 01:30:48.576[0;39m | [34mINFO [0;39m [[36mmain                                    [0;39m] [33mo.s.b.w.s.c.ServletWebServerApplicationContext[0;39m  : Root WebApplicationContext: initialization completed in 11954 ms 
[32m2025-06-05 | 01:30:54.649[0;39m | [34mINFO [0;39m [[36mmain                                    [0;39m] [33mo.t.t.s.p.c.CaffeineCacheConfiguration[0;39m          : Used cache tool: Caffeine 
[32m2025-06-05 | 01:30:54.822[0;39m | [34mINFO [0;39m [[36mmain                                    [0;39m] [33mo.t.t.s.p.BucketConfiguration[0;39m                   : Cloud Rate Limiting status: DISABLED 
[32m2025-06-05 | 01:30:54.853[0;39m | [34mINFO [0;39m [[36mmain                                    [0;39m] [33mo.t.t.s.p.CloudRateLimitService[0;39m                 : Cloud Rate Limiting status: DISABLED 
[32m2025-06-05 | 01:30:54.884[0;39m | [34mINFO [0;39m [[36mmain                                    [0;39m] [33mo.t.t.s.p.TbWebClient[0;39m                           : Default DNS resolver is used 
[32m2025-06-05 | 01:30:55.691[0;39m | [34mINFO [0;39m [[36mmain                                    [0;39m] [33mo.h.j.i.u.LogHelper[0;39m                             : HHH000204: Processing PersistenceUnitInfo [name: default] 
[32m2025-06-05 | 01:30:55.928[0;39m | [34mINFO [0;39m [[36mmain                                    [0;39m] [33mo.h.Version[0;39m                                     : HHH000412: Hibernate ORM core version 6.4.4.Final 
[32m2025-06-05 | 01:30:56.022[0;39m | [34mINFO [0;39m [[36mmain                                    [0;39m] [33mo.h.c.i.RegionFactoryInitiator[0;39m                  : HHH000026: Second-level cache disabled 
[32m2025-06-05 | 01:30:56.365[0;39m | [34mINFO [0;39m [[36mmain                                    [0;39m] [33mo.s.o.j.p.SpringPersistenceUnitInfo[0;39m             : No LoadTimeWeaver setup: ignoring JPA class transformer 
[32m2025-06-05 | 01:30:56.426[0;39m | [34mINFO [0;39m [[36mmain                                    [0;39m] [33mc.z.h.HikariDataSource[0;39m                          : HikariPool-1 - Starting... 
[32m2025-06-05 | 01:30:56.820[0;39m | [34mINFO [0;39m [[36mmain                                    [0;39m] [33mc.z.h.p.HikariPool[0;39m                              : HikariPool-1 - Added connection org.postgresql.jdbc.PgConnection@2d260f2a 
[32m2025-06-05 | 01:30:56.820[0;39m | [34mINFO [0;39m [[36mmain                                    [0;39m] [33mc.z.h.HikariDataSource[0;39m                          : HikariPool-1 - Start completed. 
[32m2025-06-05 | 01:30:56.883[0;39m | [31mWARN [0;39m [[36mmain                                    [0;39m] [33mo.h.e.j.d.i.DialectFactoryImpl[0;39m                  : HHH90000025: PostgreSQLDialect does not need to be specified explicitly using 'hibernate.dialect' (remove the property setting and it will be selected by default) 
[32m2025-06-05 | 01:30:59.729[0;39m | [34mINFO [0;39m [[36mmain                                    [0;39m] [33mo.h.e.t.j.p.i.JtaPlatformInitiator[0;39m              : HHH000489: No JTA platform available (set 'hibernate.transaction.jta.platform' to enable JTA platform integration) 
[32m2025-06-05 | 01:30:59.870[0;39m | [34mINFO [0;39m [[36mmain                                    [0;39m] [33mo.s.o.j.AbstractEntityManagerFactoryBean[0;39m        : Initialized JPA EntityManagerFactory for persistence unit 'default' 
[32m2025-06-05 | 01:31:01.501[0;39m | [34mINFO [0;39m [[36mmain                                    [0;39m] [33mo.s.d.j.r.q.QueryEnhancerFactory[0;39m                : Hibernate is in classpath; If applicable, HQL parser will be used. 
[32m2025-06-05 | 01:31:03.333[0;39m | [34mINFO [0;39m [[36mmain                                    [0;39m] [33mo.t.l.c.TbLicenseClient[0;39m                         : Initializing ThingsBoard License Client, Release Date [2025-05-02] 
[32m2025-06-05 | 01:31:03.914[0;39m | [34mINFO [0;39m [[36mmain                                    [0;39m] [33mo.t.l.c.TbLicenseClient[0;39m                         : Obtained instance data from file. 
[32m2025-06-05 | 01:31:03.914[0;39m | [34mINFO [0;39m [[36mmain                                    [0;39m] [33mo.t.l.c.TbLicenseClient[0;39m                         : instanceId: [I8XPdcC3hX4YpeAjrHtd] 
[32m2025-06-05 | 01:31:03.947[0;39m | [34mINFO [0;39m [[36mmain                                    [0;39m] [33mo.t.l.c.TbLicenseClient[0;39m                         : planData: {
  "asset_count" : {
    "value" : 10,
    "description" : "The maximum number of assets"
  },
  "device_count" : {
    "value" : 10,
    "description" : "The maximum number of devices"
  }
} 
[32m2025-06-05 | 01:31:04.873[0;39m | [34mINFO [0;39m [[36mapp-(scheduled)-rateLimitLogging-0      [0;39m] [33mo.t.t.s.p.RateLimitService[0;39m                      : total requests 0 in progress 0 queue size 0 
[32m2025-06-05 | 01:31:04.983[0;39m | [34mINFO [0;39m [[36mmain                                    [0;39m] [33mo.t.l.c.TbLicenseClient[0;39m                         : Executed checkInstance method. 
[32m2025-06-05 | 01:31:04.983[0;39m | [34mINFO [0;39m [[36mmain                                    [0;39m] [33mo.t.l.c.TbLicenseClient[0;39m                         : instanceId: [I8XPdcC3hX4YpeAjrHtd] 
[32m2025-06-05 | 01:31:04.983[0;39m | [34mINFO [0;39m [[36mmain                                    [0;39m] [33mo.t.l.c.TbLicenseClient[0;39m                         : planData: {
  "asset_count" : {
    "value" : 10,
    "description" : "The maximum number of assets"
  },
  "device_count" : {
    "value" : 10,
    "description" : "The maximum number of devices"
  }
} 
[32m2025-06-05 | 01:31:04.983[0;39m | [34mINFO [0;39m [[36mmain                                    [0;39m] [33mo.t.l.c.TbLicenseClient[0;39m                         : Initialized ThingsBoard License Client with instanceId [I8XPdcC3hX4YpeAjrHtd] 
[32m2025-06-05 | 01:31:09.566[0;39m | [34mINFO [0;39m [[36mmain                                    [0;39m] [33mo.t.t.StartupValidationService[0;39m                  : The version of database is matching to Trendz version [1.13.1] 
[32m2025-06-05 | 01:31:10.000[0;39m | [34mINFO [0;39m [[36mmain                                    [0;39m] [33mo.t.t.c.PublicApiController[0;39m                     : application 1.13.1-SNAPSHOT ThingsBoard Trendz Server Application 2025-05-02T08:21:36.700Z 
[32m2025-06-05 | 01:31:11.025[0;39m | [34mINFO [0;39m [[36mmain                                    [0;39m] [33mo.s.b.a.w.s.WelcomePageHandlerMapping[0;39m           : Adding welcome page: class path resource [resources/index.html] 
[32m2025-06-05 | 01:31:11.230[0;39m | [34mINFO [0;39m [[36mmain                                    [0;39m] [33mo.s.b.a.e.w.EndpointLinksResolver[0;39m               : Exposing 0 endpoint(s) beneath base path '/actuator' 
[32m2025-06-05 | 01:31:11.310[0;39m | [34mINFO [0;39m [[36mmain                                    [0;39m] [33mo.s.s.w.DefaultSecurityFilterChain[0;39m              : Will secure any request with [org.springframework.security.web.session.DisableEncodeUrlFilter@41044318, org.springframework.security.web.context.request.async.WebAsyncManagerIntegrationFilter@4ef2d867, org.springframework.security.web.context.SecurityContextHolderFilter@6339719f, org.springframework.security.web.header.HeaderWriterFilter@5f57ae95, org.springframework.web.filter.CorsFilter@679e3387, org.springframework.security.web.authentication.logout.LogoutFilter@4962bb38, org.thingsboard.trendz.security.RestLoginProcessingFilter@b7e53b1, org.thingsboard.trendz.security.JwtTokenAuthenticationProcessingFilter@6ecf239d, org.thingsboard.trendz.security.RefreshTokenProcessingFilter@6e87556f, org.springframework.security.web.savedrequest.RequestCacheAwareFilter@274509cc, org.springframework.security.web.servletapi.SecurityContextHolderAwareRequestFilter@67ae297b, org.springframework.security.web.authentication.AnonymousAuthenticationFilter@cb75f35, org.springframework.security.web.session.SessionManagementFilter@3ff053eb, org.springframework.security.web.access.ExceptionTranslationFilter@1e44d01f, org.springframework.security.web.access.intercept.AuthorizationFilter@4769066f] 
[32m2025-06-05 | 01:31:12.279[0;39m | [34mINFO [0;39m [[36mmain                                    [0;39m] [33mo.a.j.l.DirectJDKLog[0;39m                            : Starting ProtocolHandler ["http-nio-0.0.0.0-8888"] 
[32m2025-06-05 | 01:31:12.320[0;39m | [34mINFO [0;39m [[36mmain                                    [0;39m] [33mo.s.b.w.e.t.TomcatWebServer[0;39m                     : Tomcat started on port 8888 (http) with context path '' 
[32m2025-06-05 | 01:31:12.320[0;39m | [34mINFO [0;39m [[36mmain                                    [0;39m] [33mo.s.c.l.CompositeLog[0;39m                            : Starting... 
[32m2025-06-05 | 01:31:12.320[0;39m | [34mINFO [0;39m [[36mmain                                    [0;39m] [33mo.s.c.l.CompositeLog[0;39m                            : BrokerAvailabilityEvent[available=true, SimpleBrokerMessageHandler [org.springframework.messaging.simp.broker.DefaultSubscriptionRegistry@13052fb2]] 
[32m2025-06-05 | 01:31:12.320[0;39m | [34mINFO [0;39m [[36mmain                                    [0;39m] [33mo.s.c.l.CompositeLog[0;39m                            : Started. 
[32m2025-06-05 | 01:31:12.381[0;39m | [34mINFO [0;39m [[36mMessageBroker-1                         [0;39m] [33mo.t.t.s.t.InitializationServiceImpl[0;39m             : Scheduled user validation: started 
[32m2025-06-05 | 01:31:12.446[0;39m | [34mINFO [0;39m [[36mmain                                    [0;39m] [33mo.t.t.s.t.InitializationServiceImpl[0;39m             : Defined statuses for 0 tenants 
[32m2025-06-05 | 01:31:12.446[0;39m | [34mINFO [0;39m [[36mmain                                    [0;39m] [33mo.t.t.s.t.TaskRuntimeService[0;39m                    : The task runtime scheduler is enabled! 
[32m2025-06-05 | 01:31:12.454[0;39m | [34mINFO [0;39m [[36mmain                                    [0;39m] [33mo.s.b.StartupInfoLogger[0;39m                         : Started TrendzApplication in 37.753 seconds (process running for 40.038) 
[32m2025-06-05 | 01:31:12.456[0;39m | [34mINFO [0;39m [[36mMessageBroker-1                         [0;39m] [33mo.t.t.s.t.InitializationServiceImpl[0;39m             : Scheduled user validation: finished 
[32m2025-06-05 | 01:31:14.880[0;39m | [34mINFO [0;39m [[36mapp-(scheduled)-rateLimitLogging-0      [0;39m] [33mo.t.t.s.p.RateLimitService[0;39m                      : total requests 0 in progress 0 queue size 0 
[32m2025-06-05 | 01:31:24.874[0;39m | [34mINFO [0;39m [[36mapp-(scheduled)-rateLimitLogging-0      [0;39m] [33mo.t.t.s.p.RateLimitService[0;39m                      : total requests 0 in progress 0 queue size 0 
[32m2025-06-05 | 01:31:34.873[0;39m | [34mINFO [0;39m [[36mapp-(scheduled)-rateLimitLogging-0      [0;39m] [33mo.t.t.s.p.RateLimitService[0;39m                      : total requests 0 in progress 0 queue size 0 
[32m2025-06-05 | 01:31:44.887[0;39m | [34mINFO [0;39m [[36mapp-(scheduled)-rateLimitLogging-0      [0;39m] [33mo.t.t.s.p.RateLimitService[0;39m                      : total requests 0 in progress 0 queue size 0 
[32m2025-06-05 | 01:31:54.874[0;39m | [34mINFO [0;39m [[36mapp-(scheduled)-rateLimitLogging-0      [0;39m] [33mo.t.t.s.p.RateLimitService[0;39m                      : total requests 0 in progress 0 queue size 0 
[32m2025-06-05 | 01:32:04.873[0;39m | [34mINFO [0;39m [[36mapp-(scheduled)-rateLimitLogging-0      [0;39m] [33mo.t.t.s.p.RateLimitService[0;39m                      : total requests 0 in progress 0 queue size 0 
[32m2025-06-05 | 01:32:12.236[0;39m | [34mINFO [0;39m [[36mMessageBroker-2                         [0;39m] [33mo.s.w.s.c.WebSocketMessageBrokerStats[0;39m           : WebSocketSession[0 current WS(0)-HttpStream(0)-HttpPoll(0), 0 total, 0 closed abnormally (0 connect failure, 0 send limit, 0 transport error)], stompSubProtocol[processed CONNECT(0)-CONNECTED(0)-DISCONNECT(0)], stompBrokerRelay[null], inboundChannel[pool size = 0, active threads = 0, queued tasks = 0, completed tasks = 0], outboundChannel[pool size = 0, active threads = 0, queued tasks = 0, completed tasks = 0], sockJsScheduler[pool size = 3, active threads = 1, queued tasks = 1, completed tasks = 1] 
[32m2025-06-05 | 01:32:14.873[0;39m | [34mINFO [0;39m [[36mapp-(scheduled)-rateLimitLogging-0      [0;39m] [33mo.t.t.s.p.RateLimitService[0;39m                      : total requests 0 in progress 0 queue size 0 
[32m2025-06-05 | 01:32:24.874[0;39m | [34mINFO [0;39m [[36mapp-(scheduled)-rateLimitLogging-0      [0;39m] [33mo.t.t.s.p.RateLimitService[0;39m                      : total requests 0 in progress 0 queue size 0 
[32m2025-06-05 | 01:32:34.882[0;39m | [34mINFO [0;39m [[36mapp-(scheduled)-rateLimitLogging-0      [0;39m] [33mo.t.t.s.p.RateLimitService[0;39m                      : total requests 0 in progress 0 queue size 0 
[32m2025-06-05 | 01:32:44.881[0;39m | [34mINFO [0;39m [[36mapp-(scheduled)-rateLimitLogging-0      [0;39m] [33mo.t.t.s.p.RateLimitService[0;39m                      : total requests 0 in progress 0 queue size 0 
[32m2025-06-05 | 01:32:54.884[0;39m | [34mINFO [0;39m [[36mapp-(scheduled)-rateLimitLogging-0      [0;39m] [33mo.t.t.s.p.RateLimitService[0;39m                      : total requests 0 in progress 0 queue size 0 
[32m2025-06-05 | 01:33:04.877[0;39m | [34mINFO [0;39m [[36mapp-(scheduled)-rateLimitLogging-0      [0;39m] [33mo.t.t.s.p.RateLimitService[0;39m                      : total requests 0 in progress 0 queue size 0 
[32m2025-06-05 | 01:33:14.886[0;39m | [34mINFO [0;39m [[36mapp-(scheduled)-rateLimitLogging-0      [0;39m] [33mo.t.t.s.p.RateLimitService[0;39m                      : total requests 0 in progress 0 queue size 0 
[32m2025-06-05 | 01:33:24.874[0;39m | [34mINFO [0;39m [[36mapp-(scheduled)-rateLimitLogging-0      [0;39m] [33mo.t.t.s.p.RateLimitService[0;39m                      : total requests 0 in progress 0 queue size 0 
[32m2025-06-05 | 01:33:34.877[0;39m | [34mINFO [0;39m [[36mapp-(scheduled)-rateLimitLogging-0      [0;39m] [33mo.t.t.s.p.RateLimitService[0;39m                      : total requests 0 in progress 0 queue size 0 
[32m2025-06-05 | 01:33:44.878[0;39m | [34mINFO [0;39m [[36mapp-(scheduled)-rateLimitLogging-0      [0;39m] [33mo.t.t.s.p.RateLimitService[0;39m                      : total requests 0 in progress 0 queue size 0 
[32m2025-06-05 | 01:33:54.878[0;39m | [34mINFO [0;39m [[36mapp-(scheduled)-rateLimitLogging-0      [0;39m] [33mo.t.t.s.p.RateLimitService[0;39m                      : total requests 0 in progress 0 queue size 0 
[32m2025-06-05 | 01:34:04.878[0;39m | [34mINFO [0;39m [[36mapp-(scheduled)-rateLimitLogging-0      [0;39m] [33mo.t.t.s.p.RateLimitService[0;39m                      : total requests 0 in progress 0 queue size 0 
[32m2025-06-05 | 01:34:14.880[0;39m | [34mINFO [0;39m [[36mapp-(scheduled)-rateLimitLogging-0      [0;39m] [33mo.t.t.s.p.RateLimitService[0;39m                      : total requests 0 in progress 0 queue size 0 
[32m2025-06-05 | 01:34:24.885[0;39m | [34mINFO [0;39m [[36mapp-(scheduled)-rateLimitLogging-0      [0;39m] [33mo.t.t.s.p.RateLimitService[0;39m                      : total requests 0 in progress 0 queue size 0 
[32m2025-06-05 | 01:34:34.877[0;39m | [34mINFO [0;39m [[36mapp-(scheduled)-rateLimitLogging-0      [0;39m] [33mo.t.t.s.p.RateLimitService[0;39m                      : total requests 0 in progress 0 queue size 0 
[32m2025-06-05 | 01:34:44.883[0;39m | [34mINFO [0;39m [[36mapp-(scheduled)-rateLimitLogging-0      [0;39m] [33mo.t.t.s.p.RateLimitService[0;39m                      : total requests 0 in progress 0 queue size 0 
[32m2025-06-05 | 01:34:54.877[0;39m | [34mINFO [0;39m [[36mapp-(scheduled)-rateLimitLogging-0      [0;39m] [33mo.t.t.s.p.RateLimitService[0;39m                      : total requests 0 in progress 0 queue size 0 
[32m2025-06-05 | 01:35:04.876[0;39m | [34mINFO [0;39m [[36mapp-(scheduled)-rateLimitLogging-0      [0;39m] [33mo.t.t.s.p.RateLimitService[0;39m                      : total requests 0 in progress 0 queue size 0 
[32m2025-06-05 | 01:35:14.882[0;39m | [34mINFO [0;39m [[36mapp-(scheduled)-rateLimitLogging-0      [0;39m] [33mo.t.t.s.p.RateLimitService[0;39m                      : total requests 0 in progress 0 queue size 0 
[32m2025-06-05 | 01:35:24.877[0;39m | [34mINFO [0;39m [[36mapp-(scheduled)-rateLimitLogging-0      [0;39m] [33mo.t.t.s.p.RateLimitService[0;39m                      : total requests 0 in progress 0 queue size 0 
[32m2025-06-05 | 01:35:34.879[0;39m | [34mINFO [0;39m [[36mapp-(scheduled)-rateLimitLogging-0      [0;39m] [33mo.t.t.s.p.RateLimitService[0;39m                      : total requests 0 in progress 0 queue size 0 
[32m2025-06-05 | 01:35:44.874[0;39m | [34mINFO [0;39m [[36mapp-(scheduled)-rateLimitLogging-0      [0;39m] [33mo.t.t.s.p.RateLimitService[0;39m                      : total requests 0 in progress 0 queue size 0 
[32m2025-06-05 | 01:35:54.876[0;39m | [34mINFO [0;39m [[36mapp-(scheduled)-rateLimitLogging-0      [0;39m] [33mo.t.t.s.p.RateLimitService[0;39m                      : total requests 0 in progress 0 queue size 0 
[32m2025-06-05 | 01:36:04.884[0;39m | [34mINFO [0;39m [[36mapp-(scheduled)-rateLimitLogging-0      [0;39m] [33mo.t.t.s.p.RateLimitService[0;39m                      : total requests 0 in progress 0 queue size 0 
[32m2025-06-05 | 01:36:14.888[0;39m | [34mINFO [0;39m [[36mapp-(scheduled)-rateLimitLogging-0      [0;39m] [33mo.t.t.s.p.RateLimitService[0;39m                      : total requests 0 in progress 0 queue size 0 
[32m2025-06-05 | 01:36:24.881[0;39m | [34mINFO [0;39m [[36mapp-(scheduled)-rateLimitLogging-0      [0;39m] [33mo.t.t.s.p.RateLimitService[0;39m                      : total requests 0 in progress 0 queue size 0 
[32m2025-06-05 | 01:36:34.882[0;39m | [34mINFO [0;39m [[36mapp-(scheduled)-rateLimitLogging-0      [0;39m] [33mo.t.t.s.p.RateLimitService[0;39m                      : total requests 0 in progress 0 queue size 0 
[32m2025-06-05 | 01:36:44.883[0;39m | [34mINFO [0;39m [[36mapp-(scheduled)-rateLimitLogging-0      [0;39m] [33mo.t.t.s.p.RateLimitService[0;39m                      : total requests 0 in progress 0 queue size 0 
[32m2025-06-05 | 01:36:54.874[0;39m | [34mINFO [0;39m [[36mapp-(scheduled)-rateLimitLogging-0      [0;39m] [33mo.t.t.s.p.RateLimitService[0;39m                      : total requests 0 in progress 0 queue size 0 
[32m2025-06-05 | 01:37:04.882[0;39m | [34mINFO [0;39m [[36mapp-(scheduled)-rateLimitLogging-0      [0;39m] [33mo.t.t.s.p.RateLimitService[0;39m                      : total requests 0 in progress 0 queue size 0 
[32m2025-06-05 | 01:37:14.887[0;39m | [34mINFO [0;39m [[36mapp-(scheduled)-rateLimitLogging-0      [0;39m] [33mo.t.t.s.p.RateLimitService[0;39m                      : total requests 0 in progress 0 queue size 0 
[32m2025-06-05 | 01:37:24.886[0;39m | [34mINFO [0;39m [[36mapp-(scheduled)-rateLimitLogging-0      [0;39m] [33mo.t.t.s.p.RateLimitService[0;39m                      : total requests 0 in progress 0 queue size 0 
[32m2025-06-05 | 01:37:34.874[0;39m | [34mINFO [0;39m [[36mapp-(scheduled)-rateLimitLogging-0      [0;39m] [33mo.t.t.s.p.RateLimitService[0;39m                      : total requests 0 in progress 0 queue size 0 
[32m2025-06-05 | 01:37:44.877[0;39m | [34mINFO [0;39m [[36mapp-(scheduled)-rateLimitLogging-0      [0;39m] [33mo.t.t.s.p.RateLimitService[0;39m                      : total requests 0 in progress 0 queue size 0 
[32m2025-06-05 | 01:37:54.884[0;39m | [34mINFO [0;39m [[36mapp-(scheduled)-rateLimitLogging-0      [0;39m] [33mo.t.t.s.p.RateLimitService[0;39m                      : total requests 0 in progress 0 queue size 0 
[32m2025-06-05 | 01:38:04.887[0;39m | [34mINFO [0;39m [[36mapp-(scheduled)-rateLimitLogging-0      [0;39m] [33mo.t.t.s.p.RateLimitService[0;39m                      : total requests 0 in progress 0 queue size 0 
[32m2025-06-05 | 01:38:14.879[0;39m | [34mINFO [0;39m [[36mapp-(scheduled)-rateLimitLogging-0      [0;39m] [33mo.t.t.s.p.RateLimitService[0;39m                      : total requests 0 in progress 0 queue size 0 
[32m2025-06-05 | 01:38:24.876[0;39m | [34mINFO [0;39m [[36mapp-(scheduled)-rateLimitLogging-0      [0;39m] [33mo.t.t.s.p.RateLimitService[0;39m                      : total requests 0 in progress 0 queue size 0 
[32m2025-06-05 | 01:38:34.874[0;39m | [34mINFO [0;39m [[36mapp-(scheduled)-rateLimitLogging-0      [0;39m] [33mo.t.t.s.p.RateLimitService[0;39m                      : total requests 0 in progress 0 queue size 0 
[32m2025-06-05 | 01:38:44.875[0;39m | [34mINFO [0;39m [[36mapp-(scheduled)-rateLimitLogging-0      [0;39m] [33mo.t.t.s.p.RateLimitService[0;39m                      : total requests 0 in progress 0 queue size 0 
[32m2025-06-05 | 01:38:54.880[0;39m | [34mINFO [0;39m [[36mapp-(scheduled)-rateLimitLogging-0      [0;39m] [33mo.t.t.s.p.RateLimitService[0;39m                      : total requests 0 in progress 0 queue size 0 
[32m2025-06-05 | 01:39:04.882[0;39m | [34mINFO [0;39m [[36mapp-(scheduled)-rateLimitLogging-0      [0;39m] [33mo.t.t.s.p.RateLimitService[0;39m                      : total requests 0 in progress 0 queue size 0 
[32m2025-06-05 | 01:39:14.885[0;39m | [34mINFO [0;39m [[36mapp-(scheduled)-rateLimitLogging-0      [0;39m] [33mo.t.t.s.p.RateLimitService[0;39m                      : total requests 0 in progress 0 queue size 0 
[32m2025-06-05 | 01:39:24.882[0;39m | [34mINFO [0;39m [[36mapp-(scheduled)-rateLimitLogging-0      [0;39m] [33mo.t.t.s.p.RateLimitService[0;39m                      : total requests 0 in progress 0 queue size 0 
[32m2025-06-05 | 01:39:34.881[0;39m | [34mINFO [0;39m [[36mapp-(scheduled)-rateLimitLogging-0      [0;39m] [33mo.t.t.s.p.RateLimitService[0;39m                      : total requests 0 in progress 0 queue size 0 
[32m2025-06-05 | 01:39:44.883[0;39m | [34mINFO [0;39m [[36mapp-(scheduled)-rateLimitLogging-0      [0;39m] [33mo.t.t.s.p.RateLimitService[0;39m                      : total requests 0 in progress 0 queue size 0 
[32m2025-06-05 | 01:39:54.875[0;39m | [34mINFO [0;39m [[36mapp-(scheduled)-rateLimitLogging-0      [0;39m] [33mo.t.t.s.p.RateLimitService[0;39m                      : total requests 0 in progress 0 queue size 0 
[32m2025-06-05 | 01:40:04.874[0;39m | [34mINFO [0;39m [[36mapp-(scheduled)-rateLimitLogging-0      [0;39m] [33mo.t.t.s.p.RateLimitService[0;39m                      : total requests 0 in progress 0 queue size 0 
[32m2025-06-05 | 01:40:14.883[0;39m | [34mINFO [0;39m [[36mapp-(scheduled)-rateLimitLogging-0      [0;39m] [33mo.t.t.s.p.RateLimitService[0;39m                      : total requests 0 in progress 0 queue size 0 
[32m2025-06-05 | 01:40:24.884[0;39m | [34mINFO [0;39m [[36mapp-(scheduled)-rateLimitLogging-0      [0;39m] [33mo.t.t.s.p.RateLimitService[0;39m                      : total requests 0 in progress 0 queue size 0 
[32m2025-06-05 | 01:40:34.881[0;39m | [34mINFO [0;39m [[36mapp-(scheduled)-rateLimitLogging-0      [0;39m] [33mo.t.t.s.p.RateLimitService[0;39m                      : total requests 0 in progress 0 queue size 0 
[32m2025-06-05 | 01:40:44.875[0;39m | [34mINFO [0;39m [[36mapp-(scheduled)-rateLimitLogging-0      [0;39m] [33mo.t.t.s.p.RateLimitService[0;39m                      : total requests 0 in progress 0 queue size 0 
[32m2025-06-05 | 01:40:54.877[0;39m | [34mINFO [0;39m [[36mapp-(scheduled)-rateLimitLogging-0      [0;39m] [33mo.t.t.s.p.RateLimitService[0;39m                      : total requests 0 in progress 0 queue size 0 
[32m2025-06-05 | 01:41:04.887[0;39m | [34mINFO [0;39m [[36mapp-(scheduled)-rateLimitLogging-0      [0;39m] [33mo.t.t.s.p.RateLimitService[0;39m                      : total requests 0 in progress 0 queue size 0 
[32m2025-06-05 | 01:41:14.882[0;39m | [34mINFO [0;39m [[36mapp-(scheduled)-rateLimitLogging-0      [0;39m] [33mo.t.t.s.p.RateLimitService[0;39m                      : total requests 0 in progress 0 queue size 0 
[32m2025-06-05 | 01:41:24.874[0;39m | [34mINFO [0;39m [[36mapp-(scheduled)-rateLimitLogging-0      [0;39m] [33mo.t.t.s.p.RateLimitService[0;39m                      : total requests 0 in progress 0 queue size 0 
[32m2025-06-05 | 01:41:34.878[0;39m | [34mINFO [0;39m [[36mapp-(scheduled)-rateLimitLogging-0      [0;39m] [33mo.t.t.s.p.RateLimitService[0;39m                      : total requests 0 in progress 0 queue size 0 
[32m2025-06-05 | 01:41:44.882[0;39m | [34mINFO [0;39m [[36mapp-(scheduled)-rateLimitLogging-0      [0;39m] [33mo.t.t.s.p.RateLimitService[0;39m                      : total requests 0 in progress 0 queue size 0 
[32m2025-06-05 | 01:41:54.873[0;39m | [34mINFO [0;39m [[36mapp-(scheduled)-rateLimitLogging-0      [0;39m] [33mo.t.t.s.p.RateLimitService[0;39m                      : total requests 0 in progress 0 queue size 0 
[32m2025-06-05 | 01:42:04.878[0;39m | [34mINFO [0;39m [[36mapp-(scheduled)-rateLimitLogging-0      [0;39m] [33mo.t.t.s.p.RateLimitService[0;39m                      : total requests 0 in progress 0 queue size 0 
[32m2025-06-05 | 01:42:14.877[0;39m | [34mINFO [0;39m [[36mapp-(scheduled)-rateLimitLogging-0      [0;39m] [33mo.t.t.s.p.RateLimitService[0;39m                      : total requests 0 in progress 0 queue size 0 
[32m2025-06-05 | 01:42:24.874[0;39m | [34mINFO [0;39m [[36mapp-(scheduled)-rateLimitLogging-0      [0;39m] [33mo.t.t.s.p.RateLimitService[0;39m                      : total requests 0 in progress 0 queue size 0 
[32m2025-06-05 | 01:42:34.877[0;39m | [34mINFO [0;39m [[36mapp-(scheduled)-rateLimitLogging-0      [0;39m] [33mo.t.t.s.p.RateLimitService[0;39m                      : total requests 0 in progress 0 queue size 0 
[32m2025-06-05 | 01:42:44.875[0;39m | [34mINFO [0;39m [[36mapp-(scheduled)-rateLimitLogging-0      [0;39m] [33mo.t.t.s.p.RateLimitService[0;39m                      : total requests 0 in progress 0 queue size 0 
[32m2025-06-05 | 01:42:54.887[0;39m | [34mINFO [0;39m [[36mapp-(scheduled)-rateLimitLogging-0      [0;39m] [33mo.t.t.s.p.RateLimitService[0;39m                      : total requests 0 in progress 0 queue size 0 
[32m2025-06-05 | 01:43:04.873[0;39m | [34mINFO [0;39m [[36mapp-(scheduled)-rateLimitLogging-0      [0;39m] [33mo.t.t.s.p.RateLimitService[0;39m                      : total requests 0 in progress 0 queue size 0 
[32m2025-06-05 | 01:43:14.874[0;39m | [34mINFO [0;39m [[36mapp-(scheduled)-rateLimitLogging-0      [0;39m] [33mo.t.t.s.p.RateLimitService[0;39m                      : total requests 0 in progress 0 queue size 0 
[32m2025-06-05 | 01:43:24.874[0;39m | [34mINFO [0;39m [[36mapp-(scheduled)-rateLimitLogging-0      [0;39m] [33mo.t.t.s.p.RateLimitService[0;39m                      : total requests 0 in progress 0 queue size 0 
[32m2025-06-05 | 01:43:34.874[0;39m | [34mINFO [0;39m [[36mapp-(scheduled)-rateLimitLogging-0      [0;39m] [33mo.t.t.s.p.RateLimitService[0;39m                      : total requests 0 in progress 0 queue size 0 
[32m2025-06-05 | 01:43:44.874[0;39m | [34mINFO [0;39m [[36mapp-(scheduled)-rateLimitLogging-0      [0;39m] [33mo.t.t.s.p.RateLimitService[0;39m                      : total requests 0 in progress 0 queue size 0 
[32m2025-06-05 | 01:43:54.873[0;39m | [34mINFO [0;39m [[36mapp-(scheduled)-rateLimitLogging-0      [0;39m] [33mo.t.t.s.p.RateLimitService[0;39m                      : total requests 0 in progress 0 queue size 0 
[32m2025-06-05 | 01:44:04.886[0;39m | [34mINFO [0;39m [[36mapp-(scheduled)-rateLimitLogging-0      [0;39m] [33mo.t.t.s.p.RateLimitService[0;39m                      : total requests 0 in progress 0 queue size 0 
[32m2025-06-05 | 01:44:14.874[0;39m | [34mINFO [0;39m [[36mapp-(scheduled)-rateLimitLogging-0      [0;39m] [33mo.t.t.s.p.RateLimitService[0;39m                      : total requests 0 in progress 0 queue size 0 
[32m2025-06-05 | 01:44:24.882[0;39m | [34mINFO [0;39m [[36mapp-(scheduled)-rateLimitLogging-0      [0;39m] [33mo.t.t.s.p.RateLimitService[0;39m                      : total requests 0 in progress 0 queue size 0 
[32m2025-06-05 | 01:44:34.873[0;39m | [34mINFO [0;39m [[36mapp-(scheduled)-rateLimitLogging-0      [0;39m] [33mo.t.t.s.p.RateLimitService[0;39m                      : total requests 0 in progress 0 queue size 0 
[32m2025-06-05 | 01:44:44.879[0;39m | [34mINFO [0;39m [[36mapp-(scheduled)-rateLimitLogging-0      [0;39m] [33mo.t.t.s.p.RateLimitService[0;39m                      : total requests 0 in progress 0 queue size 0 
[32m2025-06-05 | 01:44:54.878[0;39m | [34mINFO [0;39m [[36mapp-(scheduled)-rateLimitLogging-0      [0;39m] [33mo.t.t.s.p.RateLimitService[0;39m                      : total requests 0 in progress 0 queue size 0 
[32m2025-06-05 | 01:45:04.876[0;39m | [34mINFO [0;39m [[36mapp-(scheduled)-rateLimitLogging-0      [0;39m] [33mo.t.t.s.p.RateLimitService[0;39m                      : total requests 0 in progress 0 queue size 0 
[32m2025-06-05 | 01:45:14.884[0;39m | [34mINFO [0;39m [[36mapp-(scheduled)-rateLimitLogging-0      [0;39m] [33mo.t.t.s.p.RateLimitService[0;39m                      : total requests 0 in progress 0 queue size 0 
[32m2025-06-05 | 01:45:24.878[0;39m | [34mINFO [0;39m [[36mapp-(scheduled)-rateLimitLogging-0      [0;39m] [33mo.t.t.s.p.RateLimitService[0;39m                      : total requests 0 in progress 0 queue size 0 
[32m2025-06-05 | 01:45:34.874[0;39m | [34mINFO [0;39m [[36mapp-(scheduled)-rateLimitLogging-0      [0;39m] [33mo.t.t.s.p.RateLimitService[0;39m                      : total requests 0 in progress 0 queue size 0 
[32m2025-06-05 | 01:45:44.874[0;39m | [34mINFO [0;39m [[36mapp-(scheduled)-rateLimitLogging-0      [0;39m] [33mo.t.t.s.p.RateLimitService[0;39m                      : total requests 0 in progress 0 queue size 0 
[32m2025-06-05 | 01:45:54.881[0;39m | [34mINFO [0;39m [[36mapp-(scheduled)-rateLimitLogging-0      [0;39m] [33mo.t.t.s.p.RateLimitService[0;39m                      : total requests 0 in progress 0 queue size 0 
[32m2025-06-05 | 01:46:04.875[0;39m | [34mINFO [0;39m [[36mapp-(scheduled)-rateLimitLogging-0      [0;39m] [33mo.t.t.s.p.RateLimitService[0;39m                      : total requests 0 in progress 0 queue size 0 
[32m2025-06-05 | 01:46:14.876[0;39m | [34mINFO [0;39m [[36mapp-(scheduled)-rateLimitLogging-0      [0;39m] [33mo.t.t.s.p.RateLimitService[0;39m                      : total requests 0 in progress 0 queue size 0 
[32m2025-06-05 | 01:46:24.873[0;39m | [34mINFO [0;39m [[36mapp-(scheduled)-rateLimitLogging-0      [0;39m] [33mo.t.t.s.p.RateLimitService[0;39m                      : total requests 0 in progress 0 queue size 0 
[32m2025-06-05 | 01:46:34.881[0;39m | [34mINFO [0;39m [[36mapp-(scheduled)-rateLimitLogging-0      [0;39m] [33mo.t.t.s.p.RateLimitService[0;39m                      : total requests 0 in progress 0 queue size 0 
[32m2025-06-05 | 01:46:44.872[0;39m | [34mINFO [0;39m [[36mapp-(scheduled)-rateLimitLogging-0      [0;39m] [33mo.t.t.s.p.RateLimitService[0;39m                      : total requests 0 in progress 0 queue size 0 
[32m2025-06-05 | 01:46:54.886[0;39m | [34mINFO [0;39m [[36mapp-(scheduled)-rateLimitLogging-0      [0;39m] [33mo.t.t.s.p.RateLimitService[0;39m                      : total requests 0 in progress 0 queue size 0 
[32m2025-06-05 | 01:47:04.873[0;39m | [34mINFO [0;39m [[36mapp-(scheduled)-rateLimitLogging-0      [0;39m] [33mo.t.t.s.p.RateLimitService[0;39m                      : total requests 0 in progress 0 queue size 0 
[32m2025-06-05 | 01:47:14.882[0;39m | [34mINFO [0;39m [[36mapp-(scheduled)-rateLimitLogging-0      [0;39m] [33mo.t.t.s.p.RateLimitService[0;39m                      : total requests 0 in progress 0 queue size 0 
[32m2025-06-05 | 01:47:24.872[0;39m | [34mINFO [0;39m [[36mapp-(scheduled)-rateLimitLogging-0      [0;39m] [33mo.t.t.s.p.RateLimitService[0;39m                      : total requests 0 in progress 0 queue size 0 
[32m2025-06-05 | 01:47:34.873[0;39m | [34mINFO [0;39m [[36mapp-(scheduled)-rateLimitLogging-0      [0;39m] [33mo.t.t.s.p.RateLimitService[0;39m                      : total requests 0 in progress 0 queue size 0 
[32m2025-06-05 | 01:47:44.885[0;39m | [34mINFO [0;39m [[36mapp-(scheduled)-rateLimitLogging-0      [0;39m] [33mo.t.t.s.p.RateLimitService[0;39m                      : total requests 0 in progress 0 queue size 0 
[32m2025-06-05 | 01:47:54.882[0;39m | [34mINFO [0;39m [[36mapp-(scheduled)-rateLimitLogging-0      [0;39m] [33mo.t.t.s.p.RateLimitService[0;39m                      : total requests 0 in progress 0 queue size 0 
[32m2025-06-05 | 01:48:04.873[0;39m | [34mINFO [0;39m [[36mapp-(scheduled)-rateLimitLogging-0      [0;39m] [33mo.t.t.s.p.RateLimitService[0;39m                      : total requests 0 in progress 0 queue size 0 
[32m2025-06-05 | 01:48:14.878[0;39m | [34mINFO [0;39m [[36mapp-(scheduled)-rateLimitLogging-0      [0;39m] [33mo.t.t.s.p.RateLimitService[0;39m                      : total requests 0 in progress 0 queue size 0 
[32m2025-06-05 | 01:48:24.887[0;39m | [34mINFO [0;39m [[36mapp-(scheduled)-rateLimitLogging-0      [0;39m] [33mo.t.t.s.p.RateLimitService[0;39m                      : total requests 0 in progress 0 queue size 0 
[32m2025-06-05 | 01:48:34.875[0;39m | [34mINFO [0;39m [[36mapp-(scheduled)-rateLimitLogging-0      [0;39m] [33mo.t.t.s.p.RateLimitService[0;39m                      : total requests 0 in progress 0 queue size 0 
[32m2025-06-05 | 01:48:44.881[0;39m | [34mINFO [0;39m [[36mapp-(scheduled)-rateLimitLogging-0      [0;39m] [33mo.t.t.s.p.RateLimitService[0;39m                      : total requests 0 in progress 0 queue size 0 
[32m2025-06-05 | 01:48:54.884[0;39m | [34mINFO [0;39m [[36mapp-(scheduled)-rateLimitLogging-0      [0;39m] [33mo.t.t.s.p.RateLimitService[0;39m                      : total requests 0 in progress 0 queue size 0 
[32m2025-06-05 | 01:49:04.873[0;39m | [34mINFO [0;39m [[36mapp-(scheduled)-rateLimitLogging-0      [0;39m] [33mo.t.t.s.p.RateLimitService[0;39m                      : total requests 0 in progress 0 queue size 0 
[32m2025-06-05 | 01:49:14.872[0;39m | [34mINFO [0;39m [[36mapp-(scheduled)-rateLimitLogging-0      [0;39m] [33mo.t.t.s.p.RateLimitService[0;39m                      : total requests 0 in progress 0 queue size 0 
[32m2025-06-05 | 01:49:24.875[0;39m | [34mINFO [0;39m [[36mapp-(scheduled)-rateLimitLogging-0      [0;39m] [33mo.t.t.s.p.RateLimitService[0;39m                      : total requests 0 in progress 0 queue size 0 
[32m2025-06-05 | 01:49:34.880[0;39m | [34mINFO [0;39m [[36mapp-(scheduled)-rateLimitLogging-0      [0;39m] [33mo.t.t.s.p.RateLimitService[0;39m                      : total requests 0 in progress 0 queue size 0 
[32m2025-06-05 | 01:49:44.874[0;39m | [34mINFO [0;39m [[36mapp-(scheduled)-rateLimitLogging-0      [0;39m] [33mo.t.t.s.p.RateLimitService[0;39m                      : total requests 0 in progress 0 queue size 0 
[32m2025-06-05 | 01:49:54.875[0;39m | [34mINFO [0;39m [[36mapp-(scheduled)-rateLimitLogging-0      [0;39m] [33mo.t.t.s.p.RateLimitService[0;39m                      : total requests 0 in progress 0 queue size 0 
[32m2025-06-05 | 01:50:04.872[0;39m | [34mINFO [0;39m [[36mapp-(scheduled)-rateLimitLogging-0      [0;39m] [33mo.t.t.s.p.RateLimitService[0;39m                      : total requests 0 in progress 0 queue size 0 
[32m2025-06-05 | 01:50:14.888[0;39m | [34mINFO [0;39m [[36mapp-(scheduled)-rateLimitLogging-0      [0;39m] [33mo.t.t.s.p.RateLimitService[0;39m                      : total requests 0 in progress 0 queue size 0 
[32m2025-06-05 | 01:50:24.874[0;39m | [34mINFO [0;39m [[36mapp-(scheduled)-rateLimitLogging-0      [0;39m] [33mo.t.t.s.p.RateLimitService[0;39m                      : total requests 0 in progress 0 queue size 0 
[32m2025-06-05 | 01:50:34.887[0;39m | [34mINFO [0;39m [[36mapp-(scheduled)-rateLimitLogging-0      [0;39m] [33mo.t.t.s.p.RateLimitService[0;39m                      : total requests 0 in progress 0 queue size 0 
[32m2025-06-05 | 01:50:44.876[0;39m | [34mINFO [0;39m [[36mapp-(scheduled)-rateLimitLogging-0      [0;39m] [33mo.t.t.s.p.RateLimitService[0;39m                      : total requests 0 in progress 0 queue size 0 
[32m2025-06-05 | 01:50:54.883[0;39m | [34mINFO [0;39m [[36mapp-(scheduled)-rateLimitLogging-0      [0;39m] [33mo.t.t.s.p.RateLimitService[0;39m                      : total requests 0 in progress 0 queue size 0 
[32m2025-06-05 | 01:51:04.884[0;39m | [34mINFO [0;39m [[36mapp-(scheduled)-rateLimitLogging-0      [0;39m] [33mo.t.t.s.p.RateLimitService[0;39m                      : total requests 0 in progress 0 queue size 0 
[32m2025-06-05 | 01:51:14.881[0;39m | [34mINFO [0;39m [[36mapp-(scheduled)-rateLimitLogging-0      [0;39m] [33mo.t.t.s.p.RateLimitService[0;39m                      : total requests 0 in progress 0 queue size 0 
[32m2025-06-05 | 01:51:24.874[0;39m | [34mINFO [0;39m [[36mapp-(scheduled)-rateLimitLogging-0      [0;39m] [33mo.t.t.s.p.RateLimitService[0;39m                      : total requests 0 in progress 0 queue size 0 
[32m2025-06-05 | 01:51:34.878[0;39m | [34mINFO [0;39m [[36mapp-(scheduled)-rateLimitLogging-0      [0;39m] [33mo.t.t.s.p.RateLimitService[0;39m                      : total requests 0 in progress 0 queue size 0 
[32m2025-06-05 | 01:51:44.875[0;39m | [34mINFO [0;39m [[36mapp-(scheduled)-rateLimitLogging-0      [0;39m] [33mo.t.t.s.p.RateLimitService[0;39m                      : total requests 0 in progress 0 queue size 0 
[32m2025-06-05 | 01:51:54.880[0;39m | [34mINFO [0;39m [[36mapp-(scheduled)-rateLimitLogging-0      [0;39m] [33mo.t.t.s.p.RateLimitService[0;39m                      : total requests 0 in progress 0 queue size 0 
[32m2025-06-05 | 01:52:04.886[0;39m | [34mINFO [0;39m [[36mapp-(scheduled)-rateLimitLogging-0      [0;39m] [33mo.t.t.s.p.RateLimitService[0;39m                      : total requests 0 in progress 0 queue size 0 
[32m2025-06-05 | 01:52:14.881[0;39m | [34mINFO [0;39m [[36mapp-(scheduled)-rateLimitLogging-0      [0;39m] [33mo.t.t.s.p.RateLimitService[0;39m                      : total requests 0 in progress 0 queue size 0 
[32m2025-06-05 | 01:52:24.887[0;39m | [34mINFO [0;39m [[36mapp-(scheduled)-rateLimitLogging-0      [0;39m] [33mo.t.t.s.p.RateLimitService[0;39m                      : total requests 0 in progress 0 queue size 0 
[32m2025-06-05 | 01:52:34.877[0;39m | [34mINFO [0;39m [[36mapp-(scheduled)-rateLimitLogging-0      [0;39m] [33mo.t.t.s.p.RateLimitService[0;39m                      : total requests 0 in progress 0 queue size 0 
[32m2025-06-05 | 01:52:44.886[0;39m | [34mINFO [0;39m [[36mapp-(scheduled)-rateLimitLogging-0      [0;39m] [33mo.t.t.s.p.RateLimitService[0;39m                      : total requests 0 in progress 0 queue size 0 
[32m2025-06-05 | 01:52:54.874[0;39m | [34mINFO [0;39m [[36mapp-(scheduled)-rateLimitLogging-0      [0;39m] [33mo.t.t.s.p.RateLimitService[0;39m                      : total requests 0 in progress 0 queue size 0 
[32m2025-06-05 | 01:53:04.882[0;39m | [34mINFO [0;39m [[36mapp-(scheduled)-rateLimitLogging-0      [0;39m] [33mo.t.t.s.p.RateLimitService[0;39m                      : total requests 0 in progress 0 queue size 0 
[32m2025-06-05 | 01:53:14.880[0;39m | [34mINFO [0;39m [[36mapp-(scheduled)-rateLimitLogging-0      [0;39m] [33mo.t.t.s.p.RateLimitService[0;39m                      : total requests 0 in progress 0 queue size 0 
[32m2025-06-05 | 01:53:24.877[0;39m | [34mINFO [0;39m [[36mapp-(scheduled)-rateLimitLogging-0      [0;39m] [33mo.t.t.s.p.RateLimitService[0;39m                      : total requests 0 in progress 0 queue size 0 
[32m2025-06-05 | 01:53:34.875[0;39m | [34mINFO [0;39m [[36mapp-(scheduled)-rateLimitLogging-0      [0;39m] [33mo.t.t.s.p.RateLimitService[0;39m                      : total requests 0 in progress 0 queue size 0 
[32m2025-06-05 | 01:53:44.873[0;39m | [34mINFO [0;39m [[36mapp-(scheduled)-rateLimitLogging-0      [0;39m] [33mo.t.t.s.p.RateLimitService[0;39m                      : total requests 0 in progress 0 queue size 0 
[32m2025-06-05 | 01:53:54.883[0;39m | [34mINFO [0;39m [[36mapp-(scheduled)-rateLimitLogging-0      [0;39m] [33mo.t.t.s.p.RateLimitService[0;39m                      : total requests 0 in progress 0 queue size 0 
[32m2025-06-05 | 01:54:04.883[0;39m | [34mINFO [0;39m [[36mapp-(scheduled)-rateLimitLogging-0      [0;39m] [33mo.t.t.s.p.RateLimitService[0;39m                      : total requests 0 in progress 0 queue size 0 
[32m2025-06-05 | 01:54:14.873[0;39m | [34mINFO [0;39m [[36mapp-(scheduled)-rateLimitLogging-0      [0;39m] [33mo.t.t.s.p.RateLimitService[0;39m                      : total requests 0 in progress 0 queue size 0 
[32m2025-06-05 | 01:54:24.877[0;39m | [34mINFO [0;39m [[36mapp-(scheduled)-rateLimitLogging-0      [0;39m] [33mo.t.t.s.p.RateLimitService[0;39m                      : total requests 0 in progress 0 queue size 0 
[32m2025-06-05 | 01:54:34.875[0;39m | [34mINFO [0;39m [[36mapp-(scheduled)-rateLimitLogging-0      [0;39m] [33mo.t.t.s.p.RateLimitService[0;39m                      : total requests 0 in progress 0 queue size 0 
[32m2025-06-05 | 01:54:44.878[0;39m | [34mINFO [0;39m [[36mapp-(scheduled)-rateLimitLogging-0      [0;39m] [33mo.t.t.s.p.RateLimitService[0;39m                      : total requests 0 in progress 0 queue size 0 
[32m2025-06-05 | 01:54:54.876[0;39m | [34mINFO [0;39m [[36mapp-(scheduled)-rateLimitLogging-0      [0;39m] [33mo.t.t.s.p.RateLimitService[0;39m                      : total requests 0 in progress 0 queue size 0 
[32m2025-06-05 | 01:55:04.874[0;39m | [34mINFO [0;39m [[36mapp-(scheduled)-rateLimitLogging-0      [0;39m] [33mo.t.t.s.p.RateLimitService[0;39m                      : total requests 0 in progress 0 queue size 0 
[32m2025-06-05 | 01:55:14.882[0;39m | [34mINFO [0;39m [[36mapp-(scheduled)-rateLimitLogging-0      [0;39m] [33mo.t.t.s.p.RateLimitService[0;39m                      : total requests 0 in progress 0 queue size 0 
[32m2025-06-05 | 01:55:24.876[0;39m | [34mINFO [0;39m [[36mapp-(scheduled)-rateLimitLogging-0      [0;39m] [33mo.t.t.s.p.RateLimitService[0;39m                      : total requests 0 in progress 0 queue size 0 
[32m2025-06-05 | 01:55:34.874[0;39m | [34mINFO [0;39m [[36mapp-(scheduled)-rateLimitLogging-0      [0;39m] [33mo.t.t.s.p.RateLimitService[0;39m                      : total requests 0 in progress 0 queue size 0 
[32m2025-06-05 | 01:55:44.878[0;39m | [34mINFO [0;39m [[36mapp-(scheduled)-rateLimitLogging-0      [0;39m] [33mo.t.t.s.p.RateLimitService[0;39m                      : total requests 0 in progress 0 queue size 0 
[32m2025-06-05 | 01:55:54.876[0;39m | [34mINFO [0;39m [[36mapp-(scheduled)-rateLimitLogging-0      [0;39m] [33mo.t.t.s.p.RateLimitService[0;39m                      : total requests 0 in progress 0 queue size 0 
[32m2025-06-05 | 01:56:04.874[0;39m | [34mINFO [0;39m [[36mapp-(scheduled)-rateLimitLogging-0      [0;39m] [33mo.t.t.s.p.RateLimitService[0;39m                      : total requests 0 in progress 0 queue size 0 
[32m2025-06-05 | 01:56:14.878[0;39m | [34mINFO [0;39m [[36mapp-(scheduled)-rateLimitLogging-0      [0;39m] [33mo.t.t.s.p.RateLimitService[0;39m                      : total requests 0 in progress 0 queue size 0 
[32m2025-06-05 | 01:56:24.876[0;39m | [34mINFO [0;39m [[36mapp-(scheduled)-rateLimitLogging-0      [0;39m] [33mo.t.t.s.p.RateLimitService[0;39m                      : total requests 0 in progress 0 queue size 0 
[32m2025-06-05 | 01:56:34.873[0;39m | [34mINFO [0;39m [[36mapp-(scheduled)-rateLimitLogging-0      [0;39m] [33mo.t.t.s.p.RateLimitService[0;39m                      : total requests 0 in progress 0 queue size 0 
[32m2025-06-05 | 01:56:44.877[0;39m | [34mINFO [0;39m [[36mapp-(scheduled)-rateLimitLogging-0      [0;39m] [33mo.t.t.s.p.RateLimitService[0;39m                      : total requests 0 in progress 0 queue size 0 
[32m2025-06-05 | 01:56:54.875[0;39m | [34mINFO [0;39m [[36mapp-(scheduled)-rateLimitLogging-0      [0;39m] [33mo.t.t.s.p.RateLimitService[0;39m                      : total requests 0 in progress 0 queue size 0 
[32m2025-06-05 | 01:57:04.873[0;39m | [34mINFO [0;39m [[36mapp-(scheduled)-rateLimitLogging-0      [0;39m] [33mo.t.t.s.p.RateLimitService[0;39m                      : total requests 0 in progress 0 queue size 0 
[32m2025-06-05 | 01:57:14.877[0;39m | [34mINFO [0;39m [[36mapp-(scheduled)-rateLimitLogging-0      [0;39m] [33mo.t.t.s.p.RateLimitService[0;39m                      : total requests 0 in progress 0 queue size 0 
[32m2025-06-05 | 01:57:24.875[0;39m | [34mINFO [0;39m [[36mapp-(scheduled)-rateLimitLogging-0      [0;39m] [33mo.t.t.s.p.RateLimitService[0;39m                      : total requests 0 in progress 0 queue size 0 
[32m2025-06-05 | 01:57:34.879[0;39m | [34mINFO [0;39m [[36mapp-(scheduled)-rateLimitLogging-0      [0;39m] [33mo.t.t.s.p.RateLimitService[0;39m                      : total requests 0 in progress 0 queue size 0 
[32m2025-06-05 | 01:57:44.876[0;39m | [34mINFO [0;39m [[36mapp-(scheduled)-rateLimitLogging-0      [0;39m] [33mo.t.t.s.p.RateLimitService[0;39m                      : total requests 0 in progress 0 queue size 0 
[32m2025-06-05 | 01:57:54.874[0;39m | [34mINFO [0;39m [[36mapp-(scheduled)-rateLimitLogging-0      [0;39m] [33mo.t.t.s.p.RateLimitService[0;39m                      : total requests 0 in progress 0 queue size 0 
[32m2025-06-05 | 01:58:04.878[0;39m | [34mINFO [0;39m [[36mapp-(scheduled)-rateLimitLogging-0      [0;39m] [33mo.t.t.s.p.RateLimitService[0;39m                      : total requests 0 in progress 0 queue size 0 
[32m2025-06-05 | 01:58:14.876[0;39m | [34mINFO [0;39m [[36mapp-(scheduled)-rateLimitLogging-0      [0;39m] [33mo.t.t.s.p.RateLimitService[0;39m                      : total requests 0 in progress 0 queue size 0 
[32m2025-06-05 | 01:58:24.874[0;39m | [34mINFO [0;39m [[36mapp-(scheduled)-rateLimitLogging-0      [0;39m] [33mo.t.t.s.p.RateLimitService[0;39m                      : total requests 0 in progress 0 queue size 0 
[32m2025-06-05 | 01:58:34.878[0;39m | [34mINFO [0;39m [[36mapp-(scheduled)-rateLimitLogging-0      [0;39m] [33mo.t.t.s.p.RateLimitService[0;39m                      : total requests 0 in progress 0 queue size 0 
[32m2025-06-05 | 01:58:44.876[0;39m | [34mINFO [0;39m [[36mapp-(scheduled)-rateLimitLogging-0      [0;39m] [33mo.t.t.s.p.RateLimitService[0;39m                      : total requests 0 in progress 0 queue size 0 
[32m2025-06-05 | 01:58:54.874[0;39m | [34mINFO [0;39m [[36mapp-(scheduled)-rateLimitLogging-0      [0;39m] [33mo.t.t.s.p.RateLimitService[0;39m                      : total requests 0 in progress 0 queue size 0 
[32m2025-06-05 | 01:59:04.877[0;39m | [34mINFO [0;39m [[36mapp-(scheduled)-rateLimitLogging-0      [0;39m] [33mo.t.t.s.p.RateLimitService[0;39m                      : total requests 0 in progress 0 queue size 0 
[32m2025-06-05 | 01:59:14.875[0;39m | [34mINFO [0;39m [[36mapp-(scheduled)-rateLimitLogging-0      [0;39m] [33mo.t.t.s.p.RateLimitService[0;39m                      : total requests 0 in progress 0 queue size 0 
[32m2025-06-05 | 01:59:24.873[0;39m | [34mINFO [0;39m [[36mapp-(scheduled)-rateLimitLogging-0      [0;39m] [33mo.t.t.s.p.RateLimitService[0;39m                      : total requests 0 in progress 0 queue size 0 
[32m2025-06-05 | 01:59:34.877[0;39m | [34mINFO [0;39m [[36mapp-(scheduled)-rateLimitLogging-0      [0;39m] [33mo.t.t.s.p.RateLimitService[0;39m                      : total requests 0 in progress 0 queue size 0 
[32m2025-06-05 | 01:59:44.883[0;39m | [34mINFO [0;39m [[36mapp-(scheduled)-rateLimitLogging-0      [0;39m] [33mo.t.t.s.p.RateLimitService[0;39m                      : total requests 0 in progress 0 queue size 0 
[32m2025-06-05 | 01:59:54.885[0;39m | [34mINFO [0;39m [[36mapp-(scheduled)-rateLimitLogging-0      [0;39m] [33mo.t.t.s.p.RateLimitService[0;39m                      : total requests 0 in progress 0 queue size 0 
[32m2025-06-05 | 02:00:04.872[0;39m | [34mINFO [0;39m [[36mapp-(scheduled)-rateLimitLogging-0      [0;39m] [33mo.t.t.s.p.RateLimitService[0;39m                      : total requests 0 in progress 0 queue size 0 
[32m2025-06-05 | 02:00:14.878[0;39m | [34mINFO [0;39m [[36mapp-(scheduled)-rateLimitLogging-0      [0;39m] [33mo.t.t.s.p.RateLimitService[0;39m                      : total requests 0 in progress 0 queue size 0 
[32m2025-06-05 | 02:00:24.873[0;39m | [34mINFO [0;39m [[36mapp-(scheduled)-rateLimitLogging-0      [0;39m] [33mo.t.t.s.p.RateLimitService[0;39m                      : total requests 0 in progress 0 queue size 0 
[32m2025-06-05 | 02:00:34.877[0;39m | [34mINFO [0;39m [[36mapp-(scheduled)-rateLimitLogging-0      [0;39m] [33mo.t.t.s.p.RateLimitService[0;39m                      : total requests 0 in progress 0 queue size 0 
[32m2025-06-05 | 02:00:44.874[0;39m | [34mINFO [0;39m [[36mapp-(scheduled)-rateLimitLogging-0      [0;39m] [33mo.t.t.s.p.RateLimitService[0;39m                      : total requests 0 in progress 0 queue size 0 
[32m2025-06-05 | 02:00:45.414[0;39m | [34mINFO [0;39m [[36mSpringApplicationShutdownHook           [0;39m] [33mo.s.c.l.CompositeLog[0;39m                            : Stopping... 
[32m2025-06-05 | 02:00:45.414[0;39m | [34mINFO [0;39m [[36mSpringApplicationShutdownHook           [0;39m] [33mo.s.c.l.CompositeLog[0;39m                            : BrokerAvailabilityEvent[available=false, SimpleBrokerMessageHandler [org.springframework.messaging.simp.broker.DefaultSubscriptionRegistry@13052fb2]] 
[32m2025-06-05 | 02:00:45.414[0;39m | [34mINFO [0;39m [[36mSpringApplicationShutdownHook           [0;39m] [33mo.s.c.l.CompositeLog[0;39m                            : Stopped. 
[32m2025-06-05 | 02:00:45.477[0;39m | [31mWARN [0;39m [[36mapp-(scheduled)-taskServiceScheduling-0 [0;39m] [33mc.z.h.p.ProxyConnection[0;39m                         : HikariPool-1 - Connection org.postgresql.jdbc.PgConnection@4cc8afde marked as broken because of SQLSTATE(08006), ErrorCode(0) 
org.postgresql.util.PSQLException: An I/O error occurred while sending to the backend.
	at org.postgresql.core.v3.QueryExecutorImpl.execute(QueryExecutorImpl.java:395)
	at org.postgresql.jdbc.PgStatement.executeInternal(PgStatement.java:498)
	at org.postgresql.jdbc.PgStatement.execute(PgStatement.java:415)
	at org.postgresql.jdbc.PgPreparedStatement.executeWithFlags(PgPreparedStatement.java:190)
	at org.postgresql.jdbc.PgPreparedStatement.executeQuery(PgPreparedStatement.java:134)
	at com.zaxxer.hikari.pool.ProxyPreparedStatement.executeQuery(ProxyPreparedStatement.java:52)
	at com.zaxxer.hikari.pool.HikariProxyPreparedStatement.executeQuery(HikariProxyPreparedStatement.java)
	at org.hibernate.sql.results.jdbc.internal.DeferredResultSetAccess.executeQuery(DeferredResultSetAccess.java:246)
	at org.hibernate.sql.results.jdbc.internal.DeferredResultSetAccess.getResultSet(DeferredResultSetAccess.java:167)
	at org.hibernate.sql.results.jdbc.internal.AbstractResultSetAccess.getMetaData(AbstractResultSetAccess.java:36)
	at org.hibernate.sql.results.jdbc.internal.AbstractResultSetAccess.getColumnCount(AbstractResultSetAccess.java:52)
	at org.hibernate.query.results.ResultSetMappingImpl.resolve(ResultSetMappingImpl.java:193)
	at org.hibernate.sql.exec.internal.JdbcSelectExecutorStandardImpl.resolveJdbcValuesSource(JdbcSelectExecutorStandardImpl.java:325)
	at org.hibernate.sql.exec.internal.JdbcSelectExecutorStandardImpl.doExecuteQuery(JdbcSelectExecutorStandardImpl.java:115)
	at org.hibernate.sql.exec.internal.JdbcSelectExecutorStandardImpl.executeQuery(JdbcSelectExecutorStandardImpl.java:83)
	at org.hibernate.sql.exec.spi.JdbcSelectExecutor.list(JdbcSelectExecutor.java:76)
	at org.hibernate.sql.exec.spi.JdbcSelectExecutor.list(JdbcSelectExecutor.java:65)
	at org.hibernate.query.sql.internal.NativeSelectQueryPlanImpl.performList(NativeSelectQueryPlanImpl.java:138)
	at org.hibernate.query.sql.internal.NativeQueryImpl.doList(NativeQueryImpl.java:621)
	at org.hibernate.query.spi.AbstractSelectionQuery.list(AbstractSelectionQuery.java:427)
	at org.hibernate.query.Query.getResultList(Query.java:120)
	at org.springframework.data.jpa.repository.query.JpaQueryExecution$CollectionExecution.doExecute(JpaQueryExecution.java:129)
	at org.springframework.data.jpa.repository.query.JpaQueryExecution.execute(JpaQueryExecution.java:92)
	at org.springframework.data.jpa.repository.query.AbstractJpaQuery.doExecute(AbstractJpaQuery.java:149)
	at org.springframework.data.jpa.repository.query.AbstractJpaQuery.execute(AbstractJpaQuery.java:137)
	at org.springframework.data.repository.core.support.RepositoryMethodInvoker.doInvoke(RepositoryMethodInvoker.java:170)
	at org.springframework.data.repository.core.support.RepositoryMethodInvoker.invoke(RepositoryMethodInvoker.java:158)
	at org.springframework.data.repository.core.support.QueryExecutorMethodInterceptor.doInvoke(QueryExecutorMethodInterceptor.java:164)
	at org.springframework.data.repository.core.support.QueryExecutorMethodInterceptor.invoke(QueryExecutorMethodInterceptor.java:143)
	at org.springframework.aop.framework.ReflectiveMethodInvocation.proceed(ReflectiveMethodInvocation.java:184)
	at org.springframework.transaction.interceptor.TransactionInterceptor$1.proceedWithInvocation(TransactionInterceptor.java:123)
	at org.springframework.transaction.interceptor.TransactionAspectSupport.invokeWithinTransaction(TransactionAspectSupport.java:392)
	at org.springframework.transaction.interceptor.TransactionInterceptor.invoke(TransactionInterceptor.java:119)
	at org.springframework.aop.framework.ReflectiveMethodInvocation.proceed(ReflectiveMethodInvocation.java:184)
	at org.springframework.dao.support.PersistenceExceptionTranslationInterceptor.invoke(PersistenceExceptionTranslationInterceptor.java:137)
	at org.springframework.aop.framework.ReflectiveMethodInvocation.proceed(ReflectiveMethodInvocation.java:184)
	at org.springframework.data.jpa.repository.support.CrudMethodMetadataPostProcessor$CrudMethodMetadataPopulatingMethodInterceptor.invoke(CrudMethodMetadataPostProcessor.java:135)
	at org.springframework.aop.framework.ReflectiveMethodInvocation.proceed(ReflectiveMethodInvocation.java:184)
	at org.springframework.aop.interceptor.ExposeInvocationInterceptor.invoke(ExposeInvocationInterceptor.java:97)
	at org.springframework.aop.framework.ReflectiveMethodInvocation.proceed(ReflectiveMethodInvocation.java:184)
	at org.springframework.aop.framework.JdkDynamicAopProxy.invoke(JdkDynamicAopProxy.java:220)
	at jdk.proxy2/jdk.proxy2.$Proxy197.findNextExecutionRequest(Unknown Source)
	at org.thingsboard.trendz.dao.task.TaskDao.findAndBorrowTaskExecutionRequest(TaskDao.java:477)
	at jdk.internal.reflect.GeneratedMethodAccessor57.invoke(Unknown Source)
	at java.base/jdk.internal.reflect.DelegatingMethodAccessorImpl.invoke(DelegatingMethodAccessorImpl.java:43)
	at java.base/java.lang.reflect.Method.invoke(Method.java:569)
	at org.springframework.aop.support.AopUtils.invokeJoinpointUsingReflection(AopUtils.java:351)
	at org.springframework.aop.framework.ReflectiveMethodInvocation.invokeJoinpoint(ReflectiveMethodInvocation.java:196)
	at org.springframework.aop.framework.ReflectiveMethodInvocation.proceed(ReflectiveMethodInvocation.java:163)
	at org.springframework.aop.framework.CglibAopProxy$CglibMethodInvocation.proceed(CglibAopProxy.java:765)
	at org.springframework.transaction.interceptor.TransactionInterceptor$1.proceedWithInvocation(TransactionInterceptor.java:123)
	at org.springframework.transaction.interceptor.TransactionAspectSupport.invokeWithinTransaction(TransactionAspectSupport.java:392)
	at org.springframework.transaction.interceptor.TransactionInterceptor.invoke(TransactionInterceptor.java:119)
	at org.springframework.aop.framework.ReflectiveMethodInvocation.proceed(ReflectiveMethodInvocation.java:184)
	at org.springframework.aop.framework.CglibAopProxy$CglibMethodInvocation.proceed(CglibAopProxy.java:765)
	at org.springframework.aop.framework.CglibAopProxy$DynamicAdvisedInterceptor.intercept(CglibAopProxy.java:717)
	at org.thingsboard.trendz.dao.task.TaskDao$$SpringCGLIB$$0.findAndBorrowTaskExecutionRequest(<generated>)
	at org.thingsboard.trendz.service.task.TaskRuntimeService.scheduleProcess(TaskRuntimeService.java:231)
	at java.base/java.util.concurrent.Executors$RunnableAdapter.call(Executors.java:539)
	at java.base/java.util.concurrent.FutureTask.runAndReset(FutureTask.java:305)
	at java.base/java.util.concurrent.ScheduledThreadPoolExecutor$ScheduledFutureTask.run(ScheduledThreadPoolExecutor.java:305)
	at java.base/java.util.concurrent.ThreadPoolExecutor.runWorker(ThreadPoolExecutor.java:1136)
	at java.base/java.util.concurrent.ThreadPoolExecutor$Worker.run(ThreadPoolExecutor.java:635)
	at java.base/java.lang.Thread.run(Thread.java:840)
Caused by: java.net.SocketException: Connection reset by peer
	at java.base/sun.nio.ch.NioSocketImpl.implWrite(NioSocketImpl.java:425)
	at java.base/sun.nio.ch.NioSocketImpl.write(NioSocketImpl.java:445)
	at java.base/sun.nio.ch.NioSocketImpl$2.write(NioSocketImpl.java:831)
	at java.base/java.net.Socket$SocketOutputStream.write(Socket.java:1035)
	at java.base/java.io.BufferedOutputStream.flushBuffer(BufferedOutputStream.java:81)
	at java.base/java.io.BufferedOutputStream.flush(BufferedOutputStream.java:142)
	at org.postgresql.core.PGStream.flush(PGStream.java:721)
	at org.postgresql.core.v3.QueryExecutorImpl.sendSync(QueryExecutorImpl.java:1563)
	at org.postgresql.core.v3.QueryExecutorImpl.execute(QueryExecutorImpl.java:366)
	... 63 common frames omitted
[32m2025-06-05 | 02:00:45.486[0;39m | [31mWARN [0;39m [[36mapp-(scheduled)-taskServiceScheduling-0 [0;39m] [33mo.h.e.j.s.SqlExceptionHelper[0;39m                    : SQL Error: 0, SQLState: 08006 
[32m2025-06-05 | 02:00:45.486[0;39m | [1;31mERROR[0;39m [[36mapp-(scheduled)-taskServiceScheduling-0 [0;39m] [33mo.h.e.j.s.SqlExceptionHelper[0;39m                    : An I/O error occurred while sending to the backend. 
[32m2025-06-05 | 02:00:45.486[0;39m | [34mINFO [0;39m [[36mSpringApplicationShutdownHook           [0;39m] [33mo.t.l.c.AbstractTbLicenseClient[0;39m                 : Stopping ThingsBoard License Client... 
[32m2025-06-05 | 02:00:45.486[0;39m | [34mINFO [0;39m [[36mSpringApplicationShutdownHook           [0;39m] [33mo.s.o.j.AbstractEntityManagerFactoryBean[0;39m        : Closing JPA EntityManagerFactory for persistence unit 'default' 
[32m2025-06-05 | 02:00:45.501[0;39m | [34mINFO [0;39m [[36mSpringApplicationShutdownHook           [0;39m] [33mc.z.h.HikariDataSource[0;39m                          : HikariPool-1 - Shutdown initiated... 
[32m2025-06-05 | 02:00:45.506[0;39m | [1;31mERROR[0;39m [[36mapp-(scheduled)-taskServiceScheduling-0 [0;39m] [33mo.s.t.i.TransactionAspectSupport[0;39m                : Application exception overridden by rollback exception 
org.springframework.beans.factory.BeanCreationNotAllowedException: Error creating bean with name 'redisConnectionFactory': Singleton bean creation not allowed while singletons of this factory are in destruction (Do not request a bean from a BeanFactory in a destroy method implementation!)
	at org.springframework.beans.factory.support.DefaultSingletonBeanRegistry.getSingleton(DefaultSingletonBeanRegistry.java:220)
	at org.springframework.beans.factory.support.AbstractBeanFactory.doGetBean(AbstractBeanFactory.java:324)
	at org.springframework.beans.factory.support.AbstractBeanFactory.getBean(AbstractBeanFactory.java:200)
	at org.springframework.beans.factory.support.DefaultListableBeanFactory$1.orderedStream(DefaultListableBeanFactory.java:473)
	at org.springframework.dao.support.PersistenceExceptionTranslationInterceptor.detectPersistenceExceptionTranslators(PersistenceExceptionTranslationInterceptor.java:167)
	at org.springframework.dao.support.PersistenceExceptionTranslationInterceptor.invoke(PersistenceExceptionTranslationInterceptor.java:149)
	at org.springframework.aop.framework.ReflectiveMethodInvocation.proceed(ReflectiveMethodInvocation.java:184)
	at org.springframework.data.jpa.repository.support.CrudMethodMetadataPostProcessor$CrudMethodMetadataPopulatingMethodInterceptor.invoke(CrudMethodMetadataPostProcessor.java:135)
	at org.springframework.aop.framework.ReflectiveMethodInvocation.proceed(ReflectiveMethodInvocation.java:184)
	at org.springframework.aop.interceptor.ExposeInvocationInterceptor.invoke(ExposeInvocationInterceptor.java:97)
	at org.springframework.aop.framework.ReflectiveMethodInvocation.proceed(ReflectiveMethodInvocation.java:184)
	at org.springframework.aop.framework.JdkDynamicAopProxy.invoke(JdkDynamicAopProxy.java:220)
	at jdk.proxy2/jdk.proxy2.$Proxy197.findNextExecutionRequest(Unknown Source)
	at org.thingsboard.trendz.dao.task.TaskDao.findAndBorrowTaskExecutionRequest(TaskDao.java:477)
	at jdk.internal.reflect.GeneratedMethodAccessor57.invoke(Unknown Source)
	at java.base/jdk.internal.reflect.DelegatingMethodAccessorImpl.invoke(DelegatingMethodAccessorImpl.java:43)
	at java.base/java.lang.reflect.Method.invoke(Method.java:569)
	at org.springframework.aop.support.AopUtils.invokeJoinpointUsingReflection(AopUtils.java:351)
	at org.springframework.aop.framework.ReflectiveMethodInvocation.invokeJoinpoint(ReflectiveMethodInvocation.java:196)
	at org.springframework.aop.framework.ReflectiveMethodInvocation.proceed(ReflectiveMethodInvocation.java:163)
	at org.springframework.aop.framework.CglibAopProxy$CglibMethodInvocation.proceed(CglibAopProxy.java:765)
	at org.springframework.transaction.interceptor.TransactionInterceptor$1.proceedWithInvocation(TransactionInterceptor.java:123)
	at org.springframework.transaction.interceptor.TransactionAspectSupport.invokeWithinTransaction(TransactionAspectSupport.java:392)
	at org.springframework.transaction.interceptor.TransactionInterceptor.invoke(TransactionInterceptor.java:119)
	at org.springframework.aop.framework.ReflectiveMethodInvocation.proceed(ReflectiveMethodInvocation.java:184)
	at org.springframework.aop.framework.CglibAopProxy$CglibMethodInvocation.proceed(CglibAopProxy.java:765)
	at org.springframework.aop.framework.CglibAopProxy$DynamicAdvisedInterceptor.intercept(CglibAopProxy.java:717)
	at org.thingsboard.trendz.dao.task.TaskDao$$SpringCGLIB$$0.findAndBorrowTaskExecutionRequest(<generated>)
	at org.thingsboard.trendz.service.task.TaskRuntimeService.scheduleProcess(TaskRuntimeService.java:231)
	at java.base/java.util.concurrent.Executors$RunnableAdapter.call(Executors.java:539)
	at java.base/java.util.concurrent.FutureTask.runAndReset(FutureTask.java:305)
	at java.base/java.util.concurrent.ScheduledThreadPoolExecutor$ScheduledFutureTask.run(ScheduledThreadPoolExecutor.java:305)
	at java.base/java.util.concurrent.ThreadPoolExecutor.runWorker(ThreadPoolExecutor.java:1136)
	at java.base/java.util.concurrent.ThreadPoolExecutor$Worker.run(ThreadPoolExecutor.java:635)
	at java.base/java.lang.Thread.run(Thread.java:840)
[32m2025-06-05 | 02:00:45.506[0;39m | [1;31mERROR[0;39m [[36mapp-(scheduled)-taskServiceScheduling-0 [0;39m] [33mo.t.t.s.t.TaskRuntimeService[0;39m                    : Error during task scheduling: Process. 
org.springframework.orm.jpa.JpaSystemException: Unable to rollback against JDBC Connection
	at org.springframework.orm.jpa.vendor.HibernateJpaDialect.convertHibernateAccessException(HibernateJpaDialect.java:341)
	at org.springframework.orm.jpa.vendor.HibernateJpaDialect.translateExceptionIfPossible(HibernateJpaDialect.java:241)
	at org.springframework.orm.jpa.JpaTransactionManager.doRollback(JpaTransactionManager.java:592)
	at org.springframework.transaction.support.AbstractPlatformTransactionManager.processRollback(AbstractPlatformTransactionManager.java:896)
	at org.springframework.transaction.support.AbstractPlatformTransactionManager.rollback(AbstractPlatformTransactionManager.java:865)
	at org.springframework.transaction.interceptor.TransactionAspectSupport.completeTransactionAfterThrowing(TransactionAspectSupport.java:694)
	at org.springframework.transaction.interceptor.TransactionAspectSupport.invokeWithinTransaction(TransactionAspectSupport.java:396)
	at org.springframework.transaction.interceptor.TransactionInterceptor.invoke(TransactionInterceptor.java:119)
	at org.springframework.aop.framework.ReflectiveMethodInvocation.proceed(ReflectiveMethodInvocation.java:184)
	at org.springframework.aop.framework.CglibAopProxy$CglibMethodInvocation.proceed(CglibAopProxy.java:765)
	at org.springframework.aop.framework.CglibAopProxy$DynamicAdvisedInterceptor.intercept(CglibAopProxy.java:717)
	at org.thingsboard.trendz.dao.task.TaskDao$$SpringCGLIB$$0.findAndBorrowTaskExecutionRequest(<generated>)
	at org.thingsboard.trendz.service.task.TaskRuntimeService.scheduleProcess(TaskRuntimeService.java:231)
	at java.base/java.util.concurrent.Executors$RunnableAdapter.call(Executors.java:539)
	at java.base/java.util.concurrent.FutureTask.runAndReset(FutureTask.java:305)
	at java.base/java.util.concurrent.ScheduledThreadPoolExecutor$ScheduledFutureTask.run(ScheduledThreadPoolExecutor.java:305)
	at java.base/java.util.concurrent.ThreadPoolExecutor.runWorker(ThreadPoolExecutor.java:1136)
	at java.base/java.util.concurrent.ThreadPoolExecutor$Worker.run(ThreadPoolExecutor.java:635)
	at java.base/java.lang.Thread.run(Thread.java:840)
Caused by: org.hibernate.TransactionException: Unable to rollback against JDBC Connection
	at org.hibernate.resource.jdbc.internal.AbstractLogicalConnectionImplementor.rollback(AbstractLogicalConnectionImplementor.java:127)
	at org.hibernate.resource.transaction.backend.jdbc.internal.JdbcResourceLocalTransactionCoordinatorImpl$TransactionDriverControlImpl.rollback(JdbcResourceLocalTransactionCoordinatorImpl.java:290)
	at org.hibernate.engine.transaction.internal.TransactionImpl.rollback(TransactionImpl.java:142)
	at org.springframework.orm.jpa.JpaTransactionManager.doRollback(JpaTransactionManager.java:588)
	... 16 common frames omitted
Caused by: java.sql.SQLException: Connection is closed
	at com.zaxxer.hikari.pool.ProxyConnection$ClosedConnection.lambda$getClosedConnection$0(ProxyConnection.java:502)
	at jdk.proxy3/jdk.proxy3.$Proxy139.rollback(Unknown Source)
	at com.zaxxer.hikari.pool.ProxyConnection.rollback(ProxyConnection.java:385)
	at com.zaxxer.hikari.pool.HikariProxyConnection.rollback(HikariProxyConnection.java)
	at org.hibernate.resource.jdbc.internal.AbstractLogicalConnectionImplementor.rollback(AbstractLogicalConnectionImplementor.java:121)
	... 19 common frames omitted
[32m2025-06-05 | 02:00:45.515[0;39m | [1;31mERROR[0;39m [[36mapp-(scheduled)-taskServiceScheduling-0 [0;39m] [33mo.t.t.s.t.TaskRuntimeService[0;39m                    : Error during task scheduling: Cancellation. 
org.springframework.transaction.CannotCreateTransactionException: Could not open JPA EntityManager for transaction
	at org.springframework.orm.jpa.JpaTransactionManager.doBegin(JpaTransactionManager.java:466)
	at org.springframework.transaction.support.AbstractPlatformTransactionManager.startTransaction(AbstractPlatformTransactionManager.java:531)
	at org.springframework.transaction.support.AbstractPlatformTransactionManager.getTransaction(AbstractPlatformTransactionManager.java:405)
	at org.springframework.transaction.interceptor.TransactionAspectSupport.createTransactionIfNecessary(TransactionAspectSupport.java:617)
	at org.springframework.transaction.interceptor.TransactionAspectSupport.invokeWithinTransaction(TransactionAspectSupport.java:386)
	at org.springframework.transaction.interceptor.TransactionInterceptor.invoke(TransactionInterceptor.java:119)
	at org.springframework.aop.framework.ReflectiveMethodInvocation.proceed(ReflectiveMethodInvocation.java:184)
	at org.springframework.aop.framework.CglibAopProxy$CglibMethodInvocation.proceed(CglibAopProxy.java:765)
	at org.springframework.aop.framework.CglibAopProxy$DynamicAdvisedInterceptor.intercept(CglibAopProxy.java:717)
	at org.thingsboard.trendz.dao.task.TaskDao$$SpringCGLIB$$0.findCancelledTaskExecutionIds(<generated>)
	at org.thingsboard.trendz.service.task.TaskRuntimeService.scheduleCancellation(TaskRuntimeService.java:190)
	at java.base/java.util.concurrent.Executors$RunnableAdapter.call(Executors.java:539)
	at java.base/java.util.concurrent.FutureTask.runAndReset(FutureTask.java:305)
	at java.base/java.util.concurrent.ScheduledThreadPoolExecutor$ScheduledFutureTask.run(ScheduledThreadPoolExecutor.java:305)
	at java.base/java.util.concurrent.ThreadPoolExecutor.runWorker(ThreadPoolExecutor.java:1136)
	at java.base/java.util.concurrent.ThreadPoolExecutor$Worker.run(ThreadPoolExecutor.java:635)
	at java.base/java.lang.Thread.run(Thread.java:840)
Caused by: java.lang.IllegalStateException: EntityManagerFactory is closed
	at org.hibernate.internal.SessionFactoryImpl.validateNotClosed(SessionFactoryImpl.java:681)
	at org.hibernate.internal.SessionFactoryImpl.createEntityManager(SessionFactoryImpl.java:739)
	at org.hibernate.internal.SessionFactoryImpl.createEntityManager(SessionFactoryImpl.java:164)
	at org.springframework.orm.jpa.AbstractEntityManagerFactoryBean.createNativeEntityManager(AbstractEntityManagerFactoryBean.java:584)
	at jdk.internal.reflect.GeneratedMethodAccessor53.invoke(Unknown Source)
	at java.base/jdk.internal.reflect.DelegatingMethodAccessorImpl.invoke(DelegatingMethodAccessorImpl.java:43)
	at java.base/java.lang.reflect.Method.invoke(Method.java:569)
	at org.springframework.orm.jpa.AbstractEntityManagerFactoryBean.invokeProxyMethod(AbstractEntityManagerFactoryBean.java:487)
	at org.springframework.orm.jpa.AbstractEntityManagerFactoryBean$ManagedEntityManagerFactoryInvocationHandler.invoke(AbstractEntityManagerFactoryBean.java:735)
	at jdk.proxy2/jdk.proxy2.$Proxy174.createNativeEntityManager(Unknown Source)
	at org.springframework.orm.jpa.JpaTransactionManager.createEntityManagerForTransaction(JpaTransactionManager.java:484)
	at org.springframework.orm.jpa.JpaTransactionManager.doBegin(JpaTransactionManager.java:409)
	... 16 common frames omitted
[32m2025-06-05 | 02:00:45.525[0;39m | [34mINFO [0;39m [[36mSpringApplicationShutdownHook           [0;39m] [33mc.z.h.HikariDataSource[0;39m                          : HikariPool-1 - Shutdown completed. 
[32m2025-06-05 | 03:03:28.825[0;39m | [34mINFO [0;39m [[36mbackground-preinit                      [0;39m] [33mo.h.v.i.u.Version[0;39m                               : HV000001: Hibernate Validator 8.0.1.Final 
[32m2025-06-05 | 03:03:29.420[0;39m | [34mINFO [0;39m [[36mmain                                    [0;39m] [33mo.s.b.StartupInfoLogger[0;39m                         : Starting TrendzApplication v1.13.1-SNAPSHOT using Java 17.0.15 with PID 9664 (C:\Program Files (x86)\trendz\lib\trendz.jar started by DESKTOP-FEGLDB1$ in C:\Program Files (x86)\trendz\conf) 
[32m2025-06-05 | 03:03:29.420[0;39m | [34mINFO [0;39m [[36mmain                                    [0;39m] [33mo.s.b.SpringApplication[0;39m                         : No active profile set, falling back to 1 default profile: "default" 
[32m2025-06-05 | 03:03:33.900[0;39m | [34mINFO [0;39m [[36mmain                                    [0;39m] [33mo.s.d.r.c.RepositoryConfigurationDelegate[0;39m       : Multiple Spring Data modules found, entering strict repository configuration mode 
[32m2025-06-05 | 03:03:33.900[0;39m | [34mINFO [0;39m [[36mmain                                    [0;39m] [33mo.s.d.r.c.RepositoryConfigurationDelegate[0;39m       : Bootstrapping Spring Data JPA repositories in DEFAULT mode. 
[32m2025-06-05 | 03:03:34.699[0;39m | [34mINFO [0;39m [[36mmain                                    [0;39m] [33mo.s.d.r.c.RepositoryConfigurationDelegate[0;39m       : Finished Spring Data repository scanning in 774 ms. Found 45 JPA repository interfaces. 
[32m2025-06-05 | 03:03:38.740[0;39m | [34mINFO [0;39m [[36mmain                                    [0;39m] [33mo.s.b.w.e.t.TomcatWebServer[0;39m                     : Tomcat initialized with port 8888 (http) 
[32m2025-06-05 | 03:03:38.800[0;39m | [34mINFO [0;39m [[36mmain                                    [0;39m] [33mo.a.j.l.DirectJDKLog[0;39m                            : Initializing ProtocolHandler ["http-nio-0.0.0.0-8888"] 
[32m2025-06-05 | 03:03:38.810[0;39m | [34mINFO [0;39m [[36mmain                                    [0;39m] [33mo.a.j.l.DirectJDKLog[0;39m                            : Starting service [Tomcat] 
[32m2025-06-05 | 03:03:38.820[0;39m | [34mINFO [0;39m [[36mmain                                    [0;39m] [33mo.a.j.l.DirectJDKLog[0;39m                            : Starting Servlet engine: [Apache Tomcat/10.1.19] 
[32m2025-06-05 | 03:03:39.350[0;39m | [34mINFO [0;39m [[36mmain                                    [0;39m] [33mo.a.j.l.DirectJDKLog[0;39m                            : Initializing Spring embedded WebApplicationContext 
[32m2025-06-05 | 03:03:39.350[0;39m | [34mINFO [0;39m [[36mmain                                    [0;39m] [33mo.s.b.w.s.c.ServletWebServerApplicationContext[0;39m  : Root WebApplicationContext: initialization completed in 9715 ms 
[32m2025-06-05 | 03:03:45.774[0;39m | [34mINFO [0;39m [[36mmain                                    [0;39m] [33mo.t.t.s.p.c.CaffeineCacheConfiguration[0;39m          : Used cache tool: Caffeine 
[32m2025-06-05 | 03:03:46.494[0;39m | [34mINFO [0;39m [[36mmain                                    [0;39m] [33mo.t.t.s.p.BucketConfiguration[0;39m                   : Cloud Rate Limiting status: DISABLED 
[32m2025-06-05 | 03:03:46.674[0;39m | [34mINFO [0;39m [[36mmain                                    [0;39m] [33mo.t.t.s.p.CloudRateLimitService[0;39m                 : Cloud Rate Limiting status: DISABLED 
[32m2025-06-05 | 03:03:46.775[0;39m | [34mINFO [0;39m [[36mmain                                    [0;39m] [33mo.t.t.s.p.TbWebClient[0;39m                           : Default DNS resolver is used 
[32m2025-06-05 | 03:03:48.617[0;39m | [34mINFO [0;39m [[36mmain                                    [0;39m] [33mo.h.j.i.u.LogHelper[0;39m                             : HHH000204: Processing PersistenceUnitInfo [name: default] 
[32m2025-06-05 | 03:03:48.935[0;39m | [34mINFO [0;39m [[36mmain                                    [0;39m] [33mo.h.Version[0;39m                                     : HHH000412: Hibernate ORM core version 6.4.4.Final 
[32m2025-06-05 | 03:03:49.015[0;39m | [34mINFO [0;39m [[36mmain                                    [0;39m] [33mo.h.c.i.RegionFactoryInitiator[0;39m                  : HHH000026: Second-level cache disabled 
[32m2025-06-05 | 03:03:49.338[0;39m | [34mINFO [0;39m [[36mmain                                    [0;39m] [33mo.s.o.j.p.SpringPersistenceUnitInfo[0;39m             : No LoadTimeWeaver setup: ignoring JPA class transformer 
[32m2025-06-05 | 03:03:49.377[0;39m | [34mINFO [0;39m [[36mmain                                    [0;39m] [33mc.z.h.HikariDataSource[0;39m                          : HikariPool-1 - Starting... 
[32m2025-06-05 | 03:03:49.728[0;39m | [34mINFO [0;39m [[36mmain                                    [0;39m] [33mc.z.h.p.HikariPool[0;39m                              : HikariPool-1 - Added connection org.postgresql.jdbc.PgConnection@3f31ccef 
[32m2025-06-05 | 03:03:49.728[0;39m | [34mINFO [0;39m [[36mmain                                    [0;39m] [33mc.z.h.HikariDataSource[0;39m                          : HikariPool-1 - Start completed. 
[32m2025-06-05 | 03:03:49.780[0;39m | [31mWARN [0;39m [[36mmain                                    [0;39m] [33mo.h.e.j.d.i.DialectFactoryImpl[0;39m                  : HHH90000025: PostgreSQLDialect does not need to be specified explicitly using 'hibernate.dialect' (remove the property setting and it will be selected by default) 
[32m2025-06-05 | 03:03:52.962[0;39m | [34mINFO [0;39m [[36mmain                                    [0;39m] [33mo.h.e.t.j.p.i.JtaPlatformInitiator[0;39m              : HHH000489: No JTA platform available (set 'hibernate.transaction.jta.platform' to enable JTA platform integration) 
[32m2025-06-05 | 03:03:53.103[0;39m | [34mINFO [0;39m [[36mmain                                    [0;39m] [33mo.s.o.j.AbstractEntityManagerFactoryBean[0;39m        : Initialized JPA EntityManagerFactory for persistence unit 'default' 
[32m2025-06-05 | 03:03:54.335[0;39m | [34mINFO [0;39m [[36mmain                                    [0;39m] [33mo.s.d.j.r.q.QueryEnhancerFactory[0;39m                : Hibernate is in classpath; If applicable, HQL parser will be used. 
[32m2025-06-05 | 03:03:55.730[0;39m | [34mINFO [0;39m [[36mmain                                    [0;39m] [33mo.t.l.c.TbLicenseClient[0;39m                         : Initializing ThingsBoard License Client, Release Date [2025-05-02] 
[32m2025-06-05 | 03:03:56.028[0;39m | [34mINFO [0;39m [[36mmain                                    [0;39m] [33mo.t.l.c.TbLicenseClient[0;39m                         : Obtained instance data from file. 
[32m2025-06-05 | 03:03:56.028[0;39m | [34mINFO [0;39m [[36mmain                                    [0;39m] [33mo.t.l.c.TbLicenseClient[0;39m                         : instanceId: [I8XPdcC3hX4YpeAjrHtd] 
[32m2025-06-05 | 03:03:56.067[0;39m | [34mINFO [0;39m [[36mmain                                    [0;39m] [33mo.t.l.c.TbLicenseClient[0;39m                         : planData: {
  "asset_count" : {
    "value" : 10,
    "description" : "The maximum number of assets"
  },
  "device_count" : {
    "value" : 10,
    "description" : "The maximum number of devices"
  }
} 
[32m2025-06-05 | 03:03:56.169[0;39m | [1;31mERROR[0;39m [[36mmain                                    [0;39m] [33mo.t.l.c.TbLicenseClient[0;39m                         : License Error: CONNECTION_ERROR(400) - Failed to connect to ThingsBoard License Server! 
[32m2025-06-05 | 03:03:56.169[0;39m | [34mINFO [0;39m [[36mmain                                    [0;39m] [33mo.t.l.c.TbLicenseClient[0;39m                         : Initialized ThingsBoard License Client with instanceId [I8XPdcC3hX4YpeAjrHtd] 
[32m2025-06-05 | 03:03:56.722[0;39m | [34mINFO [0;39m [[36mapp-(scheduled)-rateLimitLogging-0      [0;39m] [33mo.t.t.s.p.RateLimitService[0;39m                      : total requests 0 in progress 0 queue size 0 
[32m2025-06-05 | 03:04:01.735[0;39m | [34mINFO [0;39m [[36mmain                                    [0;39m] [33mo.t.t.StartupValidationService[0;39m                  : The version of database is matching to Trendz version [1.13.1] 
[32m2025-06-05 | 03:04:02.113[0;39m | [34mINFO [0;39m [[36mmain                                    [0;39m] [33mo.t.t.c.PublicApiController[0;39m                     : application 1.13.1-SNAPSHOT ThingsBoard Trendz Server Application 2025-05-02T08:21:36.700Z 
[32m2025-06-05 | 03:04:03.520[0;39m | [34mINFO [0;39m [[36mmain                                    [0;39m] [33mo.s.b.a.w.s.WelcomePageHandlerMapping[0;39m           : Adding welcome page: class path resource [resources/index.html] 
[32m2025-06-05 | 03:04:03.978[0;39m | [34mINFO [0;39m [[36mmain                                    [0;39m] [33mo.s.b.a.e.w.EndpointLinksResolver[0;39m               : Exposing 0 endpoint(s) beneath base path '/actuator' 
[32m2025-06-05 | 03:04:04.101[0;39m | [34mINFO [0;39m [[36mmain                                    [0;39m] [33mo.s.s.w.DefaultSecurityFilterChain[0;39m              : Will secure any request with [org.springframework.security.web.session.DisableEncodeUrlFilter@31137f90, org.springframework.security.web.context.request.async.WebAsyncManagerIntegrationFilter@164cd722, org.springframework.security.web.context.SecurityContextHolderFilter@7ee6cc69, org.springframework.security.web.header.HeaderWriterFilter@78b67745, org.springframework.web.filter.CorsFilter@c8825f, org.springframework.security.web.authentication.logout.LogoutFilter@6dd4397c, org.thingsboard.trendz.security.RestLoginProcessingFilter@5f9cb96f, org.thingsboard.trendz.security.JwtTokenAuthenticationProcessingFilter@3f1b4a14, org.thingsboard.trendz.security.RefreshTokenProcessingFilter@59ffb0af, org.springframework.security.web.savedrequest.RequestCacheAwareFilter@639d79f3, org.springframework.security.web.servletapi.SecurityContextHolderAwareRequestFilter@fcdde81, org.springframework.security.web.authentication.AnonymousAuthenticationFilter@29f549b5, org.springframework.security.web.session.SessionManagementFilter@58a6adc7, org.springframework.security.web.access.ExceptionTranslationFilter@4fd5200f, org.springframework.security.web.access.intercept.AuthorizationFilter@59ea3aa4] 
[32m2025-06-05 | 03:04:05.781[0;39m | [34mINFO [0;39m [[36mmain                                    [0;39m] [33mo.a.j.l.DirectJDKLog[0;39m                            : Starting ProtocolHandler ["http-nio-0.0.0.0-8888"] 
[32m2025-06-05 | 03:04:05.813[0;39m | [34mINFO [0;39m [[36mmain                                    [0;39m] [33mo.s.b.w.e.t.TomcatWebServer[0;39m                     : Tomcat started on port 8888 (http) with context path '' 
[32m2025-06-05 | 03:04:05.813[0;39m | [34mINFO [0;39m [[36mmain                                    [0;39m] [33mo.s.c.l.CompositeLog[0;39m                            : Starting... 
[32m2025-06-05 | 03:04:05.813[0;39m | [34mINFO [0;39m [[36mmain                                    [0;39m] [33mo.s.c.l.CompositeLog[0;39m                            : BrokerAvailabilityEvent[available=true, SimpleBrokerMessageHandler [org.springframework.messaging.simp.broker.DefaultSubscriptionRegistry@61c6524e]] 
[32m2025-06-05 | 03:04:05.828[0;39m | [34mINFO [0;39m [[36mmain                                    [0;39m] [33mo.s.c.l.CompositeLog[0;39m                            : Started. 
[32m2025-06-05 | 03:04:05.884[0;39m | [34mINFO [0;39m [[36mMessageBroker-1                         [0;39m] [33mo.t.t.s.t.InitializationServiceImpl[0;39m             : Scheduled user validation: started 
[32m2025-06-05 | 03:04:05.970[0;39m | [34mINFO [0;39m [[36mmain                                    [0;39m] [33mo.t.t.s.t.InitializationServiceImpl[0;39m             : Defined statuses for 0 tenants 
[32m2025-06-05 | 03:04:05.970[0;39m | [34mINFO [0;39m [[36mmain                                    [0;39m] [33mo.t.t.s.t.TaskRuntimeService[0;39m                    : The task runtime scheduler is enabled! 
[32m2025-06-05 | 03:04:05.979[0;39m | [34mINFO [0;39m [[36mmain                                    [0;39m] [33mo.s.b.StartupInfoLogger[0;39m                         : Started TrendzApplication in 38.173 seconds (process running for 40.261) 
[32m2025-06-05 | 03:04:05.991[0;39m | [34mINFO [0;39m [[36mMessageBroker-1                         [0;39m] [33mo.t.t.s.t.InitializationServiceImpl[0;39m             : Scheduled user validation: finished 
[32m2025-06-05 | 03:04:06.719[0;39m | [34mINFO [0;39m [[36mapp-(scheduled)-rateLimitLogging-0      [0;39m] [33mo.t.t.s.p.RateLimitService[0;39m                      : total requests 0 in progress 0 queue size 0 
[32m2025-06-05 | 03:04:16.722[0;39m | [34mINFO [0;39m [[36mapp-(scheduled)-rateLimitLogging-0      [0;39m] [33mo.t.t.s.p.RateLimitService[0;39m                      : total requests 0 in progress 0 queue size 0 
[32m2025-06-05 | 03:04:26.715[0;39m | [34mINFO [0;39m [[36mapp-(scheduled)-rateLimitLogging-0      [0;39m] [33mo.t.t.s.p.RateLimitService[0;39m                      : total requests 0 in progress 0 queue size 0 
[32m2025-06-05 | 03:04:36.716[0;39m | [34mINFO [0;39m [[36mapp-(scheduled)-rateLimitLogging-0      [0;39m] [33mo.t.t.s.p.RateLimitService[0;39m                      : total requests 0 in progress 0 queue size 0 
[32m2025-06-05 | 03:04:46.717[0;39m | [34mINFO [0;39m [[36mapp-(scheduled)-rateLimitLogging-0      [0;39m] [33mo.t.t.s.p.RateLimitService[0;39m                      : total requests 0 in progress 0 queue size 0 
[32m2025-06-05 | 03:04:56.717[0;39m | [34mINFO [0;39m [[36mapp-(scheduled)-rateLimitLogging-0      [0;39m] [33mo.t.t.s.p.RateLimitService[0;39m                      : total requests 0 in progress 0 queue size 0 
[32m2025-06-05 | 03:05:05.765[0;39m | [34mINFO [0;39m [[36mMessageBroker-2                         [0;39m] [33mo.s.w.s.c.WebSocketMessageBrokerStats[0;39m           : WebSocketSession[0 current WS(0)-HttpStream(0)-HttpPoll(0), 0 total, 0 closed abnormally (0 connect failure, 0 send limit, 0 transport error)], stompSubProtocol[processed CONNECT(0)-CONNECTED(0)-DISCONNECT(0)], stompBrokerRelay[null], inboundChannel[pool size = 0, active threads = 0, queued tasks = 0, completed tasks = 0], outboundChannel[pool size = 0, active threads = 0, queued tasks = 0, completed tasks = 0], sockJsScheduler[pool size = 3, active threads = 1, queued tasks = 1, completed tasks = 1] 
[32m2025-06-05 | 03:05:06.721[0;39m | [34mINFO [0;39m [[36mapp-(scheduled)-rateLimitLogging-0      [0;39m] [33mo.t.t.s.p.RateLimitService[0;39m                      : total requests 0 in progress 0 queue size 0 
[32m2025-06-05 | 03:05:16.719[0;39m | [34mINFO [0;39m [[36mapp-(scheduled)-rateLimitLogging-0      [0;39m] [33mo.t.t.s.p.RateLimitService[0;39m                      : total requests 0 in progress 0 queue size 0 
[32m2025-06-05 | 03:05:26.721[0;39m | [34mINFO [0;39m [[36mapp-(scheduled)-rateLimitLogging-0      [0;39m] [33mo.t.t.s.p.RateLimitService[0;39m                      : total requests 0 in progress 0 queue size 0 
[32m2025-06-05 | 03:05:36.717[0;39m | [34mINFO [0;39m [[36mapp-(scheduled)-rateLimitLogging-0      [0;39m] [33mo.t.t.s.p.RateLimitService[0;39m                      : total requests 0 in progress 0 queue size 0 
[32m2025-06-05 | 03:05:46.713[0;39m | [34mINFO [0;39m [[36mapp-(scheduled)-rateLimitLogging-0      [0;39m] [33mo.t.t.s.p.RateLimitService[0;39m                      : total requests 0 in progress 0 queue size 0 
[32m2025-06-05 | 03:05:56.717[0;39m | [34mINFO [0;39m [[36mapp-(scheduled)-rateLimitLogging-0      [0;39m] [33mo.t.t.s.p.RateLimitService[0;39m                      : total requests 0 in progress 0 queue size 0 
[32m2025-06-05 | 03:06:06.722[0;39m | [34mINFO [0;39m [[36mapp-(scheduled)-rateLimitLogging-0      [0;39m] [33mo.t.t.s.p.RateLimitService[0;39m                      : total requests 0 in progress 0 queue size 0 
[32m2025-06-05 | 03:06:16.728[0;39m | [34mINFO [0;39m [[36mapp-(scheduled)-rateLimitLogging-0      [0;39m] [33mo.t.t.s.p.RateLimitService[0;39m                      : total requests 0 in progress 0 queue size 0 
[32m2025-06-05 | 03:06:26.722[0;39m | [34mINFO [0;39m [[36mapp-(scheduled)-rateLimitLogging-0      [0;39m] [33mo.t.t.s.p.RateLimitService[0;39m                      : total requests 0 in progress 0 queue size 0 
[32m2025-06-05 | 03:06:36.715[0;39m | [34mINFO [0;39m [[36mapp-(scheduled)-rateLimitLogging-0      [0;39m] [33mo.t.t.s.p.RateLimitService[0;39m                      : total requests 0 in progress 0 queue size 0 
[32m2025-06-05 | 03:06:46.714[0;39m | [34mINFO [0;39m [[36mapp-(scheduled)-rateLimitLogging-0      [0;39m] [33mo.t.t.s.p.RateLimitService[0;39m                      : total requests 0 in progress 0 queue size 0 
[32m2025-06-05 | 03:06:56.722[0;39m | [34mINFO [0;39m [[36mapp-(scheduled)-rateLimitLogging-0      [0;39m] [33mo.t.t.s.p.RateLimitService[0;39m                      : total requests 0 in progress 0 queue size 0 
[32m2025-06-05 | 03:07:06.727[0;39m | [34mINFO [0;39m [[36mapp-(scheduled)-rateLimitLogging-0      [0;39m] [33mo.t.t.s.p.RateLimitService[0;39m                      : total requests 0 in progress 0 queue size 0 
[32m2025-06-05 | 03:07:16.713[0;39m | [34mINFO [0;39m [[36mapp-(scheduled)-rateLimitLogging-0      [0;39m] [33mo.t.t.s.p.RateLimitService[0;39m                      : total requests 0 in progress 0 queue size 0 
[32m2025-06-05 | 03:07:26.713[0;39m | [34mINFO [0;39m [[36mapp-(scheduled)-rateLimitLogging-0      [0;39m] [33mo.t.t.s.p.RateLimitService[0;39m                      : total requests 0 in progress 0 queue size 0 
[32m2025-06-05 | 03:07:36.713[0;39m | [34mINFO [0;39m [[36mapp-(scheduled)-rateLimitLogging-0      [0;39m] [33mo.t.t.s.p.RateLimitService[0;39m                      : total requests 0 in progress 0 queue size 0 
[32m2025-06-05 | 03:07:46.715[0;39m | [34mINFO [0;39m [[36mapp-(scheduled)-rateLimitLogging-0      [0;39m] [33mo.t.t.s.p.RateLimitService[0;39m                      : total requests 0 in progress 0 queue size 0 
[32m2025-06-05 | 03:07:56.721[0;39m | [34mINFO [0;39m [[36mapp-(scheduled)-rateLimitLogging-0      [0;39m] [33mo.t.t.s.p.RateLimitService[0;39m                      : total requests 0 in progress 0 queue size 0 
[32m2025-06-05 | 03:08:06.721[0;39m | [34mINFO [0;39m [[36mapp-(scheduled)-rateLimitLogging-0      [0;39m] [33mo.t.t.s.p.RateLimitService[0;39m                      : total requests 0 in progress 0 queue size 0 
[32m2025-06-05 | 03:08:16.718[0;39m | [34mINFO [0;39m [[36mapp-(scheduled)-rateLimitLogging-0      [0;39m] [33mo.t.t.s.p.RateLimitService[0;39m                      : total requests 0 in progress 0 queue size 0 
[32m2025-06-05 | 03:08:26.716[0;39m | [34mINFO [0;39m [[36mapp-(scheduled)-rateLimitLogging-0      [0;39m] [33mo.t.t.s.p.RateLimitService[0;39m                      : total requests 0 in progress 0 queue size 0 
[32m2025-06-05 | 03:08:36.723[0;39m | [34mINFO [0;39m [[36mapp-(scheduled)-rateLimitLogging-0      [0;39m] [33mo.t.t.s.p.RateLimitService[0;39m                      : total requests 0 in progress 0 queue size 0 
[32m2025-06-05 | 03:08:46.719[0;39m | [34mINFO [0;39m [[36mapp-(scheduled)-rateLimitLogging-0      [0;39m] [33mo.t.t.s.p.RateLimitService[0;39m                      : total requests 0 in progress 0 queue size 0 
[32m2025-06-05 | 03:08:56.717[0;39m | [34mINFO [0;39m [[36mapp-(scheduled)-rateLimitLogging-0      [0;39m] [33mo.t.t.s.p.RateLimitService[0;39m                      : total requests 0 in progress 0 queue size 0 
[32m2025-06-05 | 03:09:06.716[0;39m | [34mINFO [0;39m [[36mapp-(scheduled)-rateLimitLogging-0      [0;39m] [33mo.t.t.s.p.RateLimitService[0;39m                      : total requests 0 in progress 0 queue size 0 
[32m2025-06-05 | 03:09:16.713[0;39m | [34mINFO [0;39m [[36mapp-(scheduled)-rateLimitLogging-0      [0;39m] [33mo.t.t.s.p.RateLimitService[0;39m                      : total requests 0 in progress 0 queue size 0 
[32m2025-06-05 | 03:09:26.714[0;39m | [34mINFO [0;39m [[36mapp-(scheduled)-rateLimitLogging-0      [0;39m] [33mo.t.t.s.p.RateLimitService[0;39m                      : total requests 0 in progress 0 queue size 0 
[32m2025-06-05 | 03:09:36.718[0;39m | [34mINFO [0;39m [[36mapp-(scheduled)-rateLimitLogging-0      [0;39m] [33mo.t.t.s.p.RateLimitService[0;39m                      : total requests 0 in progress 0 queue size 0 
[32m2025-06-05 | 03:09:46.722[0;39m | [34mINFO [0;39m [[36mapp-(scheduled)-rateLimitLogging-0      [0;39m] [33mo.t.t.s.p.RateLimitService[0;39m                      : total requests 0 in progress 0 queue size 0 
[32m2025-06-05 | 03:09:56.714[0;39m | [34mINFO [0;39m [[36mapp-(scheduled)-rateLimitLogging-0      [0;39m] [33mo.t.t.s.p.RateLimitService[0;39m                      : total requests 0 in progress 0 queue size 0 
[32m2025-06-05 | 03:10:06.716[0;39m | [34mINFO [0;39m [[36mapp-(scheduled)-rateLimitLogging-0      [0;39m] [33mo.t.t.s.p.RateLimitService[0;39m                      : total requests 0 in progress 0 queue size 0 
[32m2025-06-05 | 03:10:16.725[0;39m | [34mINFO [0;39m [[36mapp-(scheduled)-rateLimitLogging-0      [0;39m] [33mo.t.t.s.p.RateLimitService[0;39m                      : total requests 0 in progress 0 queue size 0 
[32m2025-06-05 | 03:10:26.723[0;39m | [34mINFO [0;39m [[36mapp-(scheduled)-rateLimitLogging-0      [0;39m] [33mo.t.t.s.p.RateLimitService[0;39m                      : total requests 0 in progress 0 queue size 0 
[32m2025-06-05 | 03:10:36.714[0;39m | [34mINFO [0;39m [[36mapp-(scheduled)-rateLimitLogging-0      [0;39m] [33mo.t.t.s.p.RateLimitService[0;39m                      : total requests 0 in progress 0 queue size 0 
[32m2025-06-05 | 03:10:46.728[0;39m | [34mINFO [0;39m [[36mapp-(scheduled)-rateLimitLogging-0      [0;39m] [33mo.t.t.s.p.RateLimitService[0;39m                      : total requests 0 in progress 0 queue size 0 
[32m2025-06-05 | 03:10:56.713[0;39m | [34mINFO [0;39m [[36mapp-(scheduled)-rateLimitLogging-0      [0;39m] [33mo.t.t.s.p.RateLimitService[0;39m                      : total requests 0 in progress 0 queue size 0 
[32m2025-06-05 | 03:11:06.723[0;39m | [34mINFO [0;39m [[36mapp-(scheduled)-rateLimitLogging-0      [0;39m] [33mo.t.t.s.p.RateLimitService[0;39m                      : total requests 0 in progress 0 queue size 0 
[32m2025-06-05 | 03:11:16.726[0;39m | [34mINFO [0;39m [[36mapp-(scheduled)-rateLimitLogging-0      [0;39m] [33mo.t.t.s.p.RateLimitService[0;39m                      : total requests 0 in progress 0 queue size 0 
[32m2025-06-05 | 03:11:26.713[0;39m | [34mINFO [0;39m [[36mapp-(scheduled)-rateLimitLogging-0      [0;39m] [33mo.t.t.s.p.RateLimitService[0;39m                      : total requests 0 in progress 0 queue size 0 
[32m2025-06-05 | 03:11:36.719[0;39m | [34mINFO [0;39m [[36mapp-(scheduled)-rateLimitLogging-0      [0;39m] [33mo.t.t.s.p.RateLimitService[0;39m                      : total requests 0 in progress 0 queue size 0 
[32m2025-06-05 | 03:11:46.724[0;39m | [34mINFO [0;39m [[36mapp-(scheduled)-rateLimitLogging-0      [0;39m] [33mo.t.t.s.p.RateLimitService[0;39m                      : total requests 0 in progress 0 queue size 0 
[32m2025-06-05 | 03:11:56.721[0;39m | [34mINFO [0;39m [[36mapp-(scheduled)-rateLimitLogging-0      [0;39m] [33mo.t.t.s.p.RateLimitService[0;39m                      : total requests 0 in progress 0 queue size 0 
[32m2025-06-05 | 03:12:06.712[0;39m | [34mINFO [0;39m [[36mapp-(scheduled)-rateLimitLogging-0      [0;39m] [33mo.t.t.s.p.RateLimitService[0;39m                      : total requests 0 in progress 0 queue size 0 
[32m2025-06-05 | 03:12:16.717[0;39m | [34mINFO [0;39m [[36mapp-(scheduled)-rateLimitLogging-0      [0;39m] [33mo.t.t.s.p.RateLimitService[0;39m                      : total requests 0 in progress 0 queue size 0 
[32m2025-06-05 | 03:12:26.720[0;39m | [34mINFO [0;39m [[36mapp-(scheduled)-rateLimitLogging-0      [0;39m] [33mo.t.t.s.p.RateLimitService[0;39m                      : total requests 0 in progress 0 queue size 0 
[32m2025-06-05 | 03:12:36.722[0;39m | [34mINFO [0;39m [[36mapp-(scheduled)-rateLimitLogging-0      [0;39m] [33mo.t.t.s.p.RateLimitService[0;39m                      : total requests 0 in progress 0 queue size 0 
[32m2025-06-05 | 03:12:46.714[0;39m | [34mINFO [0;39m [[36mapp-(scheduled)-rateLimitLogging-0      [0;39m] [33mo.t.t.s.p.RateLimitService[0;39m                      : total requests 0 in progress 0 queue size 0 
[32m2025-06-05 | 03:12:56.728[0;39m | [34mINFO [0;39m [[36mapp-(scheduled)-rateLimitLogging-0      [0;39m] [33mo.t.t.s.p.RateLimitService[0;39m                      : total requests 0 in progress 0 queue size 0 
[32m2025-06-05 | 03:13:06.716[0;39m | [34mINFO [0;39m [[36mapp-(scheduled)-rateLimitLogging-0      [0;39m] [33mo.t.t.s.p.RateLimitService[0;39m                      : total requests 0 in progress 0 queue size 0 
[32m2025-06-05 | 03:13:16.724[0;39m | [34mINFO [0;39m [[36mapp-(scheduled)-rateLimitLogging-0      [0;39m] [33mo.t.t.s.p.RateLimitService[0;39m                      : total requests 0 in progress 0 queue size 0 
[32m2025-06-05 | 03:13:26.716[0;39m | [34mINFO [0;39m [[36mapp-(scheduled)-rateLimitLogging-0      [0;39m] [33mo.t.t.s.p.RateLimitService[0;39m                      : total requests 0 in progress 0 queue size 0 
[32m2025-06-05 | 03:13:36.724[0;39m | [34mINFO [0;39m [[36mapp-(scheduled)-rateLimitLogging-0      [0;39m] [33mo.t.t.s.p.RateLimitService[0;39m                      : total requests 0 in progress 0 queue size 0 
[32m2025-06-05 | 03:13:46.713[0;39m | [34mINFO [0;39m [[36mapp-(scheduled)-rateLimitLogging-0      [0;39m] [33mo.t.t.s.p.RateLimitService[0;39m                      : total requests 0 in progress 0 queue size 0 
[32m2025-06-05 | 03:13:56.714[0;39m | [34mINFO [0;39m [[36mapp-(scheduled)-rateLimitLogging-0      [0;39m] [33mo.t.t.s.p.RateLimitService[0;39m                      : total requests 0 in progress 0 queue size 0 
[32m2025-06-05 | 03:14:06.718[0;39m | [34mINFO [0;39m [[36mapp-(scheduled)-rateLimitLogging-0      [0;39m] [33mo.t.t.s.p.RateLimitService[0;39m                      : total requests 0 in progress 0 queue size 0 
[32m2025-06-05 | 03:14:16.725[0;39m | [34mINFO [0;39m [[36mapp-(scheduled)-rateLimitLogging-0      [0;39m] [33mo.t.t.s.p.RateLimitService[0;39m                      : total requests 0 in progress 0 queue size 0 
[32m2025-06-05 | 03:14:26.718[0;39m | [34mINFO [0;39m [[36mapp-(scheduled)-rateLimitLogging-0      [0;39m] [33mo.t.t.s.p.RateLimitService[0;39m                      : total requests 0 in progress 0 queue size 0 
[32m2025-06-05 | 03:14:36.720[0;39m | [34mINFO [0;39m [[36mapp-(scheduled)-rateLimitLogging-0      [0;39m] [33mo.t.t.s.p.RateLimitService[0;39m                      : total requests 0 in progress 0 queue size 0 
[32m2025-06-05 | 03:14:46.726[0;39m | [34mINFO [0;39m [[36mapp-(scheduled)-rateLimitLogging-0      [0;39m] [33mo.t.t.s.p.RateLimitService[0;39m                      : total requests 0 in progress 0 queue size 0 
[32m2025-06-05 | 03:14:56.721[0;39m | [34mINFO [0;39m [[36mapp-(scheduled)-rateLimitLogging-0      [0;39m] [33mo.t.t.s.p.RateLimitService[0;39m                      : total requests 0 in progress 0 queue size 0 
[32m2025-06-05 | 03:15:06.727[0;39m | [34mINFO [0;39m [[36mapp-(scheduled)-rateLimitLogging-0      [0;39m] [33mo.t.t.s.p.RateLimitService[0;39m                      : total requests 0 in progress 0 queue size 0 
[32m2025-06-05 | 03:15:16.727[0;39m | [34mINFO [0;39m [[36mapp-(scheduled)-rateLimitLogging-0      [0;39m] [33mo.t.t.s.p.RateLimitService[0;39m                      : total requests 0 in progress 0 queue size 0 
[32m2025-06-05 | 03:15:26.726[0;39m | [34mINFO [0;39m [[36mapp-(scheduled)-rateLimitLogging-0      [0;39m] [33mo.t.t.s.p.RateLimitService[0;39m                      : total requests 0 in progress 0 queue size 0 
[32m2025-06-05 | 03:15:36.718[0;39m | [34mINFO [0;39m [[36mapp-(scheduled)-rateLimitLogging-0      [0;39m] [33mo.t.t.s.p.RateLimitService[0;39m                      : total requests 0 in progress 0 queue size 0 
[32m2025-06-05 | 03:15:46.723[0;39m | [34mINFO [0;39m [[36mapp-(scheduled)-rateLimitLogging-0      [0;39m] [33mo.t.t.s.p.RateLimitService[0;39m                      : total requests 0 in progress 0 queue size 0 
[32m2025-06-05 | 03:15:56.726[0;39m | [34mINFO [0;39m [[36mapp-(scheduled)-rateLimitLogging-0      [0;39m] [33mo.t.t.s.p.RateLimitService[0;39m                      : total requests 0 in progress 0 queue size 0 
[32m2025-06-05 | 03:16:06.715[0;39m | [34mINFO [0;39m [[36mapp-(scheduled)-rateLimitLogging-0      [0;39m] [33mo.t.t.s.p.RateLimitService[0;39m                      : total requests 0 in progress 0 queue size 0 
[32m2025-06-05 | 03:16:16.715[0;39m | [34mINFO [0;39m [[36mapp-(scheduled)-rateLimitLogging-0      [0;39m] [33mo.t.t.s.p.RateLimitService[0;39m                      : total requests 0 in progress 0 queue size 0 
[32m2025-06-05 | 03:16:26.717[0;39m | [34mINFO [0;39m [[36mapp-(scheduled)-rateLimitLogging-0      [0;39m] [33mo.t.t.s.p.RateLimitService[0;39m                      : total requests 0 in progress 0 queue size 0 
[32m2025-06-05 | 03:16:36.721[0;39m | [34mINFO [0;39m [[36mapp-(scheduled)-rateLimitLogging-0      [0;39m] [33mo.t.t.s.p.RateLimitService[0;39m                      : total requests 0 in progress 0 queue size 0 
[32m2025-06-05 | 03:16:46.721[0;39m | [34mINFO [0;39m [[36mapp-(scheduled)-rateLimitLogging-0      [0;39m] [33mo.t.t.s.p.RateLimitService[0;39m                      : total requests 0 in progress 0 queue size 0 
[32m2025-06-05 | 03:16:56.714[0;39m | [34mINFO [0;39m [[36mapp-(scheduled)-rateLimitLogging-0      [0;39m] [33mo.t.t.s.p.RateLimitService[0;39m                      : total requests 0 in progress 0 queue size 0 
[32m2025-06-05 | 03:17:06.725[0;39m | [34mINFO [0;39m [[36mapp-(scheduled)-rateLimitLogging-0      [0;39m] [33mo.t.t.s.p.RateLimitService[0;39m                      : total requests 0 in progress 0 queue size 0 
[32m2025-06-05 | 03:17:16.725[0;39m | [34mINFO [0;39m [[36mapp-(scheduled)-rateLimitLogging-0      [0;39m] [33mo.t.t.s.p.RateLimitService[0;39m                      : total requests 0 in progress 0 queue size 0 
[32m2025-06-05 | 03:17:26.722[0;39m | [34mINFO [0;39m [[36mapp-(scheduled)-rateLimitLogging-0      [0;39m] [33mo.t.t.s.p.RateLimitService[0;39m                      : total requests 0 in progress 0 queue size 0 
[32m2025-06-05 | 03:17:36.720[0;39m | [34mINFO [0;39m [[36mapp-(scheduled)-rateLimitLogging-0      [0;39m] [33mo.t.t.s.p.RateLimitService[0;39m                      : total requests 0 in progress 0 queue size 0 
[32m2025-06-05 | 03:17:46.719[0;39m | [34mINFO [0;39m [[36mapp-(scheduled)-rateLimitLogging-0      [0;39m] [33mo.t.t.s.p.RateLimitService[0;39m                      : total requests 0 in progress 0 queue size 0 
[32m2025-06-05 | 03:17:56.713[0;39m | [34mINFO [0;39m [[36mapp-(scheduled)-rateLimitLogging-0      [0;39m] [33mo.t.t.s.p.RateLimitService[0;39m                      : total requests 0 in progress 0 queue size 0 
[32m2025-06-05 | 03:18:06.715[0;39m | [34mINFO [0;39m [[36mapp-(scheduled)-rateLimitLogging-0      [0;39m] [33mo.t.t.s.p.RateLimitService[0;39m                      : total requests 0 in progress 0 queue size 0 
[32m2025-06-05 | 03:18:16.723[0;39m | [34mINFO [0;39m [[36mapp-(scheduled)-rateLimitLogging-0      [0;39m] [33mo.t.t.s.p.RateLimitService[0;39m                      : total requests 0 in progress 0 queue size 0 
[32m2025-06-05 | 03:18:26.725[0;39m | [34mINFO [0;39m [[36mapp-(scheduled)-rateLimitLogging-0      [0;39m] [33mo.t.t.s.p.RateLimitService[0;39m                      : total requests 0 in progress 0 queue size 0 
[32m2025-06-05 | 03:18:36.722[0;39m | [34mINFO [0;39m [[36mapp-(scheduled)-rateLimitLogging-0      [0;39m] [33mo.t.t.s.p.RateLimitService[0;39m                      : total requests 0 in progress 0 queue size 0 
[32m2025-06-05 | 03:18:46.717[0;39m | [34mINFO [0;39m [[36mapp-(scheduled)-rateLimitLogging-0      [0;39m] [33mo.t.t.s.p.RateLimitService[0;39m                      : total requests 0 in progress 0 queue size 0 
[32m2025-06-05 | 03:18:56.723[0;39m | [34mINFO [0;39m [[36mapp-(scheduled)-rateLimitLogging-0      [0;39m] [33mo.t.t.s.p.RateLimitService[0;39m                      : total requests 0 in progress 0 queue size 0 
[32m2025-06-05 | 03:19:06.714[0;39m | [34mINFO [0;39m [[36mapp-(scheduled)-rateLimitLogging-0      [0;39m] [33mo.t.t.s.p.RateLimitService[0;39m                      : total requests 0 in progress 0 queue size 0 
[32m2025-06-05 | 03:19:16.727[0;39m | [34mINFO [0;39m [[36mapp-(scheduled)-rateLimitLogging-0      [0;39m] [33mo.t.t.s.p.RateLimitService[0;39m                      : total requests 0 in progress 0 queue size 0 
[32m2025-06-05 | 03:19:26.727[0;39m | [34mINFO [0;39m [[36mapp-(scheduled)-rateLimitLogging-0      [0;39m] [33mo.t.t.s.p.RateLimitService[0;39m                      : total requests 0 in progress 0 queue size 0 
[32m2025-06-05 | 03:19:36.719[0;39m | [34mINFO [0;39m [[36mapp-(scheduled)-rateLimitLogging-0      [0;39m] [33mo.t.t.s.p.RateLimitService[0;39m                      : total requests 0 in progress 0 queue size 0 
[32m2025-06-05 | 03:19:46.721[0;39m | [34mINFO [0;39m [[36mapp-(scheduled)-rateLimitLogging-0      [0;39m] [33mo.t.t.s.p.RateLimitService[0;39m                      : total requests 0 in progress 0 queue size 0 
[32m2025-06-05 | 03:19:56.724[0;39m | [34mINFO [0;39m [[36mapp-(scheduled)-rateLimitLogging-0      [0;39m] [33mo.t.t.s.p.RateLimitService[0;39m                      : total requests 0 in progress 0 queue size 0 
[32m2025-06-05 | 03:20:06.714[0;39m | [34mINFO [0;39m [[36mapp-(scheduled)-rateLimitLogging-0      [0;39m] [33mo.t.t.s.p.RateLimitService[0;39m                      : total requests 0 in progress 0 queue size 0 
[32m2025-06-05 | 03:20:16.712[0;39m | [34mINFO [0;39m [[36mapp-(scheduled)-rateLimitLogging-0      [0;39m] [33mo.t.t.s.p.RateLimitService[0;39m                      : total requests 0 in progress 0 queue size 0 
[32m2025-06-05 | 03:20:26.718[0;39m | [34mINFO [0;39m [[36mapp-(scheduled)-rateLimitLogging-0      [0;39m] [33mo.t.t.s.p.RateLimitService[0;39m                      : total requests 0 in progress 0 queue size 0 
[32m2025-06-05 | 03:20:36.723[0;39m | [34mINFO [0;39m [[36mapp-(scheduled)-rateLimitLogging-0      [0;39m] [33mo.t.t.s.p.RateLimitService[0;39m                      : total requests 0 in progress 0 queue size 0 
[32m2025-06-05 | 03:20:46.713[0;39m | [34mINFO [0;39m [[36mapp-(scheduled)-rateLimitLogging-0      [0;39m] [33mo.t.t.s.p.RateLimitService[0;39m                      : total requests 0 in progress 0 queue size 0 
[32m2025-06-05 | 03:20:56.728[0;39m | [34mINFO [0;39m [[36mapp-(scheduled)-rateLimitLogging-0      [0;39m] [33mo.t.t.s.p.RateLimitService[0;39m                      : total requests 0 in progress 0 queue size 0 
[32m2025-06-05 | 03:21:06.718[0;39m | [34mINFO [0;39m [[36mapp-(scheduled)-rateLimitLogging-0      [0;39m] [33mo.t.t.s.p.RateLimitService[0;39m                      : total requests 0 in progress 0 queue size 0 
[32m2025-06-05 | 03:21:16.728[0;39m | [34mINFO [0;39m [[36mapp-(scheduled)-rateLimitLogging-0      [0;39m] [33mo.t.t.s.p.RateLimitService[0;39m                      : total requests 0 in progress 0 queue size 0 
[32m2025-06-05 | 03:21:26.722[0;39m | [34mINFO [0;39m [[36mapp-(scheduled)-rateLimitLogging-0      [0;39m] [33mo.t.t.s.p.RateLimitService[0;39m                      : total requests 0 in progress 0 queue size 0 
[32m2025-06-05 | 03:21:36.716[0;39m | [34mINFO [0;39m [[36mapp-(scheduled)-rateLimitLogging-0      [0;39m] [33mo.t.t.s.p.RateLimitService[0;39m                      : total requests 0 in progress 0 queue size 0 
[32m2025-06-05 | 03:21:46.724[0;39m | [34mINFO [0;39m [[36mapp-(scheduled)-rateLimitLogging-0      [0;39m] [33mo.t.t.s.p.RateLimitService[0;39m                      : total requests 0 in progress 0 queue size 0 
[32m2025-06-05 | 03:21:56.728[0;39m | [34mINFO [0;39m [[36mapp-(scheduled)-rateLimitLogging-0      [0;39m] [33mo.t.t.s.p.RateLimitService[0;39m                      : total requests 0 in progress 0 queue size 0 
[32m2025-06-05 | 03:22:06.713[0;39m | [34mINFO [0;39m [[36mapp-(scheduled)-rateLimitLogging-0      [0;39m] [33mo.t.t.s.p.RateLimitService[0;39m                      : total requests 0 in progress 0 queue size 0 
[32m2025-06-05 | 03:22:16.724[0;39m | [34mINFO [0;39m [[36mapp-(scheduled)-rateLimitLogging-0      [0;39m] [33mo.t.t.s.p.RateLimitService[0;39m                      : total requests 0 in progress 0 queue size 0 
[32m2025-06-05 | 03:22:26.716[0;39m | [34mINFO [0;39m [[36mapp-(scheduled)-rateLimitLogging-0      [0;39m] [33mo.t.t.s.p.RateLimitService[0;39m                      : total requests 0 in progress 0 queue size 0 
[32m2025-06-05 | 03:22:36.715[0;39m | [34mINFO [0;39m [[36mapp-(scheduled)-rateLimitLogging-0      [0;39m] [33mo.t.t.s.p.RateLimitService[0;39m                      : total requests 0 in progress 0 queue size 0 
[32m2025-06-05 | 03:22:46.723[0;39m | [34mINFO [0;39m [[36mapp-(scheduled)-rateLimitLogging-0      [0;39m] [33mo.t.t.s.p.RateLimitService[0;39m                      : total requests 0 in progress 0 queue size 0 
[32m2025-06-05 | 03:22:56.714[0;39m | [34mINFO [0;39m [[36mapp-(scheduled)-rateLimitLogging-0      [0;39m] [33mo.t.t.s.p.RateLimitService[0;39m                      : total requests 0 in progress 0 queue size 0 
[32m2025-06-05 | 03:23:06.714[0;39m | [34mINFO [0;39m [[36mapp-(scheduled)-rateLimitLogging-0      [0;39m] [33mo.t.t.s.p.RateLimitService[0;39m                      : total requests 0 in progress 0 queue size 0 
[32m2025-06-05 | 03:23:16.715[0;39m | [34mINFO [0;39m [[36mapp-(scheduled)-rateLimitLogging-0      [0;39m] [33mo.t.t.s.p.RateLimitService[0;39m                      : total requests 0 in progress 0 queue size 0 
[32m2025-06-05 | 03:23:26.721[0;39m | [34mINFO [0;39m [[36mapp-(scheduled)-rateLimitLogging-0      [0;39m] [33mo.t.t.s.p.RateLimitService[0;39m                      : total requests 0 in progress 0 queue size 0 
[32m2025-06-05 | 03:23:36.719[0;39m | [34mINFO [0;39m [[36mapp-(scheduled)-rateLimitLogging-0      [0;39m] [33mo.t.t.s.p.RateLimitService[0;39m                      : total requests 0 in progress 0 queue size 0 
[32m2025-06-05 | 03:23:46.723[0;39m | [34mINFO [0;39m [[36mapp-(scheduled)-rateLimitLogging-0      [0;39m] [33mo.t.t.s.p.RateLimitService[0;39m                      : total requests 0 in progress 0 queue size 0 
[32m2025-06-05 | 03:23:56.727[0;39m | [34mINFO [0;39m [[36mapp-(scheduled)-rateLimitLogging-0      [0;39m] [33mo.t.t.s.p.RateLimitService[0;39m                      : total requests 0 in progress 0 queue size 0 
[32m2025-06-05 | 03:24:06.726[0;39m | [34mINFO [0;39m [[36mapp-(scheduled)-rateLimitLogging-0      [0;39m] [33mo.t.t.s.p.RateLimitService[0;39m                      : total requests 0 in progress 0 queue size 0 
[32m2025-06-05 | 03:24:16.723[0;39m | [34mINFO [0;39m [[36mapp-(scheduled)-rateLimitLogging-0      [0;39m] [33mo.t.t.s.p.RateLimitService[0;39m                      : total requests 0 in progress 0 queue size 0 
[32m2025-06-05 | 03:24:26.727[0;39m | [34mINFO [0;39m [[36mapp-(scheduled)-rateLimitLogging-0      [0;39m] [33mo.t.t.s.p.RateLimitService[0;39m                      : total requests 0 in progress 0 queue size 0 
[32m2025-06-05 | 03:24:36.717[0;39m | [34mINFO [0;39m [[36mapp-(scheduled)-rateLimitLogging-0      [0;39m] [33mo.t.t.s.p.RateLimitService[0;39m                      : total requests 0 in progress 0 queue size 0 
[32m2025-06-05 | 03:24:46.724[0;39m | [34mINFO [0;39m [[36mapp-(scheduled)-rateLimitLogging-0      [0;39m] [33mo.t.t.s.p.RateLimitService[0;39m                      : total requests 0 in progress 0 queue size 0 
[32m2025-06-05 | 03:24:56.726[0;39m | [34mINFO [0;39m [[36mapp-(scheduled)-rateLimitLogging-0      [0;39m] [33mo.t.t.s.p.RateLimitService[0;39m                      : total requests 0 in progress 0 queue size 0 
[32m2025-06-05 | 03:25:06.717[0;39m | [34mINFO [0;39m [[36mapp-(scheduled)-rateLimitLogging-0      [0;39m] [33mo.t.t.s.p.RateLimitService[0;39m                      : total requests 0 in progress 0 queue size 0 
[32m2025-06-05 | 03:25:16.723[0;39m | [34mINFO [0;39m [[36mapp-(scheduled)-rateLimitLogging-0      [0;39m] [33mo.t.t.s.p.RateLimitService[0;39m                      : total requests 0 in progress 0 queue size 0 
[32m2025-06-05 | 03:25:26.717[0;39m | [34mINFO [0;39m [[36mapp-(scheduled)-rateLimitLogging-0      [0;39m] [33mo.t.t.s.p.RateLimitService[0;39m                      : total requests 0 in progress 0 queue size 0 
[32m2025-06-05 | 03:25:36.720[0;39m | [34mINFO [0;39m [[36mapp-(scheduled)-rateLimitLogging-0      [0;39m] [33mo.t.t.s.p.RateLimitService[0;39m                      : total requests 0 in progress 0 queue size 0 
[32m2025-06-05 | 03:25:46.728[0;39m | [34mINFO [0;39m [[36mapp-(scheduled)-rateLimitLogging-0      [0;39m] [33mo.t.t.s.p.RateLimitService[0;39m                      : total requests 0 in progress 0 queue size 0 
[32m2025-06-05 | 03:25:56.720[0;39m | [34mINFO [0;39m [[36mapp-(scheduled)-rateLimitLogging-0      [0;39m] [33mo.t.t.s.p.RateLimitService[0;39m                      : total requests 0 in progress 0 queue size 0 
[32m2025-06-05 | 03:26:06.722[0;39m | [34mINFO [0;39m [[36mapp-(scheduled)-rateLimitLogging-0      [0;39m] [33mo.t.t.s.p.RateLimitService[0;39m                      : total requests 0 in progress 0 queue size 0 
[32m2025-06-05 | 03:26:16.714[0;39m | [34mINFO [0;39m [[36mapp-(scheduled)-rateLimitLogging-0      [0;39m] [33mo.t.t.s.p.RateLimitService[0;39m                      : total requests 0 in progress 0 queue size 0 
[32m2025-06-05 | 03:26:26.725[0;39m | [34mINFO [0;39m [[36mapp-(scheduled)-rateLimitLogging-0      [0;39m] [33mo.t.t.s.p.RateLimitService[0;39m                      : total requests 0 in progress 0 queue size 0 
[32m2025-06-05 | 03:26:36.725[0;39m | [34mINFO [0;39m [[36mapp-(scheduled)-rateLimitLogging-0      [0;39m] [33mo.t.t.s.p.RateLimitService[0;39m                      : total requests 0 in progress 0 queue size 0 
[32m2025-06-05 | 03:26:46.721[0;39m | [34mINFO [0;39m [[36mapp-(scheduled)-rateLimitLogging-0      [0;39m] [33mo.t.t.s.p.RateLimitService[0;39m                      : total requests 0 in progress 0 queue size 0 
[32m2025-06-05 | 03:26:56.719[0;39m | [34mINFO [0;39m [[36mapp-(scheduled)-rateLimitLogging-0      [0;39m] [33mo.t.t.s.p.RateLimitService[0;39m                      : total requests 0 in progress 0 queue size 0 
[32m2025-06-05 | 03:27:06.721[0;39m | [34mINFO [0;39m [[36mapp-(scheduled)-rateLimitLogging-0      [0;39m] [33mo.t.t.s.p.RateLimitService[0;39m                      : total requests 0 in progress 0 queue size 0 
[32m2025-06-05 | 03:27:16.719[0;39m | [34mINFO [0;39m [[36mapp-(scheduled)-rateLimitLogging-0      [0;39m] [33mo.t.t.s.p.RateLimitService[0;39m                      : total requests 0 in progress 0 queue size 0 
[32m2025-06-05 | 03:27:26.730[0;39m | [34mINFO [0;39m [[36mapp-(scheduled)-rateLimitLogging-0      [0;39m] [33mo.t.t.s.p.RateLimitService[0;39m                      : total requests 0 in progress 0 queue size 0 
[32m2025-06-05 | 03:27:36.724[0;39m | [34mINFO [0;39m [[36mapp-(scheduled)-rateLimitLogging-0      [0;39m] [33mo.t.t.s.p.RateLimitService[0;39m                      : total requests 0 in progress 0 queue size 0 
[32m2025-06-05 | 03:27:46.713[0;39m | [34mINFO [0;39m [[36mapp-(scheduled)-rateLimitLogging-0      [0;39m] [33mo.t.t.s.p.RateLimitService[0;39m                      : total requests 0 in progress 0 queue size 0 
[32m2025-06-05 | 03:27:56.718[0;39m | [34mINFO [0;39m [[36mapp-(scheduled)-rateLimitLogging-0      [0;39m] [33mo.t.t.s.p.RateLimitService[0;39m                      : total requests 0 in progress 0 queue size 0 
[32m2025-06-05 | 03:28:06.717[0;39m | [34mINFO [0;39m [[36mapp-(scheduled)-rateLimitLogging-0      [0;39m] [33mo.t.t.s.p.RateLimitService[0;39m                      : total requests 0 in progress 0 queue size 0 
[32m2025-06-05 | 03:28:16.717[0;39m | [34mINFO [0;39m [[36mapp-(scheduled)-rateLimitLogging-0      [0;39m] [33mo.t.t.s.p.RateLimitService[0;39m                      : total requests 0 in progress 0 queue size 0 
[32m2025-06-05 | 03:28:26.722[0;39m | [34mINFO [0;39m [[36mapp-(scheduled)-rateLimitLogging-0      [0;39m] [33mo.t.t.s.p.RateLimitService[0;39m                      : total requests 0 in progress 0 queue size 0 
[32m2025-06-05 | 03:28:36.725[0;39m | [34mINFO [0;39m [[36mapp-(scheduled)-rateLimitLogging-0      [0;39m] [33mo.t.t.s.p.RateLimitService[0;39m                      : total requests 0 in progress 0 queue size 0 
[32m2025-06-05 | 03:28:46.718[0;39m | [34mINFO [0;39m [[36mapp-(scheduled)-rateLimitLogging-0      [0;39m] [33mo.t.t.s.p.RateLimitService[0;39m                      : total requests 0 in progress 0 queue size 0 
[32m2025-06-05 | 03:28:56.723[0;39m | [34mINFO [0;39m [[36mapp-(scheduled)-rateLimitLogging-0      [0;39m] [33mo.t.t.s.p.RateLimitService[0;39m                      : total requests 0 in progress 0 queue size 0 
[32m2025-06-05 | 03:29:06.728[0;39m | [34mINFO [0;39m [[36mapp-(scheduled)-rateLimitLogging-0      [0;39m] [33mo.t.t.s.p.RateLimitService[0;39m                      : total requests 0 in progress 0 queue size 0 
[32m2025-06-05 | 03:29:16.715[0;39m | [34mINFO [0;39m [[36mapp-(scheduled)-rateLimitLogging-0      [0;39m] [33mo.t.t.s.p.RateLimitService[0;39m                      : total requests 0 in progress 0 queue size 0 
[32m2025-06-05 | 03:29:26.723[0;39m | [34mINFO [0;39m [[36mapp-(scheduled)-rateLimitLogging-0      [0;39m] [33mo.t.t.s.p.RateLimitService[0;39m                      : total requests 0 in progress 0 queue size 0 
[32m2025-06-05 | 03:29:36.723[0;39m | [34mINFO [0;39m [[36mapp-(scheduled)-rateLimitLogging-0      [0;39m] [33mo.t.t.s.p.RateLimitService[0;39m                      : total requests 0 in progress 0 queue size 0 
[32m2025-06-05 | 03:29:46.717[0;39m | [34mINFO [0;39m [[36mapp-(scheduled)-rateLimitLogging-0      [0;39m] [33mo.t.t.s.p.RateLimitService[0;39m                      : total requests 0 in progress 0 queue size 0 
[32m2025-06-05 | 03:29:56.714[0;39m | [34mINFO [0;39m [[36mapp-(scheduled)-rateLimitLogging-0      [0;39m] [33mo.t.t.s.p.RateLimitService[0;39m                      : total requests 0 in progress 0 queue size 0 
[32m2025-06-05 | 03:30:06.724[0;39m | [34mINFO [0;39m [[36mapp-(scheduled)-rateLimitLogging-0      [0;39m] [33mo.t.t.s.p.RateLimitService[0;39m                      : total requests 0 in progress 0 queue size 0 
[32m2025-06-05 | 03:30:16.725[0;39m | [34mINFO [0;39m [[36mapp-(scheduled)-rateLimitLogging-0      [0;39m] [33mo.t.t.s.p.RateLimitService[0;39m                      : total requests 0 in progress 0 queue size 0 
[32m2025-06-05 | 03:30:26.715[0;39m | [34mINFO [0;39m [[36mapp-(scheduled)-rateLimitLogging-0      [0;39m] [33mo.t.t.s.p.RateLimitService[0;39m                      : total requests 0 in progress 0 queue size 0 
[32m2025-06-05 | 03:30:36.727[0;39m | [34mINFO [0;39m [[36mapp-(scheduled)-rateLimitLogging-0      [0;39m] [33mo.t.t.s.p.RateLimitService[0;39m                      : total requests 0 in progress 0 queue size 0 
[32m2025-06-05 | 03:30:46.716[0;39m | [34mINFO [0;39m [[36mapp-(scheduled)-rateLimitLogging-0      [0;39m] [33mo.t.t.s.p.RateLimitService[0;39m                      : total requests 0 in progress 0 queue size 0 
[32m2025-06-05 | 03:30:56.715[0;39m | [34mINFO [0;39m [[36mapp-(scheduled)-rateLimitLogging-0      [0;39m] [33mo.t.t.s.p.RateLimitService[0;39m                      : total requests 0 in progress 0 queue size 0 
[32m2025-06-05 | 03:31:06.724[0;39m | [34mINFO [0;39m [[36mapp-(scheduled)-rateLimitLogging-0      [0;39m] [33mo.t.t.s.p.RateLimitService[0;39m                      : total requests 0 in progress 0 queue size 0 
[32m2025-06-05 | 03:31:16.721[0;39m | [34mINFO [0;39m [[36mapp-(scheduled)-rateLimitLogging-0      [0;39m] [33mo.t.t.s.p.RateLimitService[0;39m                      : total requests 0 in progress 0 queue size 0 
[32m2025-06-05 | 03:31:26.719[0;39m | [34mINFO [0;39m [[36mapp-(scheduled)-rateLimitLogging-0      [0;39m] [33mo.t.t.s.p.RateLimitService[0;39m                      : total requests 0 in progress 0 queue size 0 
[32m2025-06-05 | 03:31:36.724[0;39m | [34mINFO [0;39m [[36mapp-(scheduled)-rateLimitLogging-0      [0;39m] [33mo.t.t.s.p.RateLimitService[0;39m                      : total requests 0 in progress 0 queue size 0 
[32m2025-06-05 | 03:31:46.720[0;39m | [34mINFO [0;39m [[36mapp-(scheduled)-rateLimitLogging-0      [0;39m] [33mo.t.t.s.p.RateLimitService[0;39m                      : total requests 0 in progress 0 queue size 0 
[32m2025-06-05 | 03:31:56.721[0;39m | [34mINFO [0;39m [[36mapp-(scheduled)-rateLimitLogging-0      [0;39m] [33mo.t.t.s.p.RateLimitService[0;39m                      : total requests 0 in progress 0 queue size 0 
[32m2025-06-05 | 03:32:06.719[0;39m | [34mINFO [0;39m [[36mapp-(scheduled)-rateLimitLogging-0      [0;39m] [33mo.t.t.s.p.RateLimitService[0;39m                      : total requests 0 in progress 0 queue size 0 
[32m2025-06-05 | 03:32:16.724[0;39m | [34mINFO [0;39m [[36mapp-(scheduled)-rateLimitLogging-0      [0;39m] [33mo.t.t.s.p.RateLimitService[0;39m                      : total requests 0 in progress 0 queue size 0 
[32m2025-06-05 | 03:32:26.726[0;39m | [34mINFO [0;39m [[36mapp-(scheduled)-rateLimitLogging-0      [0;39m] [33mo.t.t.s.p.RateLimitService[0;39m                      : total requests 0 in progress 0 queue size 0 
[32m2025-06-05 | 03:32:36.723[0;39m | [34mINFO [0;39m [[36mapp-(scheduled)-rateLimitLogging-0      [0;39m] [33mo.t.t.s.p.RateLimitService[0;39m                      : total requests 0 in progress 0 queue size 0 
[32m2025-06-05 | 03:32:46.717[0;39m | [34mINFO [0;39m [[36mapp-(scheduled)-rateLimitLogging-0      [0;39m] [33mo.t.t.s.p.RateLimitService[0;39m                      : total requests 0 in progress 0 queue size 0 
[32m2025-06-05 | 03:32:56.725[0;39m | [34mINFO [0;39m [[36mapp-(scheduled)-rateLimitLogging-0      [0;39m] [33mo.t.t.s.p.RateLimitService[0;39m                      : total requests 0 in progress 0 queue size 0 
[32m2025-06-05 | 03:33:06.716[0;39m | [34mINFO [0;39m [[36mapp-(scheduled)-rateLimitLogging-0      [0;39m] [33mo.t.t.s.p.RateLimitService[0;39m                      : total requests 0 in progress 0 queue size 0 
[32m2025-06-05 | 03:33:16.724[0;39m | [34mINFO [0;39m [[36mapp-(scheduled)-rateLimitLogging-0      [0;39m] [33mo.t.t.s.p.RateLimitService[0;39m                      : total requests 0 in progress 0 queue size 0 
[32m2025-06-05 | 03:33:26.713[0;39m | [34mINFO [0;39m [[36mapp-(scheduled)-rateLimitLogging-0      [0;39m] [33mo.t.t.s.p.RateLimitService[0;39m                      : total requests 0 in progress 0 queue size 0 
[32m2025-06-05 | 03:33:36.713[0;39m | [34mINFO [0;39m [[36mapp-(scheduled)-rateLimitLogging-0      [0;39m] [33mo.t.t.s.p.RateLimitService[0;39m                      : total requests 0 in progress 0 queue size 0 
[32m2025-06-05 | 03:33:46.720[0;39m | [34mINFO [0;39m [[36mapp-(scheduled)-rateLimitLogging-0      [0;39m] [33mo.t.t.s.p.RateLimitService[0;39m                      : total requests 0 in progress 0 queue size 0 
[32m2025-06-05 | 03:33:56.714[0;39m | [34mINFO [0;39m [[36mapp-(scheduled)-rateLimitLogging-0      [0;39m] [33mo.t.t.s.p.RateLimitService[0;39m                      : total requests 0 in progress 0 queue size 0 
[32m2025-06-05 | 03:34:06.726[0;39m | [34mINFO [0;39m [[36mapp-(scheduled)-rateLimitLogging-0      [0;39m] [33mo.t.t.s.p.RateLimitService[0;39m                      : total requests 0 in progress 0 queue size 0 
[32m2025-06-05 | 03:34:16.726[0;39m | [34mINFO [0;39m [[36mapp-(scheduled)-rateLimitLogging-0      [0;39m] [33mo.t.t.s.p.RateLimitService[0;39m                      : total requests 0 in progress 0 queue size 0 
[32m2025-06-05 | 03:34:26.721[0;39m | [34mINFO [0;39m [[36mapp-(scheduled)-rateLimitLogging-0      [0;39m] [33mo.t.t.s.p.RateLimitService[0;39m                      : total requests 0 in progress 0 queue size 0 
[32m2025-06-05 | 03:34:36.713[0;39m | [34mINFO [0;39m [[36mapp-(scheduled)-rateLimitLogging-0      [0;39m] [33mo.t.t.s.p.RateLimitService[0;39m                      : total requests 0 in progress 0 queue size 0 
[32m2025-06-05 | 03:34:46.720[0;39m | [34mINFO [0;39m [[36mapp-(scheduled)-rateLimitLogging-0      [0;39m] [33mo.t.t.s.p.RateLimitService[0;39m                      : total requests 0 in progress 0 queue size 0 
[32m2025-06-05 | 03:34:56.716[0;39m | [34mINFO [0;39m [[36mapp-(scheduled)-rateLimitLogging-0      [0;39m] [33mo.t.t.s.p.RateLimitService[0;39m                      : total requests 0 in progress 0 queue size 0 
[32m2025-06-05 | 03:35:05.778[0;39m | [34mINFO [0;39m [[36mMessageBroker-3                         [0;39m] [33mo.s.w.s.c.WebSocketMessageBrokerStats[0;39m           : WebSocketSession[0 current WS(0)-HttpStream(0)-HttpPoll(0), 0 total, 0 closed abnormally (0 connect failure, 0 send limit, 0 transport error)], stompSubProtocol[processed CONNECT(0)-CONNECTED(0)-DISCONNECT(0)], stompBrokerRelay[null], inboundChannel[pool size = 0, active threads = 0, queued tasks = 0, completed tasks = 0], outboundChannel[pool size = 0, active threads = 0, queued tasks = 0, completed tasks = 0], sockJsScheduler[pool size = 4, active threads = 1, queued tasks = 1, completed tasks = 2] 
[32m2025-06-05 | 03:35:06.725[0;39m | [34mINFO [0;39m [[36mapp-(scheduled)-rateLimitLogging-0      [0;39m] [33mo.t.t.s.p.RateLimitService[0;39m                      : total requests 0 in progress 0 queue size 0 
[32m2025-06-05 | 03:35:16.720[0;39m | [34mINFO [0;39m [[36mapp-(scheduled)-rateLimitLogging-0      [0;39m] [33mo.t.t.s.p.RateLimitService[0;39m                      : total requests 0 in progress 0 queue size 0 
[32m2025-06-05 | 03:35:26.723[0;39m | [34mINFO [0;39m [[36mapp-(scheduled)-rateLimitLogging-0      [0;39m] [33mo.t.t.s.p.RateLimitService[0;39m                      : total requests 0 in progress 0 queue size 0 
[32m2025-06-05 | 03:35:36.717[0;39m | [34mINFO [0;39m [[36mapp-(scheduled)-rateLimitLogging-0      [0;39m] [33mo.t.t.s.p.RateLimitService[0;39m                      : total requests 0 in progress 0 queue size 0 
[32m2025-06-05 | 03:35:46.726[0;39m | [34mINFO [0;39m [[36mapp-(scheduled)-rateLimitLogging-0      [0;39m] [33mo.t.t.s.p.RateLimitService[0;39m                      : total requests 0 in progress 0 queue size 0 
[32m2025-06-05 | 03:35:56.725[0;39m | [34mINFO [0;39m [[36mapp-(scheduled)-rateLimitLogging-0      [0;39m] [33mo.t.t.s.p.RateLimitService[0;39m                      : total requests 0 in progress 0 queue size 0 
[32m2025-06-05 | 03:36:06.728[0;39m | [34mINFO [0;39m [[36mapp-(scheduled)-rateLimitLogging-0      [0;39m] [33mo.t.t.s.p.RateLimitService[0;39m                      : total requests 0 in progress 0 queue size 0 
[32m2025-06-05 | 03:36:16.727[0;39m | [34mINFO [0;39m [[36mapp-(scheduled)-rateLimitLogging-0      [0;39m] [33mo.t.t.s.p.RateLimitService[0;39m                      : total requests 0 in progress 0 queue size 0 
[32m2025-06-05 | 03:36:26.722[0;39m | [34mINFO [0;39m [[36mapp-(scheduled)-rateLimitLogging-0      [0;39m] [33mo.t.t.s.p.RateLimitService[0;39m                      : total requests 0 in progress 0 queue size 0 
[32m2025-06-05 | 03:36:36.732[0;39m | [34mINFO [0;39m [[36mapp-(scheduled)-rateLimitLogging-0      [0;39m] [33mo.t.t.s.p.RateLimitService[0;39m                      : total requests 0 in progress 0 queue size 0 
[32m2025-06-05 | 03:36:46.728[0;39m | [34mINFO [0;39m [[36mapp-(scheduled)-rateLimitLogging-0      [0;39m] [33mo.t.t.s.p.RateLimitService[0;39m                      : total requests 0 in progress 0 queue size 0 
[32m2025-06-05 | 03:36:56.727[0;39m | [34mINFO [0;39m [[36mapp-(scheduled)-rateLimitLogging-0      [0;39m] [33mo.t.t.s.p.RateLimitService[0;39m                      : total requests 0 in progress 0 queue size 0 
[32m2025-06-05 | 03:37:06.739[0;39m | [34mINFO [0;39m [[36mapp-(scheduled)-rateLimitLogging-0      [0;39m] [33mo.t.t.s.p.RateLimitService[0;39m                      : total requests 0 in progress 0 queue size 0 
[32m2025-06-05 | 03:37:16.714[0;39m | [34mINFO [0;39m [[36mapp-(scheduled)-rateLimitLogging-0      [0;39m] [33mo.t.t.s.p.RateLimitService[0;39m                      : total requests 0 in progress 0 queue size 0 
[32m2025-06-05 | 03:37:26.723[0;39m | [34mINFO [0;39m [[36mapp-(scheduled)-rateLimitLogging-0      [0;39m] [33mo.t.t.s.p.RateLimitService[0;39m                      : total requests 0 in progress 0 queue size 0 
[32m2025-06-05 | 03:37:36.718[0;39m | [34mINFO [0;39m [[36mapp-(scheduled)-rateLimitLogging-0      [0;39m] [33mo.t.t.s.p.RateLimitService[0;39m                      : total requests 0 in progress 0 queue size 0 
[32m2025-06-05 | 03:37:46.714[0;39m | [34mINFO [0;39m [[36mapp-(scheduled)-rateLimitLogging-0      [0;39m] [33mo.t.t.s.p.RateLimitService[0;39m                      : total requests 0 in progress 0 queue size 0 
[32m2025-06-05 | 03:37:56.713[0;39m | [34mINFO [0;39m [[36mapp-(scheduled)-rateLimitLogging-0      [0;39m] [33mo.t.t.s.p.RateLimitService[0;39m                      : total requests 0 in progress 0 queue size 0 
[32m2025-06-05 | 03:38:06.716[0;39m | [34mINFO [0;39m [[36mapp-(scheduled)-rateLimitLogging-0      [0;39m] [33mo.t.t.s.p.RateLimitService[0;39m                      : total requests 0 in progress 0 queue size 0 
[32m2025-06-05 | 03:38:16.717[0;39m | [34mINFO [0;39m [[36mapp-(scheduled)-rateLimitLogging-0      [0;39m] [33mo.t.t.s.p.RateLimitService[0;39m                      : total requests 0 in progress 0 queue size 0 
[32m2025-06-05 | 03:38:26.721[0;39m | [34mINFO [0;39m [[36mapp-(scheduled)-rateLimitLogging-0      [0;39m] [33mo.t.t.s.p.RateLimitService[0;39m                      : total requests 0 in progress 0 queue size 0 
[32m2025-06-05 | 03:38:36.717[0;39m | [34mINFO [0;39m [[36mapp-(scheduled)-rateLimitLogging-0      [0;39m] [33mo.t.t.s.p.RateLimitService[0;39m                      : total requests 0 in progress 0 queue size 0 
[32m2025-06-05 | 03:38:46.712[0;39m | [34mINFO [0;39m [[36mapp-(scheduled)-rateLimitLogging-0      [0;39m] [33mo.t.t.s.p.RateLimitService[0;39m                      : total requests 0 in progress 0 queue size 0 
[32m2025-06-05 | 03:38:56.712[0;39m | [34mINFO [0;39m [[36mapp-(scheduled)-rateLimitLogging-0      [0;39m] [33mo.t.t.s.p.RateLimitService[0;39m                      : total requests 0 in progress 0 queue size 0 
[32m2025-06-05 | 03:39:06.727[0;39m | [34mINFO [0;39m [[36mapp-(scheduled)-rateLimitLogging-0      [0;39m] [33mo.t.t.s.p.RateLimitService[0;39m                      : total requests 0 in progress 0 queue size 0 
[32m2025-06-05 | 03:39:16.722[0;39m | [34mINFO [0;39m [[36mapp-(scheduled)-rateLimitLogging-0      [0;39m] [33mo.t.t.s.p.RateLimitService[0;39m                      : total requests 0 in progress 0 queue size 0 
[32m2025-06-05 | 03:39:26.717[0;39m | [34mINFO [0;39m [[36mapp-(scheduled)-rateLimitLogging-0      [0;39m] [33mo.t.t.s.p.RateLimitService[0;39m                      : total requests 0 in progress 0 queue size 0 
[32m2025-06-05 | 03:39:36.720[0;39m | [34mINFO [0;39m [[36mapp-(scheduled)-rateLimitLogging-0      [0;39m] [33mo.t.t.s.p.RateLimitService[0;39m                      : total requests 0 in progress 0 queue size 0 
[32m2025-06-05 | 03:39:46.717[0;39m | [34mINFO [0;39m [[36mapp-(scheduled)-rateLimitLogging-0      [0;39m] [33mo.t.t.s.p.RateLimitService[0;39m                      : total requests 0 in progress 0 queue size 0 
[32m2025-06-05 | 03:39:56.728[0;39m | [34mINFO [0;39m [[36mapp-(scheduled)-rateLimitLogging-0      [0;39m] [33mo.t.t.s.p.RateLimitService[0;39m                      : total requests 0 in progress 0 queue size 0 
[32m2025-06-05 | 03:40:06.748[0;39m | [34mINFO [0;39m [[36mapp-(scheduled)-rateLimitLogging-0      [0;39m] [33mo.t.t.s.p.RateLimitService[0;39m                      : total requests 0 in progress 0 queue size 0 
[32m2025-06-05 | 03:40:16.727[0;39m | [34mINFO [0;39m [[36mapp-(scheduled)-rateLimitLogging-0      [0;39m] [33mo.t.t.s.p.RateLimitService[0;39m                      : total requests 0 in progress 0 queue size 0 
[32m2025-06-05 | 03:40:26.722[0;39m | [34mINFO [0;39m [[36mapp-(scheduled)-rateLimitLogging-0      [0;39m] [33mo.t.t.s.p.RateLimitService[0;39m                      : total requests 0 in progress 0 queue size 0 
[32m2025-06-05 | 03:40:36.719[0;39m | [34mINFO [0;39m [[36mapp-(scheduled)-rateLimitLogging-0      [0;39m] [33mo.t.t.s.p.RateLimitService[0;39m                      : total requests 0 in progress 0 queue size 0 
[32m2025-06-05 | 03:40:46.716[0;39m | [34mINFO [0;39m [[36mapp-(scheduled)-rateLimitLogging-0      [0;39m] [33mo.t.t.s.p.RateLimitService[0;39m                      : total requests 0 in progress 0 queue size 0 
[32m2025-06-05 | 03:40:56.713[0;39m | [34mINFO [0;39m [[36mapp-(scheduled)-rateLimitLogging-0      [0;39m] [33mo.t.t.s.p.RateLimitService[0;39m                      : total requests 0 in progress 0 queue size 0 
[32m2025-06-05 | 03:41:06.715[0;39m | [34mINFO [0;39m [[36mapp-(scheduled)-rateLimitLogging-0      [0;39m] [33mo.t.t.s.p.RateLimitService[0;39m                      : total requests 0 in progress 0 queue size 0 
[32m2025-06-05 | 03:41:16.716[0;39m | [34mINFO [0;39m [[36mapp-(scheduled)-rateLimitLogging-0      [0;39m] [33mo.t.t.s.p.RateLimitService[0;39m                      : total requests 0 in progress 0 queue size 0 
[32m2025-06-05 | 03:41:26.720[0;39m | [34mINFO [0;39m [[36mapp-(scheduled)-rateLimitLogging-0      [0;39m] [33mo.t.t.s.p.RateLimitService[0;39m                      : total requests 0 in progress 0 queue size 0 
[32m2025-06-05 | 03:41:36.724[0;39m | [34mINFO [0;39m [[36mapp-(scheduled)-rateLimitLogging-0      [0;39m] [33mo.t.t.s.p.RateLimitService[0;39m                      : total requests 0 in progress 0 queue size 0 
[32m2025-06-05 | 03:41:46.726[0;39m | [34mINFO [0;39m [[36mapp-(scheduled)-rateLimitLogging-0      [0;39m] [33mo.t.t.s.p.RateLimitService[0;39m                      : total requests 0 in progress 0 queue size 0 
[32m2025-06-05 | 03:41:56.718[0;39m | [34mINFO [0;39m [[36mapp-(scheduled)-rateLimitLogging-0      [0;39m] [33mo.t.t.s.p.RateLimitService[0;39m                      : total requests 0 in progress 0 queue size 0 
[32m2025-06-05 | 03:42:06.719[0;39m | [34mINFO [0;39m [[36mapp-(scheduled)-rateLimitLogging-0      [0;39m] [33mo.t.t.s.p.RateLimitService[0;39m                      : total requests 0 in progress 0 queue size 0 
[32m2025-06-05 | 03:42:16.715[0;39m | [34mINFO [0;39m [[36mapp-(scheduled)-rateLimitLogging-0      [0;39m] [33mo.t.t.s.p.RateLimitService[0;39m                      : total requests 0 in progress 0 queue size 0 
[32m2025-06-05 | 03:42:26.722[0;39m | [34mINFO [0;39m [[36mapp-(scheduled)-rateLimitLogging-0      [0;39m] [33mo.t.t.s.p.RateLimitService[0;39m                      : total requests 0 in progress 0 queue size 0 
[32m2025-06-05 | 03:42:36.722[0;39m | [34mINFO [0;39m [[36mapp-(scheduled)-rateLimitLogging-0      [0;39m] [33mo.t.t.s.p.RateLimitService[0;39m                      : total requests 0 in progress 0 queue size 0 
[32m2025-06-05 | 03:42:46.738[0;39m | [34mINFO [0;39m [[36mapp-(scheduled)-rateLimitLogging-0      [0;39m] [33mo.t.t.s.p.RateLimitService[0;39m                      : total requests 0 in progress 0 queue size 0 
[32m2025-06-05 | 03:42:56.719[0;39m | [34mINFO [0;39m [[36mapp-(scheduled)-rateLimitLogging-0      [0;39m] [33mo.t.t.s.p.RateLimitService[0;39m                      : total requests 0 in progress 0 queue size 0 
[32m2025-06-05 | 03:43:06.724[0;39m | [34mINFO [0;39m [[36mapp-(scheduled)-rateLimitLogging-0      [0;39m] [33mo.t.t.s.p.RateLimitService[0;39m                      : total requests 0 in progress 0 queue size 0 
[32m2025-06-05 | 03:43:16.717[0;39m | [34mINFO [0;39m [[36mapp-(scheduled)-rateLimitLogging-0      [0;39m] [33mo.t.t.s.p.RateLimitService[0;39m                      : total requests 0 in progress 0 queue size 0 
[32m2025-06-05 | 03:43:26.718[0;39m | [34mINFO [0;39m [[36mapp-(scheduled)-rateLimitLogging-0      [0;39m] [33mo.t.t.s.p.RateLimitService[0;39m                      : total requests 0 in progress 0 queue size 0 
[32m2025-06-05 | 03:43:36.726[0;39m | [34mINFO [0;39m [[36mapp-(scheduled)-rateLimitLogging-0      [0;39m] [33mo.t.t.s.p.RateLimitService[0;39m                      : total requests 0 in progress 0 queue size 0 
[32m2025-06-05 | 03:43:46.720[0;39m | [34mINFO [0;39m [[36mapp-(scheduled)-rateLimitLogging-0      [0;39m] [33mo.t.t.s.p.RateLimitService[0;39m                      : total requests 0 in progress 0 queue size 0 
[32m2025-06-05 | 03:43:56.727[0;39m | [34mINFO [0;39m [[36mapp-(scheduled)-rateLimitLogging-0      [0;39m] [33mo.t.t.s.p.RateLimitService[0;39m                      : total requests 0 in progress 0 queue size 0 
[32m2025-06-05 | 03:44:06.727[0;39m | [34mINFO [0;39m [[36mapp-(scheduled)-rateLimitLogging-0      [0;39m] [33mo.t.t.s.p.RateLimitService[0;39m                      : total requests 0 in progress 0 queue size 0 
[32m2025-06-05 | 03:44:16.727[0;39m | [34mINFO [0;39m [[36mapp-(scheduled)-rateLimitLogging-0      [0;39m] [33mo.t.t.s.p.RateLimitService[0;39m                      : total requests 0 in progress 0 queue size 0 
[32m2025-06-05 | 03:44:26.726[0;39m | [34mINFO [0;39m [[36mapp-(scheduled)-rateLimitLogging-0      [0;39m] [33mo.t.t.s.p.RateLimitService[0;39m                      : total requests 0 in progress 0 queue size 0 
[32m2025-06-05 | 03:44:36.754[0;39m | [34mINFO [0;39m [[36mapp-(scheduled)-rateLimitLogging-0      [0;39m] [33mo.t.t.s.p.RateLimitService[0;39m                      : total requests 0 in progress 0 queue size 0 
[32m2025-06-05 | 03:44:46.717[0;39m | [34mINFO [0;39m [[36mapp-(scheduled)-rateLimitLogging-0      [0;39m] [33mo.t.t.s.p.RateLimitService[0;39m                      : total requests 0 in progress 0 queue size 0 
[32m2025-06-05 | 03:44:56.716[0;39m | [34mINFO [0;39m [[36mapp-(scheduled)-rateLimitLogging-0      [0;39m] [33mo.t.t.s.p.RateLimitService[0;39m                      : total requests 0 in progress 0 queue size 0 
[32m2025-06-05 | 03:45:06.725[0;39m | [34mINFO [0;39m [[36mapp-(scheduled)-rateLimitLogging-0      [0;39m] [33mo.t.t.s.p.RateLimitService[0;39m                      : total requests 0 in progress 0 queue size 0 
[32m2025-06-05 | 03:45:16.722[0;39m | [34mINFO [0;39m [[36mapp-(scheduled)-rateLimitLogging-0      [0;39m] [33mo.t.t.s.p.RateLimitService[0;39m                      : total requests 0 in progress 0 queue size 0 
[32m2025-06-05 | 03:45:26.712[0;39m | [34mINFO [0;39m [[36mapp-(scheduled)-rateLimitLogging-0      [0;39m] [33mo.t.t.s.p.RateLimitService[0;39m                      : total requests 0 in progress 0 queue size 0 
[32m2025-06-05 | 03:45:36.721[0;39m | [34mINFO [0;39m [[36mapp-(scheduled)-rateLimitLogging-0      [0;39m] [33mo.t.t.s.p.RateLimitService[0;39m                      : total requests 0 in progress 0 queue size 0 
[32m2025-06-05 | 03:45:46.723[0;39m | [34mINFO [0;39m [[36mapp-(scheduled)-rateLimitLogging-0      [0;39m] [33mo.t.t.s.p.RateLimitService[0;39m                      : total requests 0 in progress 0 queue size 0 
[32m2025-06-05 | 03:45:56.723[0;39m | [34mINFO [0;39m [[36mapp-(scheduled)-rateLimitLogging-0      [0;39m] [33mo.t.t.s.p.RateLimitService[0;39m                      : total requests 0 in progress 0 queue size 0 
[32m2025-06-05 | 03:46:06.722[0;39m | [34mINFO [0;39m [[36mapp-(scheduled)-rateLimitLogging-0      [0;39m] [33mo.t.t.s.p.RateLimitService[0;39m                      : total requests 0 in progress 0 queue size 0 
[32m2025-06-05 | 03:46:16.723[0;39m | [34mINFO [0;39m [[36mapp-(scheduled)-rateLimitLogging-0      [0;39m] [33mo.t.t.s.p.RateLimitService[0;39m                      : total requests 0 in progress 0 queue size 0 
[32m2025-06-05 | 03:46:26.716[0;39m | [34mINFO [0;39m [[36mapp-(scheduled)-rateLimitLogging-0      [0;39m] [33mo.t.t.s.p.RateLimitService[0;39m                      : total requests 0 in progress 0 queue size 0 
[32m2025-06-05 | 03:46:36.720[0;39m | [34mINFO [0;39m [[36mapp-(scheduled)-rateLimitLogging-0      [0;39m] [33mo.t.t.s.p.RateLimitService[0;39m                      : total requests 0 in progress 0 queue size 0 
[32m2025-06-05 | 03:46:46.729[0;39m | [34mINFO [0;39m [[36mapp-(scheduled)-rateLimitLogging-0      [0;39m] [33mo.t.t.s.p.RateLimitService[0;39m                      : total requests 0 in progress 0 queue size 0 
[32m2025-06-05 | 03:46:56.717[0;39m | [34mINFO [0;39m [[36mapp-(scheduled)-rateLimitLogging-0      [0;39m] [33mo.t.t.s.p.RateLimitService[0;39m                      : total requests 0 in progress 0 queue size 0 
[32m2025-06-05 | 03:47:06.726[0;39m | [34mINFO [0;39m [[36mapp-(scheduled)-rateLimitLogging-0      [0;39m] [33mo.t.t.s.p.RateLimitService[0;39m                      : total requests 0 in progress 0 queue size 0 
[32m2025-06-05 | 03:47:16.716[0;39m | [34mINFO [0;39m [[36mapp-(scheduled)-rateLimitLogging-0      [0;39m] [33mo.t.t.s.p.RateLimitService[0;39m                      : total requests 0 in progress 0 queue size 0 
[32m2025-06-05 | 03:47:26.724[0;39m | [34mINFO [0;39m [[36mapp-(scheduled)-rateLimitLogging-0      [0;39m] [33mo.t.t.s.p.RateLimitService[0;39m                      : total requests 0 in progress 0 queue size 0 
[32m2025-06-05 | 03:47:36.726[0;39m | [34mINFO [0;39m [[36mapp-(scheduled)-rateLimitLogging-0      [0;39m] [33mo.t.t.s.p.RateLimitService[0;39m                      : total requests 0 in progress 0 queue size 0 
[32m2025-06-05 | 03:47:46.721[0;39m | [34mINFO [0;39m [[36mapp-(scheduled)-rateLimitLogging-0      [0;39m] [33mo.t.t.s.p.RateLimitService[0;39m                      : total requests 0 in progress 0 queue size 0 
[32m2025-06-05 | 03:47:56.723[0;39m | [34mINFO [0;39m [[36mapp-(scheduled)-rateLimitLogging-0      [0;39m] [33mo.t.t.s.p.RateLimitService[0;39m                      : total requests 0 in progress 0 queue size 0 
[32m2025-06-05 | 03:48:06.721[0;39m | [34mINFO [0;39m [[36mapp-(scheduled)-rateLimitLogging-0      [0;39m] [33mo.t.t.s.p.RateLimitService[0;39m                      : total requests 0 in progress 0 queue size 0 
[32m2025-06-05 | 03:48:16.726[0;39m | [34mINFO [0;39m [[36mapp-(scheduled)-rateLimitLogging-0      [0;39m] [33mo.t.t.s.p.RateLimitService[0;39m                      : total requests 0 in progress 0 queue size 0 
[32m2025-06-05 | 03:48:26.717[0;39m | [34mINFO [0;39m [[36mapp-(scheduled)-rateLimitLogging-0      [0;39m] [33mo.t.t.s.p.RateLimitService[0;39m                      : total requests 0 in progress 0 queue size 0 
[32m2025-06-05 | 03:48:36.715[0;39m | [34mINFO [0;39m [[36mapp-(scheduled)-rateLimitLogging-0      [0;39m] [33mo.t.t.s.p.RateLimitService[0;39m                      : total requests 0 in progress 0 queue size 0 
[32m2025-06-05 | 03:48:46.726[0;39m | [34mINFO [0;39m [[36mapp-(scheduled)-rateLimitLogging-0      [0;39m] [33mo.t.t.s.p.RateLimitService[0;39m                      : total requests 0 in progress 0 queue size 0 
[32m2025-06-05 | 03:48:56.717[0;39m | [34mINFO [0;39m [[36mapp-(scheduled)-rateLimitLogging-0      [0;39m] [33mo.t.t.s.p.RateLimitService[0;39m                      : total requests 0 in progress 0 queue size 0 
[32m2025-06-05 | 03:49:06.726[0;39m | [34mINFO [0;39m [[36mapp-(scheduled)-rateLimitLogging-0      [0;39m] [33mo.t.t.s.p.RateLimitService[0;39m                      : total requests 0 in progress 0 queue size 0 
[32m2025-06-05 | 03:49:16.720[0;39m | [34mINFO [0;39m [[36mapp-(scheduled)-rateLimitLogging-0      [0;39m] [33mo.t.t.s.p.RateLimitService[0;39m                      : total requests 0 in progress 0 queue size 0 
[32m2025-06-05 | 03:49:26.727[0;39m | [34mINFO [0;39m [[36mapp-(scheduled)-rateLimitLogging-0      [0;39m] [33mo.t.t.s.p.RateLimitService[0;39m                      : total requests 0 in progress 0 queue size 0 
[32m2025-06-05 | 03:49:36.723[0;39m | [34mINFO [0;39m [[36mapp-(scheduled)-rateLimitLogging-0      [0;39m] [33mo.t.t.s.p.RateLimitService[0;39m                      : total requests 0 in progress 0 queue size 0 
[32m2025-06-05 | 03:49:46.718[0;39m | [34mINFO [0;39m [[36mapp-(scheduled)-rateLimitLogging-0      [0;39m] [33mo.t.t.s.p.RateLimitService[0;39m                      : total requests 0 in progress 0 queue size 0 
[32m2025-06-05 | 06:50:48.349[0;39m | [31mWARN [0;39m [[36mHikariPool-1 housekeeper                [0;39m] [33mc.z.h.p.HikariPool$HouseKeeper[0;39m                  : HikariPool-1 - Thread starvation or clock leap detected (housekeeper delta=3h1m31s445ms65µs300ns). 
[32m2025-06-05 | 06:50:54.289[0;39m | [34mINFO [0;39m [[36mapp-(scheduled)-rateLimitLogging-0      [0;39m] [33mo.t.t.s.p.RateLimitService[0;39m                      : total requests 0 in progress 0 queue size 0 
[32m2025-06-05 | 06:50:54.289[0;39m | [34mINFO [0;39m [[36mapp-(scheduled)-rateLimitLogging-0      [0;39m] [33mo.t.t.s.p.RateLimitService[0;39m                      : total requests 0 in progress 0 queue size 0 
[32m2025-06-05 | 06:50:54.289[0;39m | [34mINFO [0;39m [[36mapp-(scheduled)-rateLimitLogging-0      [0;39m] [33mo.t.t.s.p.RateLimitService[0;39m                      : total requests 0 in progress 0 queue size 0 
[32m2025-06-05 | 06:50:54.289[0;39m | [34mINFO [0;39m [[36mapp-(scheduled)-rateLimitLogging-0      [0;39m] [33mo.t.t.s.p.RateLimitService[0;39m                      : total requests 0 in progress 0 queue size 0 
[32m2025-06-05 | 06:50:54.289[0;39m | [34mINFO [0;39m [[36mapp-(scheduled)-rateLimitLogging-0      [0;39m] [33mo.t.t.s.p.RateLimitService[0;39m                      : total requests 0 in progress 0 queue size 0 
[32m2025-06-05 | 06:50:54.289[0;39m | [34mINFO [0;39m [[36mapp-(scheduled)-rateLimitLogging-0      [0;39m] [33mo.t.t.s.p.RateLimitService[0;39m                      : total requests 0 in progress 0 queue size 0 
[32m2025-06-05 | 06:50:54.289[0;39m | [34mINFO [0;39m [[36mapp-(scheduled)-rateLimitLogging-0      [0;39m] [33mo.t.t.s.p.RateLimitService[0;39m                      : total requests 0 in progress 0 queue size 0 
[32m2025-06-05 | 06:50:54.289[0;39m | [34mINFO [0;39m [[36mapp-(scheduled)-rateLimitLogging-0      [0;39m] [33mo.t.t.s.p.RateLimitService[0;39m                      : total requests 0 in progress 0 queue size 0 
[32m2025-06-05 | 06:50:54.289[0;39m | [34mINFO [0;39m [[36mapp-(scheduled)-rateLimitLogging-0      [0;39m] [33mo.t.t.s.p.RateLimitService[0;39m                      : total requests 0 in progress 0 queue size 0 
[32m2025-06-05 | 06:50:54.289[0;39m | [34mINFO [0;39m [[36mapp-(scheduled)-rateLimitLogging-0      [0;39m] [33mo.t.t.s.p.RateLimitService[0;39m                      : total requests 0 in progress 0 queue size 0 
[32m2025-06-05 | 06:50:54.289[0;39m | [34mINFO [0;39m [[36mapp-(scheduled)-rateLimitLogging-0      [0;39m] [33mo.t.t.s.p.RateLimitService[0;39m                      : total requests 0 in progress 0 queue size 0 
[32m2025-06-05 | 06:50:54.289[0;39m | [34mINFO [0;39m [[36mapp-(scheduled)-rateLimitLogging-0      [0;39m] [33mo.t.t.s.p.RateLimitService[0;39m                      : total requests 0 in progress 0 queue size 0 
[32m2025-06-05 | 06:50:54.289[0;39m | [34mINFO [0;39m [[36mapp-(scheduled)-rateLimitLogging-0      [0;39m] [33mo.t.t.s.p.RateLimitService[0;39m                      : total requests 0 in progress 0 queue size 0 
[32m2025-06-05 | 06:50:54.289[0;39m | [34mINFO [0;39m [[36mapp-(scheduled)-rateLimitLogging-0      [0;39m] [33mo.t.t.s.p.RateLimitService[0;39m                      : total requests 0 in progress 0 queue size 0 
[32m2025-06-05 | 06:50:54.289[0;39m | [34mINFO [0;39m [[36mapp-(scheduled)-rateLimitLogging-0      [0;39m] [33mo.t.t.s.p.RateLimitService[0;39m                      : total requests 0 in progress 0 queue size 0 
[32m2025-06-05 | 06:50:54.289[0;39m | [34mINFO [0;39m [[36mapp-(scheduled)-rateLimitLogging-0      [0;39m] [33mo.t.t.s.p.RateLimitService[0;39m                      : total requests 0 in progress 0 queue size 0 
[32m2025-06-05 | 06:50:54.289[0;39m | [34mINFO [0;39m [[36mapp-(scheduled)-rateLimitLogging-0      [0;39m] [33mo.t.t.s.p.RateLimitService[0;39m                      : total requests 0 in progress 0 queue size 0 
[32m2025-06-05 | 06:50:54.289[0;39m | [34mINFO [0;39m [[36mapp-(scheduled)-rateLimitLogging-0      [0;39m] [33mo.t.t.s.p.RateLimitService[0;39m                      : total requests 0 in progress 0 queue size 0 
[32m2025-06-05 | 06:50:54.289[0;39m | [34mINFO [0;39m [[36mapp-(scheduled)-rateLimitLogging-0      [0;39m] [33mo.t.t.s.p.RateLimitService[0;39m                      : total requests 0 in progress 0 queue size 0 
[32m2025-06-05 | 06:50:54.289[0;39m | [34mINFO [0;39m [[36mapp-(scheduled)-rateLimitLogging-0      [0;39m] [33mo.t.t.s.p.RateLimitService[0;39m                      : total requests 0 in progress 0 queue size 0 
[32m2025-06-05 | 06:50:54.289[0;39m | [34mINFO [0;39m [[36mapp-(scheduled)-rateLimitLogging-0      [0;39m] [33mo.t.t.s.p.RateLimitService[0;39m                      : total requests 0 in progress 0 queue size 0 
[32m2025-06-05 | 06:50:54.289[0;39m | [34mINFO [0;39m [[36mapp-(scheduled)-rateLimitLogging-0      [0;39m] [33mo.t.t.s.p.RateLimitService[0;39m                      : total requests 0 in progress 0 queue size 0 
[32m2025-06-05 | 06:50:54.289[0;39m | [34mINFO [0;39m [[36mapp-(scheduled)-rateLimitLogging-0      [0;39m] [33mo.t.t.s.p.RateLimitService[0;39m                      : total requests 0 in progress 0 queue size 0 
[32m2025-06-05 | 06:50:54.289[0;39m | [34mINFO [0;39m [[36mapp-(scheduled)-rateLimitLogging-0      [0;39m] [33mo.t.t.s.p.RateLimitService[0;39m                      : total requests 0 in progress 0 queue size 0 
[32m2025-06-05 | 06:50:54.289[0;39m | [34mINFO [0;39m [[36mapp-(scheduled)-rateLimitLogging-0      [0;39m] [33mo.t.t.s.p.RateLimitService[0;39m                      : total requests 0 in progress 0 queue size 0 
[32m2025-06-05 | 06:50:54.289[0;39m | [34mINFO [0;39m [[36mapp-(scheduled)-rateLimitLogging-0      [0;39m] [33mo.t.t.s.p.RateLimitService[0;39m                      : total requests 0 in progress 0 queue size 0 
[32m2025-06-05 | 06:50:54.289[0;39m | [34mINFO [0;39m [[36mapp-(scheduled)-rateLimitLogging-0      [0;39m] [33mo.t.t.s.p.RateLimitService[0;39m                      : total requests 0 in progress 0 queue size 0 
[32m2025-06-05 | 06:50:54.289[0;39m | [34mINFO [0;39m [[36mapp-(scheduled)-rateLimitLogging-0      [0;39m] [33mo.t.t.s.p.RateLimitService[0;39m                      : total requests 0 in progress 0 queue size 0 
[32m2025-06-05 | 06:50:54.289[0;39m | [34mINFO [0;39m [[36mapp-(scheduled)-rateLimitLogging-0      [0;39m] [33mo.t.t.s.p.RateLimitService[0;39m                      : total requests 0 in progress 0 queue size 0 
[32m2025-06-05 | 06:50:54.289[0;39m | [34mINFO [0;39m [[36mapp-(scheduled)-rateLimitLogging-0      [0;39m] [33mo.t.t.s.p.RateLimitService[0;39m                      : total requests 0 in progress 0 queue size 0 
[32m2025-06-05 | 06:50:54.289[0;39m | [34mINFO [0;39m [[36mapp-(scheduled)-rateLimitLogging-0      [0;39m] [33mo.t.t.s.p.RateLimitService[0;39m                      : total requests 0 in progress 0 queue size 0 
[32m2025-06-05 | 06:50:54.289[0;39m | [34mINFO [0;39m [[36mapp-(scheduled)-rateLimitLogging-0      [0;39m] [33mo.t.t.s.p.RateLimitService[0;39m                      : total requests 0 in progress 0 queue size 0 
[32m2025-06-05 | 06:50:54.289[0;39m | [34mINFO [0;39m [[36mapp-(scheduled)-rateLimitLogging-0      [0;39m] [33mo.t.t.s.p.RateLimitService[0;39m                      : total requests 0 in progress 0 queue size 0 
[32m2025-06-05 | 06:50:54.289[0;39m | [34mINFO [0;39m [[36mapp-(scheduled)-rateLimitLogging-0      [0;39m] [33mo.t.t.s.p.RateLimitService[0;39m                      : total requests 0 in progress 0 queue size 0 
[32m2025-06-05 | 06:50:54.289[0;39m | [34mINFO [0;39m [[36mapp-(scheduled)-rateLimitLogging-0      [0;39m] [33mo.t.t.s.p.RateLimitService[0;39m                      : total requests 0 in progress 0 queue size 0 
[32m2025-06-05 | 06:50:54.289[0;39m | [34mINFO [0;39m [[36mapp-(scheduled)-rateLimitLogging-0      [0;39m] [33mo.t.t.s.p.RateLimitService[0;39m                      : total requests 0 in progress 0 queue size 0 
[32m2025-06-05 | 06:50:54.289[0;39m | [34mINFO [0;39m [[36mapp-(scheduled)-rateLimitLogging-0      [0;39m] [33mo.t.t.s.p.RateLimitService[0;39m                      : total requests 0 in progress 0 queue size 0 
[32m2025-06-05 | 06:50:54.289[0;39m | [34mINFO [0;39m [[36mapp-(scheduled)-rateLimitLogging-0      [0;39m] [33mo.t.t.s.p.RateLimitService[0;39m                      : total requests 0 in progress 0 queue size 0 
[32m2025-06-05 | 06:50:54.289[0;39m | [34mINFO [0;39m [[36mapp-(scheduled)-rateLimitLogging-0      [0;39m] [33mo.t.t.s.p.RateLimitService[0;39m                      : total requests 0 in progress 0 queue size 0 
[32m2025-06-05 | 06:50:54.289[0;39m | [34mINFO [0;39m [[36mapp-(scheduled)-rateLimitLogging-0      [0;39m] [33mo.t.t.s.p.RateLimitService[0;39m                      : total requests 0 in progress 0 queue size 0 
[32m2025-06-05 | 06:50:54.289[0;39m | [34mINFO [0;39m [[36mapp-(scheduled)-rateLimitLogging-0      [0;39m] [33mo.t.t.s.p.RateLimitService[0;39m                      : total requests 0 in progress 0 queue size 0 
[32m2025-06-05 | 06:50:54.289[0;39m | [34mINFO [0;39m [[36mapp-(scheduled)-rateLimitLogging-0      [0;39m] [33mo.t.t.s.p.RateLimitService[0;39m                      : total requests 0 in progress 0 queue size 0 
[32m2025-06-05 | 06:50:54.289[0;39m | [34mINFO [0;39m [[36mapp-(scheduled)-rateLimitLogging-0      [0;39m] [33mo.t.t.s.p.RateLimitService[0;39m                      : total requests 0 in progress 0 queue size 0 
[32m2025-06-05 | 06:50:54.289[0;39m | [34mINFO [0;39m [[36mapp-(scheduled)-rateLimitLogging-0      [0;39m] [33mo.t.t.s.p.RateLimitService[0;39m                      : total requests 0 in progress 0 queue size 0 
[32m2025-06-05 | 06:50:54.289[0;39m | [34mINFO [0;39m [[36mapp-(scheduled)-rateLimitLogging-0      [0;39m] [33mo.t.t.s.p.RateLimitService[0;39m                      : total requests 0 in progress 0 queue size 0 
[32m2025-06-05 | 06:50:54.289[0;39m | [34mINFO [0;39m [[36mapp-(scheduled)-rateLimitLogging-0      [0;39m] [33mo.t.t.s.p.RateLimitService[0;39m                      : total requests 0 in progress 0 queue size 0 
[32m2025-06-05 | 06:50:54.289[0;39m | [34mINFO [0;39m [[36mapp-(scheduled)-rateLimitLogging-0      [0;39m] [33mo.t.t.s.p.RateLimitService[0;39m                      : total requests 0 in progress 0 queue size 0 
[32m2025-06-05 | 06:50:54.289[0;39m | [34mINFO [0;39m [[36mapp-(scheduled)-rateLimitLogging-0      [0;39m] [33mo.t.t.s.p.RateLimitService[0;39m                      : total requests 0 in progress 0 queue size 0 
[32m2025-06-05 | 06:50:54.289[0;39m | [34mINFO [0;39m [[36mapp-(scheduled)-rateLimitLogging-0      [0;39m] [33mo.t.t.s.p.RateLimitService[0;39m                      : total requests 0 in progress 0 queue size 0 
[32m2025-06-05 | 06:50:54.289[0;39m | [34mINFO [0;39m [[36mapp-(scheduled)-rateLimitLogging-0      [0;39m] [33mo.t.t.s.p.RateLimitService[0;39m                      : total requests 0 in progress 0 queue size 0 
[32m2025-06-05 | 06:50:54.289[0;39m | [34mINFO [0;39m [[36mapp-(scheduled)-rateLimitLogging-0      [0;39m] [33mo.t.t.s.p.RateLimitService[0;39m                      : total requests 0 in progress 0 queue size 0 
[32m2025-06-05 | 06:50:54.289[0;39m | [34mINFO [0;39m [[36mapp-(scheduled)-rateLimitLogging-0      [0;39m] [33mo.t.t.s.p.RateLimitService[0;39m                      : total requests 0 in progress 0 queue size 0 
[32m2025-06-05 | 06:50:54.289[0;39m | [34mINFO [0;39m [[36mapp-(scheduled)-rateLimitLogging-0      [0;39m] [33mo.t.t.s.p.RateLimitService[0;39m                      : total requests 0 in progress 0 queue size 0 
[32m2025-06-05 | 06:50:54.289[0;39m | [34mINFO [0;39m [[36mapp-(scheduled)-rateLimitLogging-0      [0;39m] [33mo.t.t.s.p.RateLimitService[0;39m                      : total requests 0 in progress 0 queue size 0 
[32m2025-06-05 | 06:50:54.289[0;39m | [34mINFO [0;39m [[36mapp-(scheduled)-rateLimitLogging-0      [0;39m] [33mo.t.t.s.p.RateLimitService[0;39m                      : total requests 0 in progress 0 queue size 0 
[32m2025-06-05 | 06:50:54.289[0;39m | [34mINFO [0;39m [[36mapp-(scheduled)-rateLimitLogging-0      [0;39m] [33mo.t.t.s.p.RateLimitService[0;39m                      : total requests 0 in progress 0 queue size 0 
[32m2025-06-05 | 06:50:54.289[0;39m | [34mINFO [0;39m [[36mapp-(scheduled)-rateLimitLogging-0      [0;39m] [33mo.t.t.s.p.RateLimitService[0;39m                      : total requests 0 in progress 0 queue size 0 
[32m2025-06-05 | 06:50:54.289[0;39m | [34mINFO [0;39m [[36mapp-(scheduled)-rateLimitLogging-0      [0;39m] [33mo.t.t.s.p.RateLimitService[0;39m                      : total requests 0 in progress 0 queue size 0 
[32m2025-06-05 | 06:50:54.289[0;39m | [34mINFO [0;39m [[36mapp-(scheduled)-rateLimitLogging-0      [0;39m] [33mo.t.t.s.p.RateLimitService[0;39m                      : total requests 0 in progress 0 queue size 0 
[32m2025-06-05 | 06:50:54.289[0;39m | [34mINFO [0;39m [[36mapp-(scheduled)-rateLimitLogging-0      [0;39m] [33mo.t.t.s.p.RateLimitService[0;39m                      : total requests 0 in progress 0 queue size 0 
[32m2025-06-05 | 06:50:54.289[0;39m | [34mINFO [0;39m [[36mapp-(scheduled)-rateLimitLogging-0      [0;39m] [33mo.t.t.s.p.RateLimitService[0;39m                      : total requests 0 in progress 0 queue size 0 
[32m2025-06-05 | 06:50:54.289[0;39m | [34mINFO [0;39m [[36mapp-(scheduled)-rateLimitLogging-0      [0;39m] [33mo.t.t.s.p.RateLimitService[0;39m                      : total requests 0 in progress 0 queue size 0 
[32m2025-06-05 | 06:50:54.289[0;39m | [34mINFO [0;39m [[36mapp-(scheduled)-rateLimitLogging-0      [0;39m] [33mo.t.t.s.p.RateLimitService[0;39m                      : total requests 0 in progress 0 queue size 0 
[32m2025-06-05 | 06:50:54.289[0;39m | [34mINFO [0;39m [[36mapp-(scheduled)-rateLimitLogging-0      [0;39m] [33mo.t.t.s.p.RateLimitService[0;39m                      : total requests 0 in progress 0 queue size 0 
[32m2025-06-05 | 06:50:54.289[0;39m | [34mINFO [0;39m [[36mapp-(scheduled)-rateLimitLogging-0      [0;39m] [33mo.t.t.s.p.RateLimitService[0;39m                      : total requests 0 in progress 0 queue size 0 
[32m2025-06-05 | 06:50:54.289[0;39m | [34mINFO [0;39m [[36mapp-(scheduled)-rateLimitLogging-0      [0;39m] [33mo.t.t.s.p.RateLimitService[0;39m                      : total requests 0 in progress 0 queue size 0 
[32m2025-06-05 | 06:50:54.289[0;39m | [34mINFO [0;39m [[36mapp-(scheduled)-rateLimitLogging-0      [0;39m] [33mo.t.t.s.p.RateLimitService[0;39m                      : total requests 0 in progress 0 queue size 0 
[32m2025-06-05 | 06:50:54.289[0;39m | [34mINFO [0;39m [[36mapp-(scheduled)-rateLimitLogging-0      [0;39m] [33mo.t.t.s.p.RateLimitService[0;39m                      : total requests 0 in progress 0 queue size 0 
[32m2025-06-05 | 06:50:54.289[0;39m | [34mINFO [0;39m [[36mapp-(scheduled)-rateLimitLogging-0      [0;39m] [33mo.t.t.s.p.RateLimitService[0;39m                      : total requests 0 in progress 0 queue size 0 
[32m2025-06-05 | 06:50:54.289[0;39m | [34mINFO [0;39m [[36mapp-(scheduled)-rateLimitLogging-0      [0;39m] [33mo.t.t.s.p.RateLimitService[0;39m                      : total requests 0 in progress 0 queue size 0 
[32m2025-06-05 | 06:50:54.289[0;39m | [34mINFO [0;39m [[36mapp-(scheduled)-rateLimitLogging-0      [0;39m] [33mo.t.t.s.p.RateLimitService[0;39m                      : total requests 0 in progress 0 queue size 0 
[32m2025-06-05 | 06:50:54.289[0;39m | [34mINFO [0;39m [[36mapp-(scheduled)-rateLimitLogging-0      [0;39m] [33mo.t.t.s.p.RateLimitService[0;39m                      : total requests 0 in progress 0 queue size 0 
[32m2025-06-05 | 06:50:54.289[0;39m | [34mINFO [0;39m [[36mapp-(scheduled)-rateLimitLogging-0      [0;39m] [33mo.t.t.s.p.RateLimitService[0;39m                      : total requests 0 in progress 0 queue size 0 
[32m2025-06-05 | 06:50:54.289[0;39m | [34mINFO [0;39m [[36mapp-(scheduled)-rateLimitLogging-0      [0;39m] [33mo.t.t.s.p.RateLimitService[0;39m                      : total requests 0 in progress 0 queue size 0 
[32m2025-06-05 | 06:50:54.289[0;39m | [34mINFO [0;39m [[36mapp-(scheduled)-rateLimitLogging-0      [0;39m] [33mo.t.t.s.p.RateLimitService[0;39m                      : total requests 0 in progress 0 queue size 0 
[32m2025-06-05 | 06:50:54.289[0;39m | [34mINFO [0;39m [[36mapp-(scheduled)-rateLimitLogging-0      [0;39m] [33mo.t.t.s.p.RateLimitService[0;39m                      : total requests 0 in progress 0 queue size 0 
[32m2025-06-05 | 06:50:54.289[0;39m | [34mINFO [0;39m [[36mapp-(scheduled)-rateLimitLogging-0      [0;39m] [33mo.t.t.s.p.RateLimitService[0;39m                      : total requests 0 in progress 0 queue size 0 
[32m2025-06-05 | 06:50:54.289[0;39m | [34mINFO [0;39m [[36mapp-(scheduled)-rateLimitLogging-0      [0;39m] [33mo.t.t.s.p.RateLimitService[0;39m                      : total requests 0 in progress 0 queue size 0 
[32m2025-06-05 | 06:50:54.289[0;39m | [34mINFO [0;39m [[36mapp-(scheduled)-rateLimitLogging-0      [0;39m] [33mo.t.t.s.p.RateLimitService[0;39m                      : total requests 0 in progress 0 queue size 0 
[32m2025-06-05 | 06:50:54.289[0;39m | [34mINFO [0;39m [[36mapp-(scheduled)-rateLimitLogging-0      [0;39m] [33mo.t.t.s.p.RateLimitService[0;39m                      : total requests 0 in progress 0 queue size 0 
[32m2025-06-05 | 06:50:54.289[0;39m | [34mINFO [0;39m [[36mapp-(scheduled)-rateLimitLogging-0      [0;39m] [33mo.t.t.s.p.RateLimitService[0;39m                      : total requests 0 in progress 0 queue size 0 
[32m2025-06-05 | 06:50:54.289[0;39m | [34mINFO [0;39m [[36mapp-(scheduled)-rateLimitLogging-0      [0;39m] [33mo.t.t.s.p.RateLimitService[0;39m                      : total requests 0 in progress 0 queue size 0 
[32m2025-06-05 | 06:50:54.289[0;39m | [34mINFO [0;39m [[36mapp-(scheduled)-rateLimitLogging-0      [0;39m] [33mo.t.t.s.p.RateLimitService[0;39m                      : total requests 0 in progress 0 queue size 0 
[32m2025-06-05 | 06:50:54.289[0;39m | [34mINFO [0;39m [[36mapp-(scheduled)-rateLimitLogging-0      [0;39m] [33mo.t.t.s.p.RateLimitService[0;39m                      : total requests 0 in progress 0 queue size 0 
[32m2025-06-05 | 06:50:54.289[0;39m | [34mINFO [0;39m [[36mapp-(scheduled)-rateLimitLogging-0      [0;39m] [33mo.t.t.s.p.RateLimitService[0;39m                      : total requests 0 in progress 0 queue size 0 
[32m2025-06-05 | 06:50:54.289[0;39m | [34mINFO [0;39m [[36mapp-(scheduled)-rateLimitLogging-0      [0;39m] [33mo.t.t.s.p.RateLimitService[0;39m                      : total requests 0 in progress 0 queue size 0 
[32m2025-06-05 | 06:50:54.289[0;39m | [34mINFO [0;39m [[36mapp-(scheduled)-rateLimitLogging-0      [0;39m] [33mo.t.t.s.p.RateLimitService[0;39m                      : total requests 0 in progress 0 queue size 0 
[32m2025-06-05 | 06:50:54.289[0;39m | [34mINFO [0;39m [[36mapp-(scheduled)-rateLimitLogging-0      [0;39m] [33mo.t.t.s.p.RateLimitService[0;39m                      : total requests 0 in progress 0 queue size 0 
[32m2025-06-05 | 06:50:54.289[0;39m | [34mINFO [0;39m [[36mapp-(scheduled)-rateLimitLogging-0      [0;39m] [33mo.t.t.s.p.RateLimitService[0;39m                      : total requests 0 in progress 0 queue size 0 
[32m2025-06-05 | 06:50:54.289[0;39m | [34mINFO [0;39m [[36mapp-(scheduled)-rateLimitLogging-0      [0;39m] [33mo.t.t.s.p.RateLimitService[0;39m                      : total requests 0 in progress 0 queue size 0 
[32m2025-06-05 | 06:50:54.289[0;39m | [34mINFO [0;39m [[36mapp-(scheduled)-rateLimitLogging-0      [0;39m] [33mo.t.t.s.p.RateLimitService[0;39m                      : total requests 0 in progress 0 queue size 0 
[32m2025-06-05 | 06:50:54.289[0;39m | [34mINFO [0;39m [[36mapp-(scheduled)-rateLimitLogging-0      [0;39m] [33mo.t.t.s.p.RateLimitService[0;39m                      : total requests 0 in progress 0 queue size 0 
[32m2025-06-05 | 06:50:54.289[0;39m | [34mINFO [0;39m [[36mapp-(scheduled)-rateLimitLogging-0      [0;39m] [33mo.t.t.s.p.RateLimitService[0;39m                      : total requests 0 in progress 0 queue size 0 
[32m2025-06-05 | 06:50:54.289[0;39m | [34mINFO [0;39m [[36mapp-(scheduled)-rateLimitLogging-0      [0;39m] [33mo.t.t.s.p.RateLimitService[0;39m                      : total requests 0 in progress 0 queue size 0 
[32m2025-06-05 | 06:50:54.289[0;39m | [34mINFO [0;39m [[36mapp-(scheduled)-rateLimitLogging-0      [0;39m] [33mo.t.t.s.p.RateLimitService[0;39m                      : total requests 0 in progress 0 queue size 0 
[32m2025-06-05 | 06:50:54.289[0;39m | [34mINFO [0;39m [[36mapp-(scheduled)-rateLimitLogging-0      [0;39m] [33mo.t.t.s.p.RateLimitService[0;39m                      : total requests 0 in progress 0 queue size 0 
[32m2025-06-05 | 06:50:54.289[0;39m | [34mINFO [0;39m [[36mapp-(scheduled)-rateLimitLogging-0      [0;39m] [33mo.t.t.s.p.RateLimitService[0;39m                      : total requests 0 in progress 0 queue size 0 
[32m2025-06-05 | 06:50:54.289[0;39m | [34mINFO [0;39m [[36mapp-(scheduled)-rateLimitLogging-0      [0;39m] [33mo.t.t.s.p.RateLimitService[0;39m                      : total requests 0 in progress 0 queue size 0 
[32m2025-06-05 | 06:50:54.289[0;39m | [34mINFO [0;39m [[36mapp-(scheduled)-rateLimitLogging-0      [0;39m] [33mo.t.t.s.p.RateLimitService[0;39m                      : total requests 0 in progress 0 queue size 0 
[32m2025-06-05 | 06:50:54.289[0;39m | [34mINFO [0;39m [[36mapp-(scheduled)-rateLimitLogging-0      [0;39m] [33mo.t.t.s.p.RateLimitService[0;39m                      : total requests 0 in progress 0 queue size 0 
[32m2025-06-05 | 06:50:54.289[0;39m | [34mINFO [0;39m [[36mapp-(scheduled)-rateLimitLogging-0      [0;39m] [33mo.t.t.s.p.RateLimitService[0;39m                      : total requests 0 in progress 0 queue size 0 
[32m2025-06-05 | 06:50:54.289[0;39m | [34mINFO [0;39m [[36mapp-(scheduled)-rateLimitLogging-0      [0;39m] [33mo.t.t.s.p.RateLimitService[0;39m                      : total requests 0 in progress 0 queue size 0 
[32m2025-06-05 | 06:50:54.289[0;39m | [34mINFO [0;39m [[36mapp-(scheduled)-rateLimitLogging-0      [0;39m] [33mo.t.t.s.p.RateLimitService[0;39m                      : total requests 0 in progress 0 queue size 0 
[32m2025-06-05 | 06:50:54.289[0;39m | [34mINFO [0;39m [[36mapp-(scheduled)-rateLimitLogging-0      [0;39m] [33mo.t.t.s.p.RateLimitService[0;39m                      : total requests 0 in progress 0 queue size 0 
[32m2025-06-05 | 06:50:54.289[0;39m | [34mINFO [0;39m [[36mapp-(scheduled)-rateLimitLogging-0      [0;39m] [33mo.t.t.s.p.RateLimitService[0;39m                      : total requests 0 in progress 0 queue size 0 
[32m2025-06-05 | 06:50:54.289[0;39m | [34mINFO [0;39m [[36mapp-(scheduled)-rateLimitLogging-0      [0;39m] [33mo.t.t.s.p.RateLimitService[0;39m                      : total requests 0 in progress 0 queue size 0 
[32m2025-06-05 | 06:50:54.289[0;39m | [34mINFO [0;39m [[36mapp-(scheduled)-rateLimitLogging-0      [0;39m] [33mo.t.t.s.p.RateLimitService[0;39m                      : total requests 0 in progress 0 queue size 0 
[32m2025-06-05 | 06:50:54.289[0;39m | [34mINFO [0;39m [[36mapp-(scheduled)-rateLimitLogging-0      [0;39m] [33mo.t.t.s.p.RateLimitService[0;39m                      : total requests 0 in progress 0 queue size 0 
[32m2025-06-05 | 06:50:54.289[0;39m | [34mINFO [0;39m [[36mapp-(scheduled)-rateLimitLogging-0      [0;39m] [33mo.t.t.s.p.RateLimitService[0;39m                      : total requests 0 in progress 0 queue size 0 
[32m2025-06-05 | 06:50:54.289[0;39m | [34mINFO [0;39m [[36mapp-(scheduled)-rateLimitLogging-0      [0;39m] [33mo.t.t.s.p.RateLimitService[0;39m                      : total requests 0 in progress 0 queue size 0 
[32m2025-06-05 | 06:50:54.289[0;39m | [34mINFO [0;39m [[36mapp-(scheduled)-rateLimitLogging-0      [0;39m] [33mo.t.t.s.p.RateLimitService[0;39m                      : total requests 0 in progress 0 queue size 0 
[32m2025-06-05 | 06:50:54.289[0;39m | [34mINFO [0;39m [[36mapp-(scheduled)-rateLimitLogging-0      [0;39m] [33mo.t.t.s.p.RateLimitService[0;39m                      : total requests 0 in progress 0 queue size 0 
[32m2025-06-05 | 06:50:54.289[0;39m | [34mINFO [0;39m [[36mapp-(scheduled)-rateLimitLogging-0      [0;39m] [33mo.t.t.s.p.RateLimitService[0;39m                      : total requests 0 in progress 0 queue size 0 
[32m2025-06-05 | 06:50:54.289[0;39m | [34mINFO [0;39m [[36mapp-(scheduled)-rateLimitLogging-0      [0;39m] [33mo.t.t.s.p.RateLimitService[0;39m                      : total requests 0 in progress 0 queue size 0 
[32m2025-06-05 | 06:50:54.289[0;39m | [34mINFO [0;39m [[36mapp-(scheduled)-rateLimitLogging-0      [0;39m] [33mo.t.t.s.p.RateLimitService[0;39m                      : total requests 0 in progress 0 queue size 0 
[32m2025-06-05 | 06:50:54.289[0;39m | [34mINFO [0;39m [[36mapp-(scheduled)-rateLimitLogging-0      [0;39m] [33mo.t.t.s.p.RateLimitService[0;39m                      : total requests 0 in progress 0 queue size 0 
[32m2025-06-05 | 06:50:54.289[0;39m | [34mINFO [0;39m [[36mapp-(scheduled)-rateLimitLogging-0      [0;39m] [33mo.t.t.s.p.RateLimitService[0;39m                      : total requests 0 in progress 0 queue size 0 
[32m2025-06-05 | 06:50:54.289[0;39m | [34mINFO [0;39m [[36mapp-(scheduled)-rateLimitLogging-0      [0;39m] [33mo.t.t.s.p.RateLimitService[0;39m                      : total requests 0 in progress 0 queue size 0 
[32m2025-06-05 | 06:50:54.289[0;39m | [34mINFO [0;39m [[36mapp-(scheduled)-rateLimitLogging-0      [0;39m] [33mo.t.t.s.p.RateLimitService[0;39m                      : total requests 0 in progress 0 queue size 0 
[32m2025-06-05 | 06:50:54.289[0;39m | [34mINFO [0;39m [[36mapp-(scheduled)-rateLimitLogging-0      [0;39m] [33mo.t.t.s.p.RateLimitService[0;39m                      : total requests 0 in progress 0 queue size 0 
[32m2025-06-05 | 06:50:54.289[0;39m | [34mINFO [0;39m [[36mapp-(scheduled)-rateLimitLogging-0      [0;39m] [33mo.t.t.s.p.RateLimitService[0;39m                      : total requests 0 in progress 0 queue size 0 
[32m2025-06-05 | 06:50:54.289[0;39m | [34mINFO [0;39m [[36mapp-(scheduled)-rateLimitLogging-0      [0;39m] [33mo.t.t.s.p.RateLimitService[0;39m                      : total requests 0 in progress 0 queue size 0 
[32m2025-06-05 | 06:50:54.289[0;39m | [34mINFO [0;39m [[36mapp-(scheduled)-rateLimitLogging-0      [0;39m] [33mo.t.t.s.p.RateLimitService[0;39m                      : total requests 0 in progress 0 queue size 0 
[32m2025-06-05 | 06:50:54.289[0;39m | [34mINFO [0;39m [[36mapp-(scheduled)-rateLimitLogging-0      [0;39m] [33mo.t.t.s.p.RateLimitService[0;39m                      : total requests 0 in progress 0 queue size 0 
[32m2025-06-05 | 06:50:54.289[0;39m | [34mINFO [0;39m [[36mapp-(scheduled)-rateLimitLogging-0      [0;39m] [33mo.t.t.s.p.RateLimitService[0;39m                      : total requests 0 in progress 0 queue size 0 
[32m2025-06-05 | 06:50:54.289[0;39m | [34mINFO [0;39m [[36mapp-(scheduled)-rateLimitLogging-0      [0;39m] [33mo.t.t.s.p.RateLimitService[0;39m                      : total requests 0 in progress 0 queue size 0 
[32m2025-06-05 | 06:50:54.299[0;39m | [34mINFO [0;39m [[36mapp-(scheduled)-rateLimitLogging-0      [0;39m] [33mo.t.t.s.p.RateLimitService[0;39m                      : total requests 0 in progress 0 queue size 0 
[32m2025-06-05 | 06:50:54.299[0;39m | [34mINFO [0;39m [[36mapp-(scheduled)-rateLimitLogging-0      [0;39m] [33mo.t.t.s.p.RateLimitService[0;39m                      : total requests 0 in progress 0 queue size 0 
[32m2025-06-05 | 06:50:54.299[0;39m | [34mINFO [0;39m [[36mapp-(scheduled)-rateLimitLogging-0      [0;39m] [33mo.t.t.s.p.RateLimitService[0;39m                      : total requests 0 in progress 0 queue size 0 
[32m2025-06-05 | 06:50:54.299[0;39m | [34mINFO [0;39m [[36mapp-(scheduled)-rateLimitLogging-0      [0;39m] [33mo.t.t.s.p.RateLimitService[0;39m                      : total requests 0 in progress 0 queue size 0 
[32m2025-06-05 | 06:50:54.299[0;39m | [34mINFO [0;39m [[36mapp-(scheduled)-rateLimitLogging-0      [0;39m] [33mo.t.t.s.p.RateLimitService[0;39m                      : total requests 0 in progress 0 queue size 0 
[32m2025-06-05 | 06:50:54.299[0;39m | [34mINFO [0;39m [[36mapp-(scheduled)-rateLimitLogging-0      [0;39m] [33mo.t.t.s.p.RateLimitService[0;39m                      : total requests 0 in progress 0 queue size 0 
[32m2025-06-05 | 06:50:54.299[0;39m | [34mINFO [0;39m [[36mapp-(scheduled)-rateLimitLogging-0      [0;39m] [33mo.t.t.s.p.RateLimitService[0;39m                      : total requests 0 in progress 0 queue size 0 
[32m2025-06-05 | 06:50:54.299[0;39m | [34mINFO [0;39m [[36mapp-(scheduled)-rateLimitLogging-0      [0;39m] [33mo.t.t.s.p.RateLimitService[0;39m                      : total requests 0 in progress 0 queue size 0 
[32m2025-06-05 | 06:50:54.299[0;39m | [34mINFO [0;39m [[36mapp-(scheduled)-rateLimitLogging-0      [0;39m] [33mo.t.t.s.p.RateLimitService[0;39m                      : total requests 0 in progress 0 queue size 0 
[32m2025-06-05 | 06:50:54.299[0;39m | [34mINFO [0;39m [[36mapp-(scheduled)-rateLimitLogging-0      [0;39m] [33mo.t.t.s.p.RateLimitService[0;39m                      : total requests 0 in progress 0 queue size 0 
[32m2025-06-05 | 06:50:54.299[0;39m | [34mINFO [0;39m [[36mapp-(scheduled)-rateLimitLogging-0      [0;39m] [33mo.t.t.s.p.RateLimitService[0;39m                      : total requests 0 in progress 0 queue size 0 
[32m2025-06-05 | 06:50:54.299[0;39m | [34mINFO [0;39m [[36mapp-(scheduled)-rateLimitLogging-0      [0;39m] [33mo.t.t.s.p.RateLimitService[0;39m                      : total requests 0 in progress 0 queue size 0 
[32m2025-06-05 | 06:50:54.299[0;39m | [34mINFO [0;39m [[36mapp-(scheduled)-rateLimitLogging-0      [0;39m] [33mo.t.t.s.p.RateLimitService[0;39m                      : total requests 0 in progress 0 queue size 0 
[32m2025-06-05 | 06:50:54.299[0;39m | [34mINFO [0;39m [[36mapp-(scheduled)-rateLimitLogging-0      [0;39m] [33mo.t.t.s.p.RateLimitService[0;39m                      : total requests 0 in progress 0 queue size 0 
[32m2025-06-05 | 06:50:54.299[0;39m | [34mINFO [0;39m [[36mapp-(scheduled)-rateLimitLogging-0      [0;39m] [33mo.t.t.s.p.RateLimitService[0;39m                      : total requests 0 in progress 0 queue size 0 
[32m2025-06-05 | 06:50:54.299[0;39m | [34mINFO [0;39m [[36mapp-(scheduled)-rateLimitLogging-0      [0;39m] [33mo.t.t.s.p.RateLimitService[0;39m                      : total requests 0 in progress 0 queue size 0 
[32m2025-06-05 | 06:50:54.299[0;39m | [34mINFO [0;39m [[36mapp-(scheduled)-rateLimitLogging-0      [0;39m] [33mo.t.t.s.p.RateLimitService[0;39m                      : total requests 0 in progress 0 queue size 0 
[32m2025-06-05 | 06:50:54.299[0;39m | [34mINFO [0;39m [[36mapp-(scheduled)-rateLimitLogging-0      [0;39m] [33mo.t.t.s.p.RateLimitService[0;39m                      : total requests 0 in progress 0 queue size 0 
[32m2025-06-05 | 06:50:54.299[0;39m | [34mINFO [0;39m [[36mapp-(scheduled)-rateLimitLogging-0      [0;39m] [33mo.t.t.s.p.RateLimitService[0;39m                      : total requests 0 in progress 0 queue size 0 
[32m2025-06-05 | 06:50:54.299[0;39m | [34mINFO [0;39m [[36mapp-(scheduled)-rateLimitLogging-0      [0;39m] [33mo.t.t.s.p.RateLimitService[0;39m                      : total requests 0 in progress 0 queue size 0 
[32m2025-06-05 | 06:50:54.299[0;39m | [34mINFO [0;39m [[36mapp-(scheduled)-rateLimitLogging-0      [0;39m] [33mo.t.t.s.p.RateLimitService[0;39m                      : total requests 0 in progress 0 queue size 0 
[32m2025-06-05 | 06:50:54.299[0;39m | [34mINFO [0;39m [[36mapp-(scheduled)-rateLimitLogging-0      [0;39m] [33mo.t.t.s.p.RateLimitService[0;39m                      : total requests 0 in progress 0 queue size 0 
[32m2025-06-05 | 06:50:54.299[0;39m | [34mINFO [0;39m [[36mapp-(scheduled)-rateLimitLogging-0      [0;39m] [33mo.t.t.s.p.RateLimitService[0;39m                      : total requests 0 in progress 0 queue size 0 
[32m2025-06-05 | 06:50:54.299[0;39m | [34mINFO [0;39m [[36mapp-(scheduled)-rateLimitLogging-0      [0;39m] [33mo.t.t.s.p.RateLimitService[0;39m                      : total requests 0 in progress 0 queue size 0 
[32m2025-06-05 | 06:50:54.299[0;39m | [34mINFO [0;39m [[36mapp-(scheduled)-rateLimitLogging-0      [0;39m] [33mo.t.t.s.p.RateLimitService[0;39m                      : total requests 0 in progress 0 queue size 0 
[32m2025-06-05 | 06:50:54.299[0;39m | [34mINFO [0;39m [[36mapp-(scheduled)-rateLimitLogging-0      [0;39m] [33mo.t.t.s.p.RateLimitService[0;39m                      : total requests 0 in progress 0 queue size 0 
[32m2025-06-05 | 06:50:54.299[0;39m | [34mINFO [0;39m [[36mapp-(scheduled)-rateLimitLogging-0      [0;39m] [33mo.t.t.s.p.RateLimitService[0;39m                      : total requests 0 in progress 0 queue size 0 
[32m2025-06-05 | 06:50:54.299[0;39m | [34mINFO [0;39m [[36mapp-(scheduled)-rateLimitLogging-0      [0;39m] [33mo.t.t.s.p.RateLimitService[0;39m                      : total requests 0 in progress 0 queue size 0 
[32m2025-06-05 | 06:50:54.299[0;39m | [34mINFO [0;39m [[36mapp-(scheduled)-rateLimitLogging-0      [0;39m] [33mo.t.t.s.p.RateLimitService[0;39m                      : total requests 0 in progress 0 queue size 0 
[32m2025-06-05 | 06:50:54.299[0;39m | [34mINFO [0;39m [[36mapp-(scheduled)-rateLimitLogging-0      [0;39m] [33mo.t.t.s.p.RateLimitService[0;39m                      : total requests 0 in progress 0 queue size 0 
[32m2025-06-05 | 06:50:54.299[0;39m | [34mINFO [0;39m [[36mapp-(scheduled)-rateLimitLogging-0      [0;39m] [33mo.t.t.s.p.RateLimitService[0;39m                      : total requests 0 in progress 0 queue size 0 
[32m2025-06-05 | 06:50:54.299[0;39m | [34mINFO [0;39m [[36mapp-(scheduled)-rateLimitLogging-0      [0;39m] [33mo.t.t.s.p.RateLimitService[0;39m                      : total requests 0 in progress 0 queue size 0 
[32m2025-06-05 | 06:50:54.299[0;39m | [34mINFO [0;39m [[36mapp-(scheduled)-rateLimitLogging-0      [0;39m] [33mo.t.t.s.p.RateLimitService[0;39m                      : total requests 0 in progress 0 queue size 0 
[32m2025-06-05 | 06:50:54.299[0;39m | [34mINFO [0;39m [[36mapp-(scheduled)-rateLimitLogging-0      [0;39m] [33mo.t.t.s.p.RateLimitService[0;39m                      : total requests 0 in progress 0 queue size 0 
[32m2025-06-05 | 06:50:54.299[0;39m | [34mINFO [0;39m [[36mapp-(scheduled)-rateLimitLogging-0      [0;39m] [33mo.t.t.s.p.RateLimitService[0;39m                      : total requests 0 in progress 0 queue size 0 
[32m2025-06-05 | 06:50:54.299[0;39m | [34mINFO [0;39m [[36mapp-(scheduled)-rateLimitLogging-0      [0;39m] [33mo.t.t.s.p.RateLimitService[0;39m                      : total requests 0 in progress 0 queue size 0 
[32m2025-06-05 | 06:50:54.299[0;39m | [34mINFO [0;39m [[36mapp-(scheduled)-rateLimitLogging-0      [0;39m] [33mo.t.t.s.p.RateLimitService[0;39m                      : total requests 0 in progress 0 queue size 0 
[32m2025-06-05 | 06:50:54.299[0;39m | [34mINFO [0;39m [[36mapp-(scheduled)-rateLimitLogging-0      [0;39m] [33mo.t.t.s.p.RateLimitService[0;39m                      : total requests 0 in progress 0 queue size 0 
[32m2025-06-05 | 06:50:54.299[0;39m | [34mINFO [0;39m [[36mapp-(scheduled)-rateLimitLogging-0      [0;39m] [33mo.t.t.s.p.RateLimitService[0;39m                      : total requests 0 in progress 0 queue size 0 
[32m2025-06-05 | 06:50:54.299[0;39m | [34mINFO [0;39m [[36mapp-(scheduled)-rateLimitLogging-0      [0;39m] [33mo.t.t.s.p.RateLimitService[0;39m                      : total requests 0 in progress 0 queue size 0 
[32m2025-06-05 | 06:50:54.299[0;39m | [34mINFO [0;39m [[36mapp-(scheduled)-rateLimitLogging-0      [0;39m] [33mo.t.t.s.p.RateLimitService[0;39m                      : total requests 0 in progress 0 queue size 0 
[32m2025-06-05 | 06:50:54.299[0;39m | [34mINFO [0;39m [[36mapp-(scheduled)-rateLimitLogging-0      [0;39m] [33mo.t.t.s.p.RateLimitService[0;39m                      : total requests 0 in progress 0 queue size 0 
[32m2025-06-05 | 06:50:54.299[0;39m | [34mINFO [0;39m [[36mapp-(scheduled)-rateLimitLogging-0      [0;39m] [33mo.t.t.s.p.RateLimitService[0;39m                      : total requests 0 in progress 0 queue size 0 
[32m2025-06-05 | 06:50:54.299[0;39m | [34mINFO [0;39m [[36mapp-(scheduled)-rateLimitLogging-0      [0;39m] [33mo.t.t.s.p.RateLimitService[0;39m                      : total requests 0 in progress 0 queue size 0 
[32m2025-06-05 | 06:50:54.299[0;39m | [34mINFO [0;39m [[36mapp-(scheduled)-rateLimitLogging-0      [0;39m] [33mo.t.t.s.p.RateLimitService[0;39m                      : total requests 0 in progress 0 queue size 0 
[32m2025-06-05 | 06:50:54.299[0;39m | [34mINFO [0;39m [[36mapp-(scheduled)-rateLimitLogging-0      [0;39m] [33mo.t.t.s.p.RateLimitService[0;39m                      : total requests 0 in progress 0 queue size 0 
[32m2025-06-05 | 06:50:54.299[0;39m | [34mINFO [0;39m [[36mapp-(scheduled)-rateLimitLogging-0      [0;39m] [33mo.t.t.s.p.RateLimitService[0;39m                      : total requests 0 in progress 0 queue size 0 
[32m2025-06-05 | 06:50:54.299[0;39m | [34mINFO [0;39m [[36mapp-(scheduled)-rateLimitLogging-0      [0;39m] [33mo.t.t.s.p.RateLimitService[0;39m                      : total requests 0 in progress 0 queue size 0 
[32m2025-06-05 | 06:50:54.299[0;39m | [34mINFO [0;39m [[36mapp-(scheduled)-rateLimitLogging-0      [0;39m] [33mo.t.t.s.p.RateLimitService[0;39m                      : total requests 0 in progress 0 queue size 0 
[32m2025-06-05 | 06:50:54.299[0;39m | [34mINFO [0;39m [[36mapp-(scheduled)-rateLimitLogging-0      [0;39m] [33mo.t.t.s.p.RateLimitService[0;39m                      : total requests 0 in progress 0 queue size 0 
[32m2025-06-05 | 06:50:54.299[0;39m | [34mINFO [0;39m [[36mapp-(scheduled)-rateLimitLogging-0      [0;39m] [33mo.t.t.s.p.RateLimitService[0;39m                      : total requests 0 in progress 0 queue size 0 
[32m2025-06-05 | 06:50:54.299[0;39m | [34mINFO [0;39m [[36mapp-(scheduled)-rateLimitLogging-0      [0;39m] [33mo.t.t.s.p.RateLimitService[0;39m                      : total requests 0 in progress 0 queue size 0 
[32m2025-06-05 | 06:50:54.299[0;39m | [34mINFO [0;39m [[36mapp-(scheduled)-rateLimitLogging-0      [0;39m] [33mo.t.t.s.p.RateLimitService[0;39m                      : total requests 0 in progress 0 queue size 0 
[32m2025-06-05 | 06:50:54.299[0;39m | [34mINFO [0;39m [[36mapp-(scheduled)-rateLimitLogging-0      [0;39m] [33mo.t.t.s.p.RateLimitService[0;39m                      : total requests 0 in progress 0 queue size 0 
[32m2025-06-05 | 06:50:54.299[0;39m | [34mINFO [0;39m [[36mapp-(scheduled)-rateLimitLogging-0      [0;39m] [33mo.t.t.s.p.RateLimitService[0;39m                      : total requests 0 in progress 0 queue size 0 
[32m2025-06-05 | 06:50:54.299[0;39m | [34mINFO [0;39m [[36mapp-(scheduled)-rateLimitLogging-0      [0;39m] [33mo.t.t.s.p.RateLimitService[0;39m                      : total requests 0 in progress 0 queue size 0 
[32m2025-06-05 | 06:50:54.299[0;39m | [34mINFO [0;39m [[36mapp-(scheduled)-rateLimitLogging-0      [0;39m] [33mo.t.t.s.p.RateLimitService[0;39m                      : total requests 0 in progress 0 queue size 0 
[32m2025-06-05 | 06:50:54.299[0;39m | [34mINFO [0;39m [[36mapp-(scheduled)-rateLimitLogging-0      [0;39m] [33mo.t.t.s.p.RateLimitService[0;39m                      : total requests 0 in progress 0 queue size 0 
[32m2025-06-05 | 06:50:54.299[0;39m | [34mINFO [0;39m [[36mapp-(scheduled)-rateLimitLogging-0      [0;39m] [33mo.t.t.s.p.RateLimitService[0;39m                      : total requests 0 in progress 0 queue size 0 
[32m2025-06-05 | 06:50:54.299[0;39m | [34mINFO [0;39m [[36mapp-(scheduled)-rateLimitLogging-0      [0;39m] [33mo.t.t.s.p.RateLimitService[0;39m                      : total requests 0 in progress 0 queue size 0 
[32m2025-06-05 | 06:50:54.299[0;39m | [34mINFO [0;39m [[36mapp-(scheduled)-rateLimitLogging-0      [0;39m] [33mo.t.t.s.p.RateLimitService[0;39m                      : total requests 0 in progress 0 queue size 0 
[32m2025-06-05 | 06:50:54.299[0;39m | [34mINFO [0;39m [[36mapp-(scheduled)-rateLimitLogging-0      [0;39m] [33mo.t.t.s.p.RateLimitService[0;39m                      : total requests 0 in progress 0 queue size 0 
[32m2025-06-05 | 06:50:54.299[0;39m | [34mINFO [0;39m [[36mapp-(scheduled)-rateLimitLogging-0      [0;39m] [33mo.t.t.s.p.RateLimitService[0;39m                      : total requests 0 in progress 0 queue size 0 
[32m2025-06-05 | 06:50:54.299[0;39m | [34mINFO [0;39m [[36mapp-(scheduled)-rateLimitLogging-0      [0;39m] [33mo.t.t.s.p.RateLimitService[0;39m                      : total requests 0 in progress 0 queue size 0 
[32m2025-06-05 | 06:50:54.299[0;39m | [34mINFO [0;39m [[36mapp-(scheduled)-rateLimitLogging-0      [0;39m] [33mo.t.t.s.p.RateLimitService[0;39m                      : total requests 0 in progress 0 queue size 0 
[32m2025-06-05 | 06:50:54.299[0;39m | [34mINFO [0;39m [[36mapp-(scheduled)-rateLimitLogging-0      [0;39m] [33mo.t.t.s.p.RateLimitService[0;39m                      : total requests 0 in progress 0 queue size 0 
[32m2025-06-05 | 06:50:54.299[0;39m | [34mINFO [0;39m [[36mapp-(scheduled)-rateLimitLogging-0      [0;39m] [33mo.t.t.s.p.RateLimitService[0;39m                      : total requests 0 in progress 0 queue size 0 
[32m2025-06-05 | 06:50:54.299[0;39m | [34mINFO [0;39m [[36mapp-(scheduled)-rateLimitLogging-0      [0;39m] [33mo.t.t.s.p.RateLimitService[0;39m                      : total requests 0 in progress 0 queue size 0 
[32m2025-06-05 | 06:50:54.299[0;39m | [34mINFO [0;39m [[36mapp-(scheduled)-rateLimitLogging-0      [0;39m] [33mo.t.t.s.p.RateLimitService[0;39m                      : total requests 0 in progress 0 queue size 0 
[32m2025-06-05 | 06:50:54.299[0;39m | [34mINFO [0;39m [[36mapp-(scheduled)-rateLimitLogging-0      [0;39m] [33mo.t.t.s.p.RateLimitService[0;39m                      : total requests 0 in progress 0 queue size 0 
[32m2025-06-05 | 06:50:54.299[0;39m | [34mINFO [0;39m [[36mapp-(scheduled)-rateLimitLogging-0      [0;39m] [33mo.t.t.s.p.RateLimitService[0;39m                      : total requests 0 in progress 0 queue size 0 
[32m2025-06-05 | 06:50:54.299[0;39m | [34mINFO [0;39m [[36mapp-(scheduled)-rateLimitLogging-0      [0;39m] [33mo.t.t.s.p.RateLimitService[0;39m                      : total requests 0 in progress 0 queue size 0 
[32m2025-06-05 | 06:50:54.299[0;39m | [34mINFO [0;39m [[36mapp-(scheduled)-rateLimitLogging-0      [0;39m] [33mo.t.t.s.p.RateLimitService[0;39m                      : total requests 0 in progress 0 queue size 0 
[32m2025-06-05 | 06:50:54.299[0;39m | [34mINFO [0;39m [[36mapp-(scheduled)-rateLimitLogging-0      [0;39m] [33mo.t.t.s.p.RateLimitService[0;39m                      : total requests 0 in progress 0 queue size 0 
[32m2025-06-05 | 06:50:54.299[0;39m | [34mINFO [0;39m [[36mapp-(scheduled)-rateLimitLogging-0      [0;39m] [33mo.t.t.s.p.RateLimitService[0;39m                      : total requests 0 in progress 0 queue size 0 
[32m2025-06-05 | 06:50:54.299[0;39m | [34mINFO [0;39m [[36mapp-(scheduled)-rateLimitLogging-0      [0;39m] [33mo.t.t.s.p.RateLimitService[0;39m                      : total requests 0 in progress 0 queue size 0 
[32m2025-06-05 | 06:50:54.299[0;39m | [34mINFO [0;39m [[36mapp-(scheduled)-rateLimitLogging-0      [0;39m] [33mo.t.t.s.p.RateLimitService[0;39m                      : total requests 0 in progress 0 queue size 0 
[32m2025-06-05 | 06:50:54.299[0;39m | [34mINFO [0;39m [[36mapp-(scheduled)-rateLimitLogging-0      [0;39m] [33mo.t.t.s.p.RateLimitService[0;39m                      : total requests 0 in progress 0 queue size 0 
[32m2025-06-05 | 06:50:54.309[0;39m | [34mINFO [0;39m [[36mapp-(scheduled)-rateLimitLogging-0      [0;39m] [33mo.t.t.s.p.RateLimitService[0;39m                      : total requests 0 in progress 0 queue size 0 
[32m2025-06-05 | 06:50:54.309[0;39m | [34mINFO [0;39m [[36mapp-(scheduled)-rateLimitLogging-0      [0;39m] [33mo.t.t.s.p.RateLimitService[0;39m                      : total requests 0 in progress 0 queue size 0 
[32m2025-06-05 | 06:50:54.309[0;39m | [34mINFO [0;39m [[36mapp-(scheduled)-rateLimitLogging-0      [0;39m] [33mo.t.t.s.p.RateLimitService[0;39m                      : total requests 0 in progress 0 queue size 0 
[32m2025-06-05 | 06:50:54.309[0;39m | [34mINFO [0;39m [[36mapp-(scheduled)-rateLimitLogging-0      [0;39m] [33mo.t.t.s.p.RateLimitService[0;39m                      : total requests 0 in progress 0 queue size 0 
[32m2025-06-05 | 06:50:54.309[0;39m | [34mINFO [0;39m [[36mapp-(scheduled)-rateLimitLogging-0      [0;39m] [33mo.t.t.s.p.RateLimitService[0;39m                      : total requests 0 in progress 0 queue size 0 
[32m2025-06-05 | 06:50:54.309[0;39m | [34mINFO [0;39m [[36mapp-(scheduled)-rateLimitLogging-0      [0;39m] [33mo.t.t.s.p.RateLimitService[0;39m                      : total requests 0 in progress 0 queue size 0 
[32m2025-06-05 | 06:50:54.309[0;39m | [34mINFO [0;39m [[36mapp-(scheduled)-rateLimitLogging-0      [0;39m] [33mo.t.t.s.p.RateLimitService[0;39m                      : total requests 0 in progress 0 queue size 0 
[32m2025-06-05 | 06:50:54.309[0;39m | [34mINFO [0;39m [[36mapp-(scheduled)-rateLimitLogging-0      [0;39m] [33mo.t.t.s.p.RateLimitService[0;39m                      : total requests 0 in progress 0 queue size 0 
[32m2025-06-05 | 06:50:54.309[0;39m | [34mINFO [0;39m [[36mapp-(scheduled)-rateLimitLogging-0      [0;39m] [33mo.t.t.s.p.RateLimitService[0;39m                      : total requests 0 in progress 0 queue size 0 
[32m2025-06-05 | 06:50:54.309[0;39m | [34mINFO [0;39m [[36mapp-(scheduled)-rateLimitLogging-0      [0;39m] [33mo.t.t.s.p.RateLimitService[0;39m                      : total requests 0 in progress 0 queue size 0 
[32m2025-06-05 | 06:50:54.309[0;39m | [34mINFO [0;39m [[36mapp-(scheduled)-rateLimitLogging-0      [0;39m] [33mo.t.t.s.p.RateLimitService[0;39m                      : total requests 0 in progress 0 queue size 0 
[32m2025-06-05 | 06:50:54.309[0;39m | [34mINFO [0;39m [[36mapp-(scheduled)-rateLimitLogging-0      [0;39m] [33mo.t.t.s.p.RateLimitService[0;39m                      : total requests 0 in progress 0 queue size 0 
[32m2025-06-05 | 06:50:54.309[0;39m | [34mINFO [0;39m [[36mapp-(scheduled)-rateLimitLogging-0      [0;39m] [33mo.t.t.s.p.RateLimitService[0;39m                      : total requests 0 in progress 0 queue size 0 
[32m2025-06-05 | 06:50:54.309[0;39m | [34mINFO [0;39m [[36mapp-(scheduled)-rateLimitLogging-0      [0;39m] [33mo.t.t.s.p.RateLimitService[0;39m                      : total requests 0 in progress 0 queue size 0 
[32m2025-06-05 | 06:50:54.309[0;39m | [34mINFO [0;39m [[36mapp-(scheduled)-rateLimitLogging-0      [0;39m] [33mo.t.t.s.p.RateLimitService[0;39m                      : total requests 0 in progress 0 queue size 0 
[32m2025-06-05 | 06:50:54.309[0;39m | [34mINFO [0;39m [[36mapp-(scheduled)-rateLimitLogging-0      [0;39m] [33mo.t.t.s.p.RateLimitService[0;39m                      : total requests 0 in progress 0 queue size 0 
[32m2025-06-05 | 06:50:54.309[0;39m | [34mINFO [0;39m [[36mapp-(scheduled)-rateLimitLogging-0      [0;39m] [33mo.t.t.s.p.RateLimitService[0;39m                      : total requests 0 in progress 0 queue size 0 
[32m2025-06-05 | 06:50:54.309[0;39m | [34mINFO [0;39m [[36mapp-(scheduled)-rateLimitLogging-0      [0;39m] [33mo.t.t.s.p.RateLimitService[0;39m                      : total requests 0 in progress 0 queue size 0 
[32m2025-06-05 | 06:50:54.309[0;39m | [34mINFO [0;39m [[36mapp-(scheduled)-rateLimitLogging-0      [0;39m] [33mo.t.t.s.p.RateLimitService[0;39m                      : total requests 0 in progress 0 queue size 0 
[32m2025-06-05 | 06:50:54.309[0;39m | [34mINFO [0;39m [[36mapp-(scheduled)-rateLimitLogging-0      [0;39m] [33mo.t.t.s.p.RateLimitService[0;39m                      : total requests 0 in progress 0 queue size 0 
[32m2025-06-05 | 06:50:54.309[0;39m | [34mINFO [0;39m [[36mapp-(scheduled)-rateLimitLogging-0      [0;39m] [33mo.t.t.s.p.RateLimitService[0;39m                      : total requests 0 in progress 0 queue size 0 
[32m2025-06-05 | 06:50:54.309[0;39m | [34mINFO [0;39m [[36mapp-(scheduled)-rateLimitLogging-0      [0;39m] [33mo.t.t.s.p.RateLimitService[0;39m                      : total requests 0 in progress 0 queue size 0 
[32m2025-06-05 | 06:50:54.309[0;39m | [34mINFO [0;39m [[36mapp-(scheduled)-rateLimitLogging-0      [0;39m] [33mo.t.t.s.p.RateLimitService[0;39m                      : total requests 0 in progress 0 queue size 0 
[32m2025-06-05 | 06:50:54.309[0;39m | [34mINFO [0;39m [[36mapp-(scheduled)-rateLimitLogging-0      [0;39m] [33mo.t.t.s.p.RateLimitService[0;39m                      : total requests 0 in progress 0 queue size 0 
[32m2025-06-05 | 06:50:54.309[0;39m | [34mINFO [0;39m [[36mapp-(scheduled)-rateLimitLogging-0      [0;39m] [33mo.t.t.s.p.RateLimitService[0;39m                      : total requests 0 in progress 0 queue size 0 
[32m2025-06-05 | 06:50:54.309[0;39m | [34mINFO [0;39m [[36mapp-(scheduled)-rateLimitLogging-0      [0;39m] [33mo.t.t.s.p.RateLimitService[0;39m                      : total requests 0 in progress 0 queue size 0 
[32m2025-06-05 | 06:50:54.309[0;39m | [34mINFO [0;39m [[36mapp-(scheduled)-rateLimitLogging-0      [0;39m] [33mo.t.t.s.p.RateLimitService[0;39m                      : total requests 0 in progress 0 queue size 0 
[32m2025-06-05 | 06:50:54.309[0;39m | [34mINFO [0;39m [[36mapp-(scheduled)-rateLimitLogging-0      [0;39m] [33mo.t.t.s.p.RateLimitService[0;39m                      : total requests 0 in progress 0 queue size 0 
[32m2025-06-05 | 06:50:54.309[0;39m | [34mINFO [0;39m [[36mapp-(scheduled)-rateLimitLogging-0      [0;39m] [33mo.t.t.s.p.RateLimitService[0;39m                      : total requests 0 in progress 0 queue size 0 
[32m2025-06-05 | 06:50:54.309[0;39m | [34mINFO [0;39m [[36mapp-(scheduled)-rateLimitLogging-0      [0;39m] [33mo.t.t.s.p.RateLimitService[0;39m                      : total requests 0 in progress 0 queue size 0 
[32m2025-06-05 | 06:50:54.309[0;39m | [34mINFO [0;39m [[36mapp-(scheduled)-rateLimitLogging-0      [0;39m] [33mo.t.t.s.p.RateLimitService[0;39m                      : total requests 0 in progress 0 queue size 0 
[32m2025-06-05 | 06:50:54.309[0;39m | [34mINFO [0;39m [[36mapp-(scheduled)-rateLimitLogging-0      [0;39m] [33mo.t.t.s.p.RateLimitService[0;39m                      : total requests 0 in progress 0 queue size 0 
[32m2025-06-05 | 06:50:54.309[0;39m | [34mINFO [0;39m [[36mapp-(scheduled)-rateLimitLogging-0      [0;39m] [33mo.t.t.s.p.RateLimitService[0;39m                      : total requests 0 in progress 0 queue size 0 
[32m2025-06-05 | 06:50:54.309[0;39m | [34mINFO [0;39m [[36mapp-(scheduled)-rateLimitLogging-0      [0;39m] [33mo.t.t.s.p.RateLimitService[0;39m                      : total requests 0 in progress 0 queue size 0 
[32m2025-06-05 | 06:50:54.309[0;39m | [34mINFO [0;39m [[36mapp-(scheduled)-rateLimitLogging-0      [0;39m] [33mo.t.t.s.p.RateLimitService[0;39m                      : total requests 0 in progress 0 queue size 0 
[32m2025-06-05 | 06:50:54.309[0;39m | [34mINFO [0;39m [[36mapp-(scheduled)-rateLimitLogging-0      [0;39m] [33mo.t.t.s.p.RateLimitService[0;39m                      : total requests 0 in progress 0 queue size 0 
[32m2025-06-05 | 06:50:54.309[0;39m | [34mINFO [0;39m [[36mapp-(scheduled)-rateLimitLogging-0      [0;39m] [33mo.t.t.s.p.RateLimitService[0;39m                      : total requests 0 in progress 0 queue size 0 
[32m2025-06-05 | 06:50:54.309[0;39m | [34mINFO [0;39m [[36mapp-(scheduled)-rateLimitLogging-0      [0;39m] [33mo.t.t.s.p.RateLimitService[0;39m                      : total requests 0 in progress 0 queue size 0 
[32m2025-06-05 | 06:50:54.309[0;39m | [34mINFO [0;39m [[36mapp-(scheduled)-rateLimitLogging-0      [0;39m] [33mo.t.t.s.p.RateLimitService[0;39m                      : total requests 0 in progress 0 queue size 0 
[32m2025-06-05 | 06:50:54.309[0;39m | [34mINFO [0;39m [[36mapp-(scheduled)-rateLimitLogging-0      [0;39m] [33mo.t.t.s.p.RateLimitService[0;39m                      : total requests 0 in progress 0 queue size 0 
[32m2025-06-05 | 06:50:54.309[0;39m | [34mINFO [0;39m [[36mapp-(scheduled)-rateLimitLogging-0      [0;39m] [33mo.t.t.s.p.RateLimitService[0;39m                      : total requests 0 in progress 0 queue size 0 
[32m2025-06-05 | 06:50:54.309[0;39m | [34mINFO [0;39m [[36mapp-(scheduled)-rateLimitLogging-0      [0;39m] [33mo.t.t.s.p.RateLimitService[0;39m                      : total requests 0 in progress 0 queue size 0 
[32m2025-06-05 | 06:50:54.309[0;39m | [34mINFO [0;39m [[36mapp-(scheduled)-rateLimitLogging-0      [0;39m] [33mo.t.t.s.p.RateLimitService[0;39m                      : total requests 0 in progress 0 queue size 0 
[32m2025-06-05 | 06:50:54.309[0;39m | [34mINFO [0;39m [[36mapp-(scheduled)-rateLimitLogging-0      [0;39m] [33mo.t.t.s.p.RateLimitService[0;39m                      : total requests 0 in progress 0 queue size 0 
[32m2025-06-05 | 06:50:54.309[0;39m | [34mINFO [0;39m [[36mapp-(scheduled)-rateLimitLogging-0      [0;39m] [33mo.t.t.s.p.RateLimitService[0;39m                      : total requests 0 in progress 0 queue size 0 
[32m2025-06-05 | 06:50:54.309[0;39m | [34mINFO [0;39m [[36mapp-(scheduled)-rateLimitLogging-0      [0;39m] [33mo.t.t.s.p.RateLimitService[0;39m                      : total requests 0 in progress 0 queue size 0 
[32m2025-06-05 | 06:50:54.309[0;39m | [34mINFO [0;39m [[36mapp-(scheduled)-rateLimitLogging-0      [0;39m] [33mo.t.t.s.p.RateLimitService[0;39m                      : total requests 0 in progress 0 queue size 0 
[32m2025-06-05 | 06:50:54.309[0;39m | [34mINFO [0;39m [[36mapp-(scheduled)-rateLimitLogging-0      [0;39m] [33mo.t.t.s.p.RateLimitService[0;39m                      : total requests 0 in progress 0 queue size 0 
[32m2025-06-05 | 06:50:54.309[0;39m | [34mINFO [0;39m [[36mapp-(scheduled)-rateLimitLogging-0      [0;39m] [33mo.t.t.s.p.RateLimitService[0;39m                      : total requests 0 in progress 0 queue size 0 
[32m2025-06-05 | 06:50:54.309[0;39m | [34mINFO [0;39m [[36mapp-(scheduled)-rateLimitLogging-0      [0;39m] [33mo.t.t.s.p.RateLimitService[0;39m                      : total requests 0 in progress 0 queue size 0 
[32m2025-06-05 | 06:50:54.309[0;39m | [34mINFO [0;39m [[36mapp-(scheduled)-rateLimitLogging-0      [0;39m] [33mo.t.t.s.p.RateLimitService[0;39m                      : total requests 0 in progress 0 queue size 0 
[32m2025-06-05 | 06:50:54.309[0;39m | [34mINFO [0;39m [[36mapp-(scheduled)-rateLimitLogging-0      [0;39m] [33mo.t.t.s.p.RateLimitService[0;39m                      : total requests 0 in progress 0 queue size 0 
[32m2025-06-05 | 06:50:54.309[0;39m | [34mINFO [0;39m [[36mapp-(scheduled)-rateLimitLogging-0      [0;39m] [33mo.t.t.s.p.RateLimitService[0;39m                      : total requests 0 in progress 0 queue size 0 
[32m2025-06-05 | 06:50:54.309[0;39m | [34mINFO [0;39m [[36mapp-(scheduled)-rateLimitLogging-0      [0;39m] [33mo.t.t.s.p.RateLimitService[0;39m                      : total requests 0 in progress 0 queue size 0 
[32m2025-06-05 | 06:50:54.309[0;39m | [34mINFO [0;39m [[36mapp-(scheduled)-rateLimitLogging-0      [0;39m] [33mo.t.t.s.p.RateLimitService[0;39m                      : total requests 0 in progress 0 queue size 0 
[32m2025-06-05 | 06:50:54.309[0;39m | [34mINFO [0;39m [[36mapp-(scheduled)-rateLimitLogging-0      [0;39m] [33mo.t.t.s.p.RateLimitService[0;39m                      : total requests 0 in progress 0 queue size 0 
[32m2025-06-05 | 06:50:54.309[0;39m | [34mINFO [0;39m [[36mapp-(scheduled)-rateLimitLogging-0      [0;39m] [33mo.t.t.s.p.RateLimitService[0;39m                      : total requests 0 in progress 0 queue size 0 
[32m2025-06-05 | 06:50:54.309[0;39m | [34mINFO [0;39m [[36mapp-(scheduled)-rateLimitLogging-0      [0;39m] [33mo.t.t.s.p.RateLimitService[0;39m                      : total requests 0 in progress 0 queue size 0 
[32m2025-06-05 | 06:50:54.309[0;39m | [34mINFO [0;39m [[36mapp-(scheduled)-rateLimitLogging-0      [0;39m] [33mo.t.t.s.p.RateLimitService[0;39m                      : total requests 0 in progress 0 queue size 0 
[32m2025-06-05 | 06:50:54.309[0;39m | [34mINFO [0;39m [[36mapp-(scheduled)-rateLimitLogging-0      [0;39m] [33mo.t.t.s.p.RateLimitService[0;39m                      : total requests 0 in progress 0 queue size 0 
[32m2025-06-05 | 06:50:54.309[0;39m | [34mINFO [0;39m [[36mapp-(scheduled)-rateLimitLogging-0      [0;39m] [33mo.t.t.s.p.RateLimitService[0;39m                      : total requests 0 in progress 0 queue size 0 
[32m2025-06-05 | 06:50:54.309[0;39m | [34mINFO [0;39m [[36mapp-(scheduled)-rateLimitLogging-0      [0;39m] [33mo.t.t.s.p.RateLimitService[0;39m                      : total requests 0 in progress 0 queue size 0 
[32m2025-06-05 | 06:50:54.309[0;39m | [34mINFO [0;39m [[36mapp-(scheduled)-rateLimitLogging-0      [0;39m] [33mo.t.t.s.p.RateLimitService[0;39m                      : total requests 0 in progress 0 queue size 0 
[32m2025-06-05 | 06:50:54.309[0;39m | [34mINFO [0;39m [[36mapp-(scheduled)-rateLimitLogging-0      [0;39m] [33mo.t.t.s.p.RateLimitService[0;39m                      : total requests 0 in progress 0 queue size 0 
[32m2025-06-05 | 06:50:54.309[0;39m | [34mINFO [0;39m [[36mapp-(scheduled)-rateLimitLogging-0      [0;39m] [33mo.t.t.s.p.RateLimitService[0;39m                      : total requests 0 in progress 0 queue size 0 
[32m2025-06-05 | 06:50:54.309[0;39m | [34mINFO [0;39m [[36mapp-(scheduled)-rateLimitLogging-0      [0;39m] [33mo.t.t.s.p.RateLimitService[0;39m                      : total requests 0 in progress 0 queue size 0 
[32m2025-06-05 | 06:50:54.309[0;39m | [34mINFO [0;39m [[36mapp-(scheduled)-rateLimitLogging-0      [0;39m] [33mo.t.t.s.p.RateLimitService[0;39m                      : total requests 0 in progress 0 queue size 0 
[32m2025-06-05 | 06:50:54.309[0;39m | [34mINFO [0;39m [[36mapp-(scheduled)-rateLimitLogging-0      [0;39m] [33mo.t.t.s.p.RateLimitService[0;39m                      : total requests 0 in progress 0 queue size 0 
[32m2025-06-05 | 06:50:54.309[0;39m | [34mINFO [0;39m [[36mapp-(scheduled)-rateLimitLogging-0      [0;39m] [33mo.t.t.s.p.RateLimitService[0;39m                      : total requests 0 in progress 0 queue size 0 
[32m2025-06-05 | 06:50:54.309[0;39m | [34mINFO [0;39m [[36mapp-(scheduled)-rateLimitLogging-0      [0;39m] [33mo.t.t.s.p.RateLimitService[0;39m                      : total requests 0 in progress 0 queue size 0 
[32m2025-06-05 | 06:50:54.309[0;39m | [34mINFO [0;39m [[36mapp-(scheduled)-rateLimitLogging-0      [0;39m] [33mo.t.t.s.p.RateLimitService[0;39m                      : total requests 0 in progress 0 queue size 0 
[32m2025-06-05 | 06:50:54.309[0;39m | [34mINFO [0;39m [[36mapp-(scheduled)-rateLimitLogging-0      [0;39m] [33mo.t.t.s.p.RateLimitService[0;39m                      : total requests 0 in progress 0 queue size 0 
[32m2025-06-05 | 06:50:54.309[0;39m | [34mINFO [0;39m [[36mapp-(scheduled)-rateLimitLogging-0      [0;39m] [33mo.t.t.s.p.RateLimitService[0;39m                      : total requests 0 in progress 0 queue size 0 
[32m2025-06-05 | 06:50:54.309[0;39m | [34mINFO [0;39m [[36mapp-(scheduled)-rateLimitLogging-0      [0;39m] [33mo.t.t.s.p.RateLimitService[0;39m                      : total requests 0 in progress 0 queue size 0 
[32m2025-06-05 | 06:50:54.309[0;39m | [34mINFO [0;39m [[36mapp-(scheduled)-rateLimitLogging-0      [0;39m] [33mo.t.t.s.p.RateLimitService[0;39m                      : total requests 0 in progress 0 queue size 0 
[32m2025-06-05 | 06:50:54.309[0;39m | [34mINFO [0;39m [[36mapp-(scheduled)-rateLimitLogging-0      [0;39m] [33mo.t.t.s.p.RateLimitService[0;39m                      : total requests 0 in progress 0 queue size 0 
[32m2025-06-05 | 06:50:54.309[0;39m | [34mINFO [0;39m [[36mapp-(scheduled)-rateLimitLogging-0      [0;39m] [33mo.t.t.s.p.RateLimitService[0;39m                      : total requests 0 in progress 0 queue size 0 
[32m2025-06-05 | 06:50:54.309[0;39m | [34mINFO [0;39m [[36mapp-(scheduled)-rateLimitLogging-0      [0;39m] [33mo.t.t.s.p.RateLimitService[0;39m                      : total requests 0 in progress 0 queue size 0 
[32m2025-06-05 | 06:50:54.309[0;39m | [34mINFO [0;39m [[36mapp-(scheduled)-rateLimitLogging-0      [0;39m] [33mo.t.t.s.p.RateLimitService[0;39m                      : total requests 0 in progress 0 queue size 0 
[32m2025-06-05 | 06:50:54.309[0;39m | [34mINFO [0;39m [[36mapp-(scheduled)-rateLimitLogging-0      [0;39m] [33mo.t.t.s.p.RateLimitService[0;39m                      : total requests 0 in progress 0 queue size 0 
[32m2025-06-05 | 06:50:54.309[0;39m | [34mINFO [0;39m [[36mapp-(scheduled)-rateLimitLogging-0      [0;39m] [33mo.t.t.s.p.RateLimitService[0;39m                      : total requests 0 in progress 0 queue size 0 
[32m2025-06-05 | 06:50:54.309[0;39m | [34mINFO [0;39m [[36mapp-(scheduled)-rateLimitLogging-0      [0;39m] [33mo.t.t.s.p.RateLimitService[0;39m                      : total requests 0 in progress 0 queue size 0 
[32m2025-06-05 | 06:50:54.309[0;39m | [34mINFO [0;39m [[36mapp-(scheduled)-rateLimitLogging-0      [0;39m] [33mo.t.t.s.p.RateLimitService[0;39m                      : total requests 0 in progress 0 queue size 0 
[32m2025-06-05 | 06:50:54.309[0;39m | [34mINFO [0;39m [[36mapp-(scheduled)-rateLimitLogging-0      [0;39m] [33mo.t.t.s.p.RateLimitService[0;39m                      : total requests 0 in progress 0 queue size 0 
[32m2025-06-05 | 06:50:54.309[0;39m | [34mINFO [0;39m [[36mapp-(scheduled)-rateLimitLogging-0      [0;39m] [33mo.t.t.s.p.RateLimitService[0;39m                      : total requests 0 in progress 0 queue size 0 
[32m2025-06-05 | 06:50:54.309[0;39m | [34mINFO [0;39m [[36mapp-(scheduled)-rateLimitLogging-0      [0;39m] [33mo.t.t.s.p.RateLimitService[0;39m                      : total requests 0 in progress 0 queue size 0 
[32m2025-06-05 | 06:50:54.309[0;39m | [34mINFO [0;39m [[36mapp-(scheduled)-rateLimitLogging-0      [0;39m] [33mo.t.t.s.p.RateLimitService[0;39m                      : total requests 0 in progress 0 queue size 0 
[32m2025-06-05 | 06:50:54.309[0;39m | [34mINFO [0;39m [[36mapp-(scheduled)-rateLimitLogging-0      [0;39m] [33mo.t.t.s.p.RateLimitService[0;39m                      : total requests 0 in progress 0 queue size 0 
[32m2025-06-05 | 06:50:54.309[0;39m | [34mINFO [0;39m [[36mapp-(scheduled)-rateLimitLogging-0      [0;39m] [33mo.t.t.s.p.RateLimitService[0;39m                      : total requests 0 in progress 0 queue size 0 
[32m2025-06-05 | 06:50:54.309[0;39m | [34mINFO [0;39m [[36mapp-(scheduled)-rateLimitLogging-0      [0;39m] [33mo.t.t.s.p.RateLimitService[0;39m                      : total requests 0 in progress 0 queue size 0 
[32m2025-06-05 | 06:50:54.309[0;39m | [34mINFO [0;39m [[36mapp-(scheduled)-rateLimitLogging-0      [0;39m] [33mo.t.t.s.p.RateLimitService[0;39m                      : total requests 0 in progress 0 queue size 0 
[32m2025-06-05 | 06:50:54.309[0;39m | [34mINFO [0;39m [[36mapp-(scheduled)-rateLimitLogging-0      [0;39m] [33mo.t.t.s.p.RateLimitService[0;39m                      : total requests 0 in progress 0 queue size 0 
[32m2025-06-05 | 06:50:54.309[0;39m | [34mINFO [0;39m [[36mapp-(scheduled)-rateLimitLogging-0      [0;39m] [33mo.t.t.s.p.RateLimitService[0;39m                      : total requests 0 in progress 0 queue size 0 
[32m2025-06-05 | 06:50:54.309[0;39m | [34mINFO [0;39m [[36mapp-(scheduled)-rateLimitLogging-0      [0;39m] [33mo.t.t.s.p.RateLimitService[0;39m                      : total requests 0 in progress 0 queue size 0 
[32m2025-06-05 | 06:50:54.309[0;39m | [34mINFO [0;39m [[36mapp-(scheduled)-rateLimitLogging-0      [0;39m] [33mo.t.t.s.p.RateLimitService[0;39m                      : total requests 0 in progress 0 queue size 0 
[32m2025-06-05 | 06:50:54.309[0;39m | [34mINFO [0;39m [[36mapp-(scheduled)-rateLimitLogging-0      [0;39m] [33mo.t.t.s.p.RateLimitService[0;39m                      : total requests 0 in progress 0 queue size 0 
[32m2025-06-05 | 06:50:54.309[0;39m | [34mINFO [0;39m [[36mapp-(scheduled)-rateLimitLogging-0      [0;39m] [33mo.t.t.s.p.RateLimitService[0;39m                      : total requests 0 in progress 0 queue size 0 
[32m2025-06-05 | 06:50:54.309[0;39m | [34mINFO [0;39m [[36mapp-(scheduled)-rateLimitLogging-0      [0;39m] [33mo.t.t.s.p.RateLimitService[0;39m                      : total requests 0 in progress 0 queue size 0 
[32m2025-06-05 | 06:50:54.309[0;39m | [34mINFO [0;39m [[36mapp-(scheduled)-rateLimitLogging-0      [0;39m] [33mo.t.t.s.p.RateLimitService[0;39m                      : total requests 0 in progress 0 queue size 0 
[32m2025-06-05 | 06:50:54.309[0;39m | [34mINFO [0;39m [[36mapp-(scheduled)-rateLimitLogging-0      [0;39m] [33mo.t.t.s.p.RateLimitService[0;39m                      : total requests 0 in progress 0 queue size 0 
[32m2025-06-05 | 06:50:54.309[0;39m | [34mINFO [0;39m [[36mapp-(scheduled)-rateLimitLogging-0      [0;39m] [33mo.t.t.s.p.RateLimitService[0;39m                      : total requests 0 in progress 0 queue size 0 
[32m2025-06-05 | 06:50:54.319[0;39m | [34mINFO [0;39m [[36mapp-(scheduled)-rateLimitLogging-0      [0;39m] [33mo.t.t.s.p.RateLimitService[0;39m                      : total requests 0 in progress 0 queue size 0 
[32m2025-06-05 | 06:50:54.319[0;39m | [34mINFO [0;39m [[36mapp-(scheduled)-rateLimitLogging-0      [0;39m] [33mo.t.t.s.p.RateLimitService[0;39m                      : total requests 0 in progress 0 queue size 0 
[32m2025-06-05 | 06:50:54.319[0;39m | [34mINFO [0;39m [[36mapp-(scheduled)-rateLimitLogging-0      [0;39m] [33mo.t.t.s.p.RateLimitService[0;39m                      : total requests 0 in progress 0 queue size 0 
[32m2025-06-05 | 06:50:54.319[0;39m | [34mINFO [0;39m [[36mapp-(scheduled)-rateLimitLogging-0      [0;39m] [33mo.t.t.s.p.RateLimitService[0;39m                      : total requests 0 in progress 0 queue size 0 
[32m2025-06-05 | 06:50:54.319[0;39m | [34mINFO [0;39m [[36mapp-(scheduled)-rateLimitLogging-0      [0;39m] [33mo.t.t.s.p.RateLimitService[0;39m                      : total requests 0 in progress 0 queue size 0 
[32m2025-06-05 | 06:50:54.319[0;39m | [34mINFO [0;39m [[36mapp-(scheduled)-rateLimitLogging-0      [0;39m] [33mo.t.t.s.p.RateLimitService[0;39m                      : total requests 0 in progress 0 queue size 0 
[32m2025-06-05 | 06:50:54.319[0;39m | [34mINFO [0;39m [[36mapp-(scheduled)-rateLimitLogging-0      [0;39m] [33mo.t.t.s.p.RateLimitService[0;39m                      : total requests 0 in progress 0 queue size 0 
[32m2025-06-05 | 06:50:54.319[0;39m | [34mINFO [0;39m [[36mapp-(scheduled)-rateLimitLogging-0      [0;39m] [33mo.t.t.s.p.RateLimitService[0;39m                      : total requests 0 in progress 0 queue size 0 
[32m2025-06-05 | 06:50:54.319[0;39m | [34mINFO [0;39m [[36mapp-(scheduled)-rateLimitLogging-0      [0;39m] [33mo.t.t.s.p.RateLimitService[0;39m                      : total requests 0 in progress 0 queue size 0 
[32m2025-06-05 | 06:50:54.319[0;39m | [34mINFO [0;39m [[36mapp-(scheduled)-rateLimitLogging-0      [0;39m] [33mo.t.t.s.p.RateLimitService[0;39m                      : total requests 0 in progress 0 queue size 0 
[32m2025-06-05 | 06:50:54.319[0;39m | [34mINFO [0;39m [[36mapp-(scheduled)-rateLimitLogging-0      [0;39m] [33mo.t.t.s.p.RateLimitService[0;39m                      : total requests 0 in progress 0 queue size 0 
[32m2025-06-05 | 06:50:54.319[0;39m | [34mINFO [0;39m [[36mapp-(scheduled)-rateLimitLogging-0      [0;39m] [33mo.t.t.s.p.RateLimitService[0;39m                      : total requests 0 in progress 0 queue size 0 
[32m2025-06-05 | 06:50:54.319[0;39m | [34mINFO [0;39m [[36mapp-(scheduled)-rateLimitLogging-0      [0;39m] [33mo.t.t.s.p.RateLimitService[0;39m                      : total requests 0 in progress 0 queue size 0 
[32m2025-06-05 | 06:50:54.319[0;39m | [34mINFO [0;39m [[36mapp-(scheduled)-rateLimitLogging-0      [0;39m] [33mo.t.t.s.p.RateLimitService[0;39m                      : total requests 0 in progress 0 queue size 0 
[32m2025-06-05 | 06:50:54.319[0;39m | [34mINFO [0;39m [[36mapp-(scheduled)-rateLimitLogging-0      [0;39m] [33mo.t.t.s.p.RateLimitService[0;39m                      : total requests 0 in progress 0 queue size 0 
[32m2025-06-05 | 06:50:54.319[0;39m | [34mINFO [0;39m [[36mapp-(scheduled)-rateLimitLogging-0      [0;39m] [33mo.t.t.s.p.RateLimitService[0;39m                      : total requests 0 in progress 0 queue size 0 
[32m2025-06-05 | 06:50:54.319[0;39m | [34mINFO [0;39m [[36mapp-(scheduled)-rateLimitLogging-0      [0;39m] [33mo.t.t.s.p.RateLimitService[0;39m                      : total requests 0 in progress 0 queue size 0 
[32m2025-06-05 | 06:50:54.319[0;39m | [34mINFO [0;39m [[36mapp-(scheduled)-rateLimitLogging-0      [0;39m] [33mo.t.t.s.p.RateLimitService[0;39m                      : total requests 0 in progress 0 queue size 0 
[32m2025-06-05 | 06:50:54.319[0;39m | [34mINFO [0;39m [[36mapp-(scheduled)-rateLimitLogging-0      [0;39m] [33mo.t.t.s.p.RateLimitService[0;39m                      : total requests 0 in progress 0 queue size 0 
[32m2025-06-05 | 06:50:54.319[0;39m | [34mINFO [0;39m [[36mapp-(scheduled)-rateLimitLogging-0      [0;39m] [33mo.t.t.s.p.RateLimitService[0;39m                      : total requests 0 in progress 0 queue size 0 
[32m2025-06-05 | 06:50:54.319[0;39m | [34mINFO [0;39m [[36mapp-(scheduled)-rateLimitLogging-0      [0;39m] [33mo.t.t.s.p.RateLimitService[0;39m                      : total requests 0 in progress 0 queue size 0 
[32m2025-06-05 | 06:50:54.319[0;39m | [34mINFO [0;39m [[36mapp-(scheduled)-rateLimitLogging-0      [0;39m] [33mo.t.t.s.p.RateLimitService[0;39m                      : total requests 0 in progress 0 queue size 0 
[32m2025-06-05 | 06:50:54.319[0;39m | [34mINFO [0;39m [[36mapp-(scheduled)-rateLimitLogging-0      [0;39m] [33mo.t.t.s.p.RateLimitService[0;39m                      : total requests 0 in progress 0 queue size 0 
[32m2025-06-05 | 06:50:54.319[0;39m | [34mINFO [0;39m [[36mapp-(scheduled)-rateLimitLogging-0      [0;39m] [33mo.t.t.s.p.RateLimitService[0;39m                      : total requests 0 in progress 0 queue size 0 
[32m2025-06-05 | 06:50:54.319[0;39m | [34mINFO [0;39m [[36mapp-(scheduled)-rateLimitLogging-0      [0;39m] [33mo.t.t.s.p.RateLimitService[0;39m                      : total requests 0 in progress 0 queue size 0 
[32m2025-06-05 | 06:50:54.319[0;39m | [34mINFO [0;39m [[36mapp-(scheduled)-rateLimitLogging-0      [0;39m] [33mo.t.t.s.p.RateLimitService[0;39m                      : total requests 0 in progress 0 queue size 0 
[32m2025-06-05 | 06:50:54.319[0;39m | [34mINFO [0;39m [[36mapp-(scheduled)-rateLimitLogging-0      [0;39m] [33mo.t.t.s.p.RateLimitService[0;39m                      : total requests 0 in progress 0 queue size 0 
[32m2025-06-05 | 06:50:54.319[0;39m | [34mINFO [0;39m [[36mapp-(scheduled)-rateLimitLogging-0      [0;39m] [33mo.t.t.s.p.RateLimitService[0;39m                      : total requests 0 in progress 0 queue size 0 
[32m2025-06-05 | 06:50:54.319[0;39m | [34mINFO [0;39m [[36mapp-(scheduled)-rateLimitLogging-0      [0;39m] [33mo.t.t.s.p.RateLimitService[0;39m                      : total requests 0 in progress 0 queue size 0 
[32m2025-06-05 | 06:50:54.319[0;39m | [34mINFO [0;39m [[36mapp-(scheduled)-rateLimitLogging-0      [0;39m] [33mo.t.t.s.p.RateLimitService[0;39m                      : total requests 0 in progress 0 queue size 0 
[32m2025-06-05 | 06:50:54.319[0;39m | [34mINFO [0;39m [[36mapp-(scheduled)-rateLimitLogging-0      [0;39m] [33mo.t.t.s.p.RateLimitService[0;39m                      : total requests 0 in progress 0 queue size 0 
[32m2025-06-05 | 06:50:54.319[0;39m | [34mINFO [0;39m [[36mapp-(scheduled)-rateLimitLogging-0      [0;39m] [33mo.t.t.s.p.RateLimitService[0;39m                      : total requests 0 in progress 0 queue size 0 
[32m2025-06-05 | 06:50:54.319[0;39m | [34mINFO [0;39m [[36mapp-(scheduled)-rateLimitLogging-0      [0;39m] [33mo.t.t.s.p.RateLimitService[0;39m                      : total requests 0 in progress 0 queue size 0 
[32m2025-06-05 | 06:50:54.319[0;39m | [34mINFO [0;39m [[36mapp-(scheduled)-rateLimitLogging-0      [0;39m] [33mo.t.t.s.p.RateLimitService[0;39m                      : total requests 0 in progress 0 queue size 0 
[32m2025-06-05 | 06:50:54.319[0;39m | [34mINFO [0;39m [[36mapp-(scheduled)-rateLimitLogging-0      [0;39m] [33mo.t.t.s.p.RateLimitService[0;39m                      : total requests 0 in progress 0 queue size 0 
[32m2025-06-05 | 06:50:54.319[0;39m | [34mINFO [0;39m [[36mapp-(scheduled)-rateLimitLogging-0      [0;39m] [33mo.t.t.s.p.RateLimitService[0;39m                      : total requests 0 in progress 0 queue size 0 
[32m2025-06-05 | 06:50:54.319[0;39m | [34mINFO [0;39m [[36mapp-(scheduled)-rateLimitLogging-0      [0;39m] [33mo.t.t.s.p.RateLimitService[0;39m                      : total requests 0 in progress 0 queue size 0 
[32m2025-06-05 | 06:50:54.319[0;39m | [34mINFO [0;39m [[36mapp-(scheduled)-rateLimitLogging-0      [0;39m] [33mo.t.t.s.p.RateLimitService[0;39m                      : total requests 0 in progress 0 queue size 0 
[32m2025-06-05 | 06:50:54.319[0;39m | [34mINFO [0;39m [[36mapp-(scheduled)-rateLimitLogging-0      [0;39m] [33mo.t.t.s.p.RateLimitService[0;39m                      : total requests 0 in progress 0 queue size 0 
[32m2025-06-05 | 06:50:54.319[0;39m | [34mINFO [0;39m [[36mapp-(scheduled)-rateLimitLogging-0      [0;39m] [33mo.t.t.s.p.RateLimitService[0;39m                      : total requests 0 in progress 0 queue size 0 
[32m2025-06-05 | 06:50:54.319[0;39m | [34mINFO [0;39m [[36mapp-(scheduled)-rateLimitLogging-0      [0;39m] [33mo.t.t.s.p.RateLimitService[0;39m                      : total requests 0 in progress 0 queue size 0 
[32m2025-06-05 | 06:50:54.319[0;39m | [34mINFO [0;39m [[36mapp-(scheduled)-rateLimitLogging-0      [0;39m] [33mo.t.t.s.p.RateLimitService[0;39m                      : total requests 0 in progress 0 queue size 0 
[32m2025-06-05 | 06:50:54.319[0;39m | [34mINFO [0;39m [[36mapp-(scheduled)-rateLimitLogging-0      [0;39m] [33mo.t.t.s.p.RateLimitService[0;39m                      : total requests 0 in progress 0 queue size 0 
[32m2025-06-05 | 06:50:54.319[0;39m | [34mINFO [0;39m [[36mapp-(scheduled)-rateLimitLogging-0      [0;39m] [33mo.t.t.s.p.RateLimitService[0;39m                      : total requests 0 in progress 0 queue size 0 
[32m2025-06-05 | 06:50:54.319[0;39m | [34mINFO [0;39m [[36mapp-(scheduled)-rateLimitLogging-0      [0;39m] [33mo.t.t.s.p.RateLimitService[0;39m                      : total requests 0 in progress 0 queue size 0 
[32m2025-06-05 | 06:50:54.319[0;39m | [34mINFO [0;39m [[36mapp-(scheduled)-rateLimitLogging-0      [0;39m] [33mo.t.t.s.p.RateLimitService[0;39m                      : total requests 0 in progress 0 queue size 0 
[32m2025-06-05 | 06:50:54.319[0;39m | [34mINFO [0;39m [[36mapp-(scheduled)-rateLimitLogging-0      [0;39m] [33mo.t.t.s.p.RateLimitService[0;39m                      : total requests 0 in progress 0 queue size 0 
[32m2025-06-05 | 06:50:54.319[0;39m | [34mINFO [0;39m [[36mapp-(scheduled)-rateLimitLogging-0      [0;39m] [33mo.t.t.s.p.RateLimitService[0;39m                      : total requests 0 in progress 0 queue size 0 
[32m2025-06-05 | 06:50:54.319[0;39m | [34mINFO [0;39m [[36mapp-(scheduled)-rateLimitLogging-0      [0;39m] [33mo.t.t.s.p.RateLimitService[0;39m                      : total requests 0 in progress 0 queue size 0 
[32m2025-06-05 | 06:50:54.319[0;39m | [34mINFO [0;39m [[36mapp-(scheduled)-rateLimitLogging-0      [0;39m] [33mo.t.t.s.p.RateLimitService[0;39m                      : total requests 0 in progress 0 queue size 0 
[32m2025-06-05 | 06:50:54.319[0;39m | [34mINFO [0;39m [[36mapp-(scheduled)-rateLimitLogging-0      [0;39m] [33mo.t.t.s.p.RateLimitService[0;39m                      : total requests 0 in progress 0 queue size 0 
[32m2025-06-05 | 06:50:54.319[0;39m | [34mINFO [0;39m [[36mapp-(scheduled)-rateLimitLogging-0      [0;39m] [33mo.t.t.s.p.RateLimitService[0;39m                      : total requests 0 in progress 0 queue size 0 
[32m2025-06-05 | 06:50:54.319[0;39m | [34mINFO [0;39m [[36mapp-(scheduled)-rateLimitLogging-0      [0;39m] [33mo.t.t.s.p.RateLimitService[0;39m                      : total requests 0 in progress 0 queue size 0 
[32m2025-06-05 | 06:50:54.319[0;39m | [34mINFO [0;39m [[36mapp-(scheduled)-rateLimitLogging-0      [0;39m] [33mo.t.t.s.p.RateLimitService[0;39m                      : total requests 0 in progress 0 queue size 0 
[32m2025-06-05 | 06:50:54.319[0;39m | [34mINFO [0;39m [[36mapp-(scheduled)-rateLimitLogging-0      [0;39m] [33mo.t.t.s.p.RateLimitService[0;39m                      : total requests 0 in progress 0 queue size 0 
[32m2025-06-05 | 06:50:54.319[0;39m | [34mINFO [0;39m [[36mapp-(scheduled)-rateLimitLogging-0      [0;39m] [33mo.t.t.s.p.RateLimitService[0;39m                      : total requests 0 in progress 0 queue size 0 
[32m2025-06-05 | 06:50:54.319[0;39m | [34mINFO [0;39m [[36mapp-(scheduled)-rateLimitLogging-0      [0;39m] [33mo.t.t.s.p.RateLimitService[0;39m                      : total requests 0 in progress 0 queue size 0 
[32m2025-06-05 | 06:50:54.319[0;39m | [34mINFO [0;39m [[36mapp-(scheduled)-rateLimitLogging-0      [0;39m] [33mo.t.t.s.p.RateLimitService[0;39m                      : total requests 0 in progress 0 queue size 0 
[32m2025-06-05 | 06:50:54.319[0;39m | [34mINFO [0;39m [[36mapp-(scheduled)-rateLimitLogging-0      [0;39m] [33mo.t.t.s.p.RateLimitService[0;39m                      : total requests 0 in progress 0 queue size 0 
[32m2025-06-05 | 06:50:54.319[0;39m | [34mINFO [0;39m [[36mapp-(scheduled)-rateLimitLogging-0      [0;39m] [33mo.t.t.s.p.RateLimitService[0;39m                      : total requests 0 in progress 0 queue size 0 
[32m2025-06-05 | 06:50:54.319[0;39m | [34mINFO [0;39m [[36mapp-(scheduled)-rateLimitLogging-0      [0;39m] [33mo.t.t.s.p.RateLimitService[0;39m                      : total requests 0 in progress 0 queue size 0 
[32m2025-06-05 | 06:50:54.319[0;39m | [34mINFO [0;39m [[36mapp-(scheduled)-rateLimitLogging-0      [0;39m] [33mo.t.t.s.p.RateLimitService[0;39m                      : total requests 0 in progress 0 queue size 0 
[32m2025-06-05 | 06:50:54.319[0;39m | [34mINFO [0;39m [[36mapp-(scheduled)-rateLimitLogging-0      [0;39m] [33mo.t.t.s.p.RateLimitService[0;39m                      : total requests 0 in progress 0 queue size 0 
[32m2025-06-05 | 06:50:54.319[0;39m | [34mINFO [0;39m [[36mapp-(scheduled)-rateLimitLogging-0      [0;39m] [33mo.t.t.s.p.RateLimitService[0;39m                      : total requests 0 in progress 0 queue size 0 
[32m2025-06-05 | 06:50:54.319[0;39m | [34mINFO [0;39m [[36mapp-(scheduled)-rateLimitLogging-0      [0;39m] [33mo.t.t.s.p.RateLimitService[0;39m                      : total requests 0 in progress 0 queue size 0 
[32m2025-06-05 | 06:50:54.319[0;39m | [34mINFO [0;39m [[36mapp-(scheduled)-rateLimitLogging-0      [0;39m] [33mo.t.t.s.p.RateLimitService[0;39m                      : total requests 0 in progress 0 queue size 0 
[32m2025-06-05 | 06:50:54.319[0;39m | [34mINFO [0;39m [[36mapp-(scheduled)-rateLimitLogging-0      [0;39m] [33mo.t.t.s.p.RateLimitService[0;39m                      : total requests 0 in progress 0 queue size 0 
[32m2025-06-05 | 06:50:54.319[0;39m | [34mINFO [0;39m [[36mapp-(scheduled)-rateLimitLogging-0      [0;39m] [33mo.t.t.s.p.RateLimitService[0;39m                      : total requests 0 in progress 0 queue size 0 
[32m2025-06-05 | 06:50:54.319[0;39m | [34mINFO [0;39m [[36mapp-(scheduled)-rateLimitLogging-0      [0;39m] [33mo.t.t.s.p.RateLimitService[0;39m                      : total requests 0 in progress 0 queue size 0 
[32m2025-06-05 | 06:50:54.319[0;39m | [34mINFO [0;39m [[36mapp-(scheduled)-rateLimitLogging-0      [0;39m] [33mo.t.t.s.p.RateLimitService[0;39m                      : total requests 0 in progress 0 queue size 0 
[32m2025-06-05 | 06:50:54.319[0;39m | [34mINFO [0;39m [[36mapp-(scheduled)-rateLimitLogging-0      [0;39m] [33mo.t.t.s.p.RateLimitService[0;39m                      : total requests 0 in progress 0 queue size 0 
[32m2025-06-05 | 06:50:54.319[0;39m | [34mINFO [0;39m [[36mapp-(scheduled)-rateLimitLogging-0      [0;39m] [33mo.t.t.s.p.RateLimitService[0;39m                      : total requests 0 in progress 0 queue size 0 
[32m2025-06-05 | 06:50:54.319[0;39m | [34mINFO [0;39m [[36mapp-(scheduled)-rateLimitLogging-0      [0;39m] [33mo.t.t.s.p.RateLimitService[0;39m                      : total requests 0 in progress 0 queue size 0 
[32m2025-06-05 | 06:50:54.319[0;39m | [34mINFO [0;39m [[36mapp-(scheduled)-rateLimitLogging-0      [0;39m] [33mo.t.t.s.p.RateLimitService[0;39m                      : total requests 0 in progress 0 queue size 0 
[32m2025-06-05 | 06:50:54.319[0;39m | [34mINFO [0;39m [[36mapp-(scheduled)-rateLimitLogging-0      [0;39m] [33mo.t.t.s.p.RateLimitService[0;39m                      : total requests 0 in progress 0 queue size 0 
[32m2025-06-05 | 06:50:54.319[0;39m | [34mINFO [0;39m [[36mapp-(scheduled)-rateLimitLogging-0      [0;39m] [33mo.t.t.s.p.RateLimitService[0;39m                      : total requests 0 in progress 0 queue size 0 
[32m2025-06-05 | 06:50:54.319[0;39m | [34mINFO [0;39m [[36mapp-(scheduled)-rateLimitLogging-0      [0;39m] [33mo.t.t.s.p.RateLimitService[0;39m                      : total requests 0 in progress 0 queue size 0 
[32m2025-06-05 | 06:50:54.319[0;39m | [34mINFO [0;39m [[36mapp-(scheduled)-rateLimitLogging-0      [0;39m] [33mo.t.t.s.p.RateLimitService[0;39m                      : total requests 0 in progress 0 queue size 0 
[32m2025-06-05 | 06:50:54.319[0;39m | [34mINFO [0;39m [[36mapp-(scheduled)-rateLimitLogging-0      [0;39m] [33mo.t.t.s.p.RateLimitService[0;39m                      : total requests 0 in progress 0 queue size 0 
[32m2025-06-05 | 06:50:54.319[0;39m | [34mINFO [0;39m [[36mapp-(scheduled)-rateLimitLogging-0      [0;39m] [33mo.t.t.s.p.RateLimitService[0;39m                      : total requests 0 in progress 0 queue size 0 
[32m2025-06-05 | 06:50:54.319[0;39m | [34mINFO [0;39m [[36mapp-(scheduled)-rateLimitLogging-0      [0;39m] [33mo.t.t.s.p.RateLimitService[0;39m                      : total requests 0 in progress 0 queue size 0 
[32m2025-06-05 | 06:50:54.319[0;39m | [34mINFO [0;39m [[36mapp-(scheduled)-rateLimitLogging-0      [0;39m] [33mo.t.t.s.p.RateLimitService[0;39m                      : total requests 0 in progress 0 queue size 0 
[32m2025-06-05 | 06:50:54.319[0;39m | [34mINFO [0;39m [[36mapp-(scheduled)-rateLimitLogging-0      [0;39m] [33mo.t.t.s.p.RateLimitService[0;39m                      : total requests 0 in progress 0 queue size 0 
[32m2025-06-05 | 06:50:54.319[0;39m | [34mINFO [0;39m [[36mapp-(scheduled)-rateLimitLogging-0      [0;39m] [33mo.t.t.s.p.RateLimitService[0;39m                      : total requests 0 in progress 0 queue size 0 
[32m2025-06-05 | 06:50:54.319[0;39m | [34mINFO [0;39m [[36mapp-(scheduled)-rateLimitLogging-0      [0;39m] [33mo.t.t.s.p.RateLimitService[0;39m                      : total requests 0 in progress 0 queue size 0 
[32m2025-06-05 | 06:50:54.319[0;39m | [34mINFO [0;39m [[36mapp-(scheduled)-rateLimitLogging-0      [0;39m] [33mo.t.t.s.p.RateLimitService[0;39m                      : total requests 0 in progress 0 queue size 0 
[32m2025-06-05 | 06:50:54.319[0;39m | [34mINFO [0;39m [[36mapp-(scheduled)-rateLimitLogging-0      [0;39m] [33mo.t.t.s.p.RateLimitService[0;39m                      : total requests 0 in progress 0 queue size 0 
[32m2025-06-05 | 06:50:54.319[0;39m | [34mINFO [0;39m [[36mapp-(scheduled)-rateLimitLogging-0      [0;39m] [33mo.t.t.s.p.RateLimitService[0;39m                      : total requests 0 in progress 0 queue size 0 
[32m2025-06-05 | 06:50:54.319[0;39m | [34mINFO [0;39m [[36mapp-(scheduled)-rateLimitLogging-0      [0;39m] [33mo.t.t.s.p.RateLimitService[0;39m                      : total requests 0 in progress 0 queue size 0 
[32m2025-06-05 | 06:50:54.319[0;39m | [34mINFO [0;39m [[36mapp-(scheduled)-rateLimitLogging-0      [0;39m] [33mo.t.t.s.p.RateLimitService[0;39m                      : total requests 0 in progress 0 queue size 0 
[32m2025-06-05 | 06:50:54.319[0;39m | [34mINFO [0;39m [[36mapp-(scheduled)-rateLimitLogging-0      [0;39m] [33mo.t.t.s.p.RateLimitService[0;39m                      : total requests 0 in progress 0 queue size 0 
[32m2025-06-05 | 06:50:54.319[0;39m | [34mINFO [0;39m [[36mapp-(scheduled)-rateLimitLogging-0      [0;39m] [33mo.t.t.s.p.RateLimitService[0;39m                      : total requests 0 in progress 0 queue size 0 
[32m2025-06-05 | 06:50:54.319[0;39m | [34mINFO [0;39m [[36mapp-(scheduled)-rateLimitLogging-0      [0;39m] [33mo.t.t.s.p.RateLimitService[0;39m                      : total requests 0 in progress 0 queue size 0 
[32m2025-06-05 | 06:50:54.319[0;39m | [34mINFO [0;39m [[36mapp-(scheduled)-rateLimitLogging-0      [0;39m] [33mo.t.t.s.p.RateLimitService[0;39m                      : total requests 0 in progress 0 queue size 0 
[32m2025-06-05 | 06:50:54.319[0;39m | [34mINFO [0;39m [[36mapp-(scheduled)-rateLimitLogging-0      [0;39m] [33mo.t.t.s.p.RateLimitService[0;39m                      : total requests 0 in progress 0 queue size 0 
[32m2025-06-05 | 06:50:54.319[0;39m | [34mINFO [0;39m [[36mapp-(scheduled)-rateLimitLogging-0      [0;39m] [33mo.t.t.s.p.RateLimitService[0;39m                      : total requests 0 in progress 0 queue size 0 
[32m2025-06-05 | 06:50:54.319[0;39m | [34mINFO [0;39m [[36mapp-(scheduled)-rateLimitLogging-0      [0;39m] [33mo.t.t.s.p.RateLimitService[0;39m                      : total requests 0 in progress 0 queue size 0 
[32m2025-06-05 | 06:50:54.319[0;39m | [34mINFO [0;39m [[36mapp-(scheduled)-rateLimitLogging-0      [0;39m] [33mo.t.t.s.p.RateLimitService[0;39m                      : total requests 0 in progress 0 queue size 0 
[32m2025-06-05 | 06:50:54.319[0;39m | [34mINFO [0;39m [[36mapp-(scheduled)-rateLimitLogging-0      [0;39m] [33mo.t.t.s.p.RateLimitService[0;39m                      : total requests 0 in progress 0 queue size 0 
[32m2025-06-05 | 06:50:54.319[0;39m | [34mINFO [0;39m [[36mapp-(scheduled)-rateLimitLogging-0      [0;39m] [33mo.t.t.s.p.RateLimitService[0;39m                      : total requests 0 in progress 0 queue size 0 
[32m2025-06-05 | 06:50:54.319[0;39m | [34mINFO [0;39m [[36mapp-(scheduled)-rateLimitLogging-0      [0;39m] [33mo.t.t.s.p.RateLimitService[0;39m                      : total requests 0 in progress 0 queue size 0 
[32m2025-06-05 | 06:50:54.319[0;39m | [34mINFO [0;39m [[36mapp-(scheduled)-rateLimitLogging-0      [0;39m] [33mo.t.t.s.p.RateLimitService[0;39m                      : total requests 0 in progress 0 queue size 0 
[32m2025-06-05 | 06:50:54.319[0;39m | [34mINFO [0;39m [[36mapp-(scheduled)-rateLimitLogging-0      [0;39m] [33mo.t.t.s.p.RateLimitService[0;39m                      : total requests 0 in progress 0 queue size 0 
[32m2025-06-05 | 06:50:54.319[0;39m | [34mINFO [0;39m [[36mapp-(scheduled)-rateLimitLogging-0      [0;39m] [33mo.t.t.s.p.RateLimitService[0;39m                      : total requests 0 in progress 0 queue size 0 
[32m2025-06-05 | 06:50:54.319[0;39m | [34mINFO [0;39m [[36mapp-(scheduled)-rateLimitLogging-0      [0;39m] [33mo.t.t.s.p.RateLimitService[0;39m                      : total requests 0 in progress 0 queue size 0 
[32m2025-06-05 | 06:50:54.319[0;39m | [34mINFO [0;39m [[36mapp-(scheduled)-rateLimitLogging-0      [0;39m] [33mo.t.t.s.p.RateLimitService[0;39m                      : total requests 0 in progress 0 queue size 0 
[32m2025-06-05 | 06:50:54.319[0;39m | [34mINFO [0;39m [[36mapp-(scheduled)-rateLimitLogging-0      [0;39m] [33mo.t.t.s.p.RateLimitService[0;39m                      : total requests 0 in progress 0 queue size 0 
[32m2025-06-05 | 06:50:54.319[0;39m | [34mINFO [0;39m [[36mapp-(scheduled)-rateLimitLogging-0      [0;39m] [33mo.t.t.s.p.RateLimitService[0;39m                      : total requests 0 in progress 0 queue size 0 
[32m2025-06-05 | 06:50:54.319[0;39m | [34mINFO [0;39m [[36mapp-(scheduled)-rateLimitLogging-0      [0;39m] [33mo.t.t.s.p.RateLimitService[0;39m                      : total requests 0 in progress 0 queue size 0 
[32m2025-06-05 | 06:50:54.319[0;39m | [34mINFO [0;39m [[36mapp-(scheduled)-rateLimitLogging-0      [0;39m] [33mo.t.t.s.p.RateLimitService[0;39m                      : total requests 0 in progress 0 queue size 0 
[32m2025-06-05 | 06:50:54.319[0;39m | [34mINFO [0;39m [[36mapp-(scheduled)-rateLimitLogging-0      [0;39m] [33mo.t.t.s.p.RateLimitService[0;39m                      : total requests 0 in progress 0 queue size 0 
[32m2025-06-05 | 06:50:54.319[0;39m | [34mINFO [0;39m [[36mapp-(scheduled)-rateLimitLogging-0      [0;39m] [33mo.t.t.s.p.RateLimitService[0;39m                      : total requests 0 in progress 0 queue size 0 
[32m2025-06-05 | 06:50:54.319[0;39m | [34mINFO [0;39m [[36mapp-(scheduled)-rateLimitLogging-0      [0;39m] [33mo.t.t.s.p.RateLimitService[0;39m                      : total requests 0 in progress 0 queue size 0 
[32m2025-06-05 | 06:50:54.319[0;39m | [34mINFO [0;39m [[36mapp-(scheduled)-rateLimitLogging-0      [0;39m] [33mo.t.t.s.p.RateLimitService[0;39m                      : total requests 0 in progress 0 queue size 0 
[32m2025-06-05 | 06:50:54.319[0;39m | [34mINFO [0;39m [[36mapp-(scheduled)-rateLimitLogging-0      [0;39m] [33mo.t.t.s.p.RateLimitService[0;39m                      : total requests 0 in progress 0 queue size 0 
[32m2025-06-05 | 06:50:54.344[0;39m | [34mINFO [0;39m [[36mapp-(scheduled)-rateLimitLogging-0      [0;39m] [33mo.t.t.s.p.RateLimitService[0;39m                      : total requests 0 in progress 0 queue size 0 
[32m2025-06-05 | 06:50:54.344[0;39m | [34mINFO [0;39m [[36mapp-(scheduled)-rateLimitLogging-0      [0;39m] [33mo.t.t.s.p.RateLimitService[0;39m                      : total requests 0 in progress 0 queue size 0 
[32m2025-06-05 | 06:50:54.344[0;39m | [34mINFO [0;39m [[36mapp-(scheduled)-rateLimitLogging-0      [0;39m] [33mo.t.t.s.p.RateLimitService[0;39m                      : total requests 0 in progress 0 queue size 0 
[32m2025-06-05 | 06:50:54.344[0;39m | [34mINFO [0;39m [[36mapp-(scheduled)-rateLimitLogging-0      [0;39m] [33mo.t.t.s.p.RateLimitService[0;39m                      : total requests 0 in progress 0 queue size 0 
[32m2025-06-05 | 06:50:54.344[0;39m | [34mINFO [0;39m [[36mapp-(scheduled)-rateLimitLogging-0      [0;39m] [33mo.t.t.s.p.RateLimitService[0;39m                      : total requests 0 in progress 0 queue size 0 
[32m2025-06-05 | 06:50:54.344[0;39m | [34mINFO [0;39m [[36mapp-(scheduled)-rateLimitLogging-0      [0;39m] [33mo.t.t.s.p.RateLimitService[0;39m                      : total requests 0 in progress 0 queue size 0 
[32m2025-06-05 | 06:50:54.344[0;39m | [34mINFO [0;39m [[36mapp-(scheduled)-rateLimitLogging-0      [0;39m] [33mo.t.t.s.p.RateLimitService[0;39m                      : total requests 0 in progress 0 queue size 0 
[32m2025-06-05 | 06:50:54.344[0;39m | [34mINFO [0;39m [[36mapp-(scheduled)-rateLimitLogging-0      [0;39m] [33mo.t.t.s.p.RateLimitService[0;39m                      : total requests 0 in progress 0 queue size 0 
[32m2025-06-05 | 06:50:54.344[0;39m | [34mINFO [0;39m [[36mapp-(scheduled)-rateLimitLogging-0      [0;39m] [33mo.t.t.s.p.RateLimitService[0;39m                      : total requests 0 in progress 0 queue size 0 
[32m2025-06-05 | 06:50:54.344[0;39m | [34mINFO [0;39m [[36mapp-(scheduled)-rateLimitLogging-0      [0;39m] [33mo.t.t.s.p.RateLimitService[0;39m                      : total requests 0 in progress 0 queue size 0 
[32m2025-06-05 | 06:50:54.344[0;39m | [34mINFO [0;39m [[36mapp-(scheduled)-rateLimitLogging-0      [0;39m] [33mo.t.t.s.p.RateLimitService[0;39m                      : total requests 0 in progress 0 queue size 0 
[32m2025-06-05 | 06:50:54.344[0;39m | [34mINFO [0;39m [[36mapp-(scheduled)-rateLimitLogging-0      [0;39m] [33mo.t.t.s.p.RateLimitService[0;39m                      : total requests 0 in progress 0 queue size 0 
[32m2025-06-05 | 06:50:54.344[0;39m | [34mINFO [0;39m [[36mapp-(scheduled)-rateLimitLogging-0      [0;39m] [33mo.t.t.s.p.RateLimitService[0;39m                      : total requests 0 in progress 0 queue size 0 
[32m2025-06-05 | 06:50:54.344[0;39m | [34mINFO [0;39m [[36mapp-(scheduled)-rateLimitLogging-0      [0;39m] [33mo.t.t.s.p.RateLimitService[0;39m                      : total requests 0 in progress 0 queue size 0 
[32m2025-06-05 | 06:50:54.344[0;39m | [34mINFO [0;39m [[36mapp-(scheduled)-rateLimitLogging-0      [0;39m] [33mo.t.t.s.p.RateLimitService[0;39m                      : total requests 0 in progress 0 queue size 0 
[32m2025-06-05 | 06:50:54.344[0;39m | [34mINFO [0;39m [[36mapp-(scheduled)-rateLimitLogging-0      [0;39m] [33mo.t.t.s.p.RateLimitService[0;39m                      : total requests 0 in progress 0 queue size 0 
[32m2025-06-05 | 06:50:54.344[0;39m | [34mINFO [0;39m [[36mapp-(scheduled)-rateLimitLogging-0      [0;39m] [33mo.t.t.s.p.RateLimitService[0;39m                      : total requests 0 in progress 0 queue size 0 
[32m2025-06-05 | 06:50:54.344[0;39m | [34mINFO [0;39m [[36mapp-(scheduled)-rateLimitLogging-0      [0;39m] [33mo.t.t.s.p.RateLimitService[0;39m                      : total requests 0 in progress 0 queue size 0 
[32m2025-06-05 | 06:50:54.344[0;39m | [34mINFO [0;39m [[36mapp-(scheduled)-rateLimitLogging-0      [0;39m] [33mo.t.t.s.p.RateLimitService[0;39m                      : total requests 0 in progress 0 queue size 0 
[32m2025-06-05 | 06:50:54.344[0;39m | [34mINFO [0;39m [[36mapp-(scheduled)-rateLimitLogging-0      [0;39m] [33mo.t.t.s.p.RateLimitService[0;39m                      : total requests 0 in progress 0 queue size 0 
[32m2025-06-05 | 06:50:54.344[0;39m | [34mINFO [0;39m [[36mapp-(scheduled)-rateLimitLogging-0      [0;39m] [33mo.t.t.s.p.RateLimitService[0;39m                      : total requests 0 in progress 0 queue size 0 
[32m2025-06-05 | 06:50:54.344[0;39m | [34mINFO [0;39m [[36mapp-(scheduled)-rateLimitLogging-0      [0;39m] [33mo.t.t.s.p.RateLimitService[0;39m                      : total requests 0 in progress 0 queue size 0 
[32m2025-06-05 | 06:50:54.344[0;39m | [34mINFO [0;39m [[36mapp-(scheduled)-rateLimitLogging-0      [0;39m] [33mo.t.t.s.p.RateLimitService[0;39m                      : total requests 0 in progress 0 queue size 0 
[32m2025-06-05 | 06:50:54.344[0;39m | [34mINFO [0;39m [[36mapp-(scheduled)-rateLimitLogging-0      [0;39m] [33mo.t.t.s.p.RateLimitService[0;39m                      : total requests 0 in progress 0 queue size 0 
[32m2025-06-05 | 06:50:54.344[0;39m | [34mINFO [0;39m [[36mapp-(scheduled)-rateLimitLogging-0      [0;39m] [33mo.t.t.s.p.RateLimitService[0;39m                      : total requests 0 in progress 0 queue size 0 
[32m2025-06-05 | 06:50:54.344[0;39m | [34mINFO [0;39m [[36mapp-(scheduled)-rateLimitLogging-0      [0;39m] [33mo.t.t.s.p.RateLimitService[0;39m                      : total requests 0 in progress 0 queue size 0 
[32m2025-06-05 | 06:50:54.344[0;39m | [34mINFO [0;39m [[36mapp-(scheduled)-rateLimitLogging-0      [0;39m] [33mo.t.t.s.p.RateLimitService[0;39m                      : total requests 0 in progress 0 queue size 0 
[32m2025-06-05 | 06:50:54.344[0;39m | [34mINFO [0;39m [[36mapp-(scheduled)-rateLimitLogging-0      [0;39m] [33mo.t.t.s.p.RateLimitService[0;39m                      : total requests 0 in progress 0 queue size 0 
[32m2025-06-05 | 06:50:54.344[0;39m | [34mINFO [0;39m [[36mapp-(scheduled)-rateLimitLogging-0      [0;39m] [33mo.t.t.s.p.RateLimitService[0;39m                      : total requests 0 in progress 0 queue size 0 
[32m2025-06-05 | 06:50:54.344[0;39m | [34mINFO [0;39m [[36mapp-(scheduled)-rateLimitLogging-0      [0;39m] [33mo.t.t.s.p.RateLimitService[0;39m                      : total requests 0 in progress 0 queue size 0 
[32m2025-06-05 | 06:50:54.344[0;39m | [34mINFO [0;39m [[36mapp-(scheduled)-rateLimitLogging-0      [0;39m] [33mo.t.t.s.p.RateLimitService[0;39m                      : total requests 0 in progress 0 queue size 0 
[32m2025-06-05 | 06:50:54.344[0;39m | [34mINFO [0;39m [[36mapp-(scheduled)-rateLimitLogging-0      [0;39m] [33mo.t.t.s.p.RateLimitService[0;39m                      : total requests 0 in progress 0 queue size 0 
[32m2025-06-05 | 06:50:54.344[0;39m | [34mINFO [0;39m [[36mapp-(scheduled)-rateLimitLogging-0      [0;39m] [33mo.t.t.s.p.RateLimitService[0;39m                      : total requests 0 in progress 0 queue size 0 
[32m2025-06-05 | 06:50:54.344[0;39m | [34mINFO [0;39m [[36mapp-(scheduled)-rateLimitLogging-0      [0;39m] [33mo.t.t.s.p.RateLimitService[0;39m                      : total requests 0 in progress 0 queue size 0 
[32m2025-06-05 | 06:50:54.344[0;39m | [34mINFO [0;39m [[36mapp-(scheduled)-rateLimitLogging-0      [0;39m] [33mo.t.t.s.p.RateLimitService[0;39m                      : total requests 0 in progress 0 queue size 0 
[32m2025-06-05 | 06:50:54.344[0;39m | [34mINFO [0;39m [[36mapp-(scheduled)-rateLimitLogging-0      [0;39m] [33mo.t.t.s.p.RateLimitService[0;39m                      : total requests 0 in progress 0 queue size 0 
[32m2025-06-05 | 06:50:54.344[0;39m | [34mINFO [0;39m [[36mapp-(scheduled)-rateLimitLogging-0      [0;39m] [33mo.t.t.s.p.RateLimitService[0;39m                      : total requests 0 in progress 0 queue size 0 
[32m2025-06-05 | 06:50:54.344[0;39m | [34mINFO [0;39m [[36mapp-(scheduled)-rateLimitLogging-0      [0;39m] [33mo.t.t.s.p.RateLimitService[0;39m                      : total requests 0 in progress 0 queue size 0 
[32m2025-06-05 | 06:50:54.344[0;39m | [34mINFO [0;39m [[36mapp-(scheduled)-rateLimitLogging-0      [0;39m] [33mo.t.t.s.p.RateLimitService[0;39m                      : total requests 0 in progress 0 queue size 0 
[32m2025-06-05 | 06:50:54.344[0;39m | [34mINFO [0;39m [[36mapp-(scheduled)-rateLimitLogging-0      [0;39m] [33mo.t.t.s.p.RateLimitService[0;39m                      : total requests 0 in progress 0 queue size 0 
[32m2025-06-05 | 06:50:54.344[0;39m | [34mINFO [0;39m [[36mapp-(scheduled)-rateLimitLogging-0      [0;39m] [33mo.t.t.s.p.RateLimitService[0;39m                      : total requests 0 in progress 0 queue size 0 
[32m2025-06-05 | 06:50:54.344[0;39m | [34mINFO [0;39m [[36mapp-(scheduled)-rateLimitLogging-0      [0;39m] [33mo.t.t.s.p.RateLimitService[0;39m                      : total requests 0 in progress 0 queue size 0 
[32m2025-06-05 | 06:50:54.344[0;39m | [34mINFO [0;39m [[36mapp-(scheduled)-rateLimitLogging-0      [0;39m] [33mo.t.t.s.p.RateLimitService[0;39m                      : total requests 0 in progress 0 queue size 0 
[32m2025-06-05 | 06:50:54.344[0;39m | [34mINFO [0;39m [[36mapp-(scheduled)-rateLimitLogging-0      [0;39m] [33mo.t.t.s.p.RateLimitService[0;39m                      : total requests 0 in progress 0 queue size 0 
[32m2025-06-05 | 06:50:54.344[0;39m | [34mINFO [0;39m [[36mapp-(scheduled)-rateLimitLogging-0      [0;39m] [33mo.t.t.s.p.RateLimitService[0;39m                      : total requests 0 in progress 0 queue size 0 
[32m2025-06-05 | 06:50:54.344[0;39m | [34mINFO [0;39m [[36mapp-(scheduled)-rateLimitLogging-0      [0;39m] [33mo.t.t.s.p.RateLimitService[0;39m                      : total requests 0 in progress 0 queue size 0 
[32m2025-06-05 | 06:50:54.344[0;39m | [34mINFO [0;39m [[36mapp-(scheduled)-rateLimitLogging-0      [0;39m] [33mo.t.t.s.p.RateLimitService[0;39m                      : total requests 0 in progress 0 queue size 0 
[32m2025-06-05 | 06:50:54.344[0;39m | [34mINFO [0;39m [[36mapp-(scheduled)-rateLimitLogging-0      [0;39m] [33mo.t.t.s.p.RateLimitService[0;39m                      : total requests 0 in progress 0 queue size 0 
[32m2025-06-05 | 06:50:54.344[0;39m | [34mINFO [0;39m [[36mapp-(scheduled)-rateLimitLogging-0      [0;39m] [33mo.t.t.s.p.RateLimitService[0;39m                      : total requests 0 in progress 0 queue size 0 
[32m2025-06-05 | 06:50:54.344[0;39m | [34mINFO [0;39m [[36mapp-(scheduled)-rateLimitLogging-0      [0;39m] [33mo.t.t.s.p.RateLimitService[0;39m                      : total requests 0 in progress 0 queue size 0 
[32m2025-06-05 | 06:50:54.344[0;39m | [34mINFO [0;39m [[36mapp-(scheduled)-rateLimitLogging-0      [0;39m] [33mo.t.t.s.p.RateLimitService[0;39m                      : total requests 0 in progress 0 queue size 0 
[32m2025-06-05 | 06:50:54.344[0;39m | [34mINFO [0;39m [[36mapp-(scheduled)-rateLimitLogging-0      [0;39m] [33mo.t.t.s.p.RateLimitService[0;39m                      : total requests 0 in progress 0 queue size 0 
[32m2025-06-05 | 06:50:54.344[0;39m | [34mINFO [0;39m [[36mapp-(scheduled)-rateLimitLogging-0      [0;39m] [33mo.t.t.s.p.RateLimitService[0;39m                      : total requests 0 in progress 0 queue size 0 
[32m2025-06-05 | 06:50:54.344[0;39m | [34mINFO [0;39m [[36mapp-(scheduled)-rateLimitLogging-0      [0;39m] [33mo.t.t.s.p.RateLimitService[0;39m                      : total requests 0 in progress 0 queue size 0 
[32m2025-06-05 | 06:50:54.344[0;39m | [34mINFO [0;39m [[36mapp-(scheduled)-rateLimitLogging-0      [0;39m] [33mo.t.t.s.p.RateLimitService[0;39m                      : total requests 0 in progress 0 queue size 0 
[32m2025-06-05 | 06:50:54.344[0;39m | [34mINFO [0;39m [[36mapp-(scheduled)-rateLimitLogging-0      [0;39m] [33mo.t.t.s.p.RateLimitService[0;39m                      : total requests 0 in progress 0 queue size 0 
[32m2025-06-05 | 06:50:54.344[0;39m | [34mINFO [0;39m [[36mapp-(scheduled)-rateLimitLogging-0      [0;39m] [33mo.t.t.s.p.RateLimitService[0;39m                      : total requests 0 in progress 0 queue size 0 
[32m2025-06-05 | 06:50:54.344[0;39m | [34mINFO [0;39m [[36mapp-(scheduled)-rateLimitLogging-0      [0;39m] [33mo.t.t.s.p.RateLimitService[0;39m                      : total requests 0 in progress 0 queue size 0 
[32m2025-06-05 | 06:50:54.344[0;39m | [34mINFO [0;39m [[36mapp-(scheduled)-rateLimitLogging-0      [0;39m] [33mo.t.t.s.p.RateLimitService[0;39m                      : total requests 0 in progress 0 queue size 0 
[32m2025-06-05 | 06:50:54.344[0;39m | [34mINFO [0;39m [[36mapp-(scheduled)-rateLimitLogging-0      [0;39m] [33mo.t.t.s.p.RateLimitService[0;39m                      : total requests 0 in progress 0 queue size 0 
[32m2025-06-05 | 06:50:54.344[0;39m | [34mINFO [0;39m [[36mapp-(scheduled)-rateLimitLogging-0      [0;39m] [33mo.t.t.s.p.RateLimitService[0;39m                      : total requests 0 in progress 0 queue size 0 
[32m2025-06-05 | 06:50:54.344[0;39m | [34mINFO [0;39m [[36mapp-(scheduled)-rateLimitLogging-0      [0;39m] [33mo.t.t.s.p.RateLimitService[0;39m                      : total requests 0 in progress 0 queue size 0 
[32m2025-06-05 | 06:50:54.344[0;39m | [34mINFO [0;39m [[36mapp-(scheduled)-rateLimitLogging-0      [0;39m] [33mo.t.t.s.p.RateLimitService[0;39m                      : total requests 0 in progress 0 queue size 0 
[32m2025-06-05 | 06:50:54.344[0;39m | [34mINFO [0;39m [[36mapp-(scheduled)-rateLimitLogging-0      [0;39m] [33mo.t.t.s.p.RateLimitService[0;39m                      : total requests 0 in progress 0 queue size 0 
[32m2025-06-05 | 06:50:54.344[0;39m | [34mINFO [0;39m [[36mapp-(scheduled)-rateLimitLogging-0      [0;39m] [33mo.t.t.s.p.RateLimitService[0;39m                      : total requests 0 in progress 0 queue size 0 
[32m2025-06-05 | 06:50:54.344[0;39m | [34mINFO [0;39m [[36mapp-(scheduled)-rateLimitLogging-0      [0;39m] [33mo.t.t.s.p.RateLimitService[0;39m                      : total requests 0 in progress 0 queue size 0 
[32m2025-06-05 | 06:50:54.344[0;39m | [34mINFO [0;39m [[36mapp-(scheduled)-rateLimitLogging-0      [0;39m] [33mo.t.t.s.p.RateLimitService[0;39m                      : total requests 0 in progress 0 queue size 0 
[32m2025-06-05 | 06:50:54.344[0;39m | [34mINFO [0;39m [[36mapp-(scheduled)-rateLimitLogging-0      [0;39m] [33mo.t.t.s.p.RateLimitService[0;39m                      : total requests 0 in progress 0 queue size 0 
[32m2025-06-05 | 06:50:54.344[0;39m | [34mINFO [0;39m [[36mapp-(scheduled)-rateLimitLogging-0      [0;39m] [33mo.t.t.s.p.RateLimitService[0;39m                      : total requests 0 in progress 0 queue size 0 
[32m2025-06-05 | 06:50:54.344[0;39m | [34mINFO [0;39m [[36mapp-(scheduled)-rateLimitLogging-0      [0;39m] [33mo.t.t.s.p.RateLimitService[0;39m                      : total requests 0 in progress 0 queue size 0 
[32m2025-06-05 | 06:50:54.344[0;39m | [34mINFO [0;39m [[36mapp-(scheduled)-rateLimitLogging-0      [0;39m] [33mo.t.t.s.p.RateLimitService[0;39m                      : total requests 0 in progress 0 queue size 0 
[32m2025-06-05 | 06:50:54.344[0;39m | [34mINFO [0;39m [[36mapp-(scheduled)-rateLimitLogging-0      [0;39m] [33mo.t.t.s.p.RateLimitService[0;39m                      : total requests 0 in progress 0 queue size 0 
[32m2025-06-05 | 06:50:54.344[0;39m | [34mINFO [0;39m [[36mapp-(scheduled)-rateLimitLogging-0      [0;39m] [33mo.t.t.s.p.RateLimitService[0;39m                      : total requests 0 in progress 0 queue size 0 
[32m2025-06-05 | 06:50:54.344[0;39m | [34mINFO [0;39m [[36mapp-(scheduled)-rateLimitLogging-0      [0;39m] [33mo.t.t.s.p.RateLimitService[0;39m                      : total requests 0 in progress 0 queue size 0 
[32m2025-06-05 | 06:50:54.344[0;39m | [34mINFO [0;39m [[36mapp-(scheduled)-rateLimitLogging-0      [0;39m] [33mo.t.t.s.p.RateLimitService[0;39m                      : total requests 0 in progress 0 queue size 0 
[32m2025-06-05 | 06:50:54.344[0;39m | [34mINFO [0;39m [[36mapp-(scheduled)-rateLimitLogging-0      [0;39m] [33mo.t.t.s.p.RateLimitService[0;39m                      : total requests 0 in progress 0 queue size 0 
[32m2025-06-05 | 06:50:54.344[0;39m | [34mINFO [0;39m [[36mapp-(scheduled)-rateLimitLogging-0      [0;39m] [33mo.t.t.s.p.RateLimitService[0;39m                      : total requests 0 in progress 0 queue size 0 
[32m2025-06-05 | 06:50:54.344[0;39m | [34mINFO [0;39m [[36mapp-(scheduled)-rateLimitLogging-0      [0;39m] [33mo.t.t.s.p.RateLimitService[0;39m                      : total requests 0 in progress 0 queue size 0 
[32m2025-06-05 | 06:50:54.344[0;39m | [34mINFO [0;39m [[36mapp-(scheduled)-rateLimitLogging-0      [0;39m] [33mo.t.t.s.p.RateLimitService[0;39m                      : total requests 0 in progress 0 queue size 0 
[32m2025-06-05 | 06:50:54.344[0;39m | [34mINFO [0;39m [[36mapp-(scheduled)-rateLimitLogging-0      [0;39m] [33mo.t.t.s.p.RateLimitService[0;39m                      : total requests 0 in progress 0 queue size 0 
[32m2025-06-05 | 06:50:54.344[0;39m | [34mINFO [0;39m [[36mapp-(scheduled)-rateLimitLogging-0      [0;39m] [33mo.t.t.s.p.RateLimitService[0;39m                      : total requests 0 in progress 0 queue size 0 
[32m2025-06-05 | 06:50:54.344[0;39m | [34mINFO [0;39m [[36mapp-(scheduled)-rateLimitLogging-0      [0;39m] [33mo.t.t.s.p.RateLimitService[0;39m                      : total requests 0 in progress 0 queue size 0 
[32m2025-06-05 | 06:50:54.344[0;39m | [34mINFO [0;39m [[36mapp-(scheduled)-rateLimitLogging-0      [0;39m] [33mo.t.t.s.p.RateLimitService[0;39m                      : total requests 0 in progress 0 queue size 0 
[32m2025-06-05 | 06:50:54.344[0;39m | [34mINFO [0;39m [[36mapp-(scheduled)-rateLimitLogging-0      [0;39m] [33mo.t.t.s.p.RateLimitService[0;39m                      : total requests 0 in progress 0 queue size 0 
[32m2025-06-05 | 06:50:54.344[0;39m | [34mINFO [0;39m [[36mapp-(scheduled)-rateLimitLogging-0      [0;39m] [33mo.t.t.s.p.RateLimitService[0;39m                      : total requests 0 in progress 0 queue size 0 
[32m2025-06-05 | 06:50:54.344[0;39m | [34mINFO [0;39m [[36mapp-(scheduled)-rateLimitLogging-0      [0;39m] [33mo.t.t.s.p.RateLimitService[0;39m                      : total requests 0 in progress 0 queue size 0 
[32m2025-06-05 | 06:50:54.344[0;39m | [34mINFO [0;39m [[36mapp-(scheduled)-rateLimitLogging-0      [0;39m] [33mo.t.t.s.p.RateLimitService[0;39m                      : total requests 0 in progress 0 queue size 0 
[32m2025-06-05 | 06:50:54.344[0;39m | [34mINFO [0;39m [[36mapp-(scheduled)-rateLimitLogging-0      [0;39m] [33mo.t.t.s.p.RateLimitService[0;39m                      : total requests 0 in progress 0 queue size 0 
[32m2025-06-05 | 06:50:54.344[0;39m | [34mINFO [0;39m [[36mapp-(scheduled)-rateLimitLogging-0      [0;39m] [33mo.t.t.s.p.RateLimitService[0;39m                      : total requests 0 in progress 0 queue size 0 
[32m2025-06-05 | 06:50:54.344[0;39m | [34mINFO [0;39m [[36mapp-(scheduled)-rateLimitLogging-0      [0;39m] [33mo.t.t.s.p.RateLimitService[0;39m                      : total requests 0 in progress 0 queue size 0 
[32m2025-06-05 | 06:50:54.344[0;39m | [34mINFO [0;39m [[36mapp-(scheduled)-rateLimitLogging-0      [0;39m] [33mo.t.t.s.p.RateLimitService[0;39m                      : total requests 0 in progress 0 queue size 0 
[32m2025-06-05 | 06:50:54.344[0;39m | [34mINFO [0;39m [[36mapp-(scheduled)-rateLimitLogging-0      [0;39m] [33mo.t.t.s.p.RateLimitService[0;39m                      : total requests 0 in progress 0 queue size 0 
[32m2025-06-05 | 06:50:54.344[0;39m | [34mINFO [0;39m [[36mapp-(scheduled)-rateLimitLogging-0      [0;39m] [33mo.t.t.s.p.RateLimitService[0;39m                      : total requests 0 in progress 0 queue size 0 
[32m2025-06-05 | 06:50:54.344[0;39m | [34mINFO [0;39m [[36mapp-(scheduled)-rateLimitLogging-0      [0;39m] [33mo.t.t.s.p.RateLimitService[0;39m                      : total requests 0 in progress 0 queue size 0 
[32m2025-06-05 | 06:50:54.344[0;39m | [34mINFO [0;39m [[36mapp-(scheduled)-rateLimitLogging-0      [0;39m] [33mo.t.t.s.p.RateLimitService[0;39m                      : total requests 0 in progress 0 queue size 0 
[32m2025-06-05 | 06:50:54.344[0;39m | [34mINFO [0;39m [[36mapp-(scheduled)-rateLimitLogging-0      [0;39m] [33mo.t.t.s.p.RateLimitService[0;39m                      : total requests 0 in progress 0 queue size 0 
[32m2025-06-05 | 06:50:54.344[0;39m | [34mINFO [0;39m [[36mapp-(scheduled)-rateLimitLogging-0      [0;39m] [33mo.t.t.s.p.RateLimitService[0;39m                      : total requests 0 in progress 0 queue size 0 
[32m2025-06-05 | 06:50:54.344[0;39m | [34mINFO [0;39m [[36mapp-(scheduled)-rateLimitLogging-0      [0;39m] [33mo.t.t.s.p.RateLimitService[0;39m                      : total requests 0 in progress 0 queue size 0 
[32m2025-06-05 | 06:50:54.344[0;39m | [34mINFO [0;39m [[36mapp-(scheduled)-rateLimitLogging-0      [0;39m] [33mo.t.t.s.p.RateLimitService[0;39m                      : total requests 0 in progress 0 queue size 0 
[32m2025-06-05 | 06:50:54.344[0;39m | [34mINFO [0;39m [[36mapp-(scheduled)-rateLimitLogging-0      [0;39m] [33mo.t.t.s.p.RateLimitService[0;39m                      : total requests 0 in progress 0 queue size 0 
[32m2025-06-05 | 06:50:54.344[0;39m | [34mINFO [0;39m [[36mapp-(scheduled)-rateLimitLogging-0      [0;39m] [33mo.t.t.s.p.RateLimitService[0;39m                      : total requests 0 in progress 0 queue size 0 
[32m2025-06-05 | 06:50:54.344[0;39m | [34mINFO [0;39m [[36mapp-(scheduled)-rateLimitLogging-0      [0;39m] [33mo.t.t.s.p.RateLimitService[0;39m                      : total requests 0 in progress 0 queue size 0 
[32m2025-06-05 | 06:50:54.344[0;39m | [34mINFO [0;39m [[36mapp-(scheduled)-rateLimitLogging-0      [0;39m] [33mo.t.t.s.p.RateLimitService[0;39m                      : total requests 0 in progress 0 queue size 0 
[32m2025-06-05 | 06:50:54.344[0;39m | [34mINFO [0;39m [[36mapp-(scheduled)-rateLimitLogging-0      [0;39m] [33mo.t.t.s.p.RateLimitService[0;39m                      : total requests 0 in progress 0 queue size 0 
[32m2025-06-05 | 06:50:54.344[0;39m | [34mINFO [0;39m [[36mapp-(scheduled)-rateLimitLogging-0      [0;39m] [33mo.t.t.s.p.RateLimitService[0;39m                      : total requests 0 in progress 0 queue size 0 
[32m2025-06-05 | 06:50:54.344[0;39m | [34mINFO [0;39m [[36mapp-(scheduled)-rateLimitLogging-0      [0;39m] [33mo.t.t.s.p.RateLimitService[0;39m                      : total requests 0 in progress 0 queue size 0 
[32m2025-06-05 | 06:50:54.344[0;39m | [34mINFO [0;39m [[36mapp-(scheduled)-rateLimitLogging-0      [0;39m] [33mo.t.t.s.p.RateLimitService[0;39m                      : total requests 0 in progress 0 queue size 0 
[32m2025-06-05 | 06:50:54.344[0;39m | [34mINFO [0;39m [[36mapp-(scheduled)-rateLimitLogging-0      [0;39m] [33mo.t.t.s.p.RateLimitService[0;39m                      : total requests 0 in progress 0 queue size 0 
[32m2025-06-05 | 06:50:54.344[0;39m | [34mINFO [0;39m [[36mapp-(scheduled)-rateLimitLogging-0      [0;39m] [33mo.t.t.s.p.RateLimitService[0;39m                      : total requests 0 in progress 0 queue size 0 
[32m2025-06-05 | 06:50:54.344[0;39m | [34mINFO [0;39m [[36mapp-(scheduled)-rateLimitLogging-0      [0;39m] [33mo.t.t.s.p.RateLimitService[0;39m                      : total requests 0 in progress 0 queue size 0 
[32m2025-06-05 | 06:50:54.344[0;39m | [34mINFO [0;39m [[36mapp-(scheduled)-rateLimitLogging-0      [0;39m] [33mo.t.t.s.p.RateLimitService[0;39m                      : total requests 0 in progress 0 queue size 0 
[32m2025-06-05 | 06:50:54.344[0;39m | [34mINFO [0;39m [[36mapp-(scheduled)-rateLimitLogging-0      [0;39m] [33mo.t.t.s.p.RateLimitService[0;39m                      : total requests 0 in progress 0 queue size 0 
[32m2025-06-05 | 06:50:54.344[0;39m | [34mINFO [0;39m [[36mapp-(scheduled)-rateLimitLogging-0      [0;39m] [33mo.t.t.s.p.RateLimitService[0;39m                      : total requests 0 in progress 0 queue size 0 
[32m2025-06-05 | 06:50:54.344[0;39m | [34mINFO [0;39m [[36mapp-(scheduled)-rateLimitLogging-0      [0;39m] [33mo.t.t.s.p.RateLimitService[0;39m                      : total requests 0 in progress 0 queue size 0 
[32m2025-06-05 | 06:50:54.344[0;39m | [34mINFO [0;39m [[36mapp-(scheduled)-rateLimitLogging-0      [0;39m] [33mo.t.t.s.p.RateLimitService[0;39m                      : total requests 0 in progress 0 queue size 0 
[32m2025-06-05 | 06:50:54.344[0;39m | [34mINFO [0;39m [[36mapp-(scheduled)-rateLimitLogging-0      [0;39m] [33mo.t.t.s.p.RateLimitService[0;39m                      : total requests 0 in progress 0 queue size 0 
[32m2025-06-05 | 06:50:54.344[0;39m | [34mINFO [0;39m [[36mapp-(scheduled)-rateLimitLogging-0      [0;39m] [33mo.t.t.s.p.RateLimitService[0;39m                      : total requests 0 in progress 0 queue size 0 
[32m2025-06-05 | 06:50:54.344[0;39m | [34mINFO [0;39m [[36mapp-(scheduled)-rateLimitLogging-0      [0;39m] [33mo.t.t.s.p.RateLimitService[0;39m                      : total requests 0 in progress 0 queue size 0 
[32m2025-06-05 | 06:50:54.344[0;39m | [34mINFO [0;39m [[36mapp-(scheduled)-rateLimitLogging-0      [0;39m] [33mo.t.t.s.p.RateLimitService[0;39m                      : total requests 0 in progress 0 queue size 0 
[32m2025-06-05 | 06:50:54.344[0;39m | [34mINFO [0;39m [[36mapp-(scheduled)-rateLimitLogging-0      [0;39m] [33mo.t.t.s.p.RateLimitService[0;39m                      : total requests 0 in progress 0 queue size 0 
[32m2025-06-05 | 06:50:54.344[0;39m | [34mINFO [0;39m [[36mapp-(scheduled)-rateLimitLogging-0      [0;39m] [33mo.t.t.s.p.RateLimitService[0;39m                      : total requests 0 in progress 0 queue size 0 
[32m2025-06-05 | 06:50:54.344[0;39m | [34mINFO [0;39m [[36mapp-(scheduled)-rateLimitLogging-0      [0;39m] [33mo.t.t.s.p.RateLimitService[0;39m                      : total requests 0 in progress 0 queue size 0 
[32m2025-06-05 | 06:50:54.344[0;39m | [34mINFO [0;39m [[36mapp-(scheduled)-rateLimitLogging-0      [0;39m] [33mo.t.t.s.p.RateLimitService[0;39m                      : total requests 0 in progress 0 queue size 0 
[32m2025-06-05 | 06:50:54.344[0;39m | [34mINFO [0;39m [[36mapp-(scheduled)-rateLimitLogging-0      [0;39m] [33mo.t.t.s.p.RateLimitService[0;39m                      : total requests 0 in progress 0 queue size 0 
[32m2025-06-05 | 06:50:54.344[0;39m | [34mINFO [0;39m [[36mapp-(scheduled)-rateLimitLogging-0      [0;39m] [33mo.t.t.s.p.RateLimitService[0;39m                      : total requests 0 in progress 0 queue size 0 
[32m2025-06-05 | 06:50:54.344[0;39m | [34mINFO [0;39m [[36mapp-(scheduled)-rateLimitLogging-0      [0;39m] [33mo.t.t.s.p.RateLimitService[0;39m                      : total requests 0 in progress 0 queue size 0 
[32m2025-06-05 | 06:50:54.344[0;39m | [34mINFO [0;39m [[36mapp-(scheduled)-rateLimitLogging-0      [0;39m] [33mo.t.t.s.p.RateLimitService[0;39m                      : total requests 0 in progress 0 queue size 0 
[32m2025-06-05 | 06:50:54.344[0;39m | [34mINFO [0;39m [[36mapp-(scheduled)-rateLimitLogging-0      [0;39m] [33mo.t.t.s.p.RateLimitService[0;39m                      : total requests 0 in progress 0 queue size 0 
[32m2025-06-05 | 06:50:54.344[0;39m | [34mINFO [0;39m [[36mapp-(scheduled)-rateLimitLogging-0      [0;39m] [33mo.t.t.s.p.RateLimitService[0;39m                      : total requests 0 in progress 0 queue size 0 
[32m2025-06-05 | 06:50:54.344[0;39m | [34mINFO [0;39m [[36mapp-(scheduled)-rateLimitLogging-0      [0;39m] [33mo.t.t.s.p.RateLimitService[0;39m                      : total requests 0 in progress 0 queue size 0 
[32m2025-06-05 | 06:50:54.344[0;39m | [34mINFO [0;39m [[36mapp-(scheduled)-rateLimitLogging-0      [0;39m] [33mo.t.t.s.p.RateLimitService[0;39m                      : total requests 0 in progress 0 queue size 0 
[32m2025-06-05 | 06:50:54.344[0;39m | [34mINFO [0;39m [[36mapp-(scheduled)-rateLimitLogging-0      [0;39m] [33mo.t.t.s.p.RateLimitService[0;39m                      : total requests 0 in progress 0 queue size 0 
[32m2025-06-05 | 06:50:54.344[0;39m | [34mINFO [0;39m [[36mapp-(scheduled)-rateLimitLogging-0      [0;39m] [33mo.t.t.s.p.RateLimitService[0;39m                      : total requests 0 in progress 0 queue size 0 
[32m2025-06-05 | 06:50:54.344[0;39m | [34mINFO [0;39m [[36mapp-(scheduled)-rateLimitLogging-0      [0;39m] [33mo.t.t.s.p.RateLimitService[0;39m                      : total requests 0 in progress 0 queue size 0 
[32m2025-06-05 | 06:50:54.344[0;39m | [34mINFO [0;39m [[36mapp-(scheduled)-rateLimitLogging-0      [0;39m] [33mo.t.t.s.p.RateLimitService[0;39m                      : total requests 0 in progress 0 queue size 0 
[32m2025-06-05 | 06:50:54.344[0;39m | [34mINFO [0;39m [[36mapp-(scheduled)-rateLimitLogging-0      [0;39m] [33mo.t.t.s.p.RateLimitService[0;39m                      : total requests 0 in progress 0 queue size 0 
[32m2025-06-05 | 06:50:54.344[0;39m | [34mINFO [0;39m [[36mapp-(scheduled)-rateLimitLogging-0      [0;39m] [33mo.t.t.s.p.RateLimitService[0;39m                      : total requests 0 in progress 0 queue size 0 
[32m2025-06-05 | 06:50:54.344[0;39m | [34mINFO [0;39m [[36mapp-(scheduled)-rateLimitLogging-0      [0;39m] [33mo.t.t.s.p.RateLimitService[0;39m                      : total requests 0 in progress 0 queue size 0 
[32m2025-06-05 | 06:50:54.344[0;39m | [34mINFO [0;39m [[36mapp-(scheduled)-rateLimitLogging-0      [0;39m] [33mo.t.t.s.p.RateLimitService[0;39m                      : total requests 0 in progress 0 queue size 0 
[32m2025-06-05 | 06:50:54.344[0;39m | [34mINFO [0;39m [[36mapp-(scheduled)-rateLimitLogging-0      [0;39m] [33mo.t.t.s.p.RateLimitService[0;39m                      : total requests 0 in progress 0 queue size 0 
[32m2025-06-05 | 06:50:54.344[0;39m | [34mINFO [0;39m [[36mapp-(scheduled)-rateLimitLogging-0      [0;39m] [33mo.t.t.s.p.RateLimitService[0;39m                      : total requests 0 in progress 0 queue size 0 
[32m2025-06-05 | 06:50:54.344[0;39m | [34mINFO [0;39m [[36mapp-(scheduled)-rateLimitLogging-0      [0;39m] [33mo.t.t.s.p.RateLimitService[0;39m                      : total requests 0 in progress 0 queue size 0 
[32m2025-06-05 | 06:50:54.344[0;39m | [34mINFO [0;39m [[36mapp-(scheduled)-rateLimitLogging-0      [0;39m] [33mo.t.t.s.p.RateLimitService[0;39m                      : total requests 0 in progress 0 queue size 0 
[32m2025-06-05 | 06:50:54.344[0;39m | [34mINFO [0;39m [[36mapp-(scheduled)-rateLimitLogging-0      [0;39m] [33mo.t.t.s.p.RateLimitService[0;39m                      : total requests 0 in progress 0 queue size 0 
[32m2025-06-05 | 06:50:54.344[0;39m | [34mINFO [0;39m [[36mapp-(scheduled)-rateLimitLogging-0      [0;39m] [33mo.t.t.s.p.RateLimitService[0;39m                      : total requests 0 in progress 0 queue size 0 
[32m2025-06-05 | 06:50:54.344[0;39m | [34mINFO [0;39m [[36mapp-(scheduled)-rateLimitLogging-0      [0;39m] [33mo.t.t.s.p.RateLimitService[0;39m                      : total requests 0 in progress 0 queue size 0 
[32m2025-06-05 | 06:50:54.344[0;39m | [34mINFO [0;39m [[36mapp-(scheduled)-rateLimitLogging-0      [0;39m] [33mo.t.t.s.p.RateLimitService[0;39m                      : total requests 0 in progress 0 queue size 0 
[32m2025-06-05 | 06:50:54.344[0;39m | [34mINFO [0;39m [[36mapp-(scheduled)-rateLimitLogging-0      [0;39m] [33mo.t.t.s.p.RateLimitService[0;39m                      : total requests 0 in progress 0 queue size 0 
[32m2025-06-05 | 06:50:54.344[0;39m | [34mINFO [0;39m [[36mapp-(scheduled)-rateLimitLogging-0      [0;39m] [33mo.t.t.s.p.RateLimitService[0;39m                      : total requests 0 in progress 0 queue size 0 
[32m2025-06-05 | 06:50:54.344[0;39m | [34mINFO [0;39m [[36mapp-(scheduled)-rateLimitLogging-0      [0;39m] [33mo.t.t.s.p.RateLimitService[0;39m                      : total requests 0 in progress 0 queue size 0 
[32m2025-06-05 | 06:50:54.344[0;39m | [34mINFO [0;39m [[36mapp-(scheduled)-rateLimitLogging-0      [0;39m] [33mo.t.t.s.p.RateLimitService[0;39m                      : total requests 0 in progress 0 queue size 0 
[32m2025-06-05 | 06:50:54.344[0;39m | [34mINFO [0;39m [[36mapp-(scheduled)-rateLimitLogging-0      [0;39m] [33mo.t.t.s.p.RateLimitService[0;39m                      : total requests 0 in progress 0 queue size 0 
[32m2025-06-05 | 06:50:54.344[0;39m | [34mINFO [0;39m [[36mapp-(scheduled)-rateLimitLogging-0      [0;39m] [33mo.t.t.s.p.RateLimitService[0;39m                      : total requests 0 in progress 0 queue size 0 
[32m2025-06-05 | 06:50:54.344[0;39m | [34mINFO [0;39m [[36mapp-(scheduled)-rateLimitLogging-0      [0;39m] [33mo.t.t.s.p.RateLimitService[0;39m                      : total requests 0 in progress 0 queue size 0 
[32m2025-06-05 | 06:50:54.344[0;39m | [34mINFO [0;39m [[36mapp-(scheduled)-rateLimitLogging-0      [0;39m] [33mo.t.t.s.p.RateLimitService[0;39m                      : total requests 0 in progress 0 queue size 0 
[32m2025-06-05 | 06:50:54.344[0;39m | [34mINFO [0;39m [[36mapp-(scheduled)-rateLimitLogging-0      [0;39m] [33mo.t.t.s.p.RateLimitService[0;39m                      : total requests 0 in progress 0 queue size 0 
[32m2025-06-05 | 06:50:54.344[0;39m | [34mINFO [0;39m [[36mapp-(scheduled)-rateLimitLogging-0      [0;39m] [33mo.t.t.s.p.RateLimitService[0;39m                      : total requests 0 in progress 0 queue size 0 
[32m2025-06-05 | 06:50:54.344[0;39m | [34mINFO [0;39m [[36mapp-(scheduled)-rateLimitLogging-0      [0;39m] [33mo.t.t.s.p.RateLimitService[0;39m                      : total requests 0 in progress 0 queue size 0 
[32m2025-06-05 | 06:50:54.344[0;39m | [34mINFO [0;39m [[36mapp-(scheduled)-rateLimitLogging-0      [0;39m] [33mo.t.t.s.p.RateLimitService[0;39m                      : total requests 0 in progress 0 queue size 0 
[32m2025-06-05 | 06:50:54.344[0;39m | [34mINFO [0;39m [[36mapp-(scheduled)-rateLimitLogging-0      [0;39m] [33mo.t.t.s.p.RateLimitService[0;39m                      : total requests 0 in progress 0 queue size 0 
[32m2025-06-05 | 06:50:54.344[0;39m | [34mINFO [0;39m [[36mapp-(scheduled)-rateLimitLogging-0      [0;39m] [33mo.t.t.s.p.RateLimitService[0;39m                      : total requests 0 in progress 0 queue size 0 
[32m2025-06-05 | 06:50:54.344[0;39m | [34mINFO [0;39m [[36mapp-(scheduled)-rateLimitLogging-0      [0;39m] [33mo.t.t.s.p.RateLimitService[0;39m                      : total requests 0 in progress 0 queue size 0 
[32m2025-06-05 | 06:50:54.344[0;39m | [34mINFO [0;39m [[36mapp-(scheduled)-rateLimitLogging-0      [0;39m] [33mo.t.t.s.p.RateLimitService[0;39m                      : total requests 0 in progress 0 queue size 0 
[32m2025-06-05 | 06:50:54.344[0;39m | [34mINFO [0;39m [[36mapp-(scheduled)-rateLimitLogging-0      [0;39m] [33mo.t.t.s.p.RateLimitService[0;39m                      : total requests 0 in progress 0 queue size 0 
[32m2025-06-05 | 06:50:54.344[0;39m | [34mINFO [0;39m [[36mapp-(scheduled)-rateLimitLogging-0      [0;39m] [33mo.t.t.s.p.RateLimitService[0;39m                      : total requests 0 in progress 0 queue size 0 
[32m2025-06-05 | 06:50:54.344[0;39m | [34mINFO [0;39m [[36mapp-(scheduled)-rateLimitLogging-0      [0;39m] [33mo.t.t.s.p.RateLimitService[0;39m                      : total requests 0 in progress 0 queue size 0 
[32m2025-06-05 | 06:50:54.344[0;39m | [34mINFO [0;39m [[36mapp-(scheduled)-rateLimitLogging-0      [0;39m] [33mo.t.t.s.p.RateLimitService[0;39m                      : total requests 0 in progress 0 queue size 0 
[32m2025-06-05 | 06:50:54.344[0;39m | [34mINFO [0;39m [[36mapp-(scheduled)-rateLimitLogging-0      [0;39m] [33mo.t.t.s.p.RateLimitService[0;39m                      : total requests 0 in progress 0 queue size 0 
[32m2025-06-05 | 06:50:54.344[0;39m | [34mINFO [0;39m [[36mapp-(scheduled)-rateLimitLogging-0      [0;39m] [33mo.t.t.s.p.RateLimitService[0;39m                      : total requests 0 in progress 0 queue size 0 
[32m2025-06-05 | 06:50:54.344[0;39m | [34mINFO [0;39m [[36mapp-(scheduled)-rateLimitLogging-0      [0;39m] [33mo.t.t.s.p.RateLimitService[0;39m                      : total requests 0 in progress 0 queue size 0 
[32m2025-06-05 | 06:50:54.344[0;39m | [34mINFO [0;39m [[36mapp-(scheduled)-rateLimitLogging-0      [0;39m] [33mo.t.t.s.p.RateLimitService[0;39m                      : total requests 0 in progress 0 queue size 0 
[32m2025-06-05 | 06:50:54.344[0;39m | [34mINFO [0;39m [[36mapp-(scheduled)-rateLimitLogging-0      [0;39m] [33mo.t.t.s.p.RateLimitService[0;39m                      : total requests 0 in progress 0 queue size 0 
[32m2025-06-05 | 06:50:54.344[0;39m | [34mINFO [0;39m [[36mapp-(scheduled)-rateLimitLogging-0      [0;39m] [33mo.t.t.s.p.RateLimitService[0;39m                      : total requests 0 in progress 0 queue size 0 
[32m2025-06-05 | 06:50:54.344[0;39m | [34mINFO [0;39m [[36mapp-(scheduled)-rateLimitLogging-0      [0;39m] [33mo.t.t.s.p.RateLimitService[0;39m                      : total requests 0 in progress 0 queue size 0 
[32m2025-06-05 | 06:50:54.344[0;39m | [34mINFO [0;39m [[36mapp-(scheduled)-rateLimitLogging-0      [0;39m] [33mo.t.t.s.p.RateLimitService[0;39m                      : total requests 0 in progress 0 queue size 0 
[32m2025-06-05 | 06:50:54.344[0;39m | [34mINFO [0;39m [[36mapp-(scheduled)-rateLimitLogging-0      [0;39m] [33mo.t.t.s.p.RateLimitService[0;39m                      : total requests 0 in progress 0 queue size 0 
[32m2025-06-05 | 06:50:54.344[0;39m | [34mINFO [0;39m [[36mapp-(scheduled)-rateLimitLogging-0      [0;39m] [33mo.t.t.s.p.RateLimitService[0;39m                      : total requests 0 in progress 0 queue size 0 
[32m2025-06-05 | 06:50:54.344[0;39m | [34mINFO [0;39m [[36mapp-(scheduled)-rateLimitLogging-0      [0;39m] [33mo.t.t.s.p.RateLimitService[0;39m                      : total requests 0 in progress 0 queue size 0 
[32m2025-06-05 | 06:50:54.344[0;39m | [34mINFO [0;39m [[36mapp-(scheduled)-rateLimitLogging-0      [0;39m] [33mo.t.t.s.p.RateLimitService[0;39m                      : total requests 0 in progress 0 queue size 0 
[32m2025-06-05 | 06:50:54.344[0;39m | [34mINFO [0;39m [[36mapp-(scheduled)-rateLimitLogging-0      [0;39m] [33mo.t.t.s.p.RateLimitService[0;39m                      : total requests 0 in progress 0 queue size 0 
[32m2025-06-05 | 06:50:54.344[0;39m | [34mINFO [0;39m [[36mapp-(scheduled)-rateLimitLogging-0      [0;39m] [33mo.t.t.s.p.RateLimitService[0;39m                      : total requests 0 in progress 0 queue size 0 
[32m2025-06-05 | 06:50:54.344[0;39m | [34mINFO [0;39m [[36mapp-(scheduled)-rateLimitLogging-0      [0;39m] [33mo.t.t.s.p.RateLimitService[0;39m                      : total requests 0 in progress 0 queue size 0 
[32m2025-06-05 | 06:50:54.344[0;39m | [34mINFO [0;39m [[36mapp-(scheduled)-rateLimitLogging-0      [0;39m] [33mo.t.t.s.p.RateLimitService[0;39m                      : total requests 0 in progress 0 queue size 0 
[32m2025-06-05 | 06:50:54.344[0;39m | [34mINFO [0;39m [[36mapp-(scheduled)-rateLimitLogging-0      [0;39m] [33mo.t.t.s.p.RateLimitService[0;39m                      : total requests 0 in progress 0 queue size 0 
[32m2025-06-05 | 06:50:54.344[0;39m | [34mINFO [0;39m [[36mapp-(scheduled)-rateLimitLogging-0      [0;39m] [33mo.t.t.s.p.RateLimitService[0;39m                      : total requests 0 in progress 0 queue size 0 
[32m2025-06-05 | 06:50:54.344[0;39m | [34mINFO [0;39m [[36mapp-(scheduled)-rateLimitLogging-0      [0;39m] [33mo.t.t.s.p.RateLimitService[0;39m                      : total requests 0 in progress 0 queue size 0 
[32m2025-06-05 | 06:50:54.344[0;39m | [34mINFO [0;39m [[36mapp-(scheduled)-rateLimitLogging-0      [0;39m] [33mo.t.t.s.p.RateLimitService[0;39m                      : total requests 0 in progress 0 queue size 0 
[32m2025-06-05 | 06:50:54.344[0;39m | [34mINFO [0;39m [[36mapp-(scheduled)-rateLimitLogging-0      [0;39m] [33mo.t.t.s.p.RateLimitService[0;39m                      : total requests 0 in progress 0 queue size 0 
[32m2025-06-05 | 06:50:54.344[0;39m | [34mINFO [0;39m [[36mapp-(scheduled)-rateLimitLogging-0      [0;39m] [33mo.t.t.s.p.RateLimitService[0;39m                      : total requests 0 in progress 0 queue size 0 
[32m2025-06-05 | 06:50:54.344[0;39m | [34mINFO [0;39m [[36mapp-(scheduled)-rateLimitLogging-0      [0;39m] [33mo.t.t.s.p.RateLimitService[0;39m                      : total requests 0 in progress 0 queue size 0 
[32m2025-06-05 | 06:50:54.344[0;39m | [34mINFO [0;39m [[36mapp-(scheduled)-rateLimitLogging-0      [0;39m] [33mo.t.t.s.p.RateLimitService[0;39m                      : total requests 0 in progress 0 queue size 0 
[32m2025-06-05 | 06:50:54.344[0;39m | [34mINFO [0;39m [[36mapp-(scheduled)-rateLimitLogging-0      [0;39m] [33mo.t.t.s.p.RateLimitService[0;39m                      : total requests 0 in progress 0 queue size 0 
[32m2025-06-05 | 06:50:54.344[0;39m | [34mINFO [0;39m [[36mapp-(scheduled)-rateLimitLogging-0      [0;39m] [33mo.t.t.s.p.RateLimitService[0;39m                      : total requests 0 in progress 0 queue size 0 
[32m2025-06-05 | 06:50:54.344[0;39m | [34mINFO [0;39m [[36mapp-(scheduled)-rateLimitLogging-0      [0;39m] [33mo.t.t.s.p.RateLimitService[0;39m                      : total requests 0 in progress 0 queue size 0 
[32m2025-06-05 | 06:50:54.344[0;39m | [34mINFO [0;39m [[36mapp-(scheduled)-rateLimitLogging-0      [0;39m] [33mo.t.t.s.p.RateLimitService[0;39m                      : total requests 0 in progress 0 queue size 0 
[32m2025-06-05 | 06:50:54.344[0;39m | [34mINFO [0;39m [[36mapp-(scheduled)-rateLimitLogging-0      [0;39m] [33mo.t.t.s.p.RateLimitService[0;39m                      : total requests 0 in progress 0 queue size 0 
[32m2025-06-05 | 06:50:54.344[0;39m | [34mINFO [0;39m [[36mapp-(scheduled)-rateLimitLogging-0      [0;39m] [33mo.t.t.s.p.RateLimitService[0;39m                      : total requests 0 in progress 0 queue size 0 
[32m2025-06-05 | 06:50:54.344[0;39m | [34mINFO [0;39m [[36mapp-(scheduled)-rateLimitLogging-0      [0;39m] [33mo.t.t.s.p.RateLimitService[0;39m                      : total requests 0 in progress 0 queue size 0 
[32m2025-06-05 | 06:50:54.344[0;39m | [34mINFO [0;39m [[36mapp-(scheduled)-rateLimitLogging-0      [0;39m] [33mo.t.t.s.p.RateLimitService[0;39m                      : total requests 0 in progress 0 queue size 0 
[32m2025-06-05 | 06:50:54.344[0;39m | [34mINFO [0;39m [[36mapp-(scheduled)-rateLimitLogging-0      [0;39m] [33mo.t.t.s.p.RateLimitService[0;39m                      : total requests 0 in progress 0 queue size 0 
[32m2025-06-05 | 06:50:54.344[0;39m | [34mINFO [0;39m [[36mapp-(scheduled)-rateLimitLogging-0      [0;39m] [33mo.t.t.s.p.RateLimitService[0;39m                      : total requests 0 in progress 0 queue size 0 
[32m2025-06-05 | 06:50:54.344[0;39m | [34mINFO [0;39m [[36mapp-(scheduled)-rateLimitLogging-0      [0;39m] [33mo.t.t.s.p.RateLimitService[0;39m                      : total requests 0 in progress 0 queue size 0 
[32m2025-06-05 | 06:50:54.344[0;39m | [34mINFO [0;39m [[36mapp-(scheduled)-rateLimitLogging-0      [0;39m] [33mo.t.t.s.p.RateLimitService[0;39m                      : total requests 0 in progress 0 queue size 0 
[32m2025-06-05 | 06:50:54.344[0;39m | [34mINFO [0;39m [[36mapp-(scheduled)-rateLimitLogging-0      [0;39m] [33mo.t.t.s.p.RateLimitService[0;39m                      : total requests 0 in progress 0 queue size 0 
[32m2025-06-05 | 06:50:54.360[0;39m | [34mINFO [0;39m [[36mapp-(scheduled)-rateLimitLogging-0      [0;39m] [33mo.t.t.s.p.RateLimitService[0;39m                      : total requests 0 in progress 0 queue size 0 
[32m2025-06-05 | 06:50:54.360[0;39m | [34mINFO [0;39m [[36mapp-(scheduled)-rateLimitLogging-0      [0;39m] [33mo.t.t.s.p.RateLimitService[0;39m                      : total requests 0 in progress 0 queue size 0 
[32m2025-06-05 | 06:50:54.360[0;39m | [34mINFO [0;39m [[36mapp-(scheduled)-rateLimitLogging-0      [0;39m] [33mo.t.t.s.p.RateLimitService[0;39m                      : total requests 0 in progress 0 queue size 0 
[32m2025-06-05 | 06:50:54.360[0;39m | [34mINFO [0;39m [[36mapp-(scheduled)-rateLimitLogging-0      [0;39m] [33mo.t.t.s.p.RateLimitService[0;39m                      : total requests 0 in progress 0 queue size 0 
[32m2025-06-05 | 06:50:54.360[0;39m | [34mINFO [0;39m [[36mapp-(scheduled)-rateLimitLogging-0      [0;39m] [33mo.t.t.s.p.RateLimitService[0;39m                      : total requests 0 in progress 0 queue size 0 
[32m2025-06-05 | 06:50:54.360[0;39m | [34mINFO [0;39m [[36mapp-(scheduled)-rateLimitLogging-0      [0;39m] [33mo.t.t.s.p.RateLimitService[0;39m                      : total requests 0 in progress 0 queue size 0 
[32m2025-06-05 | 06:50:54.360[0;39m | [34mINFO [0;39m [[36mapp-(scheduled)-rateLimitLogging-0      [0;39m] [33mo.t.t.s.p.RateLimitService[0;39m                      : total requests 0 in progress 0 queue size 0 
[32m2025-06-05 | 06:50:54.360[0;39m | [34mINFO [0;39m [[36mapp-(scheduled)-rateLimitLogging-0      [0;39m] [33mo.t.t.s.p.RateLimitService[0;39m                      : total requests 0 in progress 0 queue size 0 
[32m2025-06-05 | 06:50:54.360[0;39m | [34mINFO [0;39m [[36mapp-(scheduled)-rateLimitLogging-0      [0;39m] [33mo.t.t.s.p.RateLimitService[0;39m                      : total requests 0 in progress 0 queue size 0 
[32m2025-06-05 | 06:50:54.360[0;39m | [34mINFO [0;39m [[36mapp-(scheduled)-rateLimitLogging-0      [0;39m] [33mo.t.t.s.p.RateLimitService[0;39m                      : total requests 0 in progress 0 queue size 0 
[32m2025-06-05 | 06:50:54.360[0;39m | [34mINFO [0;39m [[36mapp-(scheduled)-rateLimitLogging-0      [0;39m] [33mo.t.t.s.p.RateLimitService[0;39m                      : total requests 0 in progress 0 queue size 0 
[32m2025-06-05 | 06:50:54.360[0;39m | [34mINFO [0;39m [[36mapp-(scheduled)-rateLimitLogging-0      [0;39m] [33mo.t.t.s.p.RateLimitService[0;39m                      : total requests 0 in progress 0 queue size 0 
[32m2025-06-05 | 06:50:54.360[0;39m | [34mINFO [0;39m [[36mapp-(scheduled)-rateLimitLogging-0      [0;39m] [33mo.t.t.s.p.RateLimitService[0;39m                      : total requests 0 in progress 0 queue size 0 
[32m2025-06-05 | 06:50:54.360[0;39m | [34mINFO [0;39m [[36mapp-(scheduled)-rateLimitLogging-0      [0;39m] [33mo.t.t.s.p.RateLimitService[0;39m                      : total requests 0 in progress 0 queue size 0 
[32m2025-06-05 | 06:50:54.360[0;39m | [34mINFO [0;39m [[36mapp-(scheduled)-rateLimitLogging-0      [0;39m] [33mo.t.t.s.p.RateLimitService[0;39m                      : total requests 0 in progress 0 queue size 0 
[32m2025-06-05 | 06:50:54.360[0;39m | [34mINFO [0;39m [[36mapp-(scheduled)-rateLimitLogging-0      [0;39m] [33mo.t.t.s.p.RateLimitService[0;39m                      : total requests 0 in progress 0 queue size 0 
[32m2025-06-05 | 06:50:54.360[0;39m | [34mINFO [0;39m [[36mapp-(scheduled)-rateLimitLogging-0      [0;39m] [33mo.t.t.s.p.RateLimitService[0;39m                      : total requests 0 in progress 0 queue size 0 
[32m2025-06-05 | 06:50:54.360[0;39m | [34mINFO [0;39m [[36mapp-(scheduled)-rateLimitLogging-0      [0;39m] [33mo.t.t.s.p.RateLimitService[0;39m                      : total requests 0 in progress 0 queue size 0 
[32m2025-06-05 | 06:50:54.360[0;39m | [34mINFO [0;39m [[36mapp-(scheduled)-rateLimitLogging-0      [0;39m] [33mo.t.t.s.p.RateLimitService[0;39m                      : total requests 0 in progress 0 queue size 0 
[32m2025-06-05 | 06:50:54.360[0;39m | [34mINFO [0;39m [[36mapp-(scheduled)-rateLimitLogging-0      [0;39m] [33mo.t.t.s.p.RateLimitService[0;39m                      : total requests 0 in progress 0 queue size 0 
[32m2025-06-05 | 06:50:54.360[0;39m | [34mINFO [0;39m [[36mapp-(scheduled)-rateLimitLogging-0      [0;39m] [33mo.t.t.s.p.RateLimitService[0;39m                      : total requests 0 in progress 0 queue size 0 
[32m2025-06-05 | 06:50:54.360[0;39m | [34mINFO [0;39m [[36mapp-(scheduled)-rateLimitLogging-0      [0;39m] [33mo.t.t.s.p.RateLimitService[0;39m                      : total requests 0 in progress 0 queue size 0 
[32m2025-06-05 | 06:50:54.360[0;39m | [34mINFO [0;39m [[36mapp-(scheduled)-rateLimitLogging-0      [0;39m] [33mo.t.t.s.p.RateLimitService[0;39m                      : total requests 0 in progress 0 queue size 0 
[32m2025-06-05 | 06:50:54.360[0;39m | [34mINFO [0;39m [[36mapp-(scheduled)-rateLimitLogging-0      [0;39m] [33mo.t.t.s.p.RateLimitService[0;39m                      : total requests 0 in progress 0 queue size 0 
[32m2025-06-05 | 06:50:54.360[0;39m | [34mINFO [0;39m [[36mapp-(scheduled)-rateLimitLogging-0      [0;39m] [33mo.t.t.s.p.RateLimitService[0;39m                      : total requests 0 in progress 0 queue size 0 
[32m2025-06-05 | 06:50:54.360[0;39m | [34mINFO [0;39m [[36mapp-(scheduled)-rateLimitLogging-0      [0;39m] [33mo.t.t.s.p.RateLimitService[0;39m                      : total requests 0 in progress 0 queue size 0 
[32m2025-06-05 | 06:50:54.360[0;39m | [34mINFO [0;39m [[36mapp-(scheduled)-rateLimitLogging-0      [0;39m] [33mo.t.t.s.p.RateLimitService[0;39m                      : total requests 0 in progress 0 queue size 0 
[32m2025-06-05 | 06:50:54.360[0;39m | [34mINFO [0;39m [[36mapp-(scheduled)-rateLimitLogging-0      [0;39m] [33mo.t.t.s.p.RateLimitService[0;39m                      : total requests 0 in progress 0 queue size 0 
[32m2025-06-05 | 06:50:54.360[0;39m | [34mINFO [0;39m [[36mapp-(scheduled)-rateLimitLogging-0      [0;39m] [33mo.t.t.s.p.RateLimitService[0;39m                      : total requests 0 in progress 0 queue size 0 
[32m2025-06-05 | 06:50:54.360[0;39m | [34mINFO [0;39m [[36mapp-(scheduled)-rateLimitLogging-0      [0;39m] [33mo.t.t.s.p.RateLimitService[0;39m                      : total requests 0 in progress 0 queue size 0 
[32m2025-06-05 | 06:50:54.360[0;39m | [34mINFO [0;39m [[36mapp-(scheduled)-rateLimitLogging-0      [0;39m] [33mo.t.t.s.p.RateLimitService[0;39m                      : total requests 0 in progress 0 queue size 0 
[32m2025-06-05 | 06:50:54.360[0;39m | [34mINFO [0;39m [[36mapp-(scheduled)-rateLimitLogging-0      [0;39m] [33mo.t.t.s.p.RateLimitService[0;39m                      : total requests 0 in progress 0 queue size 0 
[32m2025-06-05 | 06:50:54.360[0;39m | [34mINFO [0;39m [[36mapp-(scheduled)-rateLimitLogging-0      [0;39m] [33mo.t.t.s.p.RateLimitService[0;39m                      : total requests 0 in progress 0 queue size 0 
[32m2025-06-05 | 06:50:54.360[0;39m | [34mINFO [0;39m [[36mapp-(scheduled)-rateLimitLogging-0      [0;39m] [33mo.t.t.s.p.RateLimitService[0;39m                      : total requests 0 in progress 0 queue size 0 
[32m2025-06-05 | 06:50:54.360[0;39m | [34mINFO [0;39m [[36mapp-(scheduled)-rateLimitLogging-0      [0;39m] [33mo.t.t.s.p.RateLimitService[0;39m                      : total requests 0 in progress 0 queue size 0 
[32m2025-06-05 | 06:50:54.360[0;39m | [34mINFO [0;39m [[36mapp-(scheduled)-rateLimitLogging-0      [0;39m] [33mo.t.t.s.p.RateLimitService[0;39m                      : total requests 0 in progress 0 queue size 0 
[32m2025-06-05 | 06:50:54.360[0;39m | [34mINFO [0;39m [[36mapp-(scheduled)-rateLimitLogging-0      [0;39m] [33mo.t.t.s.p.RateLimitService[0;39m                      : total requests 0 in progress 0 queue size 0 
[32m2025-06-05 | 06:50:54.360[0;39m | [34mINFO [0;39m [[36mapp-(scheduled)-rateLimitLogging-0      [0;39m] [33mo.t.t.s.p.RateLimitService[0;39m                      : total requests 0 in progress 0 queue size 0 
[32m2025-06-05 | 06:50:54.360[0;39m | [34mINFO [0;39m [[36mapp-(scheduled)-rateLimitLogging-0      [0;39m] [33mo.t.t.s.p.RateLimitService[0;39m                      : total requests 0 in progress 0 queue size 0 
[32m2025-06-05 | 06:50:54.360[0;39m | [34mINFO [0;39m [[36mapp-(scheduled)-rateLimitLogging-0      [0;39m] [33mo.t.t.s.p.RateLimitService[0;39m                      : total requests 0 in progress 0 queue size 0 
[32m2025-06-05 | 06:50:54.360[0;39m | [34mINFO [0;39m [[36mapp-(scheduled)-rateLimitLogging-0      [0;39m] [33mo.t.t.s.p.RateLimitService[0;39m                      : total requests 0 in progress 0 queue size 0 
[32m2025-06-05 | 06:50:54.360[0;39m | [34mINFO [0;39m [[36mapp-(scheduled)-rateLimitLogging-0      [0;39m] [33mo.t.t.s.p.RateLimitService[0;39m                      : total requests 0 in progress 0 queue size 0 
[32m2025-06-05 | 06:50:54.360[0;39m | [34mINFO [0;39m [[36mapp-(scheduled)-rateLimitLogging-0      [0;39m] [33mo.t.t.s.p.RateLimitService[0;39m                      : total requests 0 in progress 0 queue size 0 
[32m2025-06-05 | 06:50:54.360[0;39m | [34mINFO [0;39m [[36mapp-(scheduled)-rateLimitLogging-0      [0;39m] [33mo.t.t.s.p.RateLimitService[0;39m                      : total requests 0 in progress 0 queue size 0 
[32m2025-06-05 | 06:50:54.360[0;39m | [34mINFO [0;39m [[36mapp-(scheduled)-rateLimitLogging-0      [0;39m] [33mo.t.t.s.p.RateLimitService[0;39m                      : total requests 0 in progress 0 queue size 0 
[32m2025-06-05 | 06:50:54.360[0;39m | [34mINFO [0;39m [[36mapp-(scheduled)-rateLimitLogging-0      [0;39m] [33mo.t.t.s.p.RateLimitService[0;39m                      : total requests 0 in progress 0 queue size 0 
[32m2025-06-05 | 06:50:54.360[0;39m | [34mINFO [0;39m [[36mapp-(scheduled)-rateLimitLogging-0      [0;39m] [33mo.t.t.s.p.RateLimitService[0;39m                      : total requests 0 in progress 0 queue size 0 
[32m2025-06-05 | 06:50:54.360[0;39m | [34mINFO [0;39m [[36mapp-(scheduled)-rateLimitLogging-0      [0;39m] [33mo.t.t.s.p.RateLimitService[0;39m                      : total requests 0 in progress 0 queue size 0 
[32m2025-06-05 | 06:50:54.360[0;39m | [34mINFO [0;39m [[36mapp-(scheduled)-rateLimitLogging-0      [0;39m] [33mo.t.t.s.p.RateLimitService[0;39m                      : total requests 0 in progress 0 queue size 0 
[32m2025-06-05 | 06:50:54.360[0;39m | [34mINFO [0;39m [[36mapp-(scheduled)-rateLimitLogging-0      [0;39m] [33mo.t.t.s.p.RateLimitService[0;39m                      : total requests 0 in progress 0 queue size 0 
[32m2025-06-05 | 06:50:54.360[0;39m | [34mINFO [0;39m [[36mapp-(scheduled)-rateLimitLogging-0      [0;39m] [33mo.t.t.s.p.RateLimitService[0;39m                      : total requests 0 in progress 0 queue size 0 
[32m2025-06-05 | 06:50:54.360[0;39m | [34mINFO [0;39m [[36mapp-(scheduled)-rateLimitLogging-0      [0;39m] [33mo.t.t.s.p.RateLimitService[0;39m                      : total requests 0 in progress 0 queue size 0 
[32m2025-06-05 | 06:50:54.360[0;39m | [34mINFO [0;39m [[36mapp-(scheduled)-rateLimitLogging-0      [0;39m] [33mo.t.t.s.p.RateLimitService[0;39m                      : total requests 0 in progress 0 queue size 0 
[32m2025-06-05 | 06:50:54.360[0;39m | [34mINFO [0;39m [[36mapp-(scheduled)-rateLimitLogging-0      [0;39m] [33mo.t.t.s.p.RateLimitService[0;39m                      : total requests 0 in progress 0 queue size 0 
[32m2025-06-05 | 06:50:54.360[0;39m | [34mINFO [0;39m [[36mapp-(scheduled)-rateLimitLogging-0      [0;39m] [33mo.t.t.s.p.RateLimitService[0;39m                      : total requests 0 in progress 0 queue size 0 
[32m2025-06-05 | 06:50:54.360[0;39m | [34mINFO [0;39m [[36mapp-(scheduled)-rateLimitLogging-0      [0;39m] [33mo.t.t.s.p.RateLimitService[0;39m                      : total requests 0 in progress 0 queue size 0 
[32m2025-06-05 | 06:50:54.360[0;39m | [34mINFO [0;39m [[36mapp-(scheduled)-rateLimitLogging-0      [0;39m] [33mo.t.t.s.p.RateLimitService[0;39m                      : total requests 0 in progress 0 queue size 0 
[32m2025-06-05 | 06:50:54.360[0;39m | [34mINFO [0;39m [[36mapp-(scheduled)-rateLimitLogging-0      [0;39m] [33mo.t.t.s.p.RateLimitService[0;39m                      : total requests 0 in progress 0 queue size 0 
[32m2025-06-05 | 06:50:54.360[0;39m | [34mINFO [0;39m [[36mapp-(scheduled)-rateLimitLogging-0      [0;39m] [33mo.t.t.s.p.RateLimitService[0;39m                      : total requests 0 in progress 0 queue size 0 
[32m2025-06-05 | 06:50:54.360[0;39m | [34mINFO [0;39m [[36mapp-(scheduled)-rateLimitLogging-0      [0;39m] [33mo.t.t.s.p.RateLimitService[0;39m                      : total requests 0 in progress 0 queue size 0 
[32m2025-06-05 | 06:50:54.360[0;39m | [34mINFO [0;39m [[36mapp-(scheduled)-rateLimitLogging-0      [0;39m] [33mo.t.t.s.p.RateLimitService[0;39m                      : total requests 0 in progress 0 queue size 0 
[32m2025-06-05 | 06:50:54.360[0;39m | [34mINFO [0;39m [[36mapp-(scheduled)-rateLimitLogging-0      [0;39m] [33mo.t.t.s.p.RateLimitService[0;39m                      : total requests 0 in progress 0 queue size 0 
[32m2025-06-05 | 06:50:54.360[0;39m | [34mINFO [0;39m [[36mapp-(scheduled)-rateLimitLogging-0      [0;39m] [33mo.t.t.s.p.RateLimitService[0;39m                      : total requests 0 in progress 0 queue size 0 
[32m2025-06-05 | 06:50:54.360[0;39m | [34mINFO [0;39m [[36mapp-(scheduled)-rateLimitLogging-0      [0;39m] [33mo.t.t.s.p.RateLimitService[0;39m                      : total requests 0 in progress 0 queue size 0 
[32m2025-06-05 | 06:50:54.360[0;39m | [34mINFO [0;39m [[36mapp-(scheduled)-rateLimitLogging-0      [0;39m] [33mo.t.t.s.p.RateLimitService[0;39m                      : total requests 0 in progress 0 queue size 0 
[32m2025-06-05 | 06:50:54.360[0;39m | [34mINFO [0;39m [[36mapp-(scheduled)-rateLimitLogging-0      [0;39m] [33mo.t.t.s.p.RateLimitService[0;39m                      : total requests 0 in progress 0 queue size 0 
[32m2025-06-05 | 06:50:54.360[0;39m | [34mINFO [0;39m [[36mapp-(scheduled)-rateLimitLogging-0      [0;39m] [33mo.t.t.s.p.RateLimitService[0;39m                      : total requests 0 in progress 0 queue size 0 
[32m2025-06-05 | 06:50:54.360[0;39m | [34mINFO [0;39m [[36mapp-(scheduled)-rateLimitLogging-0      [0;39m] [33mo.t.t.s.p.RateLimitService[0;39m                      : total requests 0 in progress 0 queue size 0 
[32m2025-06-05 | 06:50:54.360[0;39m | [34mINFO [0;39m [[36mapp-(scheduled)-rateLimitLogging-0      [0;39m] [33mo.t.t.s.p.RateLimitService[0;39m                      : total requests 0 in progress 0 queue size 0 
[32m2025-06-05 | 06:50:54.360[0;39m | [34mINFO [0;39m [[36mapp-(scheduled)-rateLimitLogging-0      [0;39m] [33mo.t.t.s.p.RateLimitService[0;39m                      : total requests 0 in progress 0 queue size 0 
[32m2025-06-05 | 06:50:54.360[0;39m | [34mINFO [0;39m [[36mapp-(scheduled)-rateLimitLogging-0      [0;39m] [33mo.t.t.s.p.RateLimitService[0;39m                      : total requests 0 in progress 0 queue size 0 
[32m2025-06-05 | 06:50:54.360[0;39m | [34mINFO [0;39m [[36mapp-(scheduled)-rateLimitLogging-0      [0;39m] [33mo.t.t.s.p.RateLimitService[0;39m                      : total requests 0 in progress 0 queue size 0 
[32m2025-06-05 | 06:50:54.360[0;39m | [34mINFO [0;39m [[36mapp-(scheduled)-rateLimitLogging-0      [0;39m] [33mo.t.t.s.p.RateLimitService[0;39m                      : total requests 0 in progress 0 queue size 0 
[32m2025-06-05 | 06:50:54.360[0;39m | [34mINFO [0;39m [[36mapp-(scheduled)-rateLimitLogging-0      [0;39m] [33mo.t.t.s.p.RateLimitService[0;39m                      : total requests 0 in progress 0 queue size 0 
[32m2025-06-05 | 06:50:54.360[0;39m | [34mINFO [0;39m [[36mapp-(scheduled)-rateLimitLogging-0      [0;39m] [33mo.t.t.s.p.RateLimitService[0;39m                      : total requests 0 in progress 0 queue size 0 
[32m2025-06-05 | 06:50:54.360[0;39m | [34mINFO [0;39m [[36mapp-(scheduled)-rateLimitLogging-0      [0;39m] [33mo.t.t.s.p.RateLimitService[0;39m                      : total requests 0 in progress 0 queue size 0 
[32m2025-06-05 | 06:50:54.360[0;39m | [34mINFO [0;39m [[36mapp-(scheduled)-rateLimitLogging-0      [0;39m] [33mo.t.t.s.p.RateLimitService[0;39m                      : total requests 0 in progress 0 queue size 0 
[32m2025-06-05 | 06:50:54.360[0;39m | [34mINFO [0;39m [[36mapp-(scheduled)-rateLimitLogging-0      [0;39m] [33mo.t.t.s.p.RateLimitService[0;39m                      : total requests 0 in progress 0 queue size 0 
[32m2025-06-05 | 06:50:54.360[0;39m | [34mINFO [0;39m [[36mapp-(scheduled)-rateLimitLogging-0      [0;39m] [33mo.t.t.s.p.RateLimitService[0;39m                      : total requests 0 in progress 0 queue size 0 
[32m2025-06-05 | 06:50:54.360[0;39m | [34mINFO [0;39m [[36mapp-(scheduled)-rateLimitLogging-0      [0;39m] [33mo.t.t.s.p.RateLimitService[0;39m                      : total requests 0 in progress 0 queue size 0 
[32m2025-06-05 | 06:50:54.360[0;39m | [34mINFO [0;39m [[36mapp-(scheduled)-rateLimitLogging-0      [0;39m] [33mo.t.t.s.p.RateLimitService[0;39m                      : total requests 0 in progress 0 queue size 0 
[32m2025-06-05 | 06:50:54.360[0;39m | [34mINFO [0;39m [[36mapp-(scheduled)-rateLimitLogging-0      [0;39m] [33mo.t.t.s.p.RateLimitService[0;39m                      : total requests 0 in progress 0 queue size 0 
[32m2025-06-05 | 06:50:54.360[0;39m | [34mINFO [0;39m [[36mapp-(scheduled)-rateLimitLogging-0      [0;39m] [33mo.t.t.s.p.RateLimitService[0;39m                      : total requests 0 in progress 0 queue size 0 
[32m2025-06-05 | 06:50:54.360[0;39m | [34mINFO [0;39m [[36mapp-(scheduled)-rateLimitLogging-0      [0;39m] [33mo.t.t.s.p.RateLimitService[0;39m                      : total requests 0 in progress 0 queue size 0 
[32m2025-06-05 | 06:50:54.360[0;39m | [34mINFO [0;39m [[36mapp-(scheduled)-rateLimitLogging-0      [0;39m] [33mo.t.t.s.p.RateLimitService[0;39m                      : total requests 0 in progress 0 queue size 0 
[32m2025-06-05 | 06:50:54.360[0;39m | [34mINFO [0;39m [[36mapp-(scheduled)-rateLimitLogging-0      [0;39m] [33mo.t.t.s.p.RateLimitService[0;39m                      : total requests 0 in progress 0 queue size 0 
[32m2025-06-05 | 06:50:54.360[0;39m | [34mINFO [0;39m [[36mapp-(scheduled)-rateLimitLogging-0      [0;39m] [33mo.t.t.s.p.RateLimitService[0;39m                      : total requests 0 in progress 0 queue size 0 
[32m2025-06-05 | 06:50:54.360[0;39m | [34mINFO [0;39m [[36mapp-(scheduled)-rateLimitLogging-0      [0;39m] [33mo.t.t.s.p.RateLimitService[0;39m                      : total requests 0 in progress 0 queue size 0 
[32m2025-06-05 | 06:50:54.360[0;39m | [34mINFO [0;39m [[36mapp-(scheduled)-rateLimitLogging-0      [0;39m] [33mo.t.t.s.p.RateLimitService[0;39m                      : total requests 0 in progress 0 queue size 0 
[32m2025-06-05 | 06:50:54.360[0;39m | [34mINFO [0;39m [[36mapp-(scheduled)-rateLimitLogging-0      [0;39m] [33mo.t.t.s.p.RateLimitService[0;39m                      : total requests 0 in progress 0 queue size 0 
[32m2025-06-05 | 06:50:54.360[0;39m | [34mINFO [0;39m [[36mapp-(scheduled)-rateLimitLogging-0      [0;39m] [33mo.t.t.s.p.RateLimitService[0;39m                      : total requests 0 in progress 0 queue size 0 
[32m2025-06-05 | 06:50:54.360[0;39m | [34mINFO [0;39m [[36mapp-(scheduled)-rateLimitLogging-0      [0;39m] [33mo.t.t.s.p.RateLimitService[0;39m                      : total requests 0 in progress 0 queue size 0 
[32m2025-06-05 | 06:50:54.360[0;39m | [34mINFO [0;39m [[36mapp-(scheduled)-rateLimitLogging-0      [0;39m] [33mo.t.t.s.p.RateLimitService[0;39m                      : total requests 0 in progress 0 queue size 0 
[32m2025-06-05 | 06:50:54.360[0;39m | [34mINFO [0;39m [[36mapp-(scheduled)-rateLimitLogging-0      [0;39m] [33mo.t.t.s.p.RateLimitService[0;39m                      : total requests 0 in progress 0 queue size 0 
[32m2025-06-05 | 06:50:54.360[0;39m | [34mINFO [0;39m [[36mapp-(scheduled)-rateLimitLogging-0      [0;39m] [33mo.t.t.s.p.RateLimitService[0;39m                      : total requests 0 in progress 0 queue size 0 
[32m2025-06-05 | 06:50:54.360[0;39m | [34mINFO [0;39m [[36mapp-(scheduled)-rateLimitLogging-0      [0;39m] [33mo.t.t.s.p.RateLimitService[0;39m                      : total requests 0 in progress 0 queue size 0 
[32m2025-06-05 | 06:50:54.360[0;39m | [34mINFO [0;39m [[36mapp-(scheduled)-rateLimitLogging-0      [0;39m] [33mo.t.t.s.p.RateLimitService[0;39m                      : total requests 0 in progress 0 queue size 0 
[32m2025-06-05 | 06:50:54.360[0;39m | [34mINFO [0;39m [[36mapp-(scheduled)-rateLimitLogging-0      [0;39m] [33mo.t.t.s.p.RateLimitService[0;39m                      : total requests 0 in progress 0 queue size 0 
[32m2025-06-05 | 06:50:54.360[0;39m | [34mINFO [0;39m [[36mapp-(scheduled)-rateLimitLogging-0      [0;39m] [33mo.t.t.s.p.RateLimitService[0;39m                      : total requests 0 in progress 0 queue size 0 
[32m2025-06-05 | 06:50:54.360[0;39m | [34mINFO [0;39m [[36mapp-(scheduled)-rateLimitLogging-0      [0;39m] [33mo.t.t.s.p.RateLimitService[0;39m                      : total requests 0 in progress 0 queue size 0 
[32m2025-06-05 | 06:50:54.360[0;39m | [34mINFO [0;39m [[36mapp-(scheduled)-rateLimitLogging-0      [0;39m] [33mo.t.t.s.p.RateLimitService[0;39m                      : total requests 0 in progress 0 queue size 0 
[32m2025-06-05 | 06:50:54.360[0;39m | [34mINFO [0;39m [[36mapp-(scheduled)-rateLimitLogging-0      [0;39m] [33mo.t.t.s.p.RateLimitService[0;39m                      : total requests 0 in progress 0 queue size 0 
[32m2025-06-05 | 06:50:54.360[0;39m | [34mINFO [0;39m [[36mapp-(scheduled)-rateLimitLogging-0      [0;39m] [33mo.t.t.s.p.RateLimitService[0;39m                      : total requests 0 in progress 0 queue size 0 
[32m2025-06-05 | 06:50:54.360[0;39m | [34mINFO [0;39m [[36mapp-(scheduled)-rateLimitLogging-0      [0;39m] [33mo.t.t.s.p.RateLimitService[0;39m                      : total requests 0 in progress 0 queue size 0 
[32m2025-06-05 | 06:50:54.360[0;39m | [34mINFO [0;39m [[36mapp-(scheduled)-rateLimitLogging-0      [0;39m] [33mo.t.t.s.p.RateLimitService[0;39m                      : total requests 0 in progress 0 queue size 0 
[32m2025-06-05 | 06:50:54.360[0;39m | [34mINFO [0;39m [[36mapp-(scheduled)-rateLimitLogging-0      [0;39m] [33mo.t.t.s.p.RateLimitService[0;39m                      : total requests 0 in progress 0 queue size 0 
[32m2025-06-05 | 06:50:54.360[0;39m | [34mINFO [0;39m [[36mapp-(scheduled)-rateLimitLogging-0      [0;39m] [33mo.t.t.s.p.RateLimitService[0;39m                      : total requests 0 in progress 0 queue size 0 
[32m2025-06-05 | 06:50:54.360[0;39m | [34mINFO [0;39m [[36mapp-(scheduled)-rateLimitLogging-0      [0;39m] [33mo.t.t.s.p.RateLimitService[0;39m                      : total requests 0 in progress 0 queue size 0 
[32m2025-06-05 | 06:50:54.360[0;39m | [34mINFO [0;39m [[36mapp-(scheduled)-rateLimitLogging-0      [0;39m] [33mo.t.t.s.p.RateLimitService[0;39m                      : total requests 0 in progress 0 queue size 0 
[32m2025-06-05 | 06:50:54.360[0;39m | [34mINFO [0;39m [[36mapp-(scheduled)-rateLimitLogging-0      [0;39m] [33mo.t.t.s.p.RateLimitService[0;39m                      : total requests 0 in progress 0 queue size 0 
[32m2025-06-05 | 06:50:54.360[0;39m | [34mINFO [0;39m [[36mapp-(scheduled)-rateLimitLogging-0      [0;39m] [33mo.t.t.s.p.RateLimitService[0;39m                      : total requests 0 in progress 0 queue size 0 
[32m2025-06-05 | 06:50:54.360[0;39m | [34mINFO [0;39m [[36mapp-(scheduled)-rateLimitLogging-0      [0;39m] [33mo.t.t.s.p.RateLimitService[0;39m                      : total requests 0 in progress 0 queue size 0 
[32m2025-06-05 | 06:50:54.360[0;39m | [34mINFO [0;39m [[36mapp-(scheduled)-rateLimitLogging-0      [0;39m] [33mo.t.t.s.p.RateLimitService[0;39m                      : total requests 0 in progress 0 queue size 0 
[32m2025-06-05 | 06:50:54.360[0;39m | [34mINFO [0;39m [[36mapp-(scheduled)-rateLimitLogging-0      [0;39m] [33mo.t.t.s.p.RateLimitService[0;39m                      : total requests 0 in progress 0 queue size 0 
[32m2025-06-05 | 06:50:54.360[0;39m | [34mINFO [0;39m [[36mapp-(scheduled)-rateLimitLogging-0      [0;39m] [33mo.t.t.s.p.RateLimitService[0;39m                      : total requests 0 in progress 0 queue size 0 
[32m2025-06-05 | 06:50:54.360[0;39m | [34mINFO [0;39m [[36mapp-(scheduled)-rateLimitLogging-0      [0;39m] [33mo.t.t.s.p.RateLimitService[0;39m                      : total requests 0 in progress 0 queue size 0 
[32m2025-06-05 | 06:50:54.360[0;39m | [34mINFO [0;39m [[36mapp-(scheduled)-rateLimitLogging-0      [0;39m] [33mo.t.t.s.p.RateLimitService[0;39m                      : total requests 0 in progress 0 queue size 0 
[32m2025-06-05 | 06:50:54.360[0;39m | [34mINFO [0;39m [[36mapp-(scheduled)-rateLimitLogging-0      [0;39m] [33mo.t.t.s.p.RateLimitService[0;39m                      : total requests 0 in progress 0 queue size 0 
[32m2025-06-05 | 06:50:54.360[0;39m | [34mINFO [0;39m [[36mapp-(scheduled)-rateLimitLogging-0      [0;39m] [33mo.t.t.s.p.RateLimitService[0;39m                      : total requests 0 in progress 0 queue size 0 
[32m2025-06-05 | 06:50:54.360[0;39m | [34mINFO [0;39m [[36mapp-(scheduled)-rateLimitLogging-0      [0;39m] [33mo.t.t.s.p.RateLimitService[0;39m                      : total requests 0 in progress 0 queue size 0 
[32m2025-06-05 | 06:50:54.360[0;39m | [34mINFO [0;39m [[36mapp-(scheduled)-rateLimitLogging-0      [0;39m] [33mo.t.t.s.p.RateLimitService[0;39m                      : total requests 0 in progress 0 queue size 0 
[32m2025-06-05 | 06:50:54.360[0;39m | [34mINFO [0;39m [[36mapp-(scheduled)-rateLimitLogging-0      [0;39m] [33mo.t.t.s.p.RateLimitService[0;39m                      : total requests 0 in progress 0 queue size 0 
[32m2025-06-05 | 06:50:54.360[0;39m | [34mINFO [0;39m [[36mapp-(scheduled)-rateLimitLogging-0      [0;39m] [33mo.t.t.s.p.RateLimitService[0;39m                      : total requests 0 in progress 0 queue size 0 
[32m2025-06-05 | 06:50:54.360[0;39m | [34mINFO [0;39m [[36mapp-(scheduled)-rateLimitLogging-0      [0;39m] [33mo.t.t.s.p.RateLimitService[0;39m                      : total requests 0 in progress 0 queue size 0 
[32m2025-06-05 | 06:50:54.360[0;39m | [34mINFO [0;39m [[36mapp-(scheduled)-rateLimitLogging-0      [0;39m] [33mo.t.t.s.p.RateLimitService[0;39m                      : total requests 0 in progress 0 queue size 0 
[32m2025-06-05 | 06:50:54.360[0;39m | [34mINFO [0;39m [[36mapp-(scheduled)-rateLimitLogging-0      [0;39m] [33mo.t.t.s.p.RateLimitService[0;39m                      : total requests 0 in progress 0 queue size 0 
[32m2025-06-05 | 06:50:54.360[0;39m | [34mINFO [0;39m [[36mapp-(scheduled)-rateLimitLogging-0      [0;39m] [33mo.t.t.s.p.RateLimitService[0;39m                      : total requests 0 in progress 0 queue size 0 
[32m2025-06-05 | 06:50:54.360[0;39m | [34mINFO [0;39m [[36mapp-(scheduled)-rateLimitLogging-0      [0;39m] [33mo.t.t.s.p.RateLimitService[0;39m                      : total requests 0 in progress 0 queue size 0 
[32m2025-06-05 | 06:50:54.360[0;39m | [34mINFO [0;39m [[36mapp-(scheduled)-rateLimitLogging-0      [0;39m] [33mo.t.t.s.p.RateLimitService[0;39m                      : total requests 0 in progress 0 queue size 0 
[32m2025-06-05 | 06:50:54.360[0;39m | [34mINFO [0;39m [[36mapp-(scheduled)-rateLimitLogging-0      [0;39m] [33mo.t.t.s.p.RateLimitService[0;39m                      : total requests 0 in progress 0 queue size 0 
[32m2025-06-05 | 06:50:54.360[0;39m | [34mINFO [0;39m [[36mapp-(scheduled)-rateLimitLogging-0      [0;39m] [33mo.t.t.s.p.RateLimitService[0;39m                      : total requests 0 in progress 0 queue size 0 
[32m2025-06-05 | 06:50:54.360[0;39m | [34mINFO [0;39m [[36mapp-(scheduled)-rateLimitLogging-0      [0;39m] [33mo.t.t.s.p.RateLimitService[0;39m                      : total requests 0 in progress 0 queue size 0 
[32m2025-06-05 | 06:50:54.360[0;39m | [34mINFO [0;39m [[36mapp-(scheduled)-rateLimitLogging-0      [0;39m] [33mo.t.t.s.p.RateLimitService[0;39m                      : total requests 0 in progress 0 queue size 0 
[32m2025-06-05 | 06:50:54.360[0;39m | [34mINFO [0;39m [[36mapp-(scheduled)-rateLimitLogging-0      [0;39m] [33mo.t.t.s.p.RateLimitService[0;39m                      : total requests 0 in progress 0 queue size 0 
[32m2025-06-05 | 06:50:54.360[0;39m | [34mINFO [0;39m [[36mapp-(scheduled)-rateLimitLogging-0      [0;39m] [33mo.t.t.s.p.RateLimitService[0;39m                      : total requests 0 in progress 0 queue size 0 
[32m2025-06-05 | 06:50:54.360[0;39m | [34mINFO [0;39m [[36mapp-(scheduled)-rateLimitLogging-0      [0;39m] [33mo.t.t.s.p.RateLimitService[0;39m                      : total requests 0 in progress 0 queue size 0 
[32m2025-06-05 | 06:50:54.360[0;39m | [34mINFO [0;39m [[36mapp-(scheduled)-rateLimitLogging-0      [0;39m] [33mo.t.t.s.p.RateLimitService[0;39m                      : total requests 0 in progress 0 queue size 0 
[32m2025-06-05 | 06:50:54.360[0;39m | [34mINFO [0;39m [[36mapp-(scheduled)-rateLimitLogging-0      [0;39m] [33mo.t.t.s.p.RateLimitService[0;39m                      : total requests 0 in progress 0 queue size 0 
[32m2025-06-05 | 06:50:54.360[0;39m | [34mINFO [0;39m [[36mapp-(scheduled)-rateLimitLogging-0      [0;39m] [33mo.t.t.s.p.RateLimitService[0;39m                      : total requests 0 in progress 0 queue size 0 
[32m2025-06-05 | 06:50:54.360[0;39m | [34mINFO [0;39m [[36mapp-(scheduled)-rateLimitLogging-0      [0;39m] [33mo.t.t.s.p.RateLimitService[0;39m                      : total requests 0 in progress 0 queue size 0 
[32m2025-06-05 | 06:50:54.360[0;39m | [34mINFO [0;39m [[36mapp-(scheduled)-rateLimitLogging-0      [0;39m] [33mo.t.t.s.p.RateLimitService[0;39m                      : total requests 0 in progress 0 queue size 0 
[32m2025-06-05 | 06:50:54.360[0;39m | [34mINFO [0;39m [[36mapp-(scheduled)-rateLimitLogging-0      [0;39m] [33mo.t.t.s.p.RateLimitService[0;39m                      : total requests 0 in progress 0 queue size 0 
[32m2025-06-05 | 06:50:54.360[0;39m | [34mINFO [0;39m [[36mapp-(scheduled)-rateLimitLogging-0      [0;39m] [33mo.t.t.s.p.RateLimitService[0;39m                      : total requests 0 in progress 0 queue size 0 
[32m2025-06-05 | 06:50:54.360[0;39m | [34mINFO [0;39m [[36mapp-(scheduled)-rateLimitLogging-0      [0;39m] [33mo.t.t.s.p.RateLimitService[0;39m                      : total requests 0 in progress 0 queue size 0 
[32m2025-06-05 | 06:50:54.360[0;39m | [34mINFO [0;39m [[36mapp-(scheduled)-rateLimitLogging-0      [0;39m] [33mo.t.t.s.p.RateLimitService[0;39m                      : total requests 0 in progress 0 queue size 0 
[32m2025-06-05 | 06:50:54.360[0;39m | [34mINFO [0;39m [[36mapp-(scheduled)-rateLimitLogging-0      [0;39m] [33mo.t.t.s.p.RateLimitService[0;39m                      : total requests 0 in progress 0 queue size 0 
[32m2025-06-05 | 06:50:54.360[0;39m | [34mINFO [0;39m [[36mapp-(scheduled)-rateLimitLogging-0      [0;39m] [33mo.t.t.s.p.RateLimitService[0;39m                      : total requests 0 in progress 0 queue size 0 
[32m2025-06-05 | 06:50:54.360[0;39m | [34mINFO [0;39m [[36mapp-(scheduled)-rateLimitLogging-0      [0;39m] [33mo.t.t.s.p.RateLimitService[0;39m                      : total requests 0 in progress 0 queue size 0 
[32m2025-06-05 | 06:50:54.360[0;39m | [34mINFO [0;39m [[36mapp-(scheduled)-rateLimitLogging-0      [0;39m] [33mo.t.t.s.p.RateLimitService[0;39m                      : total requests 0 in progress 0 queue size 0 
[32m2025-06-05 | 06:50:54.360[0;39m | [34mINFO [0;39m [[36mapp-(scheduled)-rateLimitLogging-0      [0;39m] [33mo.t.t.s.p.RateLimitService[0;39m                      : total requests 0 in progress 0 queue size 0 
[32m2025-06-05 | 06:50:54.360[0;39m | [34mINFO [0;39m [[36mapp-(scheduled)-rateLimitLogging-0      [0;39m] [33mo.t.t.s.p.RateLimitService[0;39m                      : total requests 0 in progress 0 queue size 0 
[32m2025-06-05 | 06:50:54.360[0;39m | [34mINFO [0;39m [[36mapp-(scheduled)-rateLimitLogging-0      [0;39m] [33mo.t.t.s.p.RateLimitService[0;39m                      : total requests 0 in progress 0 queue size 0 
[32m2025-06-05 | 06:50:54.360[0;39m | [34mINFO [0;39m [[36mapp-(scheduled)-rateLimitLogging-0      [0;39m] [33mo.t.t.s.p.RateLimitService[0;39m                      : total requests 0 in progress 0 queue size 0 
[32m2025-06-05 | 06:50:54.360[0;39m | [34mINFO [0;39m [[36mapp-(scheduled)-rateLimitLogging-0      [0;39m] [33mo.t.t.s.p.RateLimitService[0;39m                      : total requests 0 in progress 0 queue size 0 
[32m2025-06-05 | 06:50:54.360[0;39m | [34mINFO [0;39m [[36mapp-(scheduled)-rateLimitLogging-0      [0;39m] [33mo.t.t.s.p.RateLimitService[0;39m                      : total requests 0 in progress 0 queue size 0 
[32m2025-06-05 | 06:50:54.360[0;39m | [34mINFO [0;39m [[36mapp-(scheduled)-rateLimitLogging-0      [0;39m] [33mo.t.t.s.p.RateLimitService[0;39m                      : total requests 0 in progress 0 queue size 0 
[32m2025-06-05 | 06:50:54.360[0;39m | [34mINFO [0;39m [[36mapp-(scheduled)-rateLimitLogging-0      [0;39m] [33mo.t.t.s.p.RateLimitService[0;39m                      : total requests 0 in progress 0 queue size 0 
[32m2025-06-05 | 06:50:54.360[0;39m | [34mINFO [0;39m [[36mapp-(scheduled)-rateLimitLogging-0      [0;39m] [33mo.t.t.s.p.RateLimitService[0;39m                      : total requests 0 in progress 0 queue size 0 
[32m2025-06-05 | 06:50:54.360[0;39m | [34mINFO [0;39m [[36mapp-(scheduled)-rateLimitLogging-0      [0;39m] [33mo.t.t.s.p.RateLimitService[0;39m                      : total requests 0 in progress 0 queue size 0 
[32m2025-06-05 | 06:50:54.360[0;39m | [34mINFO [0;39m [[36mapp-(scheduled)-rateLimitLogging-0      [0;39m] [33mo.t.t.s.p.RateLimitService[0;39m                      : total requests 0 in progress 0 queue size 0 
[32m2025-06-05 | 06:50:54.360[0;39m | [34mINFO [0;39m [[36mapp-(scheduled)-rateLimitLogging-0      [0;39m] [33mo.t.t.s.p.RateLimitService[0;39m                      : total requests 0 in progress 0 queue size 0 
[32m2025-06-05 | 06:50:54.360[0;39m | [34mINFO [0;39m [[36mapp-(scheduled)-rateLimitLogging-0      [0;39m] [33mo.t.t.s.p.RateLimitService[0;39m                      : total requests 0 in progress 0 queue size 0 
[32m2025-06-05 | 06:50:54.360[0;39m | [34mINFO [0;39m [[36mapp-(scheduled)-rateLimitLogging-0      [0;39m] [33mo.t.t.s.p.RateLimitService[0;39m                      : total requests 0 in progress 0 queue size 0 
[32m2025-06-05 | 06:50:54.360[0;39m | [34mINFO [0;39m [[36mapp-(scheduled)-rateLimitLogging-0      [0;39m] [33mo.t.t.s.p.RateLimitService[0;39m                      : total requests 0 in progress 0 queue size 0 
[32m2025-06-05 | 06:50:54.360[0;39m | [34mINFO [0;39m [[36mapp-(scheduled)-rateLimitLogging-0      [0;39m] [33mo.t.t.s.p.RateLimitService[0;39m                      : total requests 0 in progress 0 queue size 0 
[32m2025-06-05 | 06:50:54.360[0;39m | [34mINFO [0;39m [[36mapp-(scheduled)-rateLimitLogging-0      [0;39m] [33mo.t.t.s.p.RateLimitService[0;39m                      : total requests 0 in progress 0 queue size 0 
[32m2025-06-05 | 06:50:54.360[0;39m | [34mINFO [0;39m [[36mapp-(scheduled)-rateLimitLogging-0      [0;39m] [33mo.t.t.s.p.RateLimitService[0;39m                      : total requests 0 in progress 0 queue size 0 
[32m2025-06-05 | 06:50:54.360[0;39m | [34mINFO [0;39m [[36mapp-(scheduled)-rateLimitLogging-0      [0;39m] [33mo.t.t.s.p.RateLimitService[0;39m                      : total requests 0 in progress 0 queue size 0 
[32m2025-06-05 | 06:50:54.360[0;39m | [34mINFO [0;39m [[36mapp-(scheduled)-rateLimitLogging-0      [0;39m] [33mo.t.t.s.p.RateLimitService[0;39m                      : total requests 0 in progress 0 queue size 0 
[32m2025-06-05 | 06:50:54.360[0;39m | [34mINFO [0;39m [[36mapp-(scheduled)-rateLimitLogging-0      [0;39m] [33mo.t.t.s.p.RateLimitService[0;39m                      : total requests 0 in progress 0 queue size 0 
[32m2025-06-05 | 06:50:54.360[0;39m | [34mINFO [0;39m [[36mapp-(scheduled)-rateLimitLogging-0      [0;39m] [33mo.t.t.s.p.RateLimitService[0;39m                      : total requests 0 in progress 0 queue size 0 
[32m2025-06-05 | 06:50:54.360[0;39m | [34mINFO [0;39m [[36mapp-(scheduled)-rateLimitLogging-0      [0;39m] [33mo.t.t.s.p.RateLimitService[0;39m                      : total requests 0 in progress 0 queue size 0 
[32m2025-06-05 | 06:50:54.360[0;39m | [34mINFO [0;39m [[36mapp-(scheduled)-rateLimitLogging-0      [0;39m] [33mo.t.t.s.p.RateLimitService[0;39m                      : total requests 0 in progress 0 queue size 0 
[32m2025-06-05 | 06:50:54.360[0;39m | [34mINFO [0;39m [[36mapp-(scheduled)-rateLimitLogging-0      [0;39m] [33mo.t.t.s.p.RateLimitService[0;39m                      : total requests 0 in progress 0 queue size 0 
[32m2025-06-05 | 06:50:54.360[0;39m | [34mINFO [0;39m [[36mapp-(scheduled)-rateLimitLogging-0      [0;39m] [33mo.t.t.s.p.RateLimitService[0;39m                      : total requests 0 in progress 0 queue size 0 
[32m2025-06-05 | 06:50:54.360[0;39m | [34mINFO [0;39m [[36mapp-(scheduled)-rateLimitLogging-0      [0;39m] [33mo.t.t.s.p.RateLimitService[0;39m                      : total requests 0 in progress 0 queue size 0 
[32m2025-06-05 | 06:50:54.360[0;39m | [34mINFO [0;39m [[36mapp-(scheduled)-rateLimitLogging-0      [0;39m] [33mo.t.t.s.p.RateLimitService[0;39m                      : total requests 0 in progress 0 queue size 0 
[32m2025-06-05 | 06:50:54.360[0;39m | [34mINFO [0;39m [[36mapp-(scheduled)-rateLimitLogging-0      [0;39m] [33mo.t.t.s.p.RateLimitService[0;39m                      : total requests 0 in progress 0 queue size 0 
[32m2025-06-05 | 06:50:54.360[0;39m | [34mINFO [0;39m [[36mapp-(scheduled)-rateLimitLogging-0      [0;39m] [33mo.t.t.s.p.RateLimitService[0;39m                      : total requests 0 in progress 0 queue size 0 
[32m2025-06-05 | 06:50:54.360[0;39m | [34mINFO [0;39m [[36mapp-(scheduled)-rateLimitLogging-0      [0;39m] [33mo.t.t.s.p.RateLimitService[0;39m                      : total requests 0 in progress 0 queue size 0 
[32m2025-06-05 | 06:50:54.360[0;39m | [34mINFO [0;39m [[36mapp-(scheduled)-rateLimitLogging-0      [0;39m] [33mo.t.t.s.p.RateLimitService[0;39m                      : total requests 0 in progress 0 queue size 0 
[32m2025-06-05 | 06:50:54.360[0;39m | [34mINFO [0;39m [[36mapp-(scheduled)-rateLimitLogging-0      [0;39m] [33mo.t.t.s.p.RateLimitService[0;39m                      : total requests 0 in progress 0 queue size 0 
[32m2025-06-05 | 06:50:54.360[0;39m | [34mINFO [0;39m [[36mapp-(scheduled)-rateLimitLogging-0      [0;39m] [33mo.t.t.s.p.RateLimitService[0;39m                      : total requests 0 in progress 0 queue size 0 
[32m2025-06-05 | 06:50:54.360[0;39m | [34mINFO [0;39m [[36mapp-(scheduled)-rateLimitLogging-0      [0;39m] [33mo.t.t.s.p.RateLimitService[0;39m                      : total requests 0 in progress 0 queue size 0 
[32m2025-06-05 | 06:50:54.360[0;39m | [34mINFO [0;39m [[36mapp-(scheduled)-rateLimitLogging-0      [0;39m] [33mo.t.t.s.p.RateLimitService[0;39m                      : total requests 0 in progress 0 queue size 0 
[32m2025-06-05 | 06:50:54.360[0;39m | [34mINFO [0;39m [[36mapp-(scheduled)-rateLimitLogging-0      [0;39m] [33mo.t.t.s.p.RateLimitService[0;39m                      : total requests 0 in progress 0 queue size 0 
[32m2025-06-05 | 06:50:54.360[0;39m | [34mINFO [0;39m [[36mapp-(scheduled)-rateLimitLogging-0      [0;39m] [33mo.t.t.s.p.RateLimitService[0;39m                      : total requests 0 in progress 0 queue size 0 
[32m2025-06-05 | 06:50:54.360[0;39m | [34mINFO [0;39m [[36mapp-(scheduled)-rateLimitLogging-0      [0;39m] [33mo.t.t.s.p.RateLimitService[0;39m                      : total requests 0 in progress 0 queue size 0 
[32m2025-06-05 | 06:50:54.360[0;39m | [34mINFO [0;39m [[36mapp-(scheduled)-rateLimitLogging-0      [0;39m] [33mo.t.t.s.p.RateLimitService[0;39m                      : total requests 0 in progress 0 queue size 0 
[32m2025-06-05 | 06:50:54.360[0;39m | [34mINFO [0;39m [[36mapp-(scheduled)-rateLimitLogging-0      [0;39m] [33mo.t.t.s.p.RateLimitService[0;39m                      : total requests 0 in progress 0 queue size 0 
[32m2025-06-05 | 06:50:54.360[0;39m | [34mINFO [0;39m [[36mapp-(scheduled)-rateLimitLogging-0      [0;39m] [33mo.t.t.s.p.RateLimitService[0;39m                      : total requests 0 in progress 0 queue size 0 
[32m2025-06-05 | 06:50:54.360[0;39m | [34mINFO [0;39m [[36mapp-(scheduled)-rateLimitLogging-0      [0;39m] [33mo.t.t.s.p.RateLimitService[0;39m                      : total requests 0 in progress 0 queue size 0 
[32m2025-06-05 | 06:50:54.360[0;39m | [34mINFO [0;39m [[36mapp-(scheduled)-rateLimitLogging-0      [0;39m] [33mo.t.t.s.p.RateLimitService[0;39m                      : total requests 0 in progress 0 queue size 0 
[32m2025-06-05 | 06:50:54.360[0;39m | [34mINFO [0;39m [[36mapp-(scheduled)-rateLimitLogging-0      [0;39m] [33mo.t.t.s.p.RateLimitService[0;39m                      : total requests 0 in progress 0 queue size 0 
[32m2025-06-05 | 06:50:54.360[0;39m | [34mINFO [0;39m [[36mapp-(scheduled)-rateLimitLogging-0      [0;39m] [33mo.t.t.s.p.RateLimitService[0;39m                      : total requests 0 in progress 0 queue size 0 
[32m2025-06-05 | 06:50:54.360[0;39m | [34mINFO [0;39m [[36mapp-(scheduled)-rateLimitLogging-0      [0;39m] [33mo.t.t.s.p.RateLimitService[0;39m                      : total requests 0 in progress 0 queue size 0 
[32m2025-06-05 | 06:50:54.360[0;39m | [34mINFO [0;39m [[36mapp-(scheduled)-rateLimitLogging-0      [0;39m] [33mo.t.t.s.p.RateLimitService[0;39m                      : total requests 0 in progress 0 queue size 0 
[32m2025-06-05 | 06:50:54.360[0;39m | [34mINFO [0;39m [[36mapp-(scheduled)-rateLimitLogging-0      [0;39m] [33mo.t.t.s.p.RateLimitService[0;39m                      : total requests 0 in progress 0 queue size 0 
[32m2025-06-05 | 06:50:54.360[0;39m | [34mINFO [0;39m [[36mapp-(scheduled)-rateLimitLogging-0      [0;39m] [33mo.t.t.s.p.RateLimitService[0;39m                      : total requests 0 in progress 0 queue size 0 
[32m2025-06-05 | 06:50:54.360[0;39m | [34mINFO [0;39m [[36mapp-(scheduled)-rateLimitLogging-0      [0;39m] [33mo.t.t.s.p.RateLimitService[0;39m                      : total requests 0 in progress 0 queue size 0 
[32m2025-06-05 | 06:50:54.360[0;39m | [34mINFO [0;39m [[36mapp-(scheduled)-rateLimitLogging-0      [0;39m] [33mo.t.t.s.p.RateLimitService[0;39m                      : total requests 0 in progress 0 queue size 0 
[32m2025-06-05 | 06:50:54.360[0;39m | [34mINFO [0;39m [[36mapp-(scheduled)-rateLimitLogging-0      [0;39m] [33mo.t.t.s.p.RateLimitService[0;39m                      : total requests 0 in progress 0 queue size 0 
[32m2025-06-05 | 06:50:54.360[0;39m | [34mINFO [0;39m [[36mapp-(scheduled)-rateLimitLogging-0      [0;39m] [33mo.t.t.s.p.RateLimitService[0;39m                      : total requests 0 in progress 0 queue size 0 
[32m2025-06-05 | 06:50:54.360[0;39m | [34mINFO [0;39m [[36mapp-(scheduled)-rateLimitLogging-0      [0;39m] [33mo.t.t.s.p.RateLimitService[0;39m                      : total requests 0 in progress 0 queue size 0 
[32m2025-06-05 | 06:50:54.360[0;39m | [34mINFO [0;39m [[36mapp-(scheduled)-rateLimitLogging-0      [0;39m] [33mo.t.t.s.p.RateLimitService[0;39m                      : total requests 0 in progress 0 queue size 0 
[32m2025-06-05 | 06:50:54.360[0;39m | [34mINFO [0;39m [[36mapp-(scheduled)-rateLimitLogging-0      [0;39m] [33mo.t.t.s.p.RateLimitService[0;39m                      : total requests 0 in progress 0 queue size 0 
[32m2025-06-05 | 06:50:54.360[0;39m | [34mINFO [0;39m [[36mapp-(scheduled)-rateLimitLogging-0      [0;39m] [33mo.t.t.s.p.RateLimitService[0;39m                      : total requests 0 in progress 0 queue size 0 
[32m2025-06-05 | 06:50:54.360[0;39m | [34mINFO [0;39m [[36mapp-(scheduled)-rateLimitLogging-0      [0;39m] [33mo.t.t.s.p.RateLimitService[0;39m                      : total requests 0 in progress 0 queue size 0 
[32m2025-06-05 | 06:50:54.360[0;39m | [34mINFO [0;39m [[36mapp-(scheduled)-rateLimitLogging-0      [0;39m] [33mo.t.t.s.p.RateLimitService[0;39m                      : total requests 0 in progress 0 queue size 0 
[32m2025-06-05 | 06:50:54.360[0;39m | [34mINFO [0;39m [[36mapp-(scheduled)-rateLimitLogging-0      [0;39m] [33mo.t.t.s.p.RateLimitService[0;39m                      : total requests 0 in progress 0 queue size 0 
[32m2025-06-05 | 06:50:54.360[0;39m | [34mINFO [0;39m [[36mapp-(scheduled)-rateLimitLogging-0      [0;39m] [33mo.t.t.s.p.RateLimitService[0;39m                      : total requests 0 in progress 0 queue size 0 
[32m2025-06-05 | 06:50:54.360[0;39m | [34mINFO [0;39m [[36mapp-(scheduled)-rateLimitLogging-0      [0;39m] [33mo.t.t.s.p.RateLimitService[0;39m                      : total requests 0 in progress 0 queue size 0 
[32m2025-06-05 | 06:50:54.360[0;39m | [34mINFO [0;39m [[36mapp-(scheduled)-rateLimitLogging-0      [0;39m] [33mo.t.t.s.p.RateLimitService[0;39m                      : total requests 0 in progress 0 queue size 0 
[32m2025-06-05 | 06:50:54.360[0;39m | [34mINFO [0;39m [[36mapp-(scheduled)-rateLimitLogging-0      [0;39m] [33mo.t.t.s.p.RateLimitService[0;39m                      : total requests 0 in progress 0 queue size 0 
[32m2025-06-05 | 06:50:54.360[0;39m | [34mINFO [0;39m [[36mapp-(scheduled)-rateLimitLogging-0      [0;39m] [33mo.t.t.s.p.RateLimitService[0;39m                      : total requests 0 in progress 0 queue size 0 
[32m2025-06-05 | 06:50:54.360[0;39m | [34mINFO [0;39m [[36mapp-(scheduled)-rateLimitLogging-0      [0;39m] [33mo.t.t.s.p.RateLimitService[0;39m                      : total requests 0 in progress 0 queue size 0 
[32m2025-06-05 | 06:50:54.360[0;39m | [34mINFO [0;39m [[36mapp-(scheduled)-rateLimitLogging-0      [0;39m] [33mo.t.t.s.p.RateLimitService[0;39m                      : total requests 0 in progress 0 queue size 0 
[32m2025-06-05 | 06:50:54.360[0;39m | [34mINFO [0;39m [[36mapp-(scheduled)-rateLimitLogging-0      [0;39m] [33mo.t.t.s.p.RateLimitService[0;39m                      : total requests 0 in progress 0 queue size 0 
[32m2025-06-05 | 06:50:54.360[0;39m | [34mINFO [0;39m [[36mapp-(scheduled)-rateLimitLogging-0      [0;39m] [33mo.t.t.s.p.RateLimitService[0;39m                      : total requests 0 in progress 0 queue size 0 
[32m2025-06-05 | 06:50:54.360[0;39m | [34mINFO [0;39m [[36mapp-(scheduled)-rateLimitLogging-0      [0;39m] [33mo.t.t.s.p.RateLimitService[0;39m                      : total requests 0 in progress 0 queue size 0 
[32m2025-06-05 | 06:50:54.360[0;39m | [34mINFO [0;39m [[36mapp-(scheduled)-rateLimitLogging-0      [0;39m] [33mo.t.t.s.p.RateLimitService[0;39m                      : total requests 0 in progress 0 queue size 0 
[32m2025-06-05 | 06:50:54.360[0;39m | [34mINFO [0;39m [[36mapp-(scheduled)-rateLimitLogging-0      [0;39m] [33mo.t.t.s.p.RateLimitService[0;39m                      : total requests 0 in progress 0 queue size 0 
[32m2025-06-05 | 06:50:54.360[0;39m | [34mINFO [0;39m [[36mapp-(scheduled)-rateLimitLogging-0      [0;39m] [33mo.t.t.s.p.RateLimitService[0;39m                      : total requests 0 in progress 0 queue size 0 
[32m2025-06-05 | 06:50:54.360[0;39m | [34mINFO [0;39m [[36mapp-(scheduled)-rateLimitLogging-0      [0;39m] [33mo.t.t.s.p.RateLimitService[0;39m                      : total requests 0 in progress 0 queue size 0 
[32m2025-06-05 | 06:50:54.360[0;39m | [34mINFO [0;39m [[36mapp-(scheduled)-rateLimitLogging-0      [0;39m] [33mo.t.t.s.p.RateLimitService[0;39m                      : total requests 0 in progress 0 queue size 0 
[32m2025-06-05 | 06:50:54.360[0;39m | [34mINFO [0;39m [[36mapp-(scheduled)-rateLimitLogging-0      [0;39m] [33mo.t.t.s.p.RateLimitService[0;39m                      : total requests 0 in progress 0 queue size 0 
[32m2025-06-05 | 06:50:54.360[0;39m | [34mINFO [0;39m [[36mapp-(scheduled)-rateLimitLogging-0      [0;39m] [33mo.t.t.s.p.RateLimitService[0;39m                      : total requests 0 in progress 0 queue size 0 
[32m2025-06-05 | 06:50:54.360[0;39m | [34mINFO [0;39m [[36mapp-(scheduled)-rateLimitLogging-0      [0;39m] [33mo.t.t.s.p.RateLimitService[0;39m                      : total requests 0 in progress 0 queue size 0 
[32m2025-06-05 | 06:50:54.360[0;39m | [34mINFO [0;39m [[36mapp-(scheduled)-rateLimitLogging-0      [0;39m] [33mo.t.t.s.p.RateLimitService[0;39m                      : total requests 0 in progress 0 queue size 0 
[32m2025-06-05 | 06:50:54.360[0;39m | [34mINFO [0;39m [[36mapp-(scheduled)-rateLimitLogging-0      [0;39m] [33mo.t.t.s.p.RateLimitService[0;39m                      : total requests 0 in progress 0 queue size 0 
[32m2025-06-05 | 06:50:54.360[0;39m | [34mINFO [0;39m [[36mapp-(scheduled)-rateLimitLogging-0      [0;39m] [33mo.t.t.s.p.RateLimitService[0;39m                      : total requests 0 in progress 0 queue size 0 
[32m2025-06-05 | 06:50:54.360[0;39m | [34mINFO [0;39m [[36mapp-(scheduled)-rateLimitLogging-0      [0;39m] [33mo.t.t.s.p.RateLimitService[0;39m                      : total requests 0 in progress 0 queue size 0 
[32m2025-06-05 | 06:50:54.360[0;39m | [34mINFO [0;39m [[36mapp-(scheduled)-rateLimitLogging-0      [0;39m] [33mo.t.t.s.p.RateLimitService[0;39m                      : total requests 0 in progress 0 queue size 0 
[32m2025-06-05 | 06:50:54.360[0;39m | [34mINFO [0;39m [[36mapp-(scheduled)-rateLimitLogging-0      [0;39m] [33mo.t.t.s.p.RateLimitService[0;39m                      : total requests 0 in progress 0 queue size 0 
[32m2025-06-05 | 06:50:54.360[0;39m | [34mINFO [0;39m [[36mapp-(scheduled)-rateLimitLogging-0      [0;39m] [33mo.t.t.s.p.RateLimitService[0;39m                      : total requests 0 in progress 0 queue size 0 
[32m2025-06-05 | 06:50:54.360[0;39m | [34mINFO [0;39m [[36mapp-(scheduled)-rateLimitLogging-0      [0;39m] [33mo.t.t.s.p.RateLimitService[0;39m                      : total requests 0 in progress 0 queue size 0 
[32m2025-06-05 | 06:50:54.360[0;39m | [34mINFO [0;39m [[36mapp-(scheduled)-rateLimitLogging-0      [0;39m] [33mo.t.t.s.p.RateLimitService[0;39m                      : total requests 0 in progress 0 queue size 0 
[32m2025-06-05 | 06:50:54.360[0;39m | [34mINFO [0;39m [[36mapp-(scheduled)-rateLimitLogging-0      [0;39m] [33mo.t.t.s.p.RateLimitService[0;39m                      : total requests 0 in progress 0 queue size 0 
[32m2025-06-05 | 06:50:54.360[0;39m | [34mINFO [0;39m [[36mapp-(scheduled)-rateLimitLogging-0      [0;39m] [33mo.t.t.s.p.RateLimitService[0;39m                      : total requests 0 in progress 0 queue size 0 
[32m2025-06-05 | 06:50:54.360[0;39m | [34mINFO [0;39m [[36mapp-(scheduled)-rateLimitLogging-0      [0;39m] [33mo.t.t.s.p.RateLimitService[0;39m                      : total requests 0 in progress 0 queue size 0 
[32m2025-06-05 | 06:50:54.360[0;39m | [34mINFO [0;39m [[36mapp-(scheduled)-rateLimitLogging-0      [0;39m] [33mo.t.t.s.p.RateLimitService[0;39m                      : total requests 0 in progress 0 queue size 0 
[32m2025-06-05 | 06:50:54.360[0;39m | [34mINFO [0;39m [[36mapp-(scheduled)-rateLimitLogging-0      [0;39m] [33mo.t.t.s.p.RateLimitService[0;39m                      : total requests 0 in progress 0 queue size 0 
[32m2025-06-05 | 06:50:54.360[0;39m | [34mINFO [0;39m [[36mapp-(scheduled)-rateLimitLogging-0      [0;39m] [33mo.t.t.s.p.RateLimitService[0;39m                      : total requests 0 in progress 0 queue size 0 
[32m2025-06-05 | 06:50:54.360[0;39m | [34mINFO [0;39m [[36mapp-(scheduled)-rateLimitLogging-0      [0;39m] [33mo.t.t.s.p.RateLimitService[0;39m                      : total requests 0 in progress 0 queue size 0 
[32m2025-06-05 | 06:50:54.360[0;39m | [34mINFO [0;39m [[36mapp-(scheduled)-rateLimitLogging-0      [0;39m] [33mo.t.t.s.p.RateLimitService[0;39m                      : total requests 0 in progress 0 queue size 0 
[32m2025-06-05 | 06:50:54.360[0;39m | [34mINFO [0;39m [[36mapp-(scheduled)-rateLimitLogging-0      [0;39m] [33mo.t.t.s.p.RateLimitService[0;39m                      : total requests 0 in progress 0 queue size 0 
[32m2025-06-05 | 06:50:54.360[0;39m | [34mINFO [0;39m [[36mapp-(scheduled)-rateLimitLogging-0      [0;39m] [33mo.t.t.s.p.RateLimitService[0;39m                      : total requests 0 in progress 0 queue size 0 
[32m2025-06-05 | 06:50:54.360[0;39m | [34mINFO [0;39m [[36mapp-(scheduled)-rateLimitLogging-0      [0;39m] [33mo.t.t.s.p.RateLimitService[0;39m                      : total requests 0 in progress 0 queue size 0 
[32m2025-06-05 | 06:50:54.360[0;39m | [34mINFO [0;39m [[36mapp-(scheduled)-rateLimitLogging-0      [0;39m] [33mo.t.t.s.p.RateLimitService[0;39m                      : total requests 0 in progress 0 queue size 0 
[32m2025-06-05 | 06:50:54.360[0;39m | [34mINFO [0;39m [[36mapp-(scheduled)-rateLimitLogging-0      [0;39m] [33mo.t.t.s.p.RateLimitService[0;39m                      : total requests 0 in progress 0 queue size 0 
[32m2025-06-05 | 06:50:54.360[0;39m | [34mINFO [0;39m [[36mapp-(scheduled)-rateLimitLogging-0      [0;39m] [33mo.t.t.s.p.RateLimitService[0;39m                      : total requests 0 in progress 0 queue size 0 
[32m2025-06-05 | 06:50:54.360[0;39m | [34mINFO [0;39m [[36mapp-(scheduled)-rateLimitLogging-0      [0;39m] [33mo.t.t.s.p.RateLimitService[0;39m                      : total requests 0 in progress 0 queue size 0 
[32m2025-06-05 | 06:50:54.360[0;39m | [34mINFO [0;39m [[36mapp-(scheduled)-rateLimitLogging-0      [0;39m] [33mo.t.t.s.p.RateLimitService[0;39m                      : total requests 0 in progress 0 queue size 0 
[32m2025-06-05 | 06:50:54.360[0;39m | [34mINFO [0;39m [[36mapp-(scheduled)-rateLimitLogging-0      [0;39m] [33mo.t.t.s.p.RateLimitService[0;39m                      : total requests 0 in progress 0 queue size 0 
[32m2025-06-05 | 06:50:54.360[0;39m | [34mINFO [0;39m [[36mapp-(scheduled)-rateLimitLogging-0      [0;39m] [33mo.t.t.s.p.RateLimitService[0;39m                      : total requests 0 in progress 0 queue size 0 
[32m2025-06-05 | 06:50:54.360[0;39m | [34mINFO [0;39m [[36mapp-(scheduled)-rateLimitLogging-0      [0;39m] [33mo.t.t.s.p.RateLimitService[0;39m                      : total requests 0 in progress 0 queue size 0 
[32m2025-06-05 | 06:50:54.360[0;39m | [34mINFO [0;39m [[36mapp-(scheduled)-rateLimitLogging-0      [0;39m] [33mo.t.t.s.p.RateLimitService[0;39m                      : total requests 0 in progress 0 queue size 0 
[32m2025-06-05 | 06:50:54.360[0;39m | [34mINFO [0;39m [[36mapp-(scheduled)-rateLimitLogging-0      [0;39m] [33mo.t.t.s.p.RateLimitService[0;39m                      : total requests 0 in progress 0 queue size 0 
[32m2025-06-05 | 06:50:54.376[0;39m | [34mINFO [0;39m [[36mapp-(scheduled)-rateLimitLogging-0      [0;39m] [33mo.t.t.s.p.RateLimitService[0;39m                      : total requests 0 in progress 0 queue size 0 
[32m2025-06-05 | 06:50:54.376[0;39m | [34mINFO [0;39m [[36mapp-(scheduled)-rateLimitLogging-0      [0;39m] [33mo.t.t.s.p.RateLimitService[0;39m                      : total requests 0 in progress 0 queue size 0 
[32m2025-06-05 | 06:50:54.376[0;39m | [34mINFO [0;39m [[36mapp-(scheduled)-rateLimitLogging-0      [0;39m] [33mo.t.t.s.p.RateLimitService[0;39m                      : total requests 0 in progress 0 queue size 0 
[32m2025-06-05 | 06:50:54.376[0;39m | [34mINFO [0;39m [[36mapp-(scheduled)-rateLimitLogging-0      [0;39m] [33mo.t.t.s.p.RateLimitService[0;39m                      : total requests 0 in progress 0 queue size 0 
[32m2025-06-05 | 06:50:54.376[0;39m | [34mINFO [0;39m [[36mapp-(scheduled)-rateLimitLogging-0      [0;39m] [33mo.t.t.s.p.RateLimitService[0;39m                      : total requests 0 in progress 0 queue size 0 
[32m2025-06-05 | 06:50:54.376[0;39m | [34mINFO [0;39m [[36mapp-(scheduled)-rateLimitLogging-0      [0;39m] [33mo.t.t.s.p.RateLimitService[0;39m                      : total requests 0 in progress 0 queue size 0 
[32m2025-06-05 | 06:50:54.376[0;39m | [34mINFO [0;39m [[36mapp-(scheduled)-rateLimitLogging-0      [0;39m] [33mo.t.t.s.p.RateLimitService[0;39m                      : total requests 0 in progress 0 queue size 0 
[32m2025-06-05 | 06:50:54.376[0;39m | [34mINFO [0;39m [[36mapp-(scheduled)-rateLimitLogging-0      [0;39m] [33mo.t.t.s.p.RateLimitService[0;39m                      : total requests 0 in progress 0 queue size 0 
[32m2025-06-05 | 06:50:54.376[0;39m | [34mINFO [0;39m [[36mapp-(scheduled)-rateLimitLogging-0      [0;39m] [33mo.t.t.s.p.RateLimitService[0;39m                      : total requests 0 in progress 0 queue size 0 
[32m2025-06-05 | 06:50:54.376[0;39m | [34mINFO [0;39m [[36mapp-(scheduled)-rateLimitLogging-0      [0;39m] [33mo.t.t.s.p.RateLimitService[0;39m                      : total requests 0 in progress 0 queue size 0 
[32m2025-06-05 | 06:50:54.376[0;39m | [34mINFO [0;39m [[36mapp-(scheduled)-rateLimitLogging-0      [0;39m] [33mo.t.t.s.p.RateLimitService[0;39m                      : total requests 0 in progress 0 queue size 0 
[32m2025-06-05 | 06:50:54.376[0;39m | [34mINFO [0;39m [[36mapp-(scheduled)-rateLimitLogging-0      [0;39m] [33mo.t.t.s.p.RateLimitService[0;39m                      : total requests 0 in progress 0 queue size 0 
[32m2025-06-05 | 06:50:54.376[0;39m | [34mINFO [0;39m [[36mapp-(scheduled)-rateLimitLogging-0      [0;39m] [33mo.t.t.s.p.RateLimitService[0;39m                      : total requests 0 in progress 0 queue size 0 
[32m2025-06-05 | 06:50:54.376[0;39m | [34mINFO [0;39m [[36mapp-(scheduled)-rateLimitLogging-0      [0;39m] [33mo.t.t.s.p.RateLimitService[0;39m                      : total requests 0 in progress 0 queue size 0 
[32m2025-06-05 | 06:50:54.376[0;39m | [34mINFO [0;39m [[36mapp-(scheduled)-rateLimitLogging-0      [0;39m] [33mo.t.t.s.p.RateLimitService[0;39m                      : total requests 0 in progress 0 queue size 0 
[32m2025-06-05 | 06:50:54.376[0;39m | [34mINFO [0;39m [[36mapp-(scheduled)-rateLimitLogging-0      [0;39m] [33mo.t.t.s.p.RateLimitService[0;39m                      : total requests 0 in progress 0 queue size 0 
[32m2025-06-05 | 06:50:54.376[0;39m | [34mINFO [0;39m [[36mapp-(scheduled)-rateLimitLogging-0      [0;39m] [33mo.t.t.s.p.RateLimitService[0;39m                      : total requests 0 in progress 0 queue size 0 
[32m2025-06-05 | 06:50:54.376[0;39m | [34mINFO [0;39m [[36mapp-(scheduled)-rateLimitLogging-0      [0;39m] [33mo.t.t.s.p.RateLimitService[0;39m                      : total requests 0 in progress 0 queue size 0 
[32m2025-06-05 | 06:50:54.376[0;39m | [34mINFO [0;39m [[36mapp-(scheduled)-rateLimitLogging-0      [0;39m] [33mo.t.t.s.p.RateLimitService[0;39m                      : total requests 0 in progress 0 queue size 0 
[32m2025-06-05 | 06:50:54.376[0;39m | [34mINFO [0;39m [[36mapp-(scheduled)-rateLimitLogging-0      [0;39m] [33mo.t.t.s.p.RateLimitService[0;39m                      : total requests 0 in progress 0 queue size 0 
[32m2025-06-05 | 06:50:54.376[0;39m | [34mINFO [0;39m [[36mapp-(scheduled)-rateLimitLogging-0      [0;39m] [33mo.t.t.s.p.RateLimitService[0;39m                      : total requests 0 in progress 0 queue size 0 
[32m2025-06-05 | 06:50:54.376[0;39m | [34mINFO [0;39m [[36mapp-(scheduled)-rateLimitLogging-0      [0;39m] [33mo.t.t.s.p.RateLimitService[0;39m                      : total requests 0 in progress 0 queue size 0 
[32m2025-06-05 | 06:50:54.376[0;39m | [34mINFO [0;39m [[36mapp-(scheduled)-rateLimitLogging-0      [0;39m] [33mo.t.t.s.p.RateLimitService[0;39m                      : total requests 0 in progress 0 queue size 0 
[32m2025-06-05 | 06:50:54.376[0;39m | [34mINFO [0;39m [[36mapp-(scheduled)-rateLimitLogging-0      [0;39m] [33mo.t.t.s.p.RateLimitService[0;39m                      : total requests 0 in progress 0 queue size 0 
[32m2025-06-05 | 06:50:54.376[0;39m | [34mINFO [0;39m [[36mapp-(scheduled)-rateLimitLogging-0      [0;39m] [33mo.t.t.s.p.RateLimitService[0;39m                      : total requests 0 in progress 0 queue size 0 
[32m2025-06-05 | 06:50:54.376[0;39m | [34mINFO [0;39m [[36mapp-(scheduled)-rateLimitLogging-0      [0;39m] [33mo.t.t.s.p.RateLimitService[0;39m                      : total requests 0 in progress 0 queue size 0 
[32m2025-06-05 | 06:50:54.376[0;39m | [34mINFO [0;39m [[36mapp-(scheduled)-rateLimitLogging-0      [0;39m] [33mo.t.t.s.p.RateLimitService[0;39m                      : total requests 0 in progress 0 queue size 0 
[32m2025-06-05 | 06:50:54.376[0;39m | [34mINFO [0;39m [[36mapp-(scheduled)-rateLimitLogging-0      [0;39m] [33mo.t.t.s.p.RateLimitService[0;39m                      : total requests 0 in progress 0 queue size 0 
[32m2025-06-05 | 06:50:54.376[0;39m | [34mINFO [0;39m [[36mapp-(scheduled)-rateLimitLogging-0      [0;39m] [33mo.t.t.s.p.RateLimitService[0;39m                      : total requests 0 in progress 0 queue size 0 
[32m2025-06-05 | 06:50:54.376[0;39m | [34mINFO [0;39m [[36mapp-(scheduled)-rateLimitLogging-0      [0;39m] [33mo.t.t.s.p.RateLimitService[0;39m                      : total requests 0 in progress 0 queue size 0 
[32m2025-06-05 | 06:50:54.376[0;39m | [34mINFO [0;39m [[36mapp-(scheduled)-rateLimitLogging-0      [0;39m] [33mo.t.t.s.p.RateLimitService[0;39m                      : total requests 0 in progress 0 queue size 0 
[32m2025-06-05 | 06:50:54.376[0;39m | [34mINFO [0;39m [[36mapp-(scheduled)-rateLimitLogging-0      [0;39m] [33mo.t.t.s.p.RateLimitService[0;39m                      : total requests 0 in progress 0 queue size 0 
[32m2025-06-05 | 06:50:54.376[0;39m | [34mINFO [0;39m [[36mapp-(scheduled)-rateLimitLogging-0      [0;39m] [33mo.t.t.s.p.RateLimitService[0;39m                      : total requests 0 in progress 0 queue size 0 
[32m2025-06-05 | 06:50:54.376[0;39m | [34mINFO [0;39m [[36mapp-(scheduled)-rateLimitLogging-0      [0;39m] [33mo.t.t.s.p.RateLimitService[0;39m                      : total requests 0 in progress 0 queue size 0 
[32m2025-06-05 | 06:50:54.376[0;39m | [34mINFO [0;39m [[36mapp-(scheduled)-rateLimitLogging-0      [0;39m] [33mo.t.t.s.p.RateLimitService[0;39m                      : total requests 0 in progress 0 queue size 0 
[32m2025-06-05 | 06:50:54.376[0;39m | [34mINFO [0;39m [[36mapp-(scheduled)-rateLimitLogging-0      [0;39m] [33mo.t.t.s.p.RateLimitService[0;39m                      : total requests 0 in progress 0 queue size 0 
[32m2025-06-05 | 06:50:54.376[0;39m | [34mINFO [0;39m [[36mapp-(scheduled)-rateLimitLogging-0      [0;39m] [33mo.t.t.s.p.RateLimitService[0;39m                      : total requests 0 in progress 0 queue size 0 
[32m2025-06-05 | 06:50:54.376[0;39m | [34mINFO [0;39m [[36mapp-(scheduled)-rateLimitLogging-0      [0;39m] [33mo.t.t.s.p.RateLimitService[0;39m                      : total requests 0 in progress 0 queue size 0 
[32m2025-06-05 | 06:50:54.376[0;39m | [34mINFO [0;39m [[36mapp-(scheduled)-rateLimitLogging-0      [0;39m] [33mo.t.t.s.p.RateLimitService[0;39m                      : total requests 0 in progress 0 queue size 0 
[32m2025-06-05 | 06:50:54.376[0;39m | [34mINFO [0;39m [[36mapp-(scheduled)-rateLimitLogging-0      [0;39m] [33mo.t.t.s.p.RateLimitService[0;39m                      : total requests 0 in progress 0 queue size 0 
[32m2025-06-05 | 06:50:54.376[0;39m | [34mINFO [0;39m [[36mapp-(scheduled)-rateLimitLogging-0      [0;39m] [33mo.t.t.s.p.RateLimitService[0;39m                      : total requests 0 in progress 0 queue size 0 
[32m2025-06-05 | 06:50:54.376[0;39m | [34mINFO [0;39m [[36mapp-(scheduled)-rateLimitLogging-0      [0;39m] [33mo.t.t.s.p.RateLimitService[0;39m                      : total requests 0 in progress 0 queue size 0 
[32m2025-06-05 | 06:50:54.376[0;39m | [34mINFO [0;39m [[36mapp-(scheduled)-rateLimitLogging-0      [0;39m] [33mo.t.t.s.p.RateLimitService[0;39m                      : total requests 0 in progress 0 queue size 0 
[32m2025-06-05 | 06:50:54.376[0;39m | [34mINFO [0;39m [[36mapp-(scheduled)-rateLimitLogging-0      [0;39m] [33mo.t.t.s.p.RateLimitService[0;39m                      : total requests 0 in progress 0 queue size 0 
[32m2025-06-05 | 06:50:54.376[0;39m | [34mINFO [0;39m [[36mapp-(scheduled)-rateLimitLogging-0      [0;39m] [33mo.t.t.s.p.RateLimitService[0;39m                      : total requests 0 in progress 0 queue size 0 
[32m2025-06-05 | 06:50:54.376[0;39m | [34mINFO [0;39m [[36mapp-(scheduled)-rateLimitLogging-0      [0;39m] [33mo.t.t.s.p.RateLimitService[0;39m                      : total requests 0 in progress 0 queue size 0 
[32m2025-06-05 | 06:50:54.376[0;39m | [34mINFO [0;39m [[36mapp-(scheduled)-rateLimitLogging-0      [0;39m] [33mo.t.t.s.p.RateLimitService[0;39m                      : total requests 0 in progress 0 queue size 0 
[32m2025-06-05 | 06:50:54.376[0;39m | [34mINFO [0;39m [[36mapp-(scheduled)-rateLimitLogging-0      [0;39m] [33mo.t.t.s.p.RateLimitService[0;39m                      : total requests 0 in progress 0 queue size 0 
[32m2025-06-05 | 06:50:54.376[0;39m | [34mINFO [0;39m [[36mapp-(scheduled)-rateLimitLogging-0      [0;39m] [33mo.t.t.s.p.RateLimitService[0;39m                      : total requests 0 in progress 0 queue size 0 
[32m2025-06-05 | 06:50:54.376[0;39m | [34mINFO [0;39m [[36mapp-(scheduled)-rateLimitLogging-0      [0;39m] [33mo.t.t.s.p.RateLimitService[0;39m                      : total requests 0 in progress 0 queue size 0 
[32m2025-06-05 | 06:50:54.376[0;39m | [34mINFO [0;39m [[36mapp-(scheduled)-rateLimitLogging-0      [0;39m] [33mo.t.t.s.p.RateLimitService[0;39m                      : total requests 0 in progress 0 queue size 0 
[32m2025-06-05 | 06:50:54.376[0;39m | [34mINFO [0;39m [[36mapp-(scheduled)-rateLimitLogging-0      [0;39m] [33mo.t.t.s.p.RateLimitService[0;39m                      : total requests 0 in progress 0 queue size 0 
[32m2025-06-05 | 06:50:54.376[0;39m | [34mINFO [0;39m [[36mapp-(scheduled)-rateLimitLogging-0      [0;39m] [33mo.t.t.s.p.RateLimitService[0;39m                      : total requests 0 in progress 0 queue size 0 
[32m2025-06-05 | 06:50:54.376[0;39m | [34mINFO [0;39m [[36mapp-(scheduled)-rateLimitLogging-0      [0;39m] [33mo.t.t.s.p.RateLimitService[0;39m                      : total requests 0 in progress 0 queue size 0 
[32m2025-06-05 | 06:50:54.376[0;39m | [34mINFO [0;39m [[36mapp-(scheduled)-rateLimitLogging-0      [0;39m] [33mo.t.t.s.p.RateLimitService[0;39m                      : total requests 0 in progress 0 queue size 0 
[32m2025-06-05 | 06:50:54.376[0;39m | [34mINFO [0;39m [[36mapp-(scheduled)-rateLimitLogging-0      [0;39m] [33mo.t.t.s.p.RateLimitService[0;39m                      : total requests 0 in progress 0 queue size 0 
[32m2025-06-05 | 06:50:54.376[0;39m | [34mINFO [0;39m [[36mapp-(scheduled)-rateLimitLogging-0      [0;39m] [33mo.t.t.s.p.RateLimitService[0;39m                      : total requests 0 in progress 0 queue size 0 
[32m2025-06-05 | 06:50:54.376[0;39m | [34mINFO [0;39m [[36mapp-(scheduled)-rateLimitLogging-0      [0;39m] [33mo.t.t.s.p.RateLimitService[0;39m                      : total requests 0 in progress 0 queue size 0 
[32m2025-06-05 | 06:50:54.376[0;39m | [34mINFO [0;39m [[36mapp-(scheduled)-rateLimitLogging-0      [0;39m] [33mo.t.t.s.p.RateLimitService[0;39m                      : total requests 0 in progress 0 queue size 0 
[32m2025-06-05 | 06:50:54.376[0;39m | [34mINFO [0;39m [[36mapp-(scheduled)-rateLimitLogging-0      [0;39m] [33mo.t.t.s.p.RateLimitService[0;39m                      : total requests 0 in progress 0 queue size 0 
[32m2025-06-05 | 06:50:54.376[0;39m | [34mINFO [0;39m [[36mapp-(scheduled)-rateLimitLogging-0      [0;39m] [33mo.t.t.s.p.RateLimitService[0;39m                      : total requests 0 in progress 0 queue size 0 
[32m2025-06-05 | 06:50:54.376[0;39m | [34mINFO [0;39m [[36mapp-(scheduled)-rateLimitLogging-0      [0;39m] [33mo.t.t.s.p.RateLimitService[0;39m                      : total requests 0 in progress 0 queue size 0 
[32m2025-06-05 | 06:50:54.381[0;39m | [34mINFO [0;39m [[36mapp-(scheduled)-rateLimitLogging-0      [0;39m] [33mo.t.t.s.p.RateLimitService[0;39m                      : total requests 0 in progress 0 queue size 0 
[32m2025-06-05 | 06:50:54.381[0;39m | [34mINFO [0;39m [[36mapp-(scheduled)-rateLimitLogging-0      [0;39m] [33mo.t.t.s.p.RateLimitService[0;39m                      : total requests 0 in progress 0 queue size 0 
[32m2025-06-05 | 06:50:54.381[0;39m | [34mINFO [0;39m [[36mapp-(scheduled)-rateLimitLogging-0      [0;39m] [33mo.t.t.s.p.RateLimitService[0;39m                      : total requests 0 in progress 0 queue size 0 
[32m2025-06-05 | 06:50:54.381[0;39m | [34mINFO [0;39m [[36mapp-(scheduled)-rateLimitLogging-0      [0;39m] [33mo.t.t.s.p.RateLimitService[0;39m                      : total requests 0 in progress 0 queue size 0 
[32m2025-06-05 | 06:50:54.381[0;39m | [34mINFO [0;39m [[36mapp-(scheduled)-rateLimitLogging-0      [0;39m] [33mo.t.t.s.p.RateLimitService[0;39m                      : total requests 0 in progress 0 queue size 0 
[32m2025-06-05 | 06:50:54.381[0;39m | [34mINFO [0;39m [[36mapp-(scheduled)-rateLimitLogging-0      [0;39m] [33mo.t.t.s.p.RateLimitService[0;39m                      : total requests 0 in progress 0 queue size 0 
[32m2025-06-05 | 06:50:54.381[0;39m | [34mINFO [0;39m [[36mapp-(scheduled)-rateLimitLogging-0      [0;39m] [33mo.t.t.s.p.RateLimitService[0;39m                      : total requests 0 in progress 0 queue size 0 
[32m2025-06-05 | 06:50:54.381[0;39m | [34mINFO [0;39m [[36mapp-(scheduled)-rateLimitLogging-0      [0;39m] [33mo.t.t.s.p.RateLimitService[0;39m                      : total requests 0 in progress 0 queue size 0 
[32m2025-06-05 | 06:50:54.381[0;39m | [34mINFO [0;39m [[36mapp-(scheduled)-rateLimitLogging-0      [0;39m] [33mo.t.t.s.p.RateLimitService[0;39m                      : total requests 0 in progress 0 queue size 0 
[32m2025-06-05 | 06:50:54.381[0;39m | [34mINFO [0;39m [[36mapp-(scheduled)-rateLimitLogging-0      [0;39m] [33mo.t.t.s.p.RateLimitService[0;39m                      : total requests 0 in progress 0 queue size 0 
[32m2025-06-05 | 06:50:54.381[0;39m | [34mINFO [0;39m [[36mapp-(scheduled)-rateLimitLogging-0      [0;39m] [33mo.t.t.s.p.RateLimitService[0;39m                      : total requests 0 in progress 0 queue size 0 
[32m2025-06-05 | 06:50:54.381[0;39m | [34mINFO [0;39m [[36mapp-(scheduled)-rateLimitLogging-0      [0;39m] [33mo.t.t.s.p.RateLimitService[0;39m                      : total requests 0 in progress 0 queue size 0 
[32m2025-06-05 | 06:50:54.381[0;39m | [34mINFO [0;39m [[36mapp-(scheduled)-rateLimitLogging-0      [0;39m] [33mo.t.t.s.p.RateLimitService[0;39m                      : total requests 0 in progress 0 queue size 0 
[32m2025-06-05 | 06:50:54.381[0;39m | [34mINFO [0;39m [[36mapp-(scheduled)-rateLimitLogging-0      [0;39m] [33mo.t.t.s.p.RateLimitService[0;39m                      : total requests 0 in progress 0 queue size 0 
[32m2025-06-05 | 06:50:54.381[0;39m | [34mINFO [0;39m [[36mapp-(scheduled)-rateLimitLogging-0      [0;39m] [33mo.t.t.s.p.RateLimitService[0;39m                      : total requests 0 in progress 0 queue size 0 
[32m2025-06-05 | 06:50:54.381[0;39m | [34mINFO [0;39m [[36mapp-(scheduled)-rateLimitLogging-0      [0;39m] [33mo.t.t.s.p.RateLimitService[0;39m                      : total requests 0 in progress 0 queue size 0 
[32m2025-06-05 | 06:50:54.381[0;39m | [34mINFO [0;39m [[36mapp-(scheduled)-rateLimitLogging-0      [0;39m] [33mo.t.t.s.p.RateLimitService[0;39m                      : total requests 0 in progress 0 queue size 0 
[32m2025-06-05 | 06:50:54.381[0;39m | [34mINFO [0;39m [[36mapp-(scheduled)-rateLimitLogging-0      [0;39m] [33mo.t.t.s.p.RateLimitService[0;39m                      : total requests 0 in progress 0 queue size 0 
[32m2025-06-05 | 06:50:54.381[0;39m | [34mINFO [0;39m [[36mapp-(scheduled)-rateLimitLogging-0      [0;39m] [33mo.t.t.s.p.RateLimitService[0;39m                      : total requests 0 in progress 0 queue size 0 
[32m2025-06-05 | 06:50:54.381[0;39m | [34mINFO [0;39m [[36mapp-(scheduled)-rateLimitLogging-0      [0;39m] [33mo.t.t.s.p.RateLimitService[0;39m                      : total requests 0 in progress 0 queue size 0 
[32m2025-06-05 | 06:50:54.381[0;39m | [34mINFO [0;39m [[36mapp-(scheduled)-rateLimitLogging-0      [0;39m] [33mo.t.t.s.p.RateLimitService[0;39m                      : total requests 0 in progress 0 queue size 0 
[32m2025-06-05 | 06:50:54.381[0;39m | [34mINFO [0;39m [[36mapp-(scheduled)-rateLimitLogging-0      [0;39m] [33mo.t.t.s.p.RateLimitService[0;39m                      : total requests 0 in progress 0 queue size 0 
[32m2025-06-05 | 06:50:54.381[0;39m | [34mINFO [0;39m [[36mapp-(scheduled)-rateLimitLogging-0      [0;39m] [33mo.t.t.s.p.RateLimitService[0;39m                      : total requests 0 in progress 0 queue size 0 
[32m2025-06-05 | 06:50:54.381[0;39m | [34mINFO [0;39m [[36mapp-(scheduled)-rateLimitLogging-0      [0;39m] [33mo.t.t.s.p.RateLimitService[0;39m                      : total requests 0 in progress 0 queue size 0 
[32m2025-06-05 | 06:50:54.381[0;39m | [34mINFO [0;39m [[36mapp-(scheduled)-rateLimitLogging-0      [0;39m] [33mo.t.t.s.p.RateLimitService[0;39m                      : total requests 0 in progress 0 queue size 0 
[32m2025-06-05 | 06:50:54.381[0;39m | [34mINFO [0;39m [[36mapp-(scheduled)-rateLimitLogging-0      [0;39m] [33mo.t.t.s.p.RateLimitService[0;39m                      : total requests 0 in progress 0 queue size 0 
[32m2025-06-05 | 06:50:54.381[0;39m | [34mINFO [0;39m [[36mapp-(scheduled)-rateLimitLogging-0      [0;39m] [33mo.t.t.s.p.RateLimitService[0;39m                      : total requests 0 in progress 0 queue size 0 
[32m2025-06-05 | 06:50:54.381[0;39m | [34mINFO [0;39m [[36mapp-(scheduled)-rateLimitLogging-0      [0;39m] [33mo.t.t.s.p.RateLimitService[0;39m                      : total requests 0 in progress 0 queue size 0 
[32m2025-06-05 | 06:50:54.381[0;39m | [34mINFO [0;39m [[36mapp-(scheduled)-rateLimitLogging-0      [0;39m] [33mo.t.t.s.p.RateLimitService[0;39m                      : total requests 0 in progress 0 queue size 0 
[32m2025-06-05 | 06:50:54.381[0;39m | [34mINFO [0;39m [[36mapp-(scheduled)-rateLimitLogging-0      [0;39m] [33mo.t.t.s.p.RateLimitService[0;39m                      : total requests 0 in progress 0 queue size 0 
[32m2025-06-05 | 06:50:54.381[0;39m | [34mINFO [0;39m [[36mapp-(scheduled)-rateLimitLogging-0      [0;39m] [33mo.t.t.s.p.RateLimitService[0;39m                      : total requests 0 in progress 0 queue size 0 
[32m2025-06-05 | 06:50:54.381[0;39m | [34mINFO [0;39m [[36mapp-(scheduled)-rateLimitLogging-0      [0;39m] [33mo.t.t.s.p.RateLimitService[0;39m                      : total requests 0 in progress 0 queue size 0 
[32m2025-06-05 | 06:50:54.381[0;39m | [34mINFO [0;39m [[36mapp-(scheduled)-rateLimitLogging-0      [0;39m] [33mo.t.t.s.p.RateLimitService[0;39m                      : total requests 0 in progress 0 queue size 0 
[32m2025-06-05 | 06:50:54.381[0;39m | [34mINFO [0;39m [[36mapp-(scheduled)-rateLimitLogging-0      [0;39m] [33mo.t.t.s.p.RateLimitService[0;39m                      : total requests 0 in progress 0 queue size 0 
[32m2025-06-05 | 06:50:54.381[0;39m | [34mINFO [0;39m [[36mapp-(scheduled)-rateLimitLogging-0      [0;39m] [33mo.t.t.s.p.RateLimitService[0;39m                      : total requests 0 in progress 0 queue size 0 
[32m2025-06-05 | 06:50:54.381[0;39m | [34mINFO [0;39m [[36mapp-(scheduled)-rateLimitLogging-0      [0;39m] [33mo.t.t.s.p.RateLimitService[0;39m                      : total requests 0 in progress 0 queue size 0 
[32m2025-06-05 | 06:50:54.381[0;39m | [34mINFO [0;39m [[36mapp-(scheduled)-rateLimitLogging-0      [0;39m] [33mo.t.t.s.p.RateLimitService[0;39m                      : total requests 0 in progress 0 queue size 0 
[32m2025-06-05 | 06:50:54.381[0;39m | [34mINFO [0;39m [[36mapp-(scheduled)-rateLimitLogging-0      [0;39m] [33mo.t.t.s.p.RateLimitService[0;39m                      : total requests 0 in progress 0 queue size 0 
[32m2025-06-05 | 06:50:54.381[0;39m | [34mINFO [0;39m [[36mapp-(scheduled)-rateLimitLogging-0      [0;39m] [33mo.t.t.s.p.RateLimitService[0;39m                      : total requests 0 in progress 0 queue size 0 
[32m2025-06-05 | 06:50:54.381[0;39m | [34mINFO [0;39m [[36mapp-(scheduled)-rateLimitLogging-0      [0;39m] [33mo.t.t.s.p.RateLimitService[0;39m                      : total requests 0 in progress 0 queue size 0 
[32m2025-06-05 | 06:50:54.381[0;39m | [34mINFO [0;39m [[36mapp-(scheduled)-rateLimitLogging-0      [0;39m] [33mo.t.t.s.p.RateLimitService[0;39m                      : total requests 0 in progress 0 queue size 0 
[32m2025-06-05 | 06:50:54.381[0;39m | [34mINFO [0;39m [[36mapp-(scheduled)-rateLimitLogging-0      [0;39m] [33mo.t.t.s.p.RateLimitService[0;39m                      : total requests 0 in progress 0 queue size 0 
[32m2025-06-05 | 06:50:54.381[0;39m | [34mINFO [0;39m [[36mapp-(scheduled)-rateLimitLogging-0      [0;39m] [33mo.t.t.s.p.RateLimitService[0;39m                      : total requests 0 in progress 0 queue size 0 
[32m2025-06-05 | 06:50:54.381[0;39m | [34mINFO [0;39m [[36mapp-(scheduled)-rateLimitLogging-0      [0;39m] [33mo.t.t.s.p.RateLimitService[0;39m                      : total requests 0 in progress 0 queue size 0 
[32m2025-06-05 | 06:50:54.381[0;39m | [34mINFO [0;39m [[36mapp-(scheduled)-rateLimitLogging-0      [0;39m] [33mo.t.t.s.p.RateLimitService[0;39m                      : total requests 0 in progress 0 queue size 0 
[32m2025-06-05 | 06:50:54.381[0;39m | [34mINFO [0;39m [[36mapp-(scheduled)-rateLimitLogging-0      [0;39m] [33mo.t.t.s.p.RateLimitService[0;39m                      : total requests 0 in progress 0 queue size 0 
[32m2025-06-05 | 06:50:54.381[0;39m | [34mINFO [0;39m [[36mapp-(scheduled)-rateLimitLogging-0      [0;39m] [33mo.t.t.s.p.RateLimitService[0;39m                      : total requests 0 in progress 0 queue size 0 
[32m2025-06-05 | 06:50:54.381[0;39m | [34mINFO [0;39m [[36mapp-(scheduled)-rateLimitLogging-0      [0;39m] [33mo.t.t.s.p.RateLimitService[0;39m                      : total requests 0 in progress 0 queue size 0 
[32m2025-06-05 | 06:50:54.381[0;39m | [34mINFO [0;39m [[36mapp-(scheduled)-rateLimitLogging-0      [0;39m] [33mo.t.t.s.p.RateLimitService[0;39m                      : total requests 0 in progress 0 queue size 0 
[32m2025-06-05 | 06:50:54.381[0;39m | [34mINFO [0;39m [[36mapp-(scheduled)-rateLimitLogging-0      [0;39m] [33mo.t.t.s.p.RateLimitService[0;39m                      : total requests 0 in progress 0 queue size 0 
[32m2025-06-05 | 06:50:54.381[0;39m | [34mINFO [0;39m [[36mapp-(scheduled)-rateLimitLogging-0      [0;39m] [33mo.t.t.s.p.RateLimitService[0;39m                      : total requests 0 in progress 0 queue size 0 
[32m2025-06-05 | 06:50:54.381[0;39m | [34mINFO [0;39m [[36mapp-(scheduled)-rateLimitLogging-0      [0;39m] [33mo.t.t.s.p.RateLimitService[0;39m                      : total requests 0 in progress 0 queue size 0 
[32m2025-06-05 | 06:50:54.381[0;39m | [34mINFO [0;39m [[36mapp-(scheduled)-rateLimitLogging-0      [0;39m] [33mo.t.t.s.p.RateLimitService[0;39m                      : total requests 0 in progress 0 queue size 0 
[32m2025-06-05 | 06:50:54.381[0;39m | [34mINFO [0;39m [[36mapp-(scheduled)-rateLimitLogging-0      [0;39m] [33mo.t.t.s.p.RateLimitService[0;39m                      : total requests 0 in progress 0 queue size 0 
[32m2025-06-05 | 06:50:54.381[0;39m | [34mINFO [0;39m [[36mapp-(scheduled)-rateLimitLogging-0      [0;39m] [33mo.t.t.s.p.RateLimitService[0;39m                      : total requests 0 in progress 0 queue size 0 
[32m2025-06-05 | 06:50:54.381[0;39m | [34mINFO [0;39m [[36mapp-(scheduled)-rateLimitLogging-0      [0;39m] [33mo.t.t.s.p.RateLimitService[0;39m                      : total requests 0 in progress 0 queue size 0 
[32m2025-06-05 | 06:50:54.381[0;39m | [34mINFO [0;39m [[36mapp-(scheduled)-rateLimitLogging-0      [0;39m] [33mo.t.t.s.p.RateLimitService[0;39m                      : total requests 0 in progress 0 queue size 0 
[32m2025-06-05 | 06:50:54.381[0;39m | [34mINFO [0;39m [[36mapp-(scheduled)-rateLimitLogging-0      [0;39m] [33mo.t.t.s.p.RateLimitService[0;39m                      : total requests 0 in progress 0 queue size 0 
[32m2025-06-05 | 06:50:54.381[0;39m | [34mINFO [0;39m [[36mapp-(scheduled)-rateLimitLogging-0      [0;39m] [33mo.t.t.s.p.RateLimitService[0;39m                      : total requests 0 in progress 0 queue size 0 
[32m2025-06-05 | 06:50:54.381[0;39m | [34mINFO [0;39m [[36mapp-(scheduled)-rateLimitLogging-0      [0;39m] [33mo.t.t.s.p.RateLimitService[0;39m                      : total requests 0 in progress 0 queue size 0 
[32m2025-06-05 | 06:50:54.381[0;39m | [34mINFO [0;39m [[36mapp-(scheduled)-rateLimitLogging-0      [0;39m] [33mo.t.t.s.p.RateLimitService[0;39m                      : total requests 0 in progress 0 queue size 0 
[32m2025-06-05 | 06:50:54.381[0;39m | [34mINFO [0;39m [[36mapp-(scheduled)-rateLimitLogging-0      [0;39m] [33mo.t.t.s.p.RateLimitService[0;39m                      : total requests 0 in progress 0 queue size 0 
[32m2025-06-05 | 06:50:54.381[0;39m | [34mINFO [0;39m [[36mapp-(scheduled)-rateLimitLogging-0      [0;39m] [33mo.t.t.s.p.RateLimitService[0;39m                      : total requests 0 in progress 0 queue size 0 
[32m2025-06-05 | 06:50:54.381[0;39m | [34mINFO [0;39m [[36mapp-(scheduled)-rateLimitLogging-0      [0;39m] [33mo.t.t.s.p.RateLimitService[0;39m                      : total requests 0 in progress 0 queue size 0 
[32m2025-06-05 | 06:50:54.381[0;39m | [34mINFO [0;39m [[36mapp-(scheduled)-rateLimitLogging-0      [0;39m] [33mo.t.t.s.p.RateLimitService[0;39m                      : total requests 0 in progress 0 queue size 0 
[32m2025-06-05 | 06:50:54.381[0;39m | [34mINFO [0;39m [[36mapp-(scheduled)-rateLimitLogging-0      [0;39m] [33mo.t.t.s.p.RateLimitService[0;39m                      : total requests 0 in progress 0 queue size 0 
[32m2025-06-05 | 06:50:54.381[0;39m | [34mINFO [0;39m [[36mapp-(scheduled)-rateLimitLogging-0      [0;39m] [33mo.t.t.s.p.RateLimitService[0;39m                      : total requests 0 in progress 0 queue size 0 
[32m2025-06-05 | 06:50:54.381[0;39m | [34mINFO [0;39m [[36mapp-(scheduled)-rateLimitLogging-0      [0;39m] [33mo.t.t.s.p.RateLimitService[0;39m                      : total requests 0 in progress 0 queue size 0 
[32m2025-06-05 | 06:50:54.381[0;39m | [34mINFO [0;39m [[36mapp-(scheduled)-rateLimitLogging-0      [0;39m] [33mo.t.t.s.p.RateLimitService[0;39m                      : total requests 0 in progress 0 queue size 0 
[32m2025-06-05 | 06:50:54.381[0;39m | [34mINFO [0;39m [[36mapp-(scheduled)-rateLimitLogging-0      [0;39m] [33mo.t.t.s.p.RateLimitService[0;39m                      : total requests 0 in progress 0 queue size 0 
[32m2025-06-05 | 06:50:54.381[0;39m | [34mINFO [0;39m [[36mapp-(scheduled)-rateLimitLogging-0      [0;39m] [33mo.t.t.s.p.RateLimitService[0;39m                      : total requests 0 in progress 0 queue size 0 
[32m2025-06-05 | 06:50:54.381[0;39m | [34mINFO [0;39m [[36mapp-(scheduled)-rateLimitLogging-0      [0;39m] [33mo.t.t.s.p.RateLimitService[0;39m                      : total requests 0 in progress 0 queue size 0 
[32m2025-06-05 | 06:50:54.381[0;39m | [34mINFO [0;39m [[36mapp-(scheduled)-rateLimitLogging-0      [0;39m] [33mo.t.t.s.p.RateLimitService[0;39m                      : total requests 0 in progress 0 queue size 0 
[32m2025-06-05 | 06:50:54.381[0;39m | [34mINFO [0;39m [[36mapp-(scheduled)-rateLimitLogging-0      [0;39m] [33mo.t.t.s.p.RateLimitService[0;39m                      : total requests 0 in progress 0 queue size 0 
[32m2025-06-05 | 06:50:54.381[0;39m | [34mINFO [0;39m [[36mapp-(scheduled)-rateLimitLogging-0      [0;39m] [33mo.t.t.s.p.RateLimitService[0;39m                      : total requests 0 in progress 0 queue size 0 
[32m2025-06-05 | 06:50:54.381[0;39m | [34mINFO [0;39m [[36mapp-(scheduled)-rateLimitLogging-0      [0;39m] [33mo.t.t.s.p.RateLimitService[0;39m                      : total requests 0 in progress 0 queue size 0 
[32m2025-06-05 | 06:50:54.381[0;39m | [34mINFO [0;39m [[36mapp-(scheduled)-rateLimitLogging-0      [0;39m] [33mo.t.t.s.p.RateLimitService[0;39m                      : total requests 0 in progress 0 queue size 0 
[32m2025-06-05 | 06:50:54.381[0;39m | [34mINFO [0;39m [[36mapp-(scheduled)-rateLimitLogging-0      [0;39m] [33mo.t.t.s.p.RateLimitService[0;39m                      : total requests 0 in progress 0 queue size 0 
[32m2025-06-05 | 06:50:54.381[0;39m | [34mINFO [0;39m [[36mapp-(scheduled)-rateLimitLogging-0      [0;39m] [33mo.t.t.s.p.RateLimitService[0;39m                      : total requests 0 in progress 0 queue size 0 
[32m2025-06-05 | 06:50:54.381[0;39m | [34mINFO [0;39m [[36mapp-(scheduled)-rateLimitLogging-0      [0;39m] [33mo.t.t.s.p.RateLimitService[0;39m                      : total requests 0 in progress 0 queue size 0 
[32m2025-06-05 | 06:50:54.381[0;39m | [34mINFO [0;39m [[36mapp-(scheduled)-rateLimitLogging-0      [0;39m] [33mo.t.t.s.p.RateLimitService[0;39m                      : total requests 0 in progress 0 queue size 0 
[32m2025-06-05 | 06:50:54.381[0;39m | [34mINFO [0;39m [[36mapp-(scheduled)-rateLimitLogging-0      [0;39m] [33mo.t.t.s.p.RateLimitService[0;39m                      : total requests 0 in progress 0 queue size 0 
[32m2025-06-05 | 06:50:54.381[0;39m | [34mINFO [0;39m [[36mapp-(scheduled)-rateLimitLogging-0      [0;39m] [33mo.t.t.s.p.RateLimitService[0;39m                      : total requests 0 in progress 0 queue size 0 
[32m2025-06-05 | 06:50:54.381[0;39m | [34mINFO [0;39m [[36mapp-(scheduled)-rateLimitLogging-0      [0;39m] [33mo.t.t.s.p.RateLimitService[0;39m                      : total requests 0 in progress 0 queue size 0 
[32m2025-06-05 | 06:50:54.381[0;39m | [34mINFO [0;39m [[36mapp-(scheduled)-rateLimitLogging-0      [0;39m] [33mo.t.t.s.p.RateLimitService[0;39m                      : total requests 0 in progress 0 queue size 0 
[32m2025-06-05 | 06:50:54.381[0;39m | [34mINFO [0;39m [[36mapp-(scheduled)-rateLimitLogging-0      [0;39m] [33mo.t.t.s.p.RateLimitService[0;39m                      : total requests 0 in progress 0 queue size 0 
[32m2025-06-05 | 06:50:54.381[0;39m | [34mINFO [0;39m [[36mapp-(scheduled)-rateLimitLogging-0      [0;39m] [33mo.t.t.s.p.RateLimitService[0;39m                      : total requests 0 in progress 0 queue size 0 
[32m2025-06-05 | 06:50:54.381[0;39m | [34mINFO [0;39m [[36mapp-(scheduled)-rateLimitLogging-0      [0;39m] [33mo.t.t.s.p.RateLimitService[0;39m                      : total requests 0 in progress 0 queue size 0 
[32m2025-06-05 | 06:50:54.381[0;39m | [34mINFO [0;39m [[36mapp-(scheduled)-rateLimitLogging-0      [0;39m] [33mo.t.t.s.p.RateLimitService[0;39m                      : total requests 0 in progress 0 queue size 0 
[32m2025-06-05 | 06:50:54.381[0;39m | [34mINFO [0;39m [[36mapp-(scheduled)-rateLimitLogging-0      [0;39m] [33mo.t.t.s.p.RateLimitService[0;39m                      : total requests 0 in progress 0 queue size 0 
[32m2025-06-05 | 06:50:54.381[0;39m | [34mINFO [0;39m [[36mapp-(scheduled)-rateLimitLogging-0      [0;39m] [33mo.t.t.s.p.RateLimitService[0;39m                      : total requests 0 in progress 0 queue size 0 
[32m2025-06-05 | 06:50:54.381[0;39m | [34mINFO [0;39m [[36mapp-(scheduled)-rateLimitLogging-0      [0;39m] [33mo.t.t.s.p.RateLimitService[0;39m                      : total requests 0 in progress 0 queue size 0 
[32m2025-06-05 | 06:50:54.381[0;39m | [34mINFO [0;39m [[36mapp-(scheduled)-rateLimitLogging-0      [0;39m] [33mo.t.t.s.p.RateLimitService[0;39m                      : total requests 0 in progress 0 queue size 0 
[32m2025-06-05 | 06:50:54.381[0;39m | [34mINFO [0;39m [[36mapp-(scheduled)-rateLimitLogging-0      [0;39m] [33mo.t.t.s.p.RateLimitService[0;39m                      : total requests 0 in progress 0 queue size 0 
[32m2025-06-05 | 06:50:54.381[0;39m | [34mINFO [0;39m [[36mapp-(scheduled)-rateLimitLogging-0      [0;39m] [33mo.t.t.s.p.RateLimitService[0;39m                      : total requests 0 in progress 0 queue size 0 
[32m2025-06-05 | 06:50:54.381[0;39m | [34mINFO [0;39m [[36mapp-(scheduled)-rateLimitLogging-0      [0;39m] [33mo.t.t.s.p.RateLimitService[0;39m                      : total requests 0 in progress 0 queue size 0 
[32m2025-06-05 | 06:50:54.381[0;39m | [34mINFO [0;39m [[36mapp-(scheduled)-rateLimitLogging-0      [0;39m] [33mo.t.t.s.p.RateLimitService[0;39m                      : total requests 0 in progress 0 queue size 0 
[32m2025-06-05 | 06:50:54.381[0;39m | [34mINFO [0;39m [[36mapp-(scheduled)-rateLimitLogging-0      [0;39m] [33mo.t.t.s.p.RateLimitService[0;39m                      : total requests 0 in progress 0 queue size 0 
[32m2025-06-05 | 06:50:54.381[0;39m | [34mINFO [0;39m [[36mapp-(scheduled)-rateLimitLogging-0      [0;39m] [33mo.t.t.s.p.RateLimitService[0;39m                      : total requests 0 in progress 0 queue size 0 
[32m2025-06-05 | 06:50:54.381[0;39m | [34mINFO [0;39m [[36mapp-(scheduled)-rateLimitLogging-0      [0;39m] [33mo.t.t.s.p.RateLimitService[0;39m                      : total requests 0 in progress 0 queue size 0 
[32m2025-06-05 | 06:50:54.381[0;39m | [34mINFO [0;39m [[36mapp-(scheduled)-rateLimitLogging-0      [0;39m] [33mo.t.t.s.p.RateLimitService[0;39m                      : total requests 0 in progress 0 queue size 0 
[32m2025-06-05 | 06:50:54.381[0;39m | [34mINFO [0;39m [[36mapp-(scheduled)-rateLimitLogging-0      [0;39m] [33mo.t.t.s.p.RateLimitService[0;39m                      : total requests 0 in progress 0 queue size 0 
[32m2025-06-05 | 06:50:54.381[0;39m | [34mINFO [0;39m [[36mapp-(scheduled)-rateLimitLogging-0      [0;39m] [33mo.t.t.s.p.RateLimitService[0;39m                      : total requests 0 in progress 0 queue size 0 
[32m2025-06-05 | 06:50:54.381[0;39m | [34mINFO [0;39m [[36mapp-(scheduled)-rateLimitLogging-0      [0;39m] [33mo.t.t.s.p.RateLimitService[0;39m                      : total requests 0 in progress 0 queue size 0 
[32m2025-06-05 | 06:50:54.381[0;39m | [34mINFO [0;39m [[36mapp-(scheduled)-rateLimitLogging-0      [0;39m] [33mo.t.t.s.p.RateLimitService[0;39m                      : total requests 0 in progress 0 queue size 0 
[32m2025-06-05 | 06:50:54.381[0;39m | [34mINFO [0;39m [[36mapp-(scheduled)-rateLimitLogging-0      [0;39m] [33mo.t.t.s.p.RateLimitService[0;39m                      : total requests 0 in progress 0 queue size 0 
[32m2025-06-05 | 06:50:54.381[0;39m | [34mINFO [0;39m [[36mapp-(scheduled)-rateLimitLogging-0      [0;39m] [33mo.t.t.s.p.RateLimitService[0;39m                      : total requests 0 in progress 0 queue size 0 
[32m2025-06-05 | 06:50:54.381[0;39m | [34mINFO [0;39m [[36mapp-(scheduled)-rateLimitLogging-0      [0;39m] [33mo.t.t.s.p.RateLimitService[0;39m                      : total requests 0 in progress 0 queue size 0 
[32m2025-06-05 | 06:50:54.381[0;39m | [34mINFO [0;39m [[36mapp-(scheduled)-rateLimitLogging-0      [0;39m] [33mo.t.t.s.p.RateLimitService[0;39m                      : total requests 0 in progress 0 queue size 0 
[32m2025-06-05 | 06:50:54.381[0;39m | [34mINFO [0;39m [[36mapp-(scheduled)-rateLimitLogging-0      [0;39m] [33mo.t.t.s.p.RateLimitService[0;39m                      : total requests 0 in progress 0 queue size 0 
[32m2025-06-05 | 06:50:54.381[0;39m | [34mINFO [0;39m [[36mapp-(scheduled)-rateLimitLogging-0      [0;39m] [33mo.t.t.s.p.RateLimitService[0;39m                      : total requests 0 in progress 0 queue size 0 
[32m2025-06-05 | 06:50:54.381[0;39m | [34mINFO [0;39m [[36mapp-(scheduled)-rateLimitLogging-0      [0;39m] [33mo.t.t.s.p.RateLimitService[0;39m                      : total requests 0 in progress 0 queue size 0 
[32m2025-06-05 | 06:50:54.381[0;39m | [34mINFO [0;39m [[36mapp-(scheduled)-rateLimitLogging-0      [0;39m] [33mo.t.t.s.p.RateLimitService[0;39m                      : total requests 0 in progress 0 queue size 0 
[32m2025-06-05 | 06:50:54.381[0;39m | [34mINFO [0;39m [[36mapp-(scheduled)-rateLimitLogging-0      [0;39m] [33mo.t.t.s.p.RateLimitService[0;39m                      : total requests 0 in progress 0 queue size 0 
[32m2025-06-05 | 06:50:54.381[0;39m | [34mINFO [0;39m [[36mapp-(scheduled)-rateLimitLogging-0      [0;39m] [33mo.t.t.s.p.RateLimitService[0;39m                      : total requests 0 in progress 0 queue size 0 
[32m2025-06-05 | 06:50:54.381[0;39m | [34mINFO [0;39m [[36mapp-(scheduled)-rateLimitLogging-0      [0;39m] [33mo.t.t.s.p.RateLimitService[0;39m                      : total requests 0 in progress 0 queue size 0 
[32m2025-06-05 | 06:50:54.381[0;39m | [34mINFO [0;39m [[36mapp-(scheduled)-rateLimitLogging-0      [0;39m] [33mo.t.t.s.p.RateLimitService[0;39m                      : total requests 0 in progress 0 queue size 0 
[32m2025-06-05 | 06:50:54.381[0;39m | [34mINFO [0;39m [[36mapp-(scheduled)-rateLimitLogging-0      [0;39m] [33mo.t.t.s.p.RateLimitService[0;39m                      : total requests 0 in progress 0 queue size 0 
[32m2025-06-05 | 06:50:54.381[0;39m | [34mINFO [0;39m [[36mapp-(scheduled)-rateLimitLogging-0      [0;39m] [33mo.t.t.s.p.RateLimitService[0;39m                      : total requests 0 in progress 0 queue size 0 
[32m2025-06-05 | 06:50:54.381[0;39m | [34mINFO [0;39m [[36mapp-(scheduled)-rateLimitLogging-0      [0;39m] [33mo.t.t.s.p.RateLimitService[0;39m                      : total requests 0 in progress 0 queue size 0 
[32m2025-06-05 | 06:50:54.381[0;39m | [34mINFO [0;39m [[36mapp-(scheduled)-rateLimitLogging-0      [0;39m] [33mo.t.t.s.p.RateLimitService[0;39m                      : total requests 0 in progress 0 queue size 0 
[32m2025-06-05 | 06:50:54.381[0;39m | [34mINFO [0;39m [[36mapp-(scheduled)-rateLimitLogging-0      [0;39m] [33mo.t.t.s.p.RateLimitService[0;39m                      : total requests 0 in progress 0 queue size 0 
[32m2025-06-05 | 06:50:54.381[0;39m | [34mINFO [0;39m [[36mapp-(scheduled)-rateLimitLogging-0      [0;39m] [33mo.t.t.s.p.RateLimitService[0;39m                      : total requests 0 in progress 0 queue size 0 
[32m2025-06-05 | 06:50:54.381[0;39m | [34mINFO [0;39m [[36mapp-(scheduled)-rateLimitLogging-0      [0;39m] [33mo.t.t.s.p.RateLimitService[0;39m                      : total requests 0 in progress 0 queue size 0 
[32m2025-06-05 | 06:50:54.381[0;39m | [34mINFO [0;39m [[36mapp-(scheduled)-rateLimitLogging-0      [0;39m] [33mo.t.t.s.p.RateLimitService[0;39m                      : total requests 0 in progress 0 queue size 0 
[32m2025-06-05 | 06:50:54.381[0;39m | [34mINFO [0;39m [[36mapp-(scheduled)-rateLimitLogging-0      [0;39m] [33mo.t.t.s.p.RateLimitService[0;39m                      : total requests 0 in progress 0 queue size 0 
[32m2025-06-05 | 06:50:54.381[0;39m | [34mINFO [0;39m [[36mapp-(scheduled)-rateLimitLogging-0      [0;39m] [33mo.t.t.s.p.RateLimitService[0;39m                      : total requests 0 in progress 0 queue size 0 
[32m2025-06-05 | 06:50:54.381[0;39m | [34mINFO [0;39m [[36mapp-(scheduled)-rateLimitLogging-0      [0;39m] [33mo.t.t.s.p.RateLimitService[0;39m                      : total requests 0 in progress 0 queue size 0 
[32m2025-06-05 | 06:50:54.381[0;39m | [34mINFO [0;39m [[36mapp-(scheduled)-rateLimitLogging-0      [0;39m] [33mo.t.t.s.p.RateLimitService[0;39m                      : total requests 0 in progress 0 queue size 0 
[32m2025-06-05 | 06:50:54.381[0;39m | [34mINFO [0;39m [[36mapp-(scheduled)-rateLimitLogging-0      [0;39m] [33mo.t.t.s.p.RateLimitService[0;39m                      : total requests 0 in progress 0 queue size 0 
[32m2025-06-05 | 06:50:54.381[0;39m | [34mINFO [0;39m [[36mapp-(scheduled)-rateLimitLogging-0      [0;39m] [33mo.t.t.s.p.RateLimitService[0;39m                      : total requests 0 in progress 0 queue size 0 
[32m2025-06-05 | 06:50:54.381[0;39m | [34mINFO [0;39m [[36mapp-(scheduled)-rateLimitLogging-0      [0;39m] [33mo.t.t.s.p.RateLimitService[0;39m                      : total requests 0 in progress 0 queue size 0 
[32m2025-06-05 | 06:50:54.381[0;39m | [34mINFO [0;39m [[36mapp-(scheduled)-rateLimitLogging-0      [0;39m] [33mo.t.t.s.p.RateLimitService[0;39m                      : total requests 0 in progress 0 queue size 0 
[32m2025-06-05 | 06:50:54.381[0;39m | [34mINFO [0;39m [[36mapp-(scheduled)-rateLimitLogging-0      [0;39m] [33mo.t.t.s.p.RateLimitService[0;39m                      : total requests 0 in progress 0 queue size 0 
[32m2025-06-05 | 06:50:54.381[0;39m | [34mINFO [0;39m [[36mapp-(scheduled)-rateLimitLogging-0      [0;39m] [33mo.t.t.s.p.RateLimitService[0;39m                      : total requests 0 in progress 0 queue size 0 
[32m2025-06-05 | 06:50:54.381[0;39m | [34mINFO [0;39m [[36mapp-(scheduled)-rateLimitLogging-0      [0;39m] [33mo.t.t.s.p.RateLimitService[0;39m                      : total requests 0 in progress 0 queue size 0 
[32m2025-06-05 | 06:50:54.381[0;39m | [34mINFO [0;39m [[36mapp-(scheduled)-rateLimitLogging-0      [0;39m] [33mo.t.t.s.p.RateLimitService[0;39m                      : total requests 0 in progress 0 queue size 0 
[32m2025-06-05 | 06:50:54.381[0;39m | [34mINFO [0;39m [[36mapp-(scheduled)-rateLimitLogging-0      [0;39m] [33mo.t.t.s.p.RateLimitService[0;39m                      : total requests 0 in progress 0 queue size 0 
[32m2025-06-05 | 06:50:54.381[0;39m | [34mINFO [0;39m [[36mapp-(scheduled)-rateLimitLogging-0      [0;39m] [33mo.t.t.s.p.RateLimitService[0;39m                      : total requests 0 in progress 0 queue size 0 
[32m2025-06-05 | 06:50:54.381[0;39m | [34mINFO [0;39m [[36mapp-(scheduled)-rateLimitLogging-0      [0;39m] [33mo.t.t.s.p.RateLimitService[0;39m                      : total requests 0 in progress 0 queue size 0 
[32m2025-06-05 | 06:50:54.381[0;39m | [34mINFO [0;39m [[36mapp-(scheduled)-rateLimitLogging-0      [0;39m] [33mo.t.t.s.p.RateLimitService[0;39m                      : total requests 0 in progress 0 queue size 0 
[32m2025-06-05 | 06:50:54.381[0;39m | [34mINFO [0;39m [[36mapp-(scheduled)-rateLimitLogging-0      [0;39m] [33mo.t.t.s.p.RateLimitService[0;39m                      : total requests 0 in progress 0 queue size 0 
[32m2025-06-05 | 06:50:54.381[0;39m | [34mINFO [0;39m [[36mapp-(scheduled)-rateLimitLogging-0      [0;39m] [33mo.t.t.s.p.RateLimitService[0;39m                      : total requests 0 in progress 0 queue size 0 
[32m2025-06-05 | 06:51:02.886[0;39m | [34mINFO [0;39m [[36mapp-(scheduled)-rateLimitLogging-0      [0;39m] [33mo.t.t.s.p.RateLimitService[0;39m                      : total requests 0 in progress 0 queue size 0 
[32m2025-06-05 | 06:51:12.875[0;39m | [34mINFO [0;39m [[36mapp-(scheduled)-rateLimitLogging-0      [0;39m] [33mo.t.t.s.p.RateLimitService[0;39m                      : total requests 0 in progress 0 queue size 0 
[32m2025-06-05 | 06:51:22.879[0;39m | [34mINFO [0;39m [[36mapp-(scheduled)-rateLimitLogging-0      [0;39m] [33mo.t.t.s.p.RateLimitService[0;39m                      : total requests 0 in progress 0 queue size 0 
[32m2025-06-05 | 06:51:32.879[0;39m | [34mINFO [0;39m [[36mapp-(scheduled)-rateLimitLogging-0      [0;39m] [33mo.t.t.s.p.RateLimitService[0;39m                      : total requests 0 in progress 0 queue size 0 
[32m2025-06-05 | 06:51:42.874[0;39m | [34mINFO [0;39m [[36mapp-(scheduled)-rateLimitLogging-0      [0;39m] [33mo.t.t.s.p.RateLimitService[0;39m                      : total requests 0 in progress 0 queue size 0 
[32m2025-06-05 | 06:51:52.877[0;39m | [34mINFO [0;39m [[36mapp-(scheduled)-rateLimitLogging-0      [0;39m] [33mo.t.t.s.p.RateLimitService[0;39m                      : total requests 0 in progress 0 queue size 0 
[32m2025-06-05 | 06:52:02.874[0;39m | [34mINFO [0;39m [[36mapp-(scheduled)-rateLimitLogging-0      [0;39m] [33mo.t.t.s.p.RateLimitService[0;39m                      : total requests 0 in progress 0 queue size 0 
[32m2025-06-05 | 06:52:12.881[0;39m | [34mINFO [0;39m [[36mapp-(scheduled)-rateLimitLogging-0      [0;39m] [33mo.t.t.s.p.RateLimitService[0;39m                      : total requests 0 in progress 0 queue size 0 
[32m2025-06-05 | 06:52:22.876[0;39m | [34mINFO [0;39m [[36mapp-(scheduled)-rateLimitLogging-0      [0;39m] [33mo.t.t.s.p.RateLimitService[0;39m                      : total requests 0 in progress 0 queue size 0 
[32m2025-06-05 | 06:52:32.874[0;39m | [34mINFO [0;39m [[36mapp-(scheduled)-rateLimitLogging-0      [0;39m] [33mo.t.t.s.p.RateLimitService[0;39m                      : total requests 0 in progress 0 queue size 0 
[32m2025-06-05 | 06:52:42.872[0;39m | [34mINFO [0;39m [[36mapp-(scheduled)-rateLimitLogging-0      [0;39m] [33mo.t.t.s.p.RateLimitService[0;39m                      : total requests 0 in progress 0 queue size 0 
[32m2025-06-05 | 06:52:52.883[0;39m | [34mINFO [0;39m [[36mapp-(scheduled)-rateLimitLogging-0      [0;39m] [33mo.t.t.s.p.RateLimitService[0;39m                      : total requests 0 in progress 0 queue size 0 
[32m2025-06-05 | 06:53:02.883[0;39m | [34mINFO [0;39m [[36mapp-(scheduled)-rateLimitLogging-0      [0;39m] [33mo.t.t.s.p.RateLimitService[0;39m                      : total requests 0 in progress 0 queue size 0 
[32m2025-06-05 | 06:53:12.931[0;39m | [34mINFO [0;39m [[36mapp-(scheduled)-rateLimitLogging-0      [0;39m] [33mo.t.t.s.p.RateLimitService[0;39m                      : total requests 0 in progress 0 queue size 0 
[32m2025-06-05 | 06:53:22.884[0;39m | [34mINFO [0;39m [[36mapp-(scheduled)-rateLimitLogging-0      [0;39m] [33mo.t.t.s.p.RateLimitService[0;39m                      : total requests 0 in progress 0 queue size 0 
[32m2025-06-05 | 06:53:32.878[0;39m | [34mINFO [0;39m [[36mapp-(scheduled)-rateLimitLogging-0      [0;39m] [33mo.t.t.s.p.RateLimitService[0;39m                      : total requests 0 in progress 0 queue size 0 
[32m2025-06-05 | 06:53:42.872[0;39m | [34mINFO [0;39m [[36mapp-(scheduled)-rateLimitLogging-0      [0;39m] [33mo.t.t.s.p.RateLimitService[0;39m                      : total requests 0 in progress 0 queue size 0 
[32m2025-06-05 | 06:53:52.885[0;39m | [34mINFO [0;39m [[36mapp-(scheduled)-rateLimitLogging-0      [0;39m] [33mo.t.t.s.p.RateLimitService[0;39m                      : total requests 0 in progress 0 queue size 0 
[32m2025-06-05 | 06:54:02.884[0;39m | [34mINFO [0;39m [[36mapp-(scheduled)-rateLimitLogging-0      [0;39m] [33mo.t.t.s.p.RateLimitService[0;39m                      : total requests 0 in progress 0 queue size 0 
[32m2025-06-05 | 06:54:12.878[0;39m | [34mINFO [0;39m [[36mapp-(scheduled)-rateLimitLogging-0      [0;39m] [33mo.t.t.s.p.RateLimitService[0;39m                      : total requests 0 in progress 0 queue size 0 
[32m2025-06-05 | 06:54:22.898[0;39m | [34mINFO [0;39m [[36mapp-(scheduled)-rateLimitLogging-0      [0;39m] [33mo.t.t.s.p.RateLimitService[0;39m                      : total requests 0 in progress 0 queue size 0 
[32m2025-06-05 | 06:54:32.876[0;39m | [34mINFO [0;39m [[36mapp-(scheduled)-rateLimitLogging-0      [0;39m] [33mo.t.t.s.p.RateLimitService[0;39m                      : total requests 0 in progress 0 queue size 0 
[32m2025-06-05 | 06:54:42.873[0;39m | [34mINFO [0;39m [[36mapp-(scheduled)-rateLimitLogging-0      [0;39m] [33mo.t.t.s.p.RateLimitService[0;39m                      : total requests 0 in progress 0 queue size 0 
[32m2025-06-05 | 06:54:52.873[0;39m | [34mINFO [0;39m [[36mapp-(scheduled)-rateLimitLogging-0      [0;39m] [33mo.t.t.s.p.RateLimitService[0;39m                      : total requests 0 in progress 0 queue size 0 
[32m2025-06-05 | 06:55:02.878[0;39m | [34mINFO [0;39m [[36mapp-(scheduled)-rateLimitLogging-0      [0;39m] [33mo.t.t.s.p.RateLimitService[0;39m                      : total requests 0 in progress 0 queue size 0 
[32m2025-06-05 | 06:55:12.872[0;39m | [34mINFO [0;39m [[36mapp-(scheduled)-rateLimitLogging-0      [0;39m] [33mo.t.t.s.p.RateLimitService[0;39m                      : total requests 0 in progress 0 queue size 0 
[32m2025-06-05 | 06:55:22.881[0;39m | [34mINFO [0;39m [[36mapp-(scheduled)-rateLimitLogging-0      [0;39m] [33mo.t.t.s.p.RateLimitService[0;39m                      : total requests 0 in progress 0 queue size 0 
[32m2025-06-05 | 06:55:32.874[0;39m | [34mINFO [0;39m [[36mapp-(scheduled)-rateLimitLogging-0      [0;39m] [33mo.t.t.s.p.RateLimitService[0;39m                      : total requests 0 in progress 0 queue size 0 
[32m2025-06-05 | 06:55:42.875[0;39m | [34mINFO [0;39m [[36mapp-(scheduled)-rateLimitLogging-0      [0;39m] [33mo.t.t.s.p.RateLimitService[0;39m                      : total requests 0 in progress 0 queue size 0 
[32m2025-06-05 | 06:55:52.875[0;39m | [34mINFO [0;39m [[36mapp-(scheduled)-rateLimitLogging-0      [0;39m] [33mo.t.t.s.p.RateLimitService[0;39m                      : total requests 0 in progress 0 queue size 0 
[32m2025-06-05 | 06:56:02.880[0;39m | [34mINFO [0;39m [[36mapp-(scheduled)-rateLimitLogging-0      [0;39m] [33mo.t.t.s.p.RateLimitService[0;39m                      : total requests 0 in progress 0 queue size 0 
[32m2025-06-05 | 06:56:12.881[0;39m | [34mINFO [0;39m [[36mapp-(scheduled)-rateLimitLogging-0      [0;39m] [33mo.t.t.s.p.RateLimitService[0;39m                      : total requests 0 in progress 0 queue size 0 
[32m2025-06-05 | 06:56:22.882[0;39m | [34mINFO [0;39m [[36mapp-(scheduled)-rateLimitLogging-0      [0;39m] [33mo.t.t.s.p.RateLimitService[0;39m                      : total requests 0 in progress 0 queue size 0 
[32m2025-06-05 | 07:02:40.146[0;39m | [34mINFO [0;39m [[36mapp-(scheduled)-rateLimitLogging-0      [0;39m] [33mo.t.t.s.p.RateLimitService[0;39m                      : total requests 0 in progress 0 queue size 0 
[32m2025-06-05 | 07:02:40.146[0;39m | [34mINFO [0;39m [[36mapp-(scheduled)-rateLimitLogging-0      [0;39m] [33mo.t.t.s.p.RateLimitService[0;39m                      : total requests 0 in progress 0 queue size 0 
[32m2025-06-05 | 07:02:40.146[0;39m | [34mINFO [0;39m [[36mapp-(scheduled)-rateLimitLogging-0      [0;39m] [33mo.t.t.s.p.RateLimitService[0;39m                      : total requests 0 in progress 0 queue size 0 
[32m2025-06-05 | 07:02:40.146[0;39m | [34mINFO [0;39m [[36mapp-(scheduled)-rateLimitLogging-0      [0;39m] [33mo.t.t.s.p.RateLimitService[0;39m                      : total requests 0 in progress 0 queue size 0 
[32m2025-06-05 | 07:02:40.146[0;39m | [34mINFO [0;39m [[36mapp-(scheduled)-rateLimitLogging-0      [0;39m] [33mo.t.t.s.p.RateLimitService[0;39m                      : total requests 0 in progress 0 queue size 0 
[32m2025-06-05 | 07:02:40.146[0;39m | [34mINFO [0;39m [[36mapp-(scheduled)-rateLimitLogging-0      [0;39m] [33mo.t.t.s.p.RateLimitService[0;39m                      : total requests 0 in progress 0 queue size 0 
[32m2025-06-05 | 07:02:40.146[0;39m | [34mINFO [0;39m [[36mapp-(scheduled)-rateLimitLogging-0      [0;39m] [33mo.t.t.s.p.RateLimitService[0;39m                      : total requests 0 in progress 0 queue size 0 
[32m2025-06-05 | 07:02:40.146[0;39m | [34mINFO [0;39m [[36mapp-(scheduled)-rateLimitLogging-0      [0;39m] [33mo.t.t.s.p.RateLimitService[0;39m                      : total requests 0 in progress 0 queue size 0 
[32m2025-06-05 | 07:02:40.146[0;39m | [34mINFO [0;39m [[36mapp-(scheduled)-rateLimitLogging-0      [0;39m] [33mo.t.t.s.p.RateLimitService[0;39m                      : total requests 0 in progress 0 queue size 0 
[32m2025-06-05 | 07:02:40.146[0;39m | [34mINFO [0;39m [[36mapp-(scheduled)-rateLimitLogging-0      [0;39m] [33mo.t.t.s.p.RateLimitService[0;39m                      : total requests 0 in progress 0 queue size 0 
[32m2025-06-05 | 07:02:40.146[0;39m | [34mINFO [0;39m [[36mapp-(scheduled)-rateLimitLogging-0      [0;39m] [33mo.t.t.s.p.RateLimitService[0;39m                      : total requests 0 in progress 0 queue size 0 
[32m2025-06-05 | 07:02:40.146[0;39m | [34mINFO [0;39m [[36mapp-(scheduled)-rateLimitLogging-0      [0;39m] [33mo.t.t.s.p.RateLimitService[0;39m                      : total requests 0 in progress 0 queue size 0 
[32m2025-06-05 | 07:02:40.146[0;39m | [34mINFO [0;39m [[36mapp-(scheduled)-rateLimitLogging-0      [0;39m] [33mo.t.t.s.p.RateLimitService[0;39m                      : total requests 0 in progress 0 queue size 0 
[32m2025-06-05 | 07:02:40.146[0;39m | [34mINFO [0;39m [[36mapp-(scheduled)-rateLimitLogging-0      [0;39m] [33mo.t.t.s.p.RateLimitService[0;39m                      : total requests 0 in progress 0 queue size 0 
[32m2025-06-05 | 07:02:40.146[0;39m | [34mINFO [0;39m [[36mapp-(scheduled)-rateLimitLogging-0      [0;39m] [33mo.t.t.s.p.RateLimitService[0;39m                      : total requests 0 in progress 0 queue size 0 
[32m2025-06-05 | 07:02:40.146[0;39m | [34mINFO [0;39m [[36mapp-(scheduled)-rateLimitLogging-0      [0;39m] [33mo.t.t.s.p.RateLimitService[0;39m                      : total requests 0 in progress 0 queue size 0 
[32m2025-06-05 | 07:02:40.146[0;39m | [34mINFO [0;39m [[36mapp-(scheduled)-rateLimitLogging-0      [0;39m] [33mo.t.t.s.p.RateLimitService[0;39m                      : total requests 0 in progress 0 queue size 0 
[32m2025-06-05 | 07:02:40.146[0;39m | [34mINFO [0;39m [[36mapp-(scheduled)-rateLimitLogging-0      [0;39m] [33mo.t.t.s.p.RateLimitService[0;39m                      : total requests 0 in progress 0 queue size 0 
[32m2025-06-05 | 07:02:40.146[0;39m | [34mINFO [0;39m [[36mapp-(scheduled)-rateLimitLogging-0      [0;39m] [33mo.t.t.s.p.RateLimitService[0;39m                      : total requests 0 in progress 0 queue size 0 
[32m2025-06-05 | 07:02:40.146[0;39m | [34mINFO [0;39m [[36mapp-(scheduled)-rateLimitLogging-0      [0;39m] [33mo.t.t.s.p.RateLimitService[0;39m                      : total requests 0 in progress 0 queue size 0 
[32m2025-06-05 | 07:02:40.146[0;39m | [34mINFO [0;39m [[36mapp-(scheduled)-rateLimitLogging-0      [0;39m] [33mo.t.t.s.p.RateLimitService[0;39m                      : total requests 0 in progress 0 queue size 0 
[32m2025-06-05 | 07:02:40.147[0;39m | [34mINFO [0;39m [[36mapp-(scheduled)-rateLimitLogging-0      [0;39m] [33mo.t.t.s.p.RateLimitService[0;39m                      : total requests 0 in progress 0 queue size 0 
[32m2025-06-05 | 07:02:40.147[0;39m | [34mINFO [0;39m [[36mapp-(scheduled)-rateLimitLogging-0      [0;39m] [33mo.t.t.s.p.RateLimitService[0;39m                      : total requests 0 in progress 0 queue size 0 
[32m2025-06-05 | 07:02:40.147[0;39m | [34mINFO [0;39m [[36mapp-(scheduled)-rateLimitLogging-0      [0;39m] [33mo.t.t.s.p.RateLimitService[0;39m                      : total requests 0 in progress 0 queue size 0 
[32m2025-06-05 | 07:02:40.147[0;39m | [34mINFO [0;39m [[36mapp-(scheduled)-rateLimitLogging-0      [0;39m] [33mo.t.t.s.p.RateLimitService[0;39m                      : total requests 0 in progress 0 queue size 0 
[32m2025-06-05 | 07:02:40.147[0;39m | [34mINFO [0;39m [[36mapp-(scheduled)-rateLimitLogging-0      [0;39m] [33mo.t.t.s.p.RateLimitService[0;39m                      : total requests 0 in progress 0 queue size 0 
[32m2025-06-05 | 07:02:40.147[0;39m | [34mINFO [0;39m [[36mapp-(scheduled)-rateLimitLogging-0      [0;39m] [33mo.t.t.s.p.RateLimitService[0;39m                      : total requests 0 in progress 0 queue size 0 
[32m2025-06-05 | 07:02:40.147[0;39m | [34mINFO [0;39m [[36mapp-(scheduled)-rateLimitLogging-0      [0;39m] [33mo.t.t.s.p.RateLimitService[0;39m                      : total requests 0 in progress 0 queue size 0 
[32m2025-06-05 | 07:02:40.147[0;39m | [34mINFO [0;39m [[36mapp-(scheduled)-rateLimitLogging-0      [0;39m] [33mo.t.t.s.p.RateLimitService[0;39m                      : total requests 0 in progress 0 queue size 0 
[32m2025-06-05 | 07:02:40.147[0;39m | [34mINFO [0;39m [[36mapp-(scheduled)-rateLimitLogging-0      [0;39m] [33mo.t.t.s.p.RateLimitService[0;39m                      : total requests 0 in progress 0 queue size 0 
[32m2025-06-05 | 07:02:40.147[0;39m | [34mINFO [0;39m [[36mapp-(scheduled)-rateLimitLogging-0      [0;39m] [33mo.t.t.s.p.RateLimitService[0;39m                      : total requests 0 in progress 0 queue size 0 
[32m2025-06-05 | 07:02:40.147[0;39m | [34mINFO [0;39m [[36mapp-(scheduled)-rateLimitLogging-0      [0;39m] [33mo.t.t.s.p.RateLimitService[0;39m                      : total requests 0 in progress 0 queue size 0 
[32m2025-06-05 | 07:02:40.147[0;39m | [34mINFO [0;39m [[36mapp-(scheduled)-rateLimitLogging-0      [0;39m] [33mo.t.t.s.p.RateLimitService[0;39m                      : total requests 0 in progress 0 queue size 0 
[32m2025-06-05 | 07:02:40.147[0;39m | [34mINFO [0;39m [[36mapp-(scheduled)-rateLimitLogging-0      [0;39m] [33mo.t.t.s.p.RateLimitService[0;39m                      : total requests 0 in progress 0 queue size 0 
[32m2025-06-05 | 07:02:40.147[0;39m | [34mINFO [0;39m [[36mapp-(scheduled)-rateLimitLogging-0      [0;39m] [33mo.t.t.s.p.RateLimitService[0;39m                      : total requests 0 in progress 0 queue size 0 
[32m2025-06-05 | 07:02:40.147[0;39m | [34mINFO [0;39m [[36mapp-(scheduled)-rateLimitLogging-0      [0;39m] [33mo.t.t.s.p.RateLimitService[0;39m                      : total requests 0 in progress 0 queue size 0 
[32m2025-06-05 | 07:02:40.147[0;39m | [34mINFO [0;39m [[36mapp-(scheduled)-rateLimitLogging-0      [0;39m] [33mo.t.t.s.p.RateLimitService[0;39m                      : total requests 0 in progress 0 queue size 0 
[32m2025-06-05 | 07:02:40.868[0;39m | [34mINFO [0;39m [[36mapp-(scheduled)-rateLimitLogging-0      [0;39m] [33mo.t.t.s.p.RateLimitService[0;39m                      : total requests 0 in progress 0 queue size 0 
[32m2025-06-05 | 07:02:50.857[0;39m | [34mINFO [0;39m [[36mapp-(scheduled)-rateLimitLogging-0      [0;39m] [33mo.t.t.s.p.RateLimitService[0;39m                      : total requests 0 in progress 0 queue size 0 
[32m2025-06-05 | 07:02:55.804[0;39m | [31mWARN [0;39m [[36mHikariPool-1 housekeeper                [0;39m] [33mc.z.h.p.HikariPool$HouseKeeper[0;39m                  : HikariPool-1 - Thread starvation or clock leap detected (housekeeper delta=6m39s290ms122µs700ns). 
[32m2025-06-05 | 07:03:00.866[0;39m | [34mINFO [0;39m [[36mapp-(scheduled)-rateLimitLogging-0      [0;39m] [33mo.t.t.s.p.RateLimitService[0;39m                      : total requests 0 in progress 0 queue size 0 
[32m2025-06-05 | 07:03:10.856[0;39m | [34mINFO [0;39m [[36mapp-(scheduled)-rateLimitLogging-0      [0;39m] [33mo.t.t.s.p.RateLimitService[0;39m                      : total requests 0 in progress 0 queue size 0 
[32m2025-06-05 | 07:03:20.858[0;39m | [34mINFO [0;39m [[36mapp-(scheduled)-rateLimitLogging-0      [0;39m] [33mo.t.t.s.p.RateLimitService[0;39m                      : total requests 0 in progress 0 queue size 0 
[32m2025-06-05 | 07:03:30.867[0;39m | [34mINFO [0;39m [[36mapp-(scheduled)-rateLimitLogging-0      [0;39m] [33mo.t.t.s.p.RateLimitService[0;39m                      : total requests 0 in progress 0 queue size 0 
[32m2025-06-05 | 07:03:40.859[0;39m | [34mINFO [0;39m [[36mapp-(scheduled)-rateLimitLogging-0      [0;39m] [33mo.t.t.s.p.RateLimitService[0;39m                      : total requests 0 in progress 0 queue size 0 
[32m2025-06-05 | 07:03:50.856[0;39m | [34mINFO [0;39m [[36mapp-(scheduled)-rateLimitLogging-0      [0;39m] [33mo.t.t.s.p.RateLimitService[0;39m                      : total requests 0 in progress 0 queue size 0 
[32m2025-06-05 | 07:04:00.858[0;39m | [34mINFO [0;39m [[36mapp-(scheduled)-rateLimitLogging-0      [0;39m] [33mo.t.t.s.p.RateLimitService[0;39m                      : total requests 0 in progress 0 queue size 0 
[32m2025-06-05 | 07:04:10.855[0;39m | [34mINFO [0;39m [[36mapp-(scheduled)-rateLimitLogging-0      [0;39m] [33mo.t.t.s.p.RateLimitService[0;39m                      : total requests 0 in progress 0 queue size 0 
[32m2025-06-05 | 07:04:20.867[0;39m | [34mINFO [0;39m [[36mapp-(scheduled)-rateLimitLogging-0      [0;39m] [33mo.t.t.s.p.RateLimitService[0;39m                      : total requests 0 in progress 0 queue size 0 
[32m2025-06-05 | 07:04:30.859[0;39m | [34mINFO [0;39m [[36mapp-(scheduled)-rateLimitLogging-0      [0;39m] [33mo.t.t.s.p.RateLimitService[0;39m                      : total requests 0 in progress 0 queue size 0 
[32m2025-06-05 | 07:04:40.860[0;39m | [34mINFO [0;39m [[36mapp-(scheduled)-rateLimitLogging-0      [0;39m] [33mo.t.t.s.p.RateLimitService[0;39m                      : total requests 0 in progress 0 queue size 0 
[32m2025-06-05 | 07:04:50.867[0;39m | [34mINFO [0;39m [[36mapp-(scheduled)-rateLimitLogging-0      [0;39m] [33mo.t.t.s.p.RateLimitService[0;39m                      : total requests 0 in progress 0 queue size 0 
[32m2025-06-05 | 07:05:00.862[0;39m | [34mINFO [0;39m [[36mapp-(scheduled)-rateLimitLogging-0      [0;39m] [33mo.t.t.s.p.RateLimitService[0;39m                      : total requests 0 in progress 0 queue size 0 
[32m2025-06-05 | 07:05:10.867[0;39m | [34mINFO [0;39m [[36mapp-(scheduled)-rateLimitLogging-0      [0;39m] [33mo.t.t.s.p.RateLimitService[0;39m                      : total requests 0 in progress 0 queue size 0 
[32m2025-06-05 | 07:05:20.872[0;39m | [34mINFO [0;39m [[36mapp-(scheduled)-rateLimitLogging-0      [0;39m] [33mo.t.t.s.p.RateLimitService[0;39m                      : total requests 0 in progress 0 queue size 0 
[32m2025-06-05 | 07:05:30.857[0;39m | [34mINFO [0;39m [[36mapp-(scheduled)-rateLimitLogging-0      [0;39m] [33mo.t.t.s.p.RateLimitService[0;39m                      : total requests 0 in progress 0 queue size 0 
[32m2025-06-05 | 07:05:40.857[0;39m | [34mINFO [0;39m [[36mapp-(scheduled)-rateLimitLogging-0      [0;39m] [33mo.t.t.s.p.RateLimitService[0;39m                      : total requests 0 in progress 0 queue size 0 
[32m2025-06-05 | 07:05:50.864[0;39m | [34mINFO [0;39m [[36mapp-(scheduled)-rateLimitLogging-0      [0;39m] [33mo.t.t.s.p.RateLimitService[0;39m                      : total requests 0 in progress 0 queue size 0 
[32m2025-06-05 | 07:06:00.864[0;39m | [34mINFO [0;39m [[36mapp-(scheduled)-rateLimitLogging-0      [0;39m] [33mo.t.t.s.p.RateLimitService[0;39m                      : total requests 0 in progress 0 queue size 0 
[32m2025-06-05 | 07:06:10.861[0;39m | [34mINFO [0;39m [[36mapp-(scheduled)-rateLimitLogging-0      [0;39m] [33mo.t.t.s.p.RateLimitService[0;39m                      : total requests 0 in progress 0 queue size 0 
[32m2025-06-05 | 07:06:20.861[0;39m | [34mINFO [0;39m [[36mapp-(scheduled)-rateLimitLogging-0      [0;39m] [33mo.t.t.s.p.RateLimitService[0;39m                      : total requests 0 in progress 0 queue size 0 
[32m2025-06-05 | 07:06:30.858[0;39m | [34mINFO [0;39m [[36mapp-(scheduled)-rateLimitLogging-0      [0;39m] [33mo.t.t.s.p.RateLimitService[0;39m                      : total requests 0 in progress 0 queue size 0 
[32m2025-06-05 | 07:06:40.858[0;39m | [34mINFO [0;39m [[36mapp-(scheduled)-rateLimitLogging-0      [0;39m] [33mo.t.t.s.p.RateLimitService[0;39m                      : total requests 0 in progress 0 queue size 0 
[32m2025-06-05 | 07:06:50.880[0;39m | [34mINFO [0;39m [[36mapp-(scheduled)-rateLimitLogging-0      [0;39m] [33mo.t.t.s.p.RateLimitService[0;39m                      : total requests 0 in progress 0 queue size 0 
[32m2025-06-05 | 07:07:00.859[0;39m | [34mINFO [0;39m [[36mapp-(scheduled)-rateLimitLogging-0      [0;39m] [33mo.t.t.s.p.RateLimitService[0;39m                      : total requests 0 in progress 0 queue size 0 
[32m2025-06-05 | 07:07:10.864[0;39m | [34mINFO [0;39m [[36mapp-(scheduled)-rateLimitLogging-0      [0;39m] [33mo.t.t.s.p.RateLimitService[0;39m                      : total requests 0 in progress 0 queue size 0 
[32m2025-06-05 | 07:07:20.861[0;39m | [34mINFO [0;39m [[36mapp-(scheduled)-rateLimitLogging-0      [0;39m] [33mo.t.t.s.p.RateLimitService[0;39m                      : total requests 0 in progress 0 queue size 0 
[32m2025-06-05 | 07:07:30.858[0;39m | [34mINFO [0;39m [[36mapp-(scheduled)-rateLimitLogging-0      [0;39m] [33mo.t.t.s.p.RateLimitService[0;39m                      : total requests 0 in progress 0 queue size 0 
[32m2025-06-05 | 07:07:40.855[0;39m | [34mINFO [0;39m [[36mapp-(scheduled)-rateLimitLogging-0      [0;39m] [33mo.t.t.s.p.RateLimitService[0;39m                      : total requests 0 in progress 0 queue size 0 
[32m2025-06-05 | 07:07:50.855[0;39m | [34mINFO [0;39m [[36mapp-(scheduled)-rateLimitLogging-0      [0;39m] [33mo.t.t.s.p.RateLimitService[0;39m                      : total requests 0 in progress 0 queue size 0 
[32m2025-06-05 | 07:08:00.857[0;39m | [34mINFO [0;39m [[36mapp-(scheduled)-rateLimitLogging-0      [0;39m] [33mo.t.t.s.p.RateLimitService[0;39m                      : total requests 0 in progress 0 queue size 0 
[32m2025-06-05 | 07:08:10.860[0;39m | [34mINFO [0;39m [[36mapp-(scheduled)-rateLimitLogging-0      [0;39m] [33mo.t.t.s.p.RateLimitService[0;39m                      : total requests 0 in progress 0 queue size 0 
[32m2025-06-05 | 07:08:20.868[0;39m | [34mINFO [0;39m [[36mapp-(scheduled)-rateLimitLogging-0      [0;39m] [33mo.t.t.s.p.RateLimitService[0;39m                      : total requests 0 in progress 0 queue size 0 
[32m2025-06-05 | 07:08:30.869[0;39m | [34mINFO [0;39m [[36mapp-(scheduled)-rateLimitLogging-0      [0;39m] [33mo.t.t.s.p.RateLimitService[0;39m                      : total requests 0 in progress 0 queue size 0 
[32m2025-06-05 | 07:08:40.856[0;39m | [34mINFO [0;39m [[36mapp-(scheduled)-rateLimitLogging-0      [0;39m] [33mo.t.t.s.p.RateLimitService[0;39m                      : total requests 0 in progress 0 queue size 0 
[32m2025-06-05 | 07:08:50.869[0;39m | [34mINFO [0;39m [[36mapp-(scheduled)-rateLimitLogging-0      [0;39m] [33mo.t.t.s.p.RateLimitService[0;39m                      : total requests 0 in progress 0 queue size 0 
[32m2025-06-05 | 07:09:00.858[0;39m | [34mINFO [0;39m [[36mapp-(scheduled)-rateLimitLogging-0      [0;39m] [33mo.t.t.s.p.RateLimitService[0;39m                      : total requests 0 in progress 0 queue size 0 
[32m2025-06-05 | 07:09:10.859[0;39m | [34mINFO [0;39m [[36mapp-(scheduled)-rateLimitLogging-0      [0;39m] [33mo.t.t.s.p.RateLimitService[0;39m                      : total requests 0 in progress 0 queue size 0 
[32m2025-06-05 | 07:09:20.857[0;39m | [34mINFO [0;39m [[36mapp-(scheduled)-rateLimitLogging-0      [0;39m] [33mo.t.t.s.p.RateLimitService[0;39m                      : total requests 0 in progress 0 queue size 0 
[32m2025-06-05 | 07:09:30.856[0;39m | [34mINFO [0;39m [[36mapp-(scheduled)-rateLimitLogging-0      [0;39m] [33mo.t.t.s.p.RateLimitService[0;39m                      : total requests 0 in progress 0 queue size 0 
[32m2025-06-05 | 07:09:40.858[0;39m | [34mINFO [0;39m [[36mapp-(scheduled)-rateLimitLogging-0      [0;39m] [33mo.t.t.s.p.RateLimitService[0;39m                      : total requests 0 in progress 0 queue size 0 
[32m2025-06-05 | 07:09:50.854[0;39m | [34mINFO [0;39m [[36mapp-(scheduled)-rateLimitLogging-0      [0;39m] [33mo.t.t.s.p.RateLimitService[0;39m                      : total requests 0 in progress 0 queue size 0 
[32m2025-06-05 | 07:10:00.858[0;39m | [34mINFO [0;39m [[36mapp-(scheduled)-rateLimitLogging-0      [0;39m] [33mo.t.t.s.p.RateLimitService[0;39m                      : total requests 0 in progress 0 queue size 0 
[32m2025-06-05 | 07:10:10.865[0;39m | [34mINFO [0;39m [[36mapp-(scheduled)-rateLimitLogging-0      [0;39m] [33mo.t.t.s.p.RateLimitService[0;39m                      : total requests 0 in progress 0 queue size 0 
[32m2025-06-05 | 07:10:20.860[0;39m | [34mINFO [0;39m [[36mapp-(scheduled)-rateLimitLogging-0      [0;39m] [33mo.t.t.s.p.RateLimitService[0;39m                      : total requests 0 in progress 0 queue size 0 
[32m2025-06-05 | 07:10:30.857[0;39m | [34mINFO [0;39m [[36mapp-(scheduled)-rateLimitLogging-0      [0;39m] [33mo.t.t.s.p.RateLimitService[0;39m                      : total requests 0 in progress 0 queue size 0 
[32m2025-06-05 | 07:10:40.870[0;39m | [34mINFO [0;39m [[36mapp-(scheduled)-rateLimitLogging-0      [0;39m] [33mo.t.t.s.p.RateLimitService[0;39m                      : total requests 0 in progress 0 queue size 0 
[32m2025-06-05 | 07:10:50.861[0;39m | [34mINFO [0;39m [[36mapp-(scheduled)-rateLimitLogging-0      [0;39m] [33mo.t.t.s.p.RateLimitService[0;39m                      : total requests 0 in progress 0 queue size 0 
[32m2025-06-05 | 07:11:00.868[0;39m | [34mINFO [0;39m [[36mapp-(scheduled)-rateLimitLogging-0      [0;39m] [33mo.t.t.s.p.RateLimitService[0;39m                      : total requests 0 in progress 0 queue size 0 
[32m2025-06-05 | 07:11:02.238[0;39m | [34mINFO [0;39m [[36mpool-35-thread-1                        [0;39m] [33mo.t.l.c.TbLicenseClient[0;39m                         : Executed checkInstance method. 
[32m2025-06-05 | 07:11:02.238[0;39m | [34mINFO [0;39m [[36mpool-35-thread-1                        [0;39m] [33mo.t.l.c.TbLicenseClient[0;39m                         : instanceId: [I8XPdcC3hX4YpeAjrHtd] 
[32m2025-06-05 | 07:11:02.246[0;39m | [34mINFO [0;39m [[36mpool-35-thread-1                        [0;39m] [33mo.t.l.c.TbLicenseClient[0;39m                         : planData: {
  "asset_count" : {
    "value" : 10,
    "description" : "The maximum number of assets"
  },
  "device_count" : {
    "value" : 10,
    "description" : "The maximum number of devices"
  }
} 
[32m2025-06-05 | 07:11:02.554[0;39m | [34mINFO [0;39m [[36mpool-35-thread-1                        [0;39m] [33mo.t.l.c.TbLicenseClient[0;39m                         : Executed checkInstance method. 
[32m2025-06-05 | 07:11:02.554[0;39m | [34mINFO [0;39m [[36mpool-35-thread-1                        [0;39m] [33mo.t.l.c.TbLicenseClient[0;39m                         : instanceId: [I8XPdcC3hX4YpeAjrHtd] 
[32m2025-06-05 | 07:11:02.554[0;39m | [34mINFO [0;39m [[36mpool-35-thread-1                        [0;39m] [33mo.t.l.c.TbLicenseClient[0;39m                         : planData: {
  "asset_count" : {
    "value" : 10,
    "description" : "The maximum number of assets"
  },
  "device_count" : {
    "value" : 10,
    "description" : "The maximum number of devices"
  }
} 
[32m2025-06-05 | 07:11:02.789[0;39m | [34mINFO [0;39m [[36mpool-35-thread-1                        [0;39m] [33mo.t.l.c.TbLicenseClient[0;39m                         : Executed checkInstance method. 
[32m2025-06-05 | 07:11:02.789[0;39m | [34mINFO [0;39m [[36mpool-35-thread-1                        [0;39m] [33mo.t.l.c.TbLicenseClient[0;39m                         : instanceId: [I8XPdcC3hX4YpeAjrHtd] 
[32m2025-06-05 | 07:11:02.789[0;39m | [34mINFO [0;39m [[36mpool-35-thread-1                        [0;39m] [33mo.t.l.c.TbLicenseClient[0;39m                         : planData: {
  "asset_count" : {
    "value" : 10,
    "description" : "The maximum number of assets"
  },
  "device_count" : {
    "value" : 10,
    "description" : "The maximum number of devices"
  }
} 
[32m2025-06-05 | 07:11:03.074[0;39m | [34mINFO [0;39m [[36mpool-35-thread-1                        [0;39m] [33mo.t.l.c.TbLicenseClient[0;39m                         : Executed checkInstance method. 
[32m2025-06-05 | 07:11:03.074[0;39m | [34mINFO [0;39m [[36mpool-35-thread-1                        [0;39m] [33mo.t.l.c.TbLicenseClient[0;39m                         : instanceId: [I8XPdcC3hX4YpeAjrHtd] 
[32m2025-06-05 | 07:11:03.074[0;39m | [34mINFO [0;39m [[36mpool-35-thread-1                        [0;39m] [33mo.t.l.c.TbLicenseClient[0;39m                         : planData: {
  "asset_count" : {
    "value" : 10,
    "description" : "The maximum number of assets"
  },
  "device_count" : {
    "value" : 10,
    "description" : "The maximum number of devices"
  }
} 
[32m2025-06-05 | 07:11:10.858[0;39m | [34mINFO [0;39m [[36mapp-(scheduled)-rateLimitLogging-0      [0;39m] [33mo.t.t.s.p.RateLimitService[0;39m                      : total requests 0 in progress 0 queue size 0 
[32m2025-06-05 | 07:11:20.856[0;39m | [34mINFO [0;39m [[36mapp-(scheduled)-rateLimitLogging-0      [0;39m] [33mo.t.t.s.p.RateLimitService[0;39m                      : total requests 0 in progress 0 queue size 0 
[32m2025-06-05 | 07:11:30.861[0;39m | [34mINFO [0;39m [[36mapp-(scheduled)-rateLimitLogging-0      [0;39m] [33mo.t.t.s.p.RateLimitService[0;39m                      : total requests 0 in progress 0 queue size 0 
[32m2025-06-05 | 07:11:40.862[0;39m | [34mINFO [0;39m [[36mapp-(scheduled)-rateLimitLogging-0      [0;39m] [33mo.t.t.s.p.RateLimitService[0;39m                      : total requests 0 in progress 0 queue size 0 
[32m2025-06-05 | 07:11:50.868[0;39m | [34mINFO [0;39m [[36mapp-(scheduled)-rateLimitLogging-0      [0;39m] [33mo.t.t.s.p.RateLimitService[0;39m                      : total requests 0 in progress 0 queue size 0 
[32m2025-06-05 | 07:12:00.867[0;39m | [34mINFO [0;39m [[36mapp-(scheduled)-rateLimitLogging-0      [0;39m] [33mo.t.t.s.p.RateLimitService[0;39m                      : total requests 0 in progress 0 queue size 0 
[32m2025-06-05 | 07:12:07.973[0;39m | [34mINFO [0;39m [[36mhttp-nio-0.0.0.0-8888-exec-4            [0;39m] [33mo.a.j.l.DirectJDKLog[0;39m                            : Initializing Spring DispatcherServlet 'dispatcherServlet' 
[32m2025-06-05 | 07:12:07.974[0;39m | [34mINFO [0;39m [[36mhttp-nio-0.0.0.0-8888-exec-4            [0;39m] [33mo.s.w.s.FrameworkServlet[0;39m                        : Initializing Servlet 'dispatcherServlet' 
[32m2025-06-05 | 07:12:08.061[0;39m | [34mINFO [0;39m [[36mhttp-nio-0.0.0.0-8888-exec-4            [0;39m] [33mo.s.w.s.FrameworkServlet[0;39m                        : Completed initialization in 86 ms 
[32m2025-06-05 | 07:12:10.622[0;39m | [34mINFO [0;39m [[36mMessageBroker-2                         [0;39m] [33mo.s.w.s.c.WebSocketMessageBrokerStats[0;39m           : WebSocketSession[0 current WS(0)-HttpStream(0)-HttpPoll(0), 0 total, 0 closed abnormally (0 connect failure, 0 send limit, 0 transport error)], stompSubProtocol[processed CONNECT(0)-CONNECTED(0)-DISCONNECT(0)], stompBrokerRelay[null], inboundChannel[pool size = 0, active threads = 0, queued tasks = 0, completed tasks = 0], outboundChannel[pool size = 0, active threads = 0, queued tasks = 0, completed tasks = 0], sockJsScheduler[pool size = 5, active threads = 1, queued tasks = 1, completed tasks = 3] 
[32m2025-06-05 | 07:12:10.857[0;39m | [34mINFO [0;39m [[36mapp-(scheduled)-rateLimitLogging-0      [0;39m] [33mo.t.t.s.p.RateLimitService[0;39m                      : total requests 1 in progress 1 queue size 1 
[32m2025-06-05 | 07:12:20.867[0;39m | [34mINFO [0;39m [[36mapp-(scheduled)-rateLimitLogging-0      [0;39m] [33mo.t.t.s.p.RateLimitService[0;39m                      : total requests 1 in progress 0 queue size 0 
[32m2025-06-05 | 07:12:30.855[0;39m | [34mINFO [0;39m [[36mapp-(scheduled)-rateLimitLogging-0      [0;39m] [33mo.t.t.s.p.RateLimitService[0;39m                      : total requests 1 in progress 0 queue size 0 
[32m2025-06-05 | 07:12:39.783[0;39m | [34mINFO [0;39m [[36mapp-(scheduled)-statsCollector-0        [0;39m] [33mo.t.t.s.s.StatsCollector[0;39m                        : Schedule:  Key generalRestClient count 1 duration 1472 avg 1472 ms 
[32m2025-06-05 | 07:12:39.783[0;39m | [34mINFO [0;39m [[36mapp-(scheduled)-statsCollector-0        [0;39m] [33mo.t.t.s.s.StatsCollector[0;39m                        : Schedule:  Key waitForQuota count 1 duration 0 avg 0 ms 
[32m2025-06-05 | 07:12:40.859[0;39m | [34mINFO [0;39m [[36mapp-(scheduled)-rateLimitLogging-0      [0;39m] [33mo.t.t.s.p.RateLimitService[0;39m                      : total requests 1 in progress 0 queue size 0 
[32m2025-06-05 | 07:12:50.856[0;39m | [34mINFO [0;39m [[36mapp-(scheduled)-rateLimitLogging-0      [0;39m] [33mo.t.t.s.p.RateLimitService[0;39m                      : total requests 1 in progress 0 queue size 0 
[32m2025-06-05 | 07:13:00.901[0;39m | [34mINFO [0;39m [[36mapp-(scheduled)-rateLimitLogging-0      [0;39m] [33mo.t.t.s.p.RateLimitService[0;39m                      : total requests 1 in progress 0 queue size 0 
[32m2025-06-05 | 07:13:10.868[0;39m | [34mINFO [0;39m [[36mapp-(scheduled)-rateLimitLogging-0      [0;39m] [33mo.t.t.s.p.RateLimitService[0;39m                      : total requests 1 in progress 0 queue size 0 
[32m2025-06-05 | 07:13:20.858[0;39m | [34mINFO [0;39m [[36mapp-(scheduled)-rateLimitLogging-0      [0;39m] [33mo.t.t.s.p.RateLimitService[0;39m                      : total requests 1 in progress 0 queue size 0 
[32m2025-06-05 | 07:13:30.855[0;39m | [34mINFO [0;39m [[36mapp-(scheduled)-rateLimitLogging-0      [0;39m] [33mo.t.t.s.p.RateLimitService[0;39m                      : total requests 1 in progress 0 queue size 0 
[32m2025-06-05 | 07:13:39.786[0;39m | [34mINFO [0;39m [[36mapp-(scheduled)-statsCollector-0        [0;39m] [33mo.t.t.s.s.StatsCollector[0;39m                        : Schedule:  Key generalRestClient count 1 duration 1472 avg 1472 ms 
[32m2025-06-05 | 07:13:39.786[0;39m | [34mINFO [0;39m [[36mapp-(scheduled)-statsCollector-0        [0;39m] [33mo.t.t.s.s.StatsCollector[0;39m                        : Schedule:  Key waitForQuota count 1 duration 0 avg 0 ms 
[32m2025-06-05 | 07:13:40.859[0;39m | [34mINFO [0;39m [[36mapp-(scheduled)-rateLimitLogging-0      [0;39m] [33mo.t.t.s.p.RateLimitService[0;39m                      : total requests 1 in progress 0 queue size 0 
[32m2025-06-05 | 07:13:50.869[0;39m | [34mINFO [0;39m [[36mapp-(scheduled)-rateLimitLogging-0      [0;39m] [33mo.t.t.s.p.RateLimitService[0;39m                      : total requests 1 in progress 0 queue size 0 
[32m2025-06-05 | 07:14:00.856[0;39m | [34mINFO [0;39m [[36mapp-(scheduled)-rateLimitLogging-0      [0;39m] [33mo.t.t.s.p.RateLimitService[0;39m                      : total requests 1 in progress 0 queue size 0 
[32m2025-06-05 | 07:14:10.867[0;39m | [34mINFO [0;39m [[36mapp-(scheduled)-rateLimitLogging-0      [0;39m] [33mo.t.t.s.p.RateLimitService[0;39m                      : total requests 1 in progress 0 queue size 0 
[32m2025-06-05 | 07:14:20.889[0;39m | [34mINFO [0;39m [[36mapp-(scheduled)-rateLimitLogging-0      [0;39m] [33mo.t.t.s.p.RateLimitService[0;39m                      : total requests 1 in progress 0 queue size 0 
[32m2025-06-05 | 07:14:30.868[0;39m | [34mINFO [0;39m [[36mapp-(scheduled)-rateLimitLogging-0      [0;39m] [33mo.t.t.s.p.RateLimitService[0;39m                      : total requests 1 in progress 0 queue size 0 
[32m2025-06-05 | 07:14:39.792[0;39m | [34mINFO [0;39m [[36mapp-(scheduled)-statsCollector-0        [0;39m] [33mo.t.t.s.s.StatsCollector[0;39m                        : Schedule:  Key generalRestClient count 1 duration 1472 avg 1472 ms 
[32m2025-06-05 | 07:14:39.793[0;39m | [34mINFO [0;39m [[36mapp-(scheduled)-statsCollector-0        [0;39m] [33mo.t.t.s.s.StatsCollector[0;39m                        : Schedule:  Key waitForQuota count 1 duration 0 avg 0 ms 
[32m2025-06-05 | 07:14:40.862[0;39m | [34mINFO [0;39m [[36mapp-(scheduled)-rateLimitLogging-0      [0;39m] [33mo.t.t.s.p.RateLimitService[0;39m                      : total requests 1 in progress 0 queue size 0 
[32m2025-06-05 | 07:14:50.859[0;39m | [34mINFO [0;39m [[36mapp-(scheduled)-rateLimitLogging-0      [0;39m] [33mo.t.t.s.p.RateLimitService[0;39m                      : total requests 1 in progress 0 queue size 0 
[32m2025-06-05 | 07:15:00.859[0;39m | [34mINFO [0;39m [[36mapp-(scheduled)-rateLimitLogging-0      [0;39m] [33mo.t.t.s.p.RateLimitService[0;39m                      : total requests 1 in progress 0 queue size 0 
[32m2025-06-05 | 07:15:10.860[0;39m | [34mINFO [0;39m [[36mapp-(scheduled)-rateLimitLogging-0      [0;39m] [33mo.t.t.s.p.RateLimitService[0;39m                      : total requests 1 in progress 0 queue size 0 
[32m2025-06-05 | 07:15:20.859[0;39m | [34mINFO [0;39m [[36mapp-(scheduled)-rateLimitLogging-0      [0;39m] [33mo.t.t.s.p.RateLimitService[0;39m                      : total requests 1 in progress 0 queue size 0 
[32m2025-06-05 | 07:15:30.856[0;39m | [34mINFO [0;39m [[36mapp-(scheduled)-rateLimitLogging-0      [0;39m] [33mo.t.t.s.p.RateLimitService[0;39m                      : total requests 2 in progress 0 queue size 0 
[32m2025-06-05 | 07:15:39.788[0;39m | [34mINFO [0;39m [[36mapp-(scheduled)-statsCollector-0        [0;39m] [33mo.t.t.s.s.StatsCollector[0;39m                        : Schedule:  Key generalRestClient count 2 duration 1675 avg 837 ms 
[32m2025-06-05 | 07:15:39.789[0;39m | [34mINFO [0;39m [[36mapp-(scheduled)-statsCollector-0        [0;39m] [33mo.t.t.s.s.StatsCollector[0;39m                        : Schedule:  Key waitForQuota count 2 duration 0 avg 0 ms 
[32m2025-06-05 | 07:15:40.869[0;39m | [34mINFO [0;39m [[36mapp-(scheduled)-rateLimitLogging-0      [0;39m] [33mo.t.t.s.p.RateLimitService[0;39m                      : total requests 2 in progress 0 queue size 0 
[32m2025-06-05 | 07:15:50.856[0;39m | [34mINFO [0;39m [[36mapp-(scheduled)-rateLimitLogging-0      [0;39m] [33mo.t.t.s.p.RateLimitService[0;39m                      : total requests 2 in progress 0 queue size 0 
[32m2025-06-05 | 07:16:00.869[0;39m | [34mINFO [0;39m [[36mapp-(scheduled)-rateLimitLogging-0      [0;39m] [33mo.t.t.s.p.RateLimitService[0;39m                      : total requests 2 in progress 0 queue size 0 
[32m2025-06-05 | 07:16:10.868[0;39m | [34mINFO [0;39m [[36mapp-(scheduled)-rateLimitLogging-0      [0;39m] [33mo.t.t.s.p.RateLimitService[0;39m                      : total requests 2 in progress 0 queue size 0 
[32m2025-06-05 | 07:16:20.865[0;39m | [34mINFO [0;39m [[36mapp-(scheduled)-rateLimitLogging-0      [0;39m] [33mo.t.t.s.p.RateLimitService[0;39m                      : total requests 2 in progress 0 queue size 0 
[32m2025-06-05 | 07:16:30.856[0;39m | [34mINFO [0;39m [[36mapp-(scheduled)-rateLimitLogging-0      [0;39m] [33mo.t.t.s.p.RateLimitService[0;39m                      : total requests 2 in progress 0 queue size 0 
[32m2025-06-05 | 07:16:39.782[0;39m | [34mINFO [0;39m [[36mapp-(scheduled)-statsCollector-0        [0;39m] [33mo.t.t.s.s.StatsCollector[0;39m                        : Schedule:  Key generalRestClient count 2 duration 1675 avg 837 ms 
[32m2025-06-05 | 07:16:39.782[0;39m | [34mINFO [0;39m [[36mapp-(scheduled)-statsCollector-0        [0;39m] [33mo.t.t.s.s.StatsCollector[0;39m                        : Schedule:  Key waitForQuota count 2 duration 0 avg 0 ms 
[32m2025-06-05 | 07:16:40.863[0;39m | [34mINFO [0;39m [[36mapp-(scheduled)-rateLimitLogging-0      [0;39m] [33mo.t.t.s.p.RateLimitService[0;39m                      : total requests 2 in progress 0 queue size 0 
[32m2025-06-05 | 07:16:50.864[0;39m | [34mINFO [0;39m [[36mapp-(scheduled)-rateLimitLogging-0      [0;39m] [33mo.t.t.s.p.RateLimitService[0;39m                      : total requests 3 in progress 0 queue size 0 
[32m2025-06-05 | 07:17:00.856[0;39m | [34mINFO [0;39m [[36mapp-(scheduled)-rateLimitLogging-0      [0;39m] [33mo.t.t.s.p.RateLimitService[0;39m                      : total requests 3 in progress 0 queue size 0 
[32m2025-06-05 | 07:17:10.858[0;39m | [34mINFO [0;39m [[36mapp-(scheduled)-rateLimitLogging-0      [0;39m] [33mo.t.t.s.p.RateLimitService[0;39m                      : total requests 3 in progress 0 queue size 0 
[32m2025-06-05 | 07:17:20.856[0;39m | [34mINFO [0;39m [[36mapp-(scheduled)-rateLimitLogging-0      [0;39m] [33mo.t.t.s.p.RateLimitService[0;39m                      : total requests 3 in progress 0 queue size 0 
[32m2025-06-05 | 07:17:30.854[0;39m | [34mINFO [0;39m [[36mapp-(scheduled)-rateLimitLogging-0      [0;39m] [33mo.t.t.s.p.RateLimitService[0;39m                      : total requests 3 in progress 0 queue size 0 
[32m2025-06-05 | 07:17:39.788[0;39m | [34mINFO [0;39m [[36mapp-(scheduled)-statsCollector-0        [0;39m] [33mo.t.t.s.s.StatsCollector[0;39m                        : Schedule:  Key generalRestClient count 3 duration 1795 avg 598 ms 
[32m2025-06-05 | 07:17:39.789[0;39m | [34mINFO [0;39m [[36mapp-(scheduled)-statsCollector-0        [0;39m] [33mo.t.t.s.s.StatsCollector[0;39m                        : Schedule:  Key waitForQuota count 3 duration 0 avg 0 ms 
[32m2025-06-05 | 07:17:40.862[0;39m | [34mINFO [0;39m [[36mapp-(scheduled)-rateLimitLogging-0      [0;39m] [33mo.t.t.s.p.RateLimitService[0;39m                      : total requests 3 in progress 0 queue size 0 
[32m2025-06-05 | 07:17:50.863[0;39m | [34mINFO [0;39m [[36mapp-(scheduled)-rateLimitLogging-0      [0;39m] [33mo.t.t.s.p.RateLimitService[0;39m                      : total requests 3 in progress 0 queue size 0 
[32m2025-06-05 | 07:18:00.858[0;39m | [34mINFO [0;39m [[36mapp-(scheduled)-rateLimitLogging-0      [0;39m] [33mo.t.t.s.p.RateLimitService[0;39m                      : total requests 3 in progress 0 queue size 0 
[32m2025-06-05 | 07:18:10.858[0;39m | [34mINFO [0;39m [[36mapp-(scheduled)-rateLimitLogging-0      [0;39m] [33mo.t.t.s.p.RateLimitService[0;39m                      : total requests 3 in progress 0 queue size 0 
[32m2025-06-05 | 07:18:20.866[0;39m | [34mINFO [0;39m [[36mapp-(scheduled)-rateLimitLogging-0      [0;39m] [33mo.t.t.s.p.RateLimitService[0;39m                      : total requests 3 in progress 0 queue size 0 
[32m2025-06-05 | 07:18:30.867[0;39m | [34mINFO [0;39m [[36mapp-(scheduled)-rateLimitLogging-0      [0;39m] [33mo.t.t.s.p.RateLimitService[0;39m                      : total requests 4 in progress 0 queue size 0 
[32m2025-06-05 | 07:18:39.783[0;39m | [34mINFO [0;39m [[36mapp-(scheduled)-statsCollector-0        [0;39m] [33mo.t.t.s.s.StatsCollector[0;39m                        : Schedule:  Key generalRestClient count 5 duration 2050 avg 410 ms 
[32m2025-06-05 | 07:18:39.783[0;39m | [34mINFO [0;39m [[36mapp-(scheduled)-statsCollector-0        [0;39m] [33mo.t.t.s.s.StatsCollector[0;39m                        : Schedule:  Key waitForQuota count 5 duration 0 avg 0 ms 
[32m2025-06-05 | 07:18:40.857[0;39m | [34mINFO [0;39m [[36mapp-(scheduled)-rateLimitLogging-0      [0;39m] [33mo.t.t.s.p.RateLimitService[0;39m                      : total requests 5 in progress 0 queue size 0 
[32m2025-06-05 | 07:18:49.081[0;39m | [34mINFO [0;39m [[36mbackground-preinit                      [0;39m] [33mo.h.v.i.u.Version[0;39m                               : HV000001: Hibernate Validator 8.0.1.Final 
[32m2025-06-05 | 07:18:49.183[0;39m | [34mINFO [0;39m [[36mmain                                    [0;39m] [33mo.s.b.StartupInfoLogger[0;39m                         : Starting TrendzApplication v1.13.1-SNAPSHOT using Java 17.0.15 with PID 29532 (C:\Program Files (x86)\trendz\lib\trendz.jar started by DESKTOP-FEGLDB1$ in C:\Program Files (x86)\trendz\conf) 
[32m2025-06-05 | 07:18:49.183[0;39m | [34mINFO [0;39m [[36mmain                                    [0;39m] [33mo.s.b.SpringApplication[0;39m                         : No active profile set, falling back to 1 default profile: "default" 
[32m2025-06-05 | 07:18:51.739[0;39m | [34mINFO [0;39m [[36mmain                                    [0;39m] [33mo.s.d.r.c.RepositoryConfigurationDelegate[0;39m       : Multiple Spring Data modules found, entering strict repository configuration mode 
[32m2025-06-05 | 07:18:51.741[0;39m | [34mINFO [0;39m [[36mmain                                    [0;39m] [33mo.s.d.r.c.RepositoryConfigurationDelegate[0;39m       : Bootstrapping Spring Data JPA repositories in DEFAULT mode. 
[32m2025-06-05 | 07:18:53.077[0;39m | [34mINFO [0;39m [[36mmain                                    [0;39m] [33mo.s.d.r.c.RepositoryConfigurationDelegate[0;39m       : Finished Spring Data repository scanning in 1265 ms. Found 45 JPA repository interfaces. 
[32m2025-06-05 | 07:18:59.500[0;39m | [34mINFO [0;39m [[36mmain                                    [0;39m] [33mo.s.b.w.e.t.TomcatWebServer[0;39m                     : Tomcat initialized with port 8888 (http) 
[32m2025-06-05 | 07:18:59.533[0;39m | [34mINFO [0;39m [[36mmain                                    [0;39m] [33mo.a.j.l.DirectJDKLog[0;39m                            : Initializing ProtocolHandler ["http-nio-0.0.0.0-8888"] 
[32m2025-06-05 | 07:18:59.537[0;39m | [34mINFO [0;39m [[36mmain                                    [0;39m] [33mo.a.j.l.DirectJDKLog[0;39m                            : Starting service [Tomcat] 
[32m2025-06-05 | 07:18:59.537[0;39m | [34mINFO [0;39m [[36mmain                                    [0;39m] [33mo.a.j.l.DirectJDKLog[0;39m                            : Starting Servlet engine: [Apache Tomcat/10.1.19] 
[32m2025-06-05 | 07:18:59.679[0;39m | [34mINFO [0;39m [[36mmain                                    [0;39m] [33mo.a.j.l.DirectJDKLog[0;39m                            : Initializing Spring embedded WebApplicationContext 
[32m2025-06-05 | 07:18:59.681[0;39m | [34mINFO [0;39m [[36mmain                                    [0;39m] [33mo.s.b.w.s.c.ServletWebServerApplicationContext[0;39m  : Root WebApplicationContext: initialization completed in 10411 ms 
[32m2025-06-05 | 07:19:01.834[0;39m | [34mINFO [0;39m [[36mmain                                    [0;39m] [33mo.t.t.s.p.c.CaffeineCacheConfiguration[0;39m          : Used cache tool: Caffeine 
[32m2025-06-05 | 07:19:02.039[0;39m | [34mINFO [0;39m [[36mmain                                    [0;39m] [33mo.t.t.s.p.BucketConfiguration[0;39m                   : Cloud Rate Limiting status: DISABLED 
[32m2025-06-05 | 07:19:02.106[0;39m | [34mINFO [0;39m [[36mmain                                    [0;39m] [33mo.t.t.s.p.CloudRateLimitService[0;39m                 : Cloud Rate Limiting status: DISABLED 
[32m2025-06-05 | 07:19:02.142[0;39m | [34mINFO [0;39m [[36mmain                                    [0;39m] [33mo.t.t.s.p.TbWebClient[0;39m                           : Default DNS resolver is used 
[32m2025-06-05 | 07:19:03.317[0;39m | [34mINFO [0;39m [[36mmain                                    [0;39m] [33mo.h.j.i.u.LogHelper[0;39m                             : HHH000204: Processing PersistenceUnitInfo [name: default] 
[32m2025-06-05 | 07:19:03.617[0;39m | [34mINFO [0;39m [[36mmain                                    [0;39m] [33mo.h.Version[0;39m                                     : HHH000412: Hibernate ORM core version 6.4.4.Final 
[32m2025-06-05 | 07:19:03.790[0;39m | [34mINFO [0;39m [[36mmain                                    [0;39m] [33mo.h.c.i.RegionFactoryInitiator[0;39m                  : HHH000026: Second-level cache disabled 
[32m2025-06-05 | 07:19:04.777[0;39m | [34mINFO [0;39m [[36mmain                                    [0;39m] [33mo.s.o.j.p.SpringPersistenceUnitInfo[0;39m             : No LoadTimeWeaver setup: ignoring JPA class transformer 
[32m2025-06-05 | 07:19:04.898[0;39m | [34mINFO [0;39m [[36mmain                                    [0;39m] [33mc.z.h.HikariDataSource[0;39m                          : HikariPool-1 - Starting... 
[32m2025-06-05 | 07:19:05.843[0;39m | [34mINFO [0;39m [[36mmain                                    [0;39m] [33mc.z.h.p.HikariPool[0;39m                              : HikariPool-1 - Added connection org.postgresql.jdbc.PgConnection@43b45e77 
[32m2025-06-05 | 07:19:05.853[0;39m | [34mINFO [0;39m [[36mmain                                    [0;39m] [33mc.z.h.HikariDataSource[0;39m                          : HikariPool-1 - Start completed. 
[32m2025-06-05 | 07:19:05.974[0;39m | [31mWARN [0;39m [[36mmain                                    [0;39m] [33mo.h.e.j.d.i.DialectFactoryImpl[0;39m                  : HHH90000025: PostgreSQLDialect does not need to be specified explicitly using 'hibernate.dialect' (remove the property setting and it will be selected by default) 
[32m2025-06-05 | 07:19:11.712[0;39m | [34mINFO [0;39m [[36mmain                                    [0;39m] [33mo.h.e.t.j.p.i.JtaPlatformInitiator[0;39m              : HHH000489: No JTA platform available (set 'hibernate.transaction.jta.platform' to enable JTA platform integration) 
[32m2025-06-05 | 07:19:11.821[0;39m | [34mINFO [0;39m [[36mmain                                    [0;39m] [33mo.s.o.j.AbstractEntityManagerFactoryBean[0;39m        : Initialized JPA EntityManagerFactory for persistence unit 'default' 
[32m2025-06-05 | 07:19:12.139[0;39m | [34mINFO [0;39m [[36mapp-(scheduled)-rateLimitLogging-0      [0;39m] [33mo.t.t.s.p.RateLimitService[0;39m                      : total requests 0 in progress 0 queue size 0 
[32m2025-06-05 | 07:19:12.636[0;39m | [34mINFO [0;39m [[36mmain                                    [0;39m] [33mo.s.d.j.r.q.QueryEnhancerFactory[0;39m                : Hibernate is in classpath; If applicable, HQL parser will be used. 
[32m2025-06-05 | 07:19:13.838[0;39m | [34mINFO [0;39m [[36mmain                                    [0;39m] [33mo.t.l.c.TbLicenseClient[0;39m                         : Initializing ThingsBoard License Client, Release Date [2025-05-02] 
[32m2025-06-05 | 07:19:14.174[0;39m | [34mINFO [0;39m [[36mmain                                    [0;39m] [33mo.t.l.c.TbLicenseClient[0;39m                         : Obtained instance data from file. 
[32m2025-06-05 | 07:19:14.174[0;39m | [34mINFO [0;39m [[36mmain                                    [0;39m] [33mo.t.l.c.TbLicenseClient[0;39m                         : instanceId: [I8XPdcC3hX4YpeAjrHtd] 
[32m2025-06-05 | 07:19:14.219[0;39m | [34mINFO [0;39m [[36mmain                                    [0;39m] [33mo.t.l.c.TbLicenseClient[0;39m                         : planData: {
  "asset_count" : {
    "value" : 10,
    "description" : "The maximum number of assets"
  },
  "device_count" : {
    "value" : 10,
    "description" : "The maximum number of devices"
  }
} 
[32m2025-06-05 | 07:19:15.159[0;39m | [34mINFO [0;39m [[36mmain                                    [0;39m] [33mo.t.l.c.TbLicenseClient[0;39m                         : Executed checkInstance method. 
[32m2025-06-05 | 07:19:15.163[0;39m | [34mINFO [0;39m [[36mmain                                    [0;39m] [33mo.t.l.c.TbLicenseClient[0;39m                         : instanceId: [I8XPdcC3hX4YpeAjrHtd] 
[32m2025-06-05 | 07:19:15.163[0;39m | [34mINFO [0;39m [[36mmain                                    [0;39m] [33mo.t.l.c.TbLicenseClient[0;39m                         : planData: {
  "asset_count" : {
    "value" : 10,
    "description" : "The maximum number of assets"
  },
  "device_count" : {
    "value" : 10,
    "description" : "The maximum number of devices"
  }
} 
[32m2025-06-05 | 07:19:15.163[0;39m | [34mINFO [0;39m [[36mmain                                    [0;39m] [33mo.t.l.c.TbLicenseClient[0;39m                         : Initialized ThingsBoard License Client with instanceId [I8XPdcC3hX4YpeAjrHtd] 
[32m2025-06-05 | 07:19:20.155[0;39m | [34mINFO [0;39m [[36mmain                                    [0;39m] [33mo.t.t.StartupValidationService[0;39m                  : The version of database is matching to Trendz version [1.13.1] 
[32m2025-06-05 | 07:19:20.642[0;39m | [34mINFO [0;39m [[36mmain                                    [0;39m] [33mo.t.t.c.PublicApiController[0;39m                     : application 1.13.1-SNAPSHOT ThingsBoard Trendz Server Application 2025-05-02T08:21:36.700Z 
[32m2025-06-05 | 07:19:21.690[0;39m | [34mINFO [0;39m [[36mmain                                    [0;39m] [33mo.s.b.a.w.s.WelcomePageHandlerMapping[0;39m           : Adding welcome page: class path resource [resources/index.html] 
[32m2025-06-05 | 07:19:22.134[0;39m | [34mINFO [0;39m [[36mapp-(scheduled)-rateLimitLogging-0      [0;39m] [33mo.t.t.s.p.RateLimitService[0;39m                      : total requests 0 in progress 0 queue size 0 
[32m2025-06-05 | 07:19:22.218[0;39m | [34mINFO [0;39m [[36mmain                                    [0;39m] [33mo.s.b.a.e.w.EndpointLinksResolver[0;39m               : Exposing 0 endpoint(s) beneath base path '/actuator' 
[32m2025-06-05 | 07:19:22.479[0;39m | [34mINFO [0;39m [[36mmain                                    [0;39m] [33mo.s.s.w.DefaultSecurityFilterChain[0;39m              : Will secure any request with [org.springframework.security.web.session.DisableEncodeUrlFilter@724dd6e2, org.springframework.security.web.context.request.async.WebAsyncManagerIntegrationFilter@3b7bf29a, org.springframework.security.web.context.SecurityContextHolderFilter@4fff2c5, org.springframework.security.web.header.HeaderWriterFilter@48ee57ad, org.springframework.web.filter.CorsFilter@3b6e98a2, org.springframework.security.web.authentication.logout.LogoutFilter@41738bd0, org.thingsboard.trendz.security.RestLoginProcessingFilter@27a717a7, org.thingsboard.trendz.security.JwtTokenAuthenticationProcessingFilter@160b7ccd, org.thingsboard.trendz.security.RefreshTokenProcessingFilter@4eba6e1f, org.springframework.security.web.savedrequest.RequestCacheAwareFilter@53717c98, org.springframework.security.web.servletapi.SecurityContextHolderAwareRequestFilter@ffa7bed, org.springframework.security.web.authentication.AnonymousAuthenticationFilter@67deee49, org.springframework.security.web.session.SessionManagementFilter@3a0bcb94, org.springframework.security.web.access.ExceptionTranslationFilter@1da73c9d, org.springframework.security.web.access.intercept.AuthorizationFilter@87cdad3] 
[32m2025-06-05 | 07:19:25.445[0;39m | [34mINFO [0;39m [[36mmain                                    [0;39m] [33mo.a.j.l.DirectJDKLog[0;39m                            : Starting ProtocolHandler ["http-nio-0.0.0.0-8888"] 
[32m2025-06-05 | 07:19:25.507[0;39m | [34mINFO [0;39m [[36mmain                                    [0;39m] [33mo.s.b.w.e.t.TomcatWebServer[0;39m                     : Tomcat started on port 8888 (http) with context path '' 
[32m2025-06-05 | 07:19:25.513[0;39m | [34mINFO [0;39m [[36mmain                                    [0;39m] [33mo.s.c.l.CompositeLog[0;39m                            : Starting... 
[32m2025-06-05 | 07:19:25.514[0;39m | [34mINFO [0;39m [[36mmain                                    [0;39m] [33mo.s.c.l.CompositeLog[0;39m                            : BrokerAvailabilityEvent[available=true, SimpleBrokerMessageHandler [org.springframework.messaging.simp.broker.DefaultSubscriptionRegistry@26980ef5]] 
[32m2025-06-05 | 07:19:25.515[0;39m | [34mINFO [0;39m [[36mmain                                    [0;39m] [33mo.s.c.l.CompositeLog[0;39m                            : Started. 
[32m2025-06-05 | 07:19:25.587[0;39m | [34mINFO [0;39m [[36mMessageBroker-1                         [0;39m] [33mo.t.t.s.t.InitializationServiceImpl[0;39m             : Scheduled user validation: started 
[32m2025-06-05 | 07:19:25.724[0;39m | [34mINFO [0;39m [[36mmain                                    [0;39m] [33mo.t.t.s.t.InitializationServiceImpl[0;39m             : Defined statuses for 0 tenants 
[32m2025-06-05 | 07:19:25.724[0;39m | [34mINFO [0;39m [[36mmain                                    [0;39m] [33mo.t.t.s.t.TaskRuntimeService[0;39m                    : The task runtime scheduler is enabled! 
[32m2025-06-05 | 07:19:25.756[0;39m | [34mINFO [0;39m [[36mmain                                    [0;39m] [33mo.s.b.StartupInfoLogger[0;39m                         : Started TrendzApplication in 37.063 seconds (process running for 38.128) 
[32m2025-06-05 | 07:19:25.757[0;39m | [34mINFO [0;39m [[36mMessageBroker-1                         [0;39m] [33mo.t.t.s.t.InitializationServiceImpl[0;39m             : Scheduled user validation: finished 
[32m2025-06-05 | 07:19:28.432[0;39m | [34mINFO [0;39m [[36mhttp-nio-0.0.0.0-8888-exec-2            [0;39m] [33mo.a.j.l.DirectJDKLog[0;39m                            : Initializing Spring DispatcherServlet 'dispatcherServlet' 
[32m2025-06-05 | 07:19:28.433[0;39m | [34mINFO [0;39m [[36mhttp-nio-0.0.0.0-8888-exec-2            [0;39m] [33mo.s.w.s.FrameworkServlet[0;39m                        : Initializing Servlet 'dispatcherServlet' 
[32m2025-06-05 | 07:19:28.433[0;39m | [34mINFO [0;39m [[36mhttp-nio-0.0.0.0-8888-exec-2            [0;39m] [33mo.s.w.s.FrameworkServlet[0;39m                        : Completed initialization in 0 ms 
[32m2025-06-05 | 07:19:32.154[0;39m | [34mINFO [0;39m [[36mapp-(scheduled)-rateLimitLogging-0      [0;39m] [33mo.t.t.s.p.RateLimitService[0;39m                      : total requests 1 in progress 1 queue size 1 
[32m2025-06-05 | 07:19:42.127[0;39m | [34mINFO [0;39m [[36mapp-(scheduled)-rateLimitLogging-0      [0;39m] [33mo.t.t.s.p.RateLimitService[0;39m                      : total requests 2 in progress 0 queue size 0 
[32m2025-06-05 | 07:19:52.132[0;39m | [34mINFO [0;39m [[36mapp-(scheduled)-rateLimitLogging-0      [0;39m] [33mo.t.t.s.p.RateLimitService[0;39m                      : total requests 2 in progress 0 queue size 0 
[32m2025-06-05 | 07:20:01.788[0;39m | [34mINFO [0;39m [[36mapp-(scheduled)-statsCollector-0        [0;39m] [33mo.t.t.s.s.StatsCollector[0;39m                        : Schedule:  Key generalRestClient count 2 duration 1894 avg 947 ms 
[32m2025-06-05 | 07:20:01.788[0;39m | [34mINFO [0;39m [[36mapp-(scheduled)-statsCollector-0        [0;39m] [33mo.t.t.s.s.StatsCollector[0;39m                        : Schedule:  Key waitForQuota count 2 duration 1 avg 0 ms 
[32m2025-06-05 | 07:20:02.139[0;39m | [34mINFO [0;39m [[36mapp-(scheduled)-rateLimitLogging-0      [0;39m] [33mo.t.t.s.p.RateLimitService[0;39m                      : total requests 2 in progress 0 queue size 0 
[32m2025-06-05 | 07:20:12.130[0;39m | [34mINFO [0;39m [[36mapp-(scheduled)-rateLimitLogging-0      [0;39m] [33mo.t.t.s.p.RateLimitService[0;39m                      : total requests 2 in progress 0 queue size 0 
[32m2025-06-05 | 07:20:22.132[0;39m | [34mINFO [0;39m [[36mapp-(scheduled)-rateLimitLogging-0      [0;39m] [33mo.t.t.s.p.RateLimitService[0;39m                      : total requests 2 in progress 0 queue size 0 
[32m2025-06-05 | 07:20:25.351[0;39m | [34mINFO [0;39m [[36mMessageBroker-2                         [0;39m] [33mo.s.w.s.c.WebSocketMessageBrokerStats[0;39m           : WebSocketSession[0 current WS(0)-HttpStream(0)-HttpPoll(0), 0 total, 0 closed abnormally (0 connect failure, 0 send limit, 0 transport error)], stompSubProtocol[processed CONNECT(0)-CONNECTED(0)-DISCONNECT(0)], stompBrokerRelay[null], inboundChannel[pool size = 0, active threads = 0, queued tasks = 0, completed tasks = 0], outboundChannel[pool size = 0, active threads = 0, queued tasks = 0, completed tasks = 0], sockJsScheduler[pool size = 3, active threads = 1, queued tasks = 1, completed tasks = 1] 
[32m2025-06-05 | 07:20:32.137[0;39m | [34mINFO [0;39m [[36mapp-(scheduled)-rateLimitLogging-0      [0;39m] [33mo.t.t.s.p.RateLimitService[0;39m                      : total requests 2 in progress 0 queue size 0 
[32m2025-06-05 | 07:20:42.131[0;39m | [34mINFO [0;39m [[36mapp-(scheduled)-rateLimitLogging-0      [0;39m] [33mo.t.t.s.p.RateLimitService[0;39m                      : total requests 2 in progress 0 queue size 0 
[32m2025-06-05 | 07:20:52.129[0;39m | [34mINFO [0;39m [[36mapp-(scheduled)-rateLimitLogging-0      [0;39m] [33mo.t.t.s.p.RateLimitService[0;39m                      : total requests 2 in progress 0 queue size 0 
[32m2025-06-05 | 07:21:01.777[0;39m | [34mINFO [0;39m [[36mapp-(scheduled)-statsCollector-0        [0;39m] [33mo.t.t.s.s.StatsCollector[0;39m                        : Schedule:  Key generalRestClient count 2 duration 1894 avg 947 ms 
[32m2025-06-05 | 07:21:01.778[0;39m | [34mINFO [0;39m [[36mapp-(scheduled)-statsCollector-0        [0;39m] [33mo.t.t.s.s.StatsCollector[0;39m                        : Schedule:  Key waitForQuota count 2 duration 1 avg 0 ms 
[32m2025-06-05 | 07:21:02.128[0;39m | [34mINFO [0;39m [[36mapp-(scheduled)-rateLimitLogging-0      [0;39m] [33mo.t.t.s.p.RateLimitService[0;39m                      : total requests 2 in progress 0 queue size 0 
[32m2025-06-05 | 07:21:12.126[0;39m | [34mINFO [0;39m [[36mapp-(scheduled)-rateLimitLogging-0      [0;39m] [33mo.t.t.s.p.RateLimitService[0;39m                      : total requests 2 in progress 0 queue size 0 
[32m2025-06-05 | 07:21:22.136[0;39m | [34mINFO [0;39m [[36mapp-(scheduled)-rateLimitLogging-0      [0;39m] [33mo.t.t.s.p.RateLimitService[0;39m                      : total requests 2 in progress 0 queue size 0 
[32m2025-06-05 | 07:21:32.129[0;39m | [34mINFO [0;39m [[36mapp-(scheduled)-rateLimitLogging-0      [0;39m] [33mo.t.t.s.p.RateLimitService[0;39m                      : total requests 2 in progress 0 queue size 0 
[32m2025-06-05 | 07:21:42.130[0;39m | [34mINFO [0;39m [[36mapp-(scheduled)-rateLimitLogging-0      [0;39m] [33mo.t.t.s.p.RateLimitService[0;39m                      : total requests 2 in progress 0 queue size 0 
[32m2025-06-05 | 07:21:52.126[0;39m | [34mINFO [0;39m [[36mapp-(scheduled)-rateLimitLogging-0      [0;39m] [33mo.t.t.s.p.RateLimitService[0;39m                      : total requests 2 in progress 0 queue size 0 
[32m2025-06-05 | 07:22:01.785[0;39m | [34mINFO [0;39m [[36mapp-(scheduled)-statsCollector-0        [0;39m] [33mo.t.t.s.s.StatsCollector[0;39m                        : Schedule:  Key generalRestClient count 2 duration 1894 avg 947 ms 
[32m2025-06-05 | 07:22:01.785[0;39m | [34mINFO [0;39m [[36mapp-(scheduled)-statsCollector-0        [0;39m] [33mo.t.t.s.s.StatsCollector[0;39m                        : Schedule:  Key waitForQuota count 2 duration 1 avg 0 ms 
[32m2025-06-05 | 07:22:02.128[0;39m | [34mINFO [0;39m [[36mapp-(scheduled)-rateLimitLogging-0      [0;39m] [33mo.t.t.s.p.RateLimitService[0;39m                      : total requests 2 in progress 0 queue size 0 
[32m2025-06-05 | 07:22:12.126[0;39m | [34mINFO [0;39m [[36mapp-(scheduled)-rateLimitLogging-0      [0;39m] [33mo.t.t.s.p.RateLimitService[0;39m                      : total requests 2 in progress 0 queue size 0 
[32m2025-06-05 | 07:22:22.138[0;39m | [34mINFO [0;39m [[36mapp-(scheduled)-rateLimitLogging-0      [0;39m] [33mo.t.t.s.p.RateLimitService[0;39m                      : total requests 2 in progress 0 queue size 0 
[32m2025-06-05 | 07:22:32.138[0;39m | [34mINFO [0;39m [[36mapp-(scheduled)-rateLimitLogging-0      [0;39m] [33mo.t.t.s.p.RateLimitService[0;39m                      : total requests 2 in progress 0 queue size 0 
[32m2025-06-05 | 07:22:42.131[0;39m | [34mINFO [0;39m [[36mapp-(scheduled)-rateLimitLogging-0      [0;39m] [33mo.t.t.s.p.RateLimitService[0;39m                      : total requests 2 in progress 0 queue size 0 
[32m2025-06-05 | 07:22:52.129[0;39m | [34mINFO [0;39m [[36mapp-(scheduled)-rateLimitLogging-0      [0;39m] [33mo.t.t.s.p.RateLimitService[0;39m                      : total requests 2 in progress 0 queue size 0 
[32m2025-06-05 | 07:23:01.776[0;39m | [34mINFO [0;39m [[36mapp-(scheduled)-statsCollector-0        [0;39m] [33mo.t.t.s.s.StatsCollector[0;39m                        : Schedule:  Key generalRestClient count 2 duration 1894 avg 947 ms 
[32m2025-06-05 | 07:23:01.776[0;39m | [34mINFO [0;39m [[36mapp-(scheduled)-statsCollector-0        [0;39m] [33mo.t.t.s.s.StatsCollector[0;39m                        : Schedule:  Key waitForQuota count 2 duration 1 avg 0 ms 
[32m2025-06-05 | 07:23:02.127[0;39m | [34mINFO [0;39m [[36mapp-(scheduled)-rateLimitLogging-0      [0;39m] [33mo.t.t.s.p.RateLimitService[0;39m                      : total requests 2 in progress 0 queue size 0 
[32m2025-06-05 | 07:23:12.131[0;39m | [34mINFO [0;39m [[36mapp-(scheduled)-rateLimitLogging-0      [0;39m] [33mo.t.t.s.p.RateLimitService[0;39m                      : total requests 2 in progress 0 queue size 0 
[32m2025-06-05 | 07:23:22.134[0;39m | [34mINFO [0;39m [[36mapp-(scheduled)-rateLimitLogging-0      [0;39m] [33mo.t.t.s.p.RateLimitService[0;39m                      : total requests 2 in progress 0 queue size 0 
[32m2025-06-05 | 07:23:32.130[0;39m | [34mINFO [0;39m [[36mapp-(scheduled)-rateLimitLogging-0      [0;39m] [33mo.t.t.s.p.RateLimitService[0;39m                      : total requests 2 in progress 0 queue size 0 
[32m2025-06-05 | 07:23:42.155[0;39m | [34mINFO [0;39m [[36mapp-(scheduled)-rateLimitLogging-0      [0;39m] [33mo.t.t.s.p.RateLimitService[0;39m                      : total requests 2 in progress 0 queue size 0 
[32m2025-06-05 | 07:23:52.134[0;39m | [34mINFO [0;39m [[36mapp-(scheduled)-rateLimitLogging-0      [0;39m] [33mo.t.t.s.p.RateLimitService[0;39m                      : total requests 2 in progress 0 queue size 0 
[32m2025-06-05 | 07:24:01.781[0;39m | [34mINFO [0;39m [[36mapp-(scheduled)-statsCollector-0        [0;39m] [33mo.t.t.s.s.StatsCollector[0;39m                        : Schedule:  Key generalRestClient count 2 duration 1894 avg 947 ms 
[32m2025-06-05 | 07:24:01.781[0;39m | [34mINFO [0;39m [[36mapp-(scheduled)-statsCollector-0        [0;39m] [33mo.t.t.s.s.StatsCollector[0;39m                        : Schedule:  Key waitForQuota count 2 duration 1 avg 0 ms 
[32m2025-06-05 | 07:24:02.128[0;39m | [34mINFO [0;39m [[36mapp-(scheduled)-rateLimitLogging-0      [0;39m] [33mo.t.t.s.p.RateLimitService[0;39m                      : total requests 2 in progress 0 queue size 0 
[32m2025-06-05 | 07:24:12.127[0;39m | [34mINFO [0;39m [[36mapp-(scheduled)-rateLimitLogging-0      [0;39m] [33mo.t.t.s.p.RateLimitService[0;39m                      : total requests 2 in progress 0 queue size 0 
[32m2025-06-05 | 07:24:22.134[0;39m | [34mINFO [0;39m [[36mapp-(scheduled)-rateLimitLogging-0      [0;39m] [33mo.t.t.s.p.RateLimitService[0;39m                      : total requests 2 in progress 0 queue size 0 
[32m2025-06-05 | 07:24:32.132[0;39m | [34mINFO [0;39m [[36mapp-(scheduled)-rateLimitLogging-0      [0;39m] [33mo.t.t.s.p.RateLimitService[0;39m                      : total requests 2 in progress 0 queue size 0 
[32m2025-06-05 | 07:24:42.127[0;39m | [34mINFO [0;39m [[36mapp-(scheduled)-rateLimitLogging-0      [0;39m] [33mo.t.t.s.p.RateLimitService[0;39m                      : total requests 2 in progress 0 queue size 0 
[32m2025-06-05 | 07:24:52.130[0;39m | [34mINFO [0;39m [[36mapp-(scheduled)-rateLimitLogging-0      [0;39m] [33mo.t.t.s.p.RateLimitService[0;39m                      : total requests 2 in progress 0 queue size 0 
[32m2025-06-05 | 07:25:01.780[0;39m | [34mINFO [0;39m [[36mapp-(scheduled)-statsCollector-0        [0;39m] [33mo.t.t.s.s.StatsCollector[0;39m                        : Schedule:  Key generalRestClient count 2 duration 1894 avg 947 ms 
[32m2025-06-05 | 07:25:01.780[0;39m | [34mINFO [0;39m [[36mapp-(scheduled)-statsCollector-0        [0;39m] [33mo.t.t.s.s.StatsCollector[0;39m                        : Schedule:  Key waitForQuota count 2 duration 1 avg 0 ms 
[32m2025-06-05 | 07:25:02.126[0;39m | [34mINFO [0;39m [[36mapp-(scheduled)-rateLimitLogging-0      [0;39m] [33mo.t.t.s.p.RateLimitService[0;39m                      : total requests 2 in progress 0 queue size 0 
[32m2025-06-05 | 07:25:12.139[0;39m | [34mINFO [0;39m [[36mapp-(scheduled)-rateLimitLogging-0      [0;39m] [33mo.t.t.s.p.RateLimitService[0;39m                      : total requests 2 in progress 0 queue size 0 
[32m2025-06-05 | 07:25:22.127[0;39m | [34mINFO [0;39m [[36mapp-(scheduled)-rateLimitLogging-0      [0;39m] [33mo.t.t.s.p.RateLimitService[0;39m                      : total requests 2 in progress 0 queue size 0 
[32m2025-06-05 | 07:25:32.136[0;39m | [34mINFO [0;39m [[36mapp-(scheduled)-rateLimitLogging-0      [0;39m] [33mo.t.t.s.p.RateLimitService[0;39m                      : total requests 2 in progress 0 queue size 0 
[32m2025-06-05 | 07:25:42.130[0;39m | [34mINFO [0;39m [[36mapp-(scheduled)-rateLimitLogging-0      [0;39m] [33mo.t.t.s.p.RateLimitService[0;39m                      : total requests 2 in progress 0 queue size 0 
[32m2025-06-05 | 07:25:52.132[0;39m | [34mINFO [0;39m [[36mapp-(scheduled)-rateLimitLogging-0      [0;39m] [33mo.t.t.s.p.RateLimitService[0;39m                      : total requests 2 in progress 0 queue size 0 
[32m2025-06-05 | 07:26:01.773[0;39m | [34mINFO [0;39m [[36mapp-(scheduled)-statsCollector-0        [0;39m] [33mo.t.t.s.s.StatsCollector[0;39m                        : Schedule:  Key generalRestClient count 2 duration 1894 avg 947 ms 
[32m2025-06-05 | 07:26:01.774[0;39m | [34mINFO [0;39m [[36mapp-(scheduled)-statsCollector-0        [0;39m] [33mo.t.t.s.s.StatsCollector[0;39m                        : Schedule:  Key waitForQuota count 2 duration 1 avg 0 ms 
[32m2025-06-05 | 07:26:02.132[0;39m | [34mINFO [0;39m [[36mapp-(scheduled)-rateLimitLogging-0      [0;39m] [33mo.t.t.s.p.RateLimitService[0;39m                      : total requests 2 in progress 0 queue size 0 
[32m2025-06-05 | 07:26:12.129[0;39m | [34mINFO [0;39m [[36mapp-(scheduled)-rateLimitLogging-0      [0;39m] [33mo.t.t.s.p.RateLimitService[0;39m                      : total requests 2 in progress 0 queue size 0 
[32m2025-06-05 | 07:26:22.130[0;39m | [34mINFO [0;39m [[36mapp-(scheduled)-rateLimitLogging-0      [0;39m] [33mo.t.t.s.p.RateLimitService[0;39m                      : total requests 2 in progress 0 queue size 0 
[32m2025-06-05 | 07:26:32.134[0;39m | [34mINFO [0;39m [[36mapp-(scheduled)-rateLimitLogging-0      [0;39m] [33mo.t.t.s.p.RateLimitService[0;39m                      : total requests 2 in progress 0 queue size 0 
[32m2025-06-05 | 07:26:42.140[0;39m | [34mINFO [0;39m [[36mapp-(scheduled)-rateLimitLogging-0      [0;39m] [33mo.t.t.s.p.RateLimitService[0;39m                      : total requests 3 in progress 0 queue size 0 
[32m2025-06-05 | 07:26:52.133[0;39m | [34mINFO [0;39m [[36mapp-(scheduled)-rateLimitLogging-0      [0;39m] [33mo.t.t.s.p.RateLimitService[0;39m                      : total requests 4 in progress 0 queue size 0 
[32m2025-06-05 | 07:27:01.779[0;39m | [34mINFO [0;39m [[36mapp-(scheduled)-statsCollector-0        [0;39m] [33mo.t.t.s.s.StatsCollector[0;39m                        : Schedule:  Key generalRestClient count 5 duration 2120 avg 424 ms 
[32m2025-06-05 | 07:27:01.779[0;39m | [34mINFO [0;39m [[36mapp-(scheduled)-statsCollector-0        [0;39m] [33mo.t.t.s.s.StatsCollector[0;39m                        : Schedule:  Key waitForQuota count 5 duration 1 avg 0 ms 
[32m2025-06-05 | 07:27:02.143[0;39m | [34mINFO [0;39m [[36mapp-(scheduled)-rateLimitLogging-0      [0;39m] [33mo.t.t.s.p.RateLimitService[0;39m                      : total requests 5 in progress 0 queue size 0 
[32m2025-06-05 | 07:27:12.130[0;39m | [34mINFO [0;39m [[36mapp-(scheduled)-rateLimitLogging-0      [0;39m] [33mo.t.t.s.p.RateLimitService[0;39m                      : total requests 5 in progress 0 queue size 0 
[32m2025-06-05 | 07:27:22.134[0;39m | [34mINFO [0;39m [[36mapp-(scheduled)-rateLimitLogging-0      [0;39m] [33mo.t.t.s.p.RateLimitService[0;39m                      : total requests 5 in progress 0 queue size 0 
[32m2025-06-05 | 07:27:32.126[0;39m | [34mINFO [0;39m [[36mapp-(scheduled)-rateLimitLogging-0      [0;39m] [33mo.t.t.s.p.RateLimitService[0;39m                      : total requests 5 in progress 0 queue size 0 
[32m2025-06-05 | 07:27:42.134[0;39m | [34mINFO [0;39m [[36mapp-(scheduled)-rateLimitLogging-0      [0;39m] [33mo.t.t.s.p.RateLimitService[0;39m                      : total requests 5 in progress 0 queue size 0 
[32m2025-06-05 | 07:27:52.137[0;39m | [34mINFO [0;39m [[36mapp-(scheduled)-rateLimitLogging-0      [0;39m] [33mo.t.t.s.p.RateLimitService[0;39m                      : total requests 5 in progress 0 queue size 0 
[32m2025-06-05 | 07:28:01.776[0;39m | [34mINFO [0;39m [[36mapp-(scheduled)-statsCollector-0        [0;39m] [33mo.t.t.s.s.StatsCollector[0;39m                        : Schedule:  Key generalRestClient count 5 duration 2120 avg 424 ms 
[32m2025-06-05 | 07:28:01.776[0;39m | [34mINFO [0;39m [[36mapp-(scheduled)-statsCollector-0        [0;39m] [33mo.t.t.s.s.StatsCollector[0;39m                        : Schedule:  Key waitForQuota count 5 duration 1 avg 0 ms 
[32m2025-06-05 | 07:28:02.127[0;39m | [34mINFO [0;39m [[36mapp-(scheduled)-rateLimitLogging-0      [0;39m] [33mo.t.t.s.p.RateLimitService[0;39m                      : total requests 5 in progress 0 queue size 0 
[32m2025-06-05 | 07:28:12.126[0;39m | [34mINFO [0;39m [[36mapp-(scheduled)-rateLimitLogging-0      [0;39m] [33mo.t.t.s.p.RateLimitService[0;39m                      : total requests 5 in progress 0 queue size 0 
[32m2025-06-05 | 07:28:22.131[0;39m | [34mINFO [0;39m [[36mapp-(scheduled)-rateLimitLogging-0      [0;39m] [33mo.t.t.s.p.RateLimitService[0;39m                      : total requests 5 in progress 0 queue size 0 
[32m2025-06-05 | 07:28:32.134[0;39m | [34mINFO [0;39m [[36mapp-(scheduled)-rateLimitLogging-0      [0;39m] [33mo.t.t.s.p.RateLimitService[0;39m                      : total requests 5 in progress 0 queue size 0 
[32m2025-06-05 | 07:28:42.136[0;39m | [34mINFO [0;39m [[36mapp-(scheduled)-rateLimitLogging-0      [0;39m] [33mo.t.t.s.p.RateLimitService[0;39m                      : total requests 5 in progress 0 queue size 0 
[32m2025-06-05 | 07:28:52.130[0;39m | [34mINFO [0;39m [[36mapp-(scheduled)-rateLimitLogging-0      [0;39m] [33mo.t.t.s.p.RateLimitService[0;39m                      : total requests 5 in progress 0 queue size 0 
[32m2025-06-05 | 07:29:01.774[0;39m | [34mINFO [0;39m [[36mapp-(scheduled)-statsCollector-0        [0;39m] [33mo.t.t.s.s.StatsCollector[0;39m                        : Schedule:  Key generalRestClient count 5 duration 2120 avg 424 ms 
[32m2025-06-05 | 07:29:01.774[0;39m | [34mINFO [0;39m [[36mapp-(scheduled)-statsCollector-0        [0;39m] [33mo.t.t.s.s.StatsCollector[0;39m                        : Schedule:  Key waitForQuota count 5 duration 1 avg 0 ms 
[32m2025-06-05 | 07:29:02.136[0;39m | [34mINFO [0;39m [[36mapp-(scheduled)-rateLimitLogging-0      [0;39m] [33mo.t.t.s.p.RateLimitService[0;39m                      : total requests 5 in progress 0 queue size 0 
[32m2025-06-05 | 07:29:12.129[0;39m | [34mINFO [0;39m [[36mapp-(scheduled)-rateLimitLogging-0      [0;39m] [33mo.t.t.s.p.RateLimitService[0;39m                      : total requests 5 in progress 0 queue size 0 
[32m2025-06-05 | 07:29:22.129[0;39m | [34mINFO [0;39m [[36mapp-(scheduled)-rateLimitLogging-0      [0;39m] [33mo.t.t.s.p.RateLimitService[0;39m                      : total requests 5 in progress 0 queue size 0 
[32m2025-06-05 | 07:29:32.134[0;39m | [34mINFO [0;39m [[36mapp-(scheduled)-rateLimitLogging-0      [0;39m] [33mo.t.t.s.p.RateLimitService[0;39m                      : total requests 6 in progress 0 queue size 0 
[32m2025-06-05 | 07:29:42.132[0;39m | [34mINFO [0;39m [[36mapp-(scheduled)-rateLimitLogging-0      [0;39m] [33mo.t.t.s.p.RateLimitService[0;39m                      : total requests 6 in progress 0 queue size 0 
[32m2025-06-05 | 07:29:52.140[0;39m | [34mINFO [0;39m [[36mapp-(scheduled)-rateLimitLogging-0      [0;39m] [33mo.t.t.s.p.RateLimitService[0;39m                      : total requests 6 in progress 0 queue size 0 
[32m2025-06-05 | 07:30:01.781[0;39m | [34mINFO [0;39m [[36mapp-(scheduled)-statsCollector-0        [0;39m] [33mo.t.t.s.s.StatsCollector[0;39m                        : Schedule:  Key generalRestClient count 6 duration 2243 avg 373 ms 
[32m2025-06-05 | 07:30:01.781[0;39m | [34mINFO [0;39m [[36mapp-(scheduled)-statsCollector-0        [0;39m] [33mo.t.t.s.s.StatsCollector[0;39m                        : Schedule:  Key waitForQuota count 6 duration 1 avg 0 ms 
[32m2025-06-05 | 07:30:02.132[0;39m | [34mINFO [0;39m [[36mapp-(scheduled)-rateLimitLogging-0      [0;39m] [33mo.t.t.s.p.RateLimitService[0;39m                      : total requests 6 in progress 0 queue size 0 
[32m2025-06-05 | 07:30:12.129[0;39m | [34mINFO [0;39m [[36mapp-(scheduled)-rateLimitLogging-0      [0;39m] [33mo.t.t.s.p.RateLimitService[0;39m                      : total requests 6 in progress 0 queue size 0 
[32m2025-06-05 | 07:30:22.137[0;39m | [34mINFO [0;39m [[36mapp-(scheduled)-rateLimitLogging-0      [0;39m] [33mo.t.t.s.p.RateLimitService[0;39m                      : total requests 6 in progress 0 queue size 0 
[32m2025-06-05 | 07:30:32.128[0;39m | [34mINFO [0;39m [[36mapp-(scheduled)-rateLimitLogging-0      [0;39m] [33mo.t.t.s.p.RateLimitService[0;39m                      : total requests 6 in progress 0 queue size 0 
[32m2025-06-05 | 07:30:42.132[0;39m | [34mINFO [0;39m [[36mapp-(scheduled)-rateLimitLogging-0      [0;39m] [33mo.t.t.s.p.RateLimitService[0;39m                      : total requests 6 in progress 0 queue size 0 
[32m2025-06-05 | 07:30:52.138[0;39m | [34mINFO [0;39m [[36mapp-(scheduled)-rateLimitLogging-0      [0;39m] [33mo.t.t.s.p.RateLimitService[0;39m                      : total requests 6 in progress 0 queue size 0 
[32m2025-06-05 | 07:31:01.783[0;39m | [34mINFO [0;39m [[36mapp-(scheduled)-statsCollector-0        [0;39m] [33mo.t.t.s.s.StatsCollector[0;39m                        : Schedule:  Key generalRestClient count 6 duration 2243 avg 373 ms 
[32m2025-06-05 | 07:31:01.783[0;39m | [34mINFO [0;39m [[36mapp-(scheduled)-statsCollector-0        [0;39m] [33mo.t.t.s.s.StatsCollector[0;39m                        : Schedule:  Key waitForQuota count 6 duration 1 avg 0 ms 
[32m2025-06-05 | 07:31:02.129[0;39m | [34mINFO [0;39m [[36mapp-(scheduled)-rateLimitLogging-0      [0;39m] [33mo.t.t.s.p.RateLimitService[0;39m                      : total requests 6 in progress 0 queue size 0 
[32m2025-06-05 | 07:31:12.130[0;39m | [34mINFO [0;39m [[36mapp-(scheduled)-rateLimitLogging-0      [0;39m] [33mo.t.t.s.p.RateLimitService[0;39m                      : total requests 6 in progress 0 queue size 0 
[32m2025-06-05 | 07:31:22.128[0;39m | [34mINFO [0;39m [[36mapp-(scheduled)-rateLimitLogging-0      [0;39m] [33mo.t.t.s.p.RateLimitService[0;39m                      : total requests 6 in progress 0 queue size 0 
[32m2025-06-05 | 07:31:32.127[0;39m | [34mINFO [0;39m [[36mapp-(scheduled)-rateLimitLogging-0      [0;39m] [33mo.t.t.s.p.RateLimitService[0;39m                      : total requests 6 in progress 0 queue size 0 
[32m2025-06-05 | 07:31:42.129[0;39m | [34mINFO [0;39m [[36mapp-(scheduled)-rateLimitLogging-0      [0;39m] [33mo.t.t.s.p.RateLimitService[0;39m                      : total requests 7 in progress 0 queue size 0 
[32m2025-06-05 | 07:31:52.129[0;39m | [34mINFO [0;39m [[36mapp-(scheduled)-rateLimitLogging-0      [0;39m] [33mo.t.t.s.p.RateLimitService[0;39m                      : total requests 7 in progress 0 queue size 0 
[32m2025-06-05 | 07:32:01.776[0;39m | [34mINFO [0;39m [[36mapp-(scheduled)-statsCollector-0        [0;39m] [33mo.t.t.s.s.StatsCollector[0;39m                        : Schedule:  Key generalRestClient count 7 duration 2362 avg 337 ms 
[32m2025-06-05 | 07:32:01.776[0;39m | [34mINFO [0;39m [[36mapp-(scheduled)-statsCollector-0        [0;39m] [33mo.t.t.s.s.StatsCollector[0;39m                        : Schedule:  Key waitForQuota count 7 duration 1 avg 0 ms 
[32m2025-06-05 | 07:32:02.141[0;39m | [34mINFO [0;39m [[36mapp-(scheduled)-rateLimitLogging-0      [0;39m] [33mo.t.t.s.p.RateLimitService[0;39m                      : total requests 7 in progress 0 queue size 0 
[32m2025-06-05 | 07:32:12.126[0;39m | [34mINFO [0;39m [[36mapp-(scheduled)-rateLimitLogging-0      [0;39m] [33mo.t.t.s.p.RateLimitService[0;39m                      : total requests 7 in progress 0 queue size 0 
[32m2025-06-05 | 07:40:29.131[0;39m | [34mINFO [0;39m [[36mbackground-preinit                      [0;39m] [33mo.h.v.i.u.Version[0;39m                               : HV000001: Hibernate Validator 8.0.1.Final 
[32m2025-06-05 | 07:40:29.237[0;39m | [34mINFO [0;39m [[36mmain                                    [0;39m] [33mo.s.b.StartupInfoLogger[0;39m                         : Starting TrendzApplication v1.13.1-SNAPSHOT using Java 17.0.15 with PID 28556 (C:\Program Files (x86)\trendz\lib\trendz.jar started by DESKTOP-FEGLDB1$ in C:\Program Files (x86)\trendz\conf) 
[32m2025-06-05 | 07:40:29.237[0;39m | [34mINFO [0;39m [[36mmain                                    [0;39m] [33mo.s.b.SpringApplication[0;39m                         : No active profile set, falling back to 1 default profile: "default" 
[32m2025-06-05 | 07:40:31.625[0;39m | [34mINFO [0;39m [[36mmain                                    [0;39m] [33mo.s.d.r.c.RepositoryConfigurationDelegate[0;39m       : Multiple Spring Data modules found, entering strict repository configuration mode 
[32m2025-06-05 | 07:40:31.625[0;39m | [34mINFO [0;39m [[36mmain                                    [0;39m] [33mo.s.d.r.c.RepositoryConfigurationDelegate[0;39m       : Bootstrapping Spring Data JPA repositories in DEFAULT mode. 
[32m2025-06-05 | 07:40:32.858[0;39m | [34mINFO [0;39m [[36mmain                                    [0;39m] [33mo.s.d.r.c.RepositoryConfigurationDelegate[0;39m       : Finished Spring Data repository scanning in 1193 ms. Found 45 JPA repository interfaces. 
[32m2025-06-05 | 07:40:39.178[0;39m | [34mINFO [0;39m [[36mmain                                    [0;39m] [33mo.s.b.w.e.t.TomcatWebServer[0;39m                     : Tomcat initialized with port 8888 (http) 
[32m2025-06-05 | 07:40:39.226[0;39m | [34mINFO [0;39m [[36mmain                                    [0;39m] [33mo.a.j.l.DirectJDKLog[0;39m                            : Initializing ProtocolHandler ["http-nio-0.0.0.0-8888"] 
[32m2025-06-05 | 07:40:39.227[0;39m | [34mINFO [0;39m [[36mmain                                    [0;39m] [33mo.a.j.l.DirectJDKLog[0;39m                            : Starting service [Tomcat] 
[32m2025-06-05 | 07:40:39.227[0;39m | [34mINFO [0;39m [[36mmain                                    [0;39m] [33mo.a.j.l.DirectJDKLog[0;39m                            : Starting Servlet engine: [Apache Tomcat/10.1.19] 
[32m2025-06-05 | 07:40:39.370[0;39m | [34mINFO [0;39m [[36mmain                                    [0;39m] [33mo.a.j.l.DirectJDKLog[0;39m                            : Initializing Spring embedded WebApplicationContext 
[32m2025-06-05 | 07:40:39.370[0;39m | [34mINFO [0;39m [[36mmain                                    [0;39m] [33mo.s.b.w.s.c.ServletWebServerApplicationContext[0;39m  : Root WebApplicationContext: initialization completed in 10033 ms 
[32m2025-06-05 | 07:40:41.666[0;39m | [34mINFO [0;39m [[36mmain                                    [0;39m] [33mo.t.t.s.p.c.CaffeineCacheConfiguration[0;39m          : Used cache tool: Caffeine 
[32m2025-06-05 | 07:40:41.895[0;39m | [34mINFO [0;39m [[36mmain                                    [0;39m] [33mo.t.t.s.p.BucketConfiguration[0;39m                   : Cloud Rate Limiting status: DISABLED 
[32m2025-06-05 | 07:40:41.958[0;39m | [34mINFO [0;39m [[36mmain                                    [0;39m] [33mo.t.t.s.p.CloudRateLimitService[0;39m                 : Cloud Rate Limiting status: DISABLED 
[32m2025-06-05 | 07:40:41.992[0;39m | [34mINFO [0;39m [[36mmain                                    [0;39m] [33mo.t.t.s.p.TbWebClient[0;39m                           : Default DNS resolver is used 
[32m2025-06-05 | 07:40:43.071[0;39m | [34mINFO [0;39m [[36mmain                                    [0;39m] [33mo.h.j.i.u.LogHelper[0;39m                             : HHH000204: Processing PersistenceUnitInfo [name: default] 
[32m2025-06-05 | 07:40:43.342[0;39m | [34mINFO [0;39m [[36mmain                                    [0;39m] [33mo.h.Version[0;39m                                     : HHH000412: Hibernate ORM core version 6.4.4.Final 
[32m2025-06-05 | 07:40:43.504[0;39m | [34mINFO [0;39m [[36mmain                                    [0;39m] [33mo.h.c.i.RegionFactoryInitiator[0;39m                  : HHH000026: Second-level cache disabled 
[32m2025-06-05 | 07:40:44.303[0;39m | [34mINFO [0;39m [[36mmain                                    [0;39m] [33mo.s.o.j.p.SpringPersistenceUnitInfo[0;39m             : No LoadTimeWeaver setup: ignoring JPA class transformer 
[32m2025-06-05 | 07:40:44.435[0;39m | [34mINFO [0;39m [[36mmain                                    [0;39m] [33mc.z.h.HikariDataSource[0;39m                          : HikariPool-1 - Starting... 
[32m2025-06-05 | 07:40:44.887[0;39m | [34mINFO [0;39m [[36mmain                                    [0;39m] [33mc.z.h.p.HikariPool[0;39m                              : HikariPool-1 - Added connection org.postgresql.jdbc.PgConnection@4bfaa7b 
[32m2025-06-05 | 07:40:44.889[0;39m | [34mINFO [0;39m [[36mmain                                    [0;39m] [33mc.z.h.HikariDataSource[0;39m                          : HikariPool-1 - Start completed. 
[32m2025-06-05 | 07:40:44.934[0;39m | [31mWARN [0;39m [[36mmain                                    [0;39m] [33mo.h.e.j.d.i.DialectFactoryImpl[0;39m                  : HHH90000025: PostgreSQLDialect does not need to be specified explicitly using 'hibernate.dialect' (remove the property setting and it will be selected by default) 
[32m2025-06-05 | 07:40:50.730[0;39m | [34mINFO [0;39m [[36mmain                                    [0;39m] [33mo.h.e.t.j.p.i.JtaPlatformInitiator[0;39m              : HHH000489: No JTA platform available (set 'hibernate.transaction.jta.platform' to enable JTA platform integration) 
[32m2025-06-05 | 07:40:50.919[0;39m | [34mINFO [0;39m [[36mmain                                    [0;39m] [33mo.s.o.j.AbstractEntityManagerFactoryBean[0;39m        : Initialized JPA EntityManagerFactory for persistence unit 'default' 
[32m2025-06-05 | 07:40:51.986[0;39m | [34mINFO [0;39m [[36mapp-(scheduled)-rateLimitLogging-0      [0;39m] [33mo.t.t.s.p.RateLimitService[0;39m                      : total requests 0 in progress 0 queue size 0 
[32m2025-06-05 | 07:40:52.175[0;39m | [34mINFO [0;39m [[36mmain                                    [0;39m] [33mo.s.d.j.r.q.QueryEnhancerFactory[0;39m                : Hibernate is in classpath; If applicable, HQL parser will be used. 
[32m2025-06-05 | 07:40:53.799[0;39m | [34mINFO [0;39m [[36mmain                                    [0;39m] [33mo.t.l.c.TbLicenseClient[0;39m                         : Initializing ThingsBoard License Client, Release Date [2025-05-02] 
[32m2025-06-05 | 07:40:54.332[0;39m | [34mINFO [0;39m [[36mmain                                    [0;39m] [33mo.t.l.c.TbLicenseClient[0;39m                         : Obtained instance data from file. 
[32m2025-06-05 | 07:40:54.332[0;39m | [34mINFO [0;39m [[36mmain                                    [0;39m] [33mo.t.l.c.TbLicenseClient[0;39m                         : instanceId: [I8XPdcC3hX4YpeAjrHtd] 
[32m2025-06-05 | 07:40:54.395[0;39m | [34mINFO [0;39m [[36mmain                                    [0;39m] [33mo.t.l.c.TbLicenseClient[0;39m                         : planData: {
  "asset_count" : {
    "value" : 10,
    "description" : "The maximum number of assets"
  },
  "device_count" : {
    "value" : 10,
    "description" : "The maximum number of devices"
  }
} 
[32m2025-06-05 | 07:40:55.609[0;39m | [34mINFO [0;39m [[36mmain                                    [0;39m] [33mo.t.l.c.TbLicenseClient[0;39m                         : Executed checkInstance method. 
[32m2025-06-05 | 07:40:55.610[0;39m | [34mINFO [0;39m [[36mmain                                    [0;39m] [33mo.t.l.c.TbLicenseClient[0;39m                         : instanceId: [I8XPdcC3hX4YpeAjrHtd] 
[32m2025-06-05 | 07:40:55.613[0;39m | [34mINFO [0;39m [[36mmain                                    [0;39m] [33mo.t.l.c.TbLicenseClient[0;39m                         : planData: {
  "asset_count" : {
    "value" : 10,
    "description" : "The maximum number of assets"
  },
  "device_count" : {
    "value" : 10,
    "description" : "The maximum number of devices"
  }
} 
[32m2025-06-05 | 07:40:55.613[0;39m | [34mINFO [0;39m [[36mmain                                    [0;39m] [33mo.t.l.c.TbLicenseClient[0;39m                         : Initialized ThingsBoard License Client with instanceId [I8XPdcC3hX4YpeAjrHtd] 
[32m2025-06-05 | 07:41:01.988[0;39m | [34mINFO [0;39m [[36mapp-(scheduled)-rateLimitLogging-0      [0;39m] [33mo.t.t.s.p.RateLimitService[0;39m                      : total requests 0 in progress 0 queue size 0 
[32m2025-06-05 | 07:41:03.038[0;39m | [34mINFO [0;39m [[36mmain                                    [0;39m] [33mo.t.t.StartupValidationService[0;39m                  : The version of database is matching to Trendz version [1.13.1] 
[32m2025-06-05 | 07:41:03.647[0;39m | [34mINFO [0;39m [[36mmain                                    [0;39m] [33mo.t.t.c.PublicApiController[0;39m                     : application 1.13.1-SNAPSHOT ThingsBoard Trendz Server Application 2025-05-02T08:21:36.700Z 
[32m2025-06-05 | 07:41:04.977[0;39m | [34mINFO [0;39m [[36mmain                                    [0;39m] [33mo.s.b.a.w.s.WelcomePageHandlerMapping[0;39m           : Adding welcome page: class path resource [resources/index.html] 
[32m2025-06-05 | 07:41:05.502[0;39m | [34mINFO [0;39m [[36mmain                                    [0;39m] [33mo.s.b.a.e.w.EndpointLinksResolver[0;39m               : Exposing 0 endpoint(s) beneath base path '/actuator' 
[32m2025-06-05 | 07:41:05.752[0;39m | [34mINFO [0;39m [[36mmain                                    [0;39m] [33mo.s.s.w.DefaultSecurityFilterChain[0;39m              : Will secure any request with [org.springframework.security.web.session.DisableEncodeUrlFilter@406b2c60, org.springframework.security.web.context.request.async.WebAsyncManagerIntegrationFilter@7d1a9695, org.springframework.security.web.context.SecurityContextHolderFilter@66c3a4a8, org.springframework.security.web.header.HeaderWriterFilter@274509cc, org.springframework.web.filter.CorsFilter@7acc1c2b, org.springframework.security.web.authentication.logout.LogoutFilter@64ee819, org.thingsboard.trendz.security.RestLoginProcessingFilter@6f8b1902, org.thingsboard.trendz.security.JwtTokenAuthenticationProcessingFilter@55c901b2, org.thingsboard.trendz.security.RefreshTokenProcessingFilter@198c97d0, org.springframework.security.web.savedrequest.RequestCacheAwareFilter@86a7fe8, org.springframework.security.web.servletapi.SecurityContextHolderAwareRequestFilter@3db293ff, org.springframework.security.web.authentication.AnonymousAuthenticationFilter@131624f3, org.springframework.security.web.session.SessionManagementFilter@4fff2c5, org.springframework.security.web.access.ExceptionTranslationFilter@16e7b37c, org.springframework.security.web.access.intercept.AuthorizationFilter@3b7bf29a] 
[32m2025-06-05 | 07:41:08.066[0;39m | [34mINFO [0;39m [[36mmain                                    [0;39m] [33mo.a.j.l.DirectJDKLog[0;39m                            : Starting ProtocolHandler ["http-nio-0.0.0.0-8888"] 
[32m2025-06-05 | 07:41:08.116[0;39m | [34mINFO [0;39m [[36mmain                                    [0;39m] [33mo.s.b.w.e.t.TomcatWebServer[0;39m                     : Tomcat started on port 8888 (http) with context path '' 
[32m2025-06-05 | 07:41:08.126[0;39m | [34mINFO [0;39m [[36mmain                                    [0;39m] [33mo.s.c.l.CompositeLog[0;39m                            : Starting... 
[32m2025-06-05 | 07:41:08.126[0;39m | [34mINFO [0;39m [[36mmain                                    [0;39m] [33mo.s.c.l.CompositeLog[0;39m                            : BrokerAvailabilityEvent[available=true, SimpleBrokerMessageHandler [org.springframework.messaging.simp.broker.DefaultSubscriptionRegistry@545d3648]] 
[32m2025-06-05 | 07:41:08.126[0;39m | [34mINFO [0;39m [[36mmain                                    [0;39m] [33mo.s.c.l.CompositeLog[0;39m                            : Started. 
[32m2025-06-05 | 07:41:08.206[0;39m | [34mINFO [0;39m [[36mMessageBroker-1                         [0;39m] [33mo.t.t.s.t.InitializationServiceImpl[0;39m             : Scheduled user validation: started 
[32m2025-06-05 | 07:41:08.286[0;39m | [34mINFO [0;39m [[36mmain                                    [0;39m] [33mo.t.t.s.t.InitializationServiceImpl[0;39m             : Defined statuses for 0 tenants 
[32m2025-06-05 | 07:41:08.286[0;39m | [34mINFO [0;39m [[36mmain                                    [0;39m] [33mo.t.t.s.t.TaskRuntimeService[0;39m                    : The task runtime scheduler is enabled! 
[32m2025-06-05 | 07:41:08.295[0;39m | [34mINFO [0;39m [[36mmain                                    [0;39m] [33mo.s.b.StartupInfoLogger[0;39m                         : Started TrendzApplication in 39.595 seconds (process running for 40.66) 
[32m2025-06-05 | 07:41:08.322[0;39m | [34mINFO [0;39m [[36mMessageBroker-1                         [0;39m] [33mo.t.t.s.t.InitializationServiceImpl[0;39m             : Scheduled user validation: finished 
[32m2025-06-05 | 07:41:11.980[0;39m | [34mINFO [0;39m [[36mapp-(scheduled)-rateLimitLogging-0      [0;39m] [33mo.t.t.s.p.RateLimitService[0;39m                      : total requests 0 in progress 0 queue size 0 
[32m2025-06-05 | 07:41:21.993[0;39m | [34mINFO [0;39m [[36mapp-(scheduled)-rateLimitLogging-0      [0;39m] [33mo.t.t.s.p.RateLimitService[0;39m                      : total requests 0 in progress 0 queue size 0 
[32m2025-06-05 | 07:41:29.709[0;39m | [34mINFO [0;39m [[36mhttp-nio-0.0.0.0-8888-exec-1            [0;39m] [33mo.a.j.l.DirectJDKLog[0;39m                            : Initializing Spring DispatcherServlet 'dispatcherServlet' 
[32m2025-06-05 | 07:41:29.709[0;39m | [34mINFO [0;39m [[36mhttp-nio-0.0.0.0-8888-exec-1            [0;39m] [33mo.s.w.s.FrameworkServlet[0;39m                        : Initializing Servlet 'dispatcherServlet' 
[32m2025-06-05 | 07:41:29.709[0;39m | [34mINFO [0;39m [[36mhttp-nio-0.0.0.0-8888-exec-1            [0;39m] [33mo.s.w.s.FrameworkServlet[0;39m                        : Completed initialization in 0 ms 
[32m2025-06-05 | 07:41:31.982[0;39m | [34mINFO [0;39m [[36mapp-(scheduled)-rateLimitLogging-0      [0;39m] [33mo.t.t.s.p.RateLimitService[0;39m                      : total requests 1 in progress 1 queue size 1 
[32m2025-06-05 | 07:41:41.623[0;39m | [34mINFO [0;39m [[36mapp-(scheduled)-statsCollector-0        [0;39m] [33mo.t.t.s.s.StatsCollector[0;39m                        : Schedule:  Key generalRestClient count 1 duration 1461 avg 1461 ms 
[32m2025-06-05 | 07:41:41.624[0;39m | [34mINFO [0;39m [[36mapp-(scheduled)-statsCollector-0        [0;39m] [33mo.t.t.s.s.StatsCollector[0;39m                        : Schedule:  Key waitForQuota count 1 duration 0 avg 0 ms 
[32m2025-06-05 | 07:41:41.985[0;39m | [34mINFO [0;39m [[36mapp-(scheduled)-rateLimitLogging-0      [0;39m] [33mo.t.t.s.p.RateLimitService[0;39m                      : total requests 1 in progress 0 queue size 0 
[32m2025-06-05 | 07:41:51.985[0;39m | [34mINFO [0;39m [[36mapp-(scheduled)-rateLimitLogging-0      [0;39m] [33mo.t.t.s.p.RateLimitService[0;39m                      : total requests 2 in progress 0 queue size 0 
[32m2025-06-05 | 07:42:01.979[0;39m | [34mINFO [0;39m [[36mapp-(scheduled)-rateLimitLogging-0      [0;39m] [33mo.t.t.s.p.RateLimitService[0;39m                      : total requests 2 in progress 0 queue size 0 
[32m2025-06-05 | 07:42:07.989[0;39m | [34mINFO [0;39m [[36mMessageBroker-2                         [0;39m] [33mo.s.w.s.c.WebSocketMessageBrokerStats[0;39m           : WebSocketSession[0 current WS(0)-HttpStream(0)-HttpPoll(0), 0 total, 0 closed abnormally (0 connect failure, 0 send limit, 0 transport error)], stompSubProtocol[processed CONNECT(0)-CONNECTED(0)-DISCONNECT(0)], stompBrokerRelay[null], inboundChannel[pool size = 0, active threads = 0, queued tasks = 0, completed tasks = 0], outboundChannel[pool size = 0, active threads = 0, queued tasks = 0, completed tasks = 0], sockJsScheduler[pool size = 3, active threads = 1, queued tasks = 1, completed tasks = 1] 
[32m2025-06-05 | 07:42:11.984[0;39m | [34mINFO [0;39m [[36mapp-(scheduled)-rateLimitLogging-0      [0;39m] [33mo.t.t.s.p.RateLimitService[0;39m                      : total requests 2 in progress 0 queue size 0 
[32m2025-06-05 | 07:42:21.984[0;39m | [34mINFO [0;39m [[36mapp-(scheduled)-rateLimitLogging-0      [0;39m] [33mo.t.t.s.p.RateLimitService[0;39m                      : total requests 2 in progress 0 queue size 0 
[32m2025-06-05 | 07:42:31.981[0;39m | [34mINFO [0;39m [[36mapp-(scheduled)-rateLimitLogging-0      [0;39m] [33mo.t.t.s.p.RateLimitService[0;39m                      : total requests 2 in progress 0 queue size 0 
[32m2025-06-05 | 07:42:41.623[0;39m | [34mINFO [0;39m [[36mapp-(scheduled)-statsCollector-0        [0;39m] [33mo.t.t.s.s.StatsCollector[0;39m                        : Schedule:  Key generalRestClient count 2 duration 1511 avg 755 ms 
[32m2025-06-05 | 07:42:41.623[0;39m | [34mINFO [0;39m [[36mapp-(scheduled)-statsCollector-0        [0;39m] [33mo.t.t.s.s.StatsCollector[0;39m                        : Schedule:  Key waitForQuota count 2 duration 0 avg 0 ms 
[32m2025-06-05 | 07:42:41.985[0;39m | [34mINFO [0;39m [[36mapp-(scheduled)-rateLimitLogging-0      [0;39m] [33mo.t.t.s.p.RateLimitService[0;39m                      : total requests 2 in progress 0 queue size 0 
[32m2025-06-05 | 07:42:51.982[0;39m | [34mINFO [0;39m [[36mapp-(scheduled)-rateLimitLogging-0      [0;39m] [33mo.t.t.s.p.RateLimitService[0;39m                      : total requests 2 in progress 0 queue size 0 
[32m2025-06-05 | 07:43:01.993[0;39m | [34mINFO [0;39m [[36mapp-(scheduled)-rateLimitLogging-0      [0;39m] [33mo.t.t.s.p.RateLimitService[0;39m                      : total requests 2 in progress 0 queue size 0 
[32m2025-06-05 | 07:43:11.983[0;39m | [34mINFO [0;39m [[36mapp-(scheduled)-rateLimitLogging-0      [0;39m] [33mo.t.t.s.p.RateLimitService[0;39m                      : total requests 2 in progress 0 queue size 0 
[32m2025-06-05 | 07:43:21.991[0;39m | [34mINFO [0;39m [[36mapp-(scheduled)-rateLimitLogging-0      [0;39m] [33mo.t.t.s.p.RateLimitService[0;39m                      : total requests 2 in progress 0 queue size 0 
[32m2025-06-05 | 07:43:31.982[0;39m | [34mINFO [0;39m [[36mapp-(scheduled)-rateLimitLogging-0      [0;39m] [33mo.t.t.s.p.RateLimitService[0;39m                      : total requests 2 in progress 0 queue size 0 
[32m2025-06-05 | 07:43:41.620[0;39m | [34mINFO [0;39m [[36mapp-(scheduled)-statsCollector-0        [0;39m] [33mo.t.t.s.s.StatsCollector[0;39m                        : Schedule:  Key generalRestClient count 2 duration 1511 avg 755 ms 
[32m2025-06-05 | 07:43:41.621[0;39m | [34mINFO [0;39m [[36mapp-(scheduled)-statsCollector-0        [0;39m] [33mo.t.t.s.s.StatsCollector[0;39m                        : Schedule:  Key waitForQuota count 2 duration 0 avg 0 ms 
[32m2025-06-05 | 07:43:41.980[0;39m | [34mINFO [0;39m [[36mapp-(scheduled)-rateLimitLogging-0      [0;39m] [33mo.t.t.s.p.RateLimitService[0;39m                      : total requests 2 in progress 0 queue size 0 
[32m2025-06-05 | 07:43:51.990[0;39m | [34mINFO [0;39m [[36mapp-(scheduled)-rateLimitLogging-0      [0;39m] [33mo.t.t.s.p.RateLimitService[0;39m                      : total requests 2 in progress 0 queue size 0 
[32m2025-06-05 | 07:44:01.992[0;39m | [34mINFO [0;39m [[36mapp-(scheduled)-rateLimitLogging-0      [0;39m] [33mo.t.t.s.p.RateLimitService[0;39m                      : total requests 4 in progress 0 queue size 0 
[32m2025-06-05 | 07:44:11.993[0;39m | [34mINFO [0;39m [[36mapp-(scheduled)-rateLimitLogging-0      [0;39m] [33mo.t.t.s.p.RateLimitService[0;39m                      : total requests 5 in progress 0 queue size 0 
[32m2025-06-05 | 07:44:21.992[0;39m | [34mINFO [0;39m [[36mapp-(scheduled)-rateLimitLogging-0      [0;39m] [33mo.t.t.s.p.RateLimitService[0;39m                      : total requests 5 in progress 0 queue size 0 
[32m2025-06-05 | 07:44:31.991[0;39m | [34mINFO [0;39m [[36mapp-(scheduled)-rateLimitLogging-0      [0;39m] [33mo.t.t.s.p.RateLimitService[0;39m                      : total requests 5 in progress 0 queue size 0 
[32m2025-06-05 | 07:44:41.621[0;39m | [34mINFO [0;39m [[36mapp-(scheduled)-statsCollector-0        [0;39m] [33mo.t.t.s.s.StatsCollector[0;39m                        : Schedule:  Key generalRestClient count 5 duration 1780 avg 356 ms 
[32m2025-06-05 | 07:44:41.621[0;39m | [34mINFO [0;39m [[36mapp-(scheduled)-statsCollector-0        [0;39m] [33mo.t.t.s.s.StatsCollector[0;39m                        : Schedule:  Key waitForQuota count 5 duration 0 avg 0 ms 
[32m2025-06-05 | 07:44:41.983[0;39m | [34mINFO [0;39m [[36mapp-(scheduled)-rateLimitLogging-0      [0;39m] [33mo.t.t.s.p.RateLimitService[0;39m                      : total requests 5 in progress 0 queue size 0 
[32m2025-06-05 | 07:44:51.993[0;39m | [34mINFO [0;39m [[36mapp-(scheduled)-rateLimitLogging-0      [0;39m] [33mo.t.t.s.p.RateLimitService[0;39m                      : total requests 5 in progress 0 queue size 0 
[32m2025-06-05 | 07:45:01.991[0;39m | [34mINFO [0;39m [[36mapp-(scheduled)-rateLimitLogging-0      [0;39m] [33mo.t.t.s.p.RateLimitService[0;39m                      : total requests 5 in progress 0 queue size 0 
[32m2025-06-05 | 07:45:11.983[0;39m | [34mINFO [0;39m [[36mapp-(scheduled)-rateLimitLogging-0      [0;39m] [33mo.t.t.s.p.RateLimitService[0;39m                      : total requests 5 in progress 0 queue size 0 
[32m2025-06-05 | 07:45:21.978[0;39m | [34mINFO [0;39m [[36mapp-(scheduled)-rateLimitLogging-0      [0;39m] [33mo.t.t.s.p.RateLimitService[0;39m                      : total requests 5 in progress 0 queue size 0 
[32m2025-06-05 | 07:45:31.990[0;39m | [34mINFO [0;39m [[36mapp-(scheduled)-rateLimitLogging-0      [0;39m] [33mo.t.t.s.p.RateLimitService[0;39m                      : total requests 5 in progress 0 queue size 0 
[32m2025-06-05 | 07:45:41.619[0;39m | [34mINFO [0;39m [[36mapp-(scheduled)-statsCollector-0        [0;39m] [33mo.t.t.s.s.StatsCollector[0;39m                        : Schedule:  Key generalRestClient count 5 duration 1780 avg 356 ms 
[32m2025-06-05 | 07:45:41.619[0;39m | [34mINFO [0;39m [[36mapp-(scheduled)-statsCollector-0        [0;39m] [33mo.t.t.s.s.StatsCollector[0;39m                        : Schedule:  Key waitForQuota count 5 duration 0 avg 0 ms 
[32m2025-06-05 | 07:45:41.981[0;39m | [34mINFO [0;39m [[36mapp-(scheduled)-rateLimitLogging-0      [0;39m] [33mo.t.t.s.p.RateLimitService[0;39m                      : total requests 5 in progress 0 queue size 0 
[32m2025-06-05 | 07:45:51.982[0;39m | [34mINFO [0;39m [[36mapp-(scheduled)-rateLimitLogging-0      [0;39m] [33mo.t.t.s.p.RateLimitService[0;39m                      : total requests 5 in progress 0 queue size 0 
[32m2025-06-05 | 07:46:01.987[0;39m | [34mINFO [0;39m [[36mapp-(scheduled)-rateLimitLogging-0      [0;39m] [33mo.t.t.s.p.RateLimitService[0;39m                      : total requests 5 in progress 0 queue size 0 
[32m2025-06-05 | 07:46:11.987[0;39m | [34mINFO [0;39m [[36mapp-(scheduled)-rateLimitLogging-0      [0;39m] [33mo.t.t.s.p.RateLimitService[0;39m                      : total requests 5 in progress 0 queue size 0 
[32m2025-06-05 | 07:46:21.987[0;39m | [34mINFO [0;39m [[36mapp-(scheduled)-rateLimitLogging-0      [0;39m] [33mo.t.t.s.p.RateLimitService[0;39m                      : total requests 5 in progress 0 queue size 0 
[32m2025-06-05 | 07:46:31.985[0;39m | [34mINFO [0;39m [[36mapp-(scheduled)-rateLimitLogging-0      [0;39m] [33mo.t.t.s.p.RateLimitService[0;39m                      : total requests 5 in progress 0 queue size 0 
[32m2025-06-05 | 07:46:41.619[0;39m | [34mINFO [0;39m [[36mapp-(scheduled)-statsCollector-0        [0;39m] [33mo.t.t.s.s.StatsCollector[0;39m                        : Schedule:  Key generalRestClient count 5 duration 1780 avg 356 ms 
[32m2025-06-05 | 07:46:41.619[0;39m | [34mINFO [0;39m [[36mapp-(scheduled)-statsCollector-0        [0;39m] [33mo.t.t.s.s.StatsCollector[0;39m                        : Schedule:  Key waitForQuota count 5 duration 0 avg 0 ms 
[32m2025-06-05 | 07:46:41.981[0;39m | [34mINFO [0;39m [[36mapp-(scheduled)-rateLimitLogging-0      [0;39m] [33mo.t.t.s.p.RateLimitService[0;39m                      : total requests 5 in progress 0 queue size 0 
[32m2025-06-05 | 07:46:51.990[0;39m | [34mINFO [0;39m [[36mapp-(scheduled)-rateLimitLogging-0      [0;39m] [33mo.t.t.s.p.RateLimitService[0;39m                      : total requests 5 in progress 0 queue size 0 
[32m2025-06-05 | 07:47:01.981[0;39m | [34mINFO [0;39m [[36mapp-(scheduled)-rateLimitLogging-0      [0;39m] [33mo.t.t.s.p.RateLimitService[0;39m                      : total requests 5 in progress 0 queue size 0 
[32m2025-06-05 | 07:47:11.982[0;39m | [34mINFO [0;39m [[36mapp-(scheduled)-rateLimitLogging-0      [0;39m] [33mo.t.t.s.p.RateLimitService[0;39m                      : total requests 5 in progress 0 queue size 0 
[32m2025-06-05 | 07:47:21.990[0;39m | [34mINFO [0;39m [[36mapp-(scheduled)-rateLimitLogging-0      [0;39m] [33mo.t.t.s.p.RateLimitService[0;39m                      : total requests 5 in progress 0 queue size 0 
[32m2025-06-05 | 07:47:31.985[0;39m | [34mINFO [0;39m [[36mapp-(scheduled)-rateLimitLogging-0      [0;39m] [33mo.t.t.s.p.RateLimitService[0;39m                      : total requests 5 in progress 0 queue size 0 
[32m2025-06-05 | 07:47:41.622[0;39m | [34mINFO [0;39m [[36mapp-(scheduled)-statsCollector-0        [0;39m] [33mo.t.t.s.s.StatsCollector[0;39m                        : Schedule:  Key generalRestClient count 5 duration 1780 avg 356 ms 
[32m2025-06-05 | 07:47:41.623[0;39m | [34mINFO [0;39m [[36mapp-(scheduled)-statsCollector-0        [0;39m] [33mo.t.t.s.s.StatsCollector[0;39m                        : Schedule:  Key waitForQuota count 5 duration 0 avg 0 ms 
[32m2025-06-05 | 07:47:41.988[0;39m | [34mINFO [0;39m [[36mapp-(scheduled)-rateLimitLogging-0      [0;39m] [33mo.t.t.s.p.RateLimitService[0;39m                      : total requests 5 in progress 0 queue size 0 
[32m2025-06-05 | 07:47:51.980[0;39m | [34mINFO [0;39m [[36mapp-(scheduled)-rateLimitLogging-0      [0;39m] [33mo.t.t.s.p.RateLimitService[0;39m                      : total requests 5 in progress 0 queue size 0 
[32m2025-06-05 | 07:48:01.983[0;39m | [34mINFO [0;39m [[36mapp-(scheduled)-rateLimitLogging-0      [0;39m] [33mo.t.t.s.p.RateLimitService[0;39m                      : total requests 5 in progress 0 queue size 0 
[32m2025-06-05 | 07:48:11.985[0;39m | [34mINFO [0;39m [[36mapp-(scheduled)-rateLimitLogging-0      [0;39m] [33mo.t.t.s.p.RateLimitService[0;39m                      : total requests 5 in progress 0 queue size 0 
[32m2025-06-05 | 07:48:21.991[0;39m | [34mINFO [0;39m [[36mapp-(scheduled)-rateLimitLogging-0      [0;39m] [33mo.t.t.s.p.RateLimitService[0;39m                      : total requests 5 in progress 0 queue size 0 
[32m2025-06-05 | 07:48:31.992[0;39m | [34mINFO [0;39m [[36mapp-(scheduled)-rateLimitLogging-0      [0;39m] [33mo.t.t.s.p.RateLimitService[0;39m                      : total requests 5 in progress 0 queue size 0 
[32m2025-06-05 | 07:48:41.623[0;39m | [34mINFO [0;39m [[36mapp-(scheduled)-statsCollector-0        [0;39m] [33mo.t.t.s.s.StatsCollector[0;39m                        : Schedule:  Key generalRestClient count 5 duration 1780 avg 356 ms 
[32m2025-06-05 | 07:48:41.623[0;39m | [34mINFO [0;39m [[36mapp-(scheduled)-statsCollector-0        [0;39m] [33mo.t.t.s.s.StatsCollector[0;39m                        : Schedule:  Key waitForQuota count 5 duration 0 avg 0 ms 
[32m2025-06-05 | 07:48:41.985[0;39m | [34mINFO [0;39m [[36mapp-(scheduled)-rateLimitLogging-0      [0;39m] [33mo.t.t.s.p.RateLimitService[0;39m                      : total requests 5 in progress 0 queue size 0 
[32m2025-06-05 | 07:48:51.983[0;39m | [34mINFO [0;39m [[36mapp-(scheduled)-rateLimitLogging-0      [0;39m] [33mo.t.t.s.p.RateLimitService[0;39m                      : total requests 5 in progress 0 queue size 0 
[32m2025-06-05 | 07:49:01.980[0;39m | [34mINFO [0;39m [[36mapp-(scheduled)-rateLimitLogging-0      [0;39m] [33mo.t.t.s.p.RateLimitService[0;39m                      : total requests 5 in progress 0 queue size 0 
[32m2025-06-05 | 07:49:11.987[0;39m | [34mINFO [0;39m [[36mapp-(scheduled)-rateLimitLogging-0      [0;39m] [33mo.t.t.s.p.RateLimitService[0;39m                      : total requests 5 in progress 0 queue size 0 
[32m2025-06-05 | 07:49:21.980[0;39m | [34mINFO [0;39m [[36mapp-(scheduled)-rateLimitLogging-0      [0;39m] [33mo.t.t.s.p.RateLimitService[0;39m                      : total requests 5 in progress 0 queue size 0 
[32m2025-06-05 | 07:49:31.988[0;39m | [34mINFO [0;39m [[36mapp-(scheduled)-rateLimitLogging-0      [0;39m] [33mo.t.t.s.p.RateLimitService[0;39m                      : total requests 5 in progress 0 queue size 0 
[32m2025-06-05 | 07:49:41.629[0;39m | [34mINFO [0;39m [[36mapp-(scheduled)-statsCollector-0        [0;39m] [33mo.t.t.s.s.StatsCollector[0;39m                        : Schedule:  Key generalRestClient count 5 duration 1780 avg 356 ms 
[32m2025-06-05 | 07:49:41.629[0;39m | [34mINFO [0;39m [[36mapp-(scheduled)-statsCollector-0        [0;39m] [33mo.t.t.s.s.StatsCollector[0;39m                        : Schedule:  Key waitForQuota count 5 duration 0 avg 0 ms 
[32m2025-06-05 | 07:49:41.989[0;39m | [34mINFO [0;39m [[36mapp-(scheduled)-rateLimitLogging-0      [0;39m] [33mo.t.t.s.p.RateLimitService[0;39m                      : total requests 5 in progress 0 queue size 0 
[32m2025-06-05 | 07:49:51.991[0;39m | [34mINFO [0;39m [[36mapp-(scheduled)-rateLimitLogging-0      [0;39m] [33mo.t.t.s.p.RateLimitService[0;39m                      : total requests 5 in progress 0 queue size 0 
[32m2025-06-05 | 07:50:01.987[0;39m | [34mINFO [0;39m [[36mapp-(scheduled)-rateLimitLogging-0      [0;39m] [33mo.t.t.s.p.RateLimitService[0;39m                      : total requests 5 in progress 0 queue size 0 
[32m2025-06-05 | 07:50:11.983[0;39m | [34mINFO [0;39m [[36mapp-(scheduled)-rateLimitLogging-0      [0;39m] [33mo.t.t.s.p.RateLimitService[0;39m                      : total requests 5 in progress 0 queue size 0 
[32m2025-06-05 | 07:50:21.979[0;39m | [34mINFO [0;39m [[36mapp-(scheduled)-rateLimitLogging-0      [0;39m] [33mo.t.t.s.p.RateLimitService[0;39m                      : total requests 5 in progress 0 queue size 0 
[32m2025-06-05 | 07:50:31.980[0;39m | [34mINFO [0;39m [[36mapp-(scheduled)-rateLimitLogging-0      [0;39m] [33mo.t.t.s.p.RateLimitService[0;39m                      : total requests 5 in progress 0 queue size 0 
[32m2025-06-05 | 07:50:41.623[0;39m | [34mINFO [0;39m [[36mapp-(scheduled)-statsCollector-0        [0;39m] [33mo.t.t.s.s.StatsCollector[0;39m                        : Schedule:  Key generalRestClient count 5 duration 1780 avg 356 ms 
[32m2025-06-05 | 07:50:41.623[0;39m | [34mINFO [0;39m [[36mapp-(scheduled)-statsCollector-0        [0;39m] [33mo.t.t.s.s.StatsCollector[0;39m                        : Schedule:  Key waitForQuota count 5 duration 0 avg 0 ms 
[32m2025-06-05 | 07:50:41.982[0;39m | [34mINFO [0;39m [[36mapp-(scheduled)-rateLimitLogging-0      [0;39m] [33mo.t.t.s.p.RateLimitService[0;39m                      : total requests 5 in progress 0 queue size 0 
[32m2025-06-05 | 07:50:51.991[0;39m | [34mINFO [0;39m [[36mapp-(scheduled)-rateLimitLogging-0      [0;39m] [33mo.t.t.s.p.RateLimitService[0;39m                      : total requests 5 in progress 0 queue size 0 
[32m2025-06-05 | 07:51:01.990[0;39m | [34mINFO [0;39m [[36mapp-(scheduled)-rateLimitLogging-0      [0;39m] [33mo.t.t.s.p.RateLimitService[0;39m                      : total requests 5 in progress 0 queue size 0 
[32m2025-06-05 | 07:51:11.979[0;39m | [34mINFO [0;39m [[36mapp-(scheduled)-rateLimitLogging-0      [0;39m] [33mo.t.t.s.p.RateLimitService[0;39m                      : total requests 5 in progress 0 queue size 0 
[32m2025-06-05 | 07:51:21.993[0;39m | [34mINFO [0;39m [[36mapp-(scheduled)-rateLimitLogging-0      [0;39m] [33mo.t.t.s.p.RateLimitService[0;39m                      : total requests 5 in progress 0 queue size 0 
[32m2025-06-05 | 07:51:31.981[0;39m | [34mINFO [0;39m [[36mapp-(scheduled)-rateLimitLogging-0      [0;39m] [33mo.t.t.s.p.RateLimitService[0;39m                      : total requests 5 in progress 0 queue size 0 
[32m2025-06-05 | 07:51:41.628[0;39m | [34mINFO [0;39m [[36mapp-(scheduled)-statsCollector-0        [0;39m] [33mo.t.t.s.s.StatsCollector[0;39m                        : Schedule:  Key generalRestClient count 5 duration 1780 avg 356 ms 
[32m2025-06-05 | 07:51:41.628[0;39m | [34mINFO [0;39m [[36mapp-(scheduled)-statsCollector-0        [0;39m] [33mo.t.t.s.s.StatsCollector[0;39m                        : Schedule:  Key waitForQuota count 5 duration 0 avg 0 ms 
[32m2025-06-05 | 07:51:41.989[0;39m | [34mINFO [0;39m [[36mapp-(scheduled)-rateLimitLogging-0      [0;39m] [33mo.t.t.s.p.RateLimitService[0;39m                      : total requests 5 in progress 0 queue size 0 
[32m2025-06-05 | 07:51:51.986[0;39m | [34mINFO [0;39m [[36mapp-(scheduled)-rateLimitLogging-0      [0;39m] [33mo.t.t.s.p.RateLimitService[0;39m                      : total requests 5 in progress 0 queue size 0 
[32m2025-06-05 | 07:52:01.984[0;39m | [34mINFO [0;39m [[36mapp-(scheduled)-rateLimitLogging-0      [0;39m] [33mo.t.t.s.p.RateLimitService[0;39m                      : total requests 5 in progress 0 queue size 0 
[32m2025-06-05 | 07:52:11.990[0;39m | [34mINFO [0;39m [[36mapp-(scheduled)-rateLimitLogging-0      [0;39m] [33mo.t.t.s.p.RateLimitService[0;39m                      : total requests 5 in progress 0 queue size 0 
[32m2025-06-05 | 07:52:21.983[0;39m | [34mINFO [0;39m [[36mapp-(scheduled)-rateLimitLogging-0      [0;39m] [33mo.t.t.s.p.RateLimitService[0;39m                      : total requests 6 in progress 0 queue size 0 
[32m2025-06-05 | 07:52:31.982[0;39m | [34mINFO [0;39m [[36mapp-(scheduled)-rateLimitLogging-0      [0;39m] [33mo.t.t.s.p.RateLimitService[0;39m                      : total requests 6 in progress 0 queue size 0 
[32m2025-06-05 | 07:52:41.629[0;39m | [34mINFO [0;39m [[36mapp-(scheduled)-statsCollector-0        [0;39m] [33mo.t.t.s.s.StatsCollector[0;39m                        : Schedule:  Key generalRestClient count 6 duration 1981 avg 330 ms 
[32m2025-06-05 | 07:52:41.629[0;39m | [34mINFO [0;39m [[36mapp-(scheduled)-statsCollector-0        [0;39m] [33mo.t.t.s.s.StatsCollector[0;39m                        : Schedule:  Key waitForQuota count 6 duration 0 avg 0 ms 
[32m2025-06-05 | 07:52:41.993[0;39m | [34mINFO [0;39m [[36mapp-(scheduled)-rateLimitLogging-0      [0;39m] [33mo.t.t.s.p.RateLimitService[0;39m                      : total requests 6 in progress 0 queue size 0 
[32m2025-06-05 | 07:52:51.982[0;39m | [34mINFO [0;39m [[36mapp-(scheduled)-rateLimitLogging-0      [0;39m] [33mo.t.t.s.p.RateLimitService[0;39m                      : total requests 6 in progress 0 queue size 0 
[32m2025-06-05 | 07:53:01.988[0;39m | [34mINFO [0;39m [[36mapp-(scheduled)-rateLimitLogging-0      [0;39m] [33mo.t.t.s.p.RateLimitService[0;39m                      : total requests 6 in progress 0 queue size 0 
[32m2025-06-05 | 07:53:11.979[0;39m | [34mINFO [0;39m [[36mapp-(scheduled)-rateLimitLogging-0      [0;39m] [33mo.t.t.s.p.RateLimitService[0;39m                      : total requests 7 in progress 0 queue size 0 
[32m2025-06-05 | 07:53:21.994[0;39m | [34mINFO [0;39m [[36mapp-(scheduled)-rateLimitLogging-0      [0;39m] [33mo.t.t.s.p.RateLimitService[0;39m                      : total requests 7 in progress 0 queue size 0 
[32m2025-06-05 | 07:53:31.981[0;39m | [34mINFO [0;39m [[36mapp-(scheduled)-rateLimitLogging-0      [0;39m] [33mo.t.t.s.p.RateLimitService[0;39m                      : total requests 7 in progress 0 queue size 0 
[32m2025-06-05 | 07:53:41.620[0;39m | [34mINFO [0;39m [[36mapp-(scheduled)-statsCollector-0        [0;39m] [33mo.t.t.s.s.StatsCollector[0;39m                        : Schedule:  Key generalRestClient count 7 duration 2156 avg 308 ms 
[32m2025-06-05 | 07:53:41.621[0;39m | [34mINFO [0;39m [[36mapp-(scheduled)-statsCollector-0        [0;39m] [33mo.t.t.s.s.StatsCollector[0;39m                        : Schedule:  Key waitForQuota count 7 duration 0 avg 0 ms 
[32m2025-06-05 | 07:53:41.979[0;39m | [34mINFO [0;39m [[36mapp-(scheduled)-rateLimitLogging-0      [0;39m] [33mo.t.t.s.p.RateLimitService[0;39m                      : total requests 7 in progress 0 queue size 0 
[32m2025-06-05 | 07:53:51.978[0;39m | [34mINFO [0;39m [[36mapp-(scheduled)-rateLimitLogging-0      [0;39m] [33mo.t.t.s.p.RateLimitService[0;39m                      : total requests 7 in progress 0 queue size 0 
[32m2025-06-05 | 07:54:01.992[0;39m | [34mINFO [0;39m [[36mapp-(scheduled)-rateLimitLogging-0      [0;39m] [33mo.t.t.s.p.RateLimitService[0;39m                      : total requests 7 in progress 0 queue size 0 
[32m2025-06-05 | 07:54:11.983[0;39m | [34mINFO [0;39m [[36mapp-(scheduled)-rateLimitLogging-0      [0;39m] [33mo.t.t.s.p.RateLimitService[0;39m                      : total requests 7 in progress 0 queue size 0 
[32m2025-06-05 | 07:54:21.987[0;39m | [34mINFO [0;39m [[36mapp-(scheduled)-rateLimitLogging-0      [0;39m] [33mo.t.t.s.p.RateLimitService[0;39m                      : total requests 7 in progress 0 queue size 0 
[32m2025-06-05 | 07:54:31.988[0;39m | [34mINFO [0;39m [[36mapp-(scheduled)-rateLimitLogging-0      [0;39m] [33mo.t.t.s.p.RateLimitService[0;39m                      : total requests 7 in progress 0 queue size 0 
[32m2025-06-05 | 07:54:41.630[0;39m | [34mINFO [0;39m [[36mapp-(scheduled)-statsCollector-0        [0;39m] [33mo.t.t.s.s.StatsCollector[0;39m                        : Schedule:  Key generalRestClient count 7 duration 2156 avg 308 ms 
[32m2025-06-05 | 07:54:41.630[0;39m | [34mINFO [0;39m [[36mapp-(scheduled)-statsCollector-0        [0;39m] [33mo.t.t.s.s.StatsCollector[0;39m                        : Schedule:  Key waitForQuota count 7 duration 0 avg 0 ms 
[32m2025-06-05 | 07:54:41.989[0;39m | [34mINFO [0;39m [[36mapp-(scheduled)-rateLimitLogging-0      [0;39m] [33mo.t.t.s.p.RateLimitService[0;39m                      : total requests 7 in progress 0 queue size 0 
[32m2025-06-05 | 07:54:52.007[0;39m | [34mINFO [0;39m [[36mapp-(scheduled)-rateLimitLogging-0      [0;39m] [33mo.t.t.s.p.RateLimitService[0;39m                      : total requests 7 in progress 0 queue size 0 
[32m2025-06-05 | 07:55:01.985[0;39m | [34mINFO [0;39m [[36mapp-(scheduled)-rateLimitLogging-0      [0;39m] [33mo.t.t.s.p.RateLimitService[0;39m                      : total requests 7 in progress 0 queue size 0 
[32m2025-06-05 | 07:55:11.986[0;39m | [34mINFO [0;39m [[36mapp-(scheduled)-rateLimitLogging-0      [0;39m] [33mo.t.t.s.p.RateLimitService[0;39m                      : total requests 7 in progress 0 queue size 0 
[32m2025-06-05 | 07:55:21.984[0;39m | [34mINFO [0;39m [[36mapp-(scheduled)-rateLimitLogging-0      [0;39m] [33mo.t.t.s.p.RateLimitService[0;39m                      : total requests 7 in progress 0 queue size 0 
[32m2025-06-05 | 07:55:31.979[0;39m | [34mINFO [0;39m [[36mapp-(scheduled)-rateLimitLogging-0      [0;39m] [33mo.t.t.s.p.RateLimitService[0;39m                      : total requests 7 in progress 0 queue size 0 
[32m2025-06-05 | 07:55:41.633[0;39m | [34mINFO [0;39m [[36mapp-(scheduled)-statsCollector-0        [0;39m] [33mo.t.t.s.s.StatsCollector[0;39m                        : Schedule:  Key generalRestClient count 7 duration 2156 avg 308 ms 
[32m2025-06-05 | 07:55:41.634[0;39m | [34mINFO [0;39m [[36mapp-(scheduled)-statsCollector-0        [0;39m] [33mo.t.t.s.s.StatsCollector[0;39m                        : Schedule:  Key waitForQuota count 7 duration 0 avg 0 ms 
[32m2025-06-05 | 07:55:41.982[0;39m | [34mINFO [0;39m [[36mapp-(scheduled)-rateLimitLogging-0      [0;39m] [33mo.t.t.s.p.RateLimitService[0;39m                      : total requests 7 in progress 0 queue size 0 
[32m2025-06-05 | 07:55:51.980[0;39m | [34mINFO [0;39m [[36mapp-(scheduled)-rateLimitLogging-0      [0;39m] [33mo.t.t.s.p.RateLimitService[0;39m                      : total requests 7 in progress 0 queue size 0 
[32m2025-06-05 | 07:56:01.987[0;39m | [34mINFO [0;39m [[36mapp-(scheduled)-rateLimitLogging-0      [0;39m] [33mo.t.t.s.p.RateLimitService[0;39m                      : total requests 7 in progress 0 queue size 0 
[32m2025-06-05 | 07:56:11.979[0;39m | [34mINFO [0;39m [[36mapp-(scheduled)-rateLimitLogging-0      [0;39m] [33mo.t.t.s.p.RateLimitService[0;39m                      : total requests 7 in progress 0 queue size 0 
[32m2025-06-05 | 07:56:21.979[0;39m | [34mINFO [0;39m [[36mapp-(scheduled)-rateLimitLogging-0      [0;39m] [33mo.t.t.s.p.RateLimitService[0;39m                      : total requests 7 in progress 0 queue size 0 
[32m2025-06-05 | 07:56:31.978[0;39m | [34mINFO [0;39m [[36mapp-(scheduled)-rateLimitLogging-0      [0;39m] [33mo.t.t.s.p.RateLimitService[0;39m                      : total requests 7 in progress 0 queue size 0 
[32m2025-06-05 | 07:56:41.624[0;39m | [34mINFO [0;39m [[36mapp-(scheduled)-statsCollector-0        [0;39m] [33mo.t.t.s.s.StatsCollector[0;39m                        : Schedule:  Key generalRestClient count 7 duration 2156 avg 308 ms 
[32m2025-06-05 | 07:56:41.625[0;39m | [34mINFO [0;39m [[36mapp-(scheduled)-statsCollector-0        [0;39m] [33mo.t.t.s.s.StatsCollector[0;39m                        : Schedule:  Key waitForQuota count 7 duration 0 avg 0 ms 
[32m2025-06-05 | 07:56:41.982[0;39m | [34mINFO [0;39m [[36mapp-(scheduled)-rateLimitLogging-0      [0;39m] [33mo.t.t.s.p.RateLimitService[0;39m                      : total requests 7 in progress 0 queue size 0 
[32m2025-06-05 | 07:56:51.985[0;39m | [34mINFO [0;39m [[36mapp-(scheduled)-rateLimitLogging-0      [0;39m] [33mo.t.t.s.p.RateLimitService[0;39m                      : total requests 7 in progress 0 queue size 0 
[32m2025-06-05 | 07:57:01.983[0;39m | [34mINFO [0;39m [[36mapp-(scheduled)-rateLimitLogging-0      [0;39m] [33mo.t.t.s.p.RateLimitService[0;39m                      : total requests 7 in progress 0 queue size 0 
[32m2025-06-05 | 07:57:11.983[0;39m | [34mINFO [0;39m [[36mapp-(scheduled)-rateLimitLogging-0      [0;39m] [33mo.t.t.s.p.RateLimitService[0;39m                      : total requests 7 in progress 0 queue size 0 
[32m2025-06-05 | 07:57:21.981[0;39m | [34mINFO [0;39m [[36mapp-(scheduled)-rateLimitLogging-0      [0;39m] [33mo.t.t.s.p.RateLimitService[0;39m                      : total requests 7 in progress 0 queue size 0 
[32m2025-06-05 | 07:57:31.983[0;39m | [34mINFO [0;39m [[36mapp-(scheduled)-rateLimitLogging-0      [0;39m] [33mo.t.t.s.p.RateLimitService[0;39m                      : total requests 7 in progress 0 queue size 0 
[32m2025-06-05 | 07:57:41.622[0;39m | [34mINFO [0;39m [[36mapp-(scheduled)-statsCollector-0        [0;39m] [33mo.t.t.s.s.StatsCollector[0;39m                        : Schedule:  Key generalRestClient count 7 duration 2156 avg 308 ms 
[32m2025-06-05 | 07:57:41.622[0;39m | [34mINFO [0;39m [[36mapp-(scheduled)-statsCollector-0        [0;39m] [33mo.t.t.s.s.StatsCollector[0;39m                        : Schedule:  Key waitForQuota count 7 duration 0 avg 0 ms 
[32m2025-06-05 | 07:57:41.987[0;39m | [34mINFO [0;39m [[36mapp-(scheduled)-rateLimitLogging-0      [0;39m] [33mo.t.t.s.p.RateLimitService[0;39m                      : total requests 7 in progress 0 queue size 0 
[32m2025-06-05 | 07:57:51.982[0;39m | [34mINFO [0;39m [[36mapp-(scheduled)-rateLimitLogging-0      [0;39m] [33mo.t.t.s.p.RateLimitService[0;39m                      : total requests 7 in progress 0 queue size 0 
[32m2025-06-05 | 07:58:01.979[0;39m | [34mINFO [0;39m [[36mapp-(scheduled)-rateLimitLogging-0      [0;39m] [33mo.t.t.s.p.RateLimitService[0;39m                      : total requests 7 in progress 0 queue size 0 
[32m2025-06-05 | 07:58:11.981[0;39m | [34mINFO [0;39m [[36mapp-(scheduled)-rateLimitLogging-0      [0;39m] [33mo.t.t.s.p.RateLimitService[0;39m                      : total requests 7 in progress 0 queue size 0 
[32m2025-06-05 | 07:58:21.979[0;39m | [34mINFO [0;39m [[36mapp-(scheduled)-rateLimitLogging-0      [0;39m] [33mo.t.t.s.p.RateLimitService[0;39m                      : total requests 7 in progress 0 queue size 0 
[32m2025-06-05 | 07:58:31.982[0;39m | [34mINFO [0;39m [[36mapp-(scheduled)-rateLimitLogging-0      [0;39m] [33mo.t.t.s.p.RateLimitService[0;39m                      : total requests 7 in progress 0 queue size 0 
[32m2025-06-05 | 07:58:41.620[0;39m | [34mINFO [0;39m [[36mapp-(scheduled)-statsCollector-0        [0;39m] [33mo.t.t.s.s.StatsCollector[0;39m                        : Schedule:  Key generalRestClient count 7 duration 2156 avg 308 ms 
[32m2025-06-05 | 07:58:41.620[0;39m | [34mINFO [0;39m [[36mapp-(scheduled)-statsCollector-0        [0;39m] [33mo.t.t.s.s.StatsCollector[0;39m                        : Schedule:  Key waitForQuota count 7 duration 0 avg 0 ms 
[32m2025-06-05 | 07:58:41.984[0;39m | [34mINFO [0;39m [[36mapp-(scheduled)-rateLimitLogging-0      [0;39m] [33mo.t.t.s.p.RateLimitService[0;39m                      : total requests 7 in progress 0 queue size 0 
[32m2025-06-05 | 07:58:51.978[0;39m | [34mINFO [0;39m [[36mapp-(scheduled)-rateLimitLogging-0      [0;39m] [33mo.t.t.s.p.RateLimitService[0;39m                      : total requests 7 in progress 0 queue size 0 
[32m2025-06-05 | 07:59:01.979[0;39m | [34mINFO [0;39m [[36mapp-(scheduled)-rateLimitLogging-0      [0;39m] [33mo.t.t.s.p.RateLimitService[0;39m                      : total requests 7 in progress 0 queue size 0 
[32m2025-06-05 | 07:59:11.984[0;39m | [34mINFO [0;39m [[36mapp-(scheduled)-rateLimitLogging-0      [0;39m] [33mo.t.t.s.p.RateLimitService[0;39m                      : total requests 7 in progress 0 queue size 0 
[32m2025-06-05 | 07:59:21.986[0;39m | [34mINFO [0;39m [[36mapp-(scheduled)-rateLimitLogging-0      [0;39m] [33mo.t.t.s.p.RateLimitService[0;39m                      : total requests 7 in progress 0 queue size 0 
[32m2025-06-05 | 07:59:31.985[0;39m | [34mINFO [0;39m [[36mapp-(scheduled)-rateLimitLogging-0      [0;39m] [33mo.t.t.s.p.RateLimitService[0;39m                      : total requests 7 in progress 0 queue size 0 
[32m2025-06-05 | 07:59:41.628[0;39m | [34mINFO [0;39m [[36mapp-(scheduled)-statsCollector-0        [0;39m] [33mo.t.t.s.s.StatsCollector[0;39m                        : Schedule:  Key generalRestClient count 7 duration 2156 avg 308 ms 
[32m2025-06-05 | 07:59:41.629[0;39m | [34mINFO [0;39m [[36mapp-(scheduled)-statsCollector-0        [0;39m] [33mo.t.t.s.s.StatsCollector[0;39m                        : Schedule:  Key waitForQuota count 7 duration 0 avg 0 ms 
[32m2025-06-05 | 07:59:41.987[0;39m | [34mINFO [0;39m [[36mapp-(scheduled)-rateLimitLogging-0      [0;39m] [33mo.t.t.s.p.RateLimitService[0;39m                      : total requests 7 in progress 0 queue size 0 
[32m2025-06-05 | 07:59:51.979[0;39m | [34mINFO [0;39m [[36mapp-(scheduled)-rateLimitLogging-0      [0;39m] [33mo.t.t.s.p.RateLimitService[0;39m                      : total requests 7 in progress 0 queue size 0 
[32m2025-06-05 | 08:00:01.987[0;39m | [34mINFO [0;39m [[36mapp-(scheduled)-rateLimitLogging-0      [0;39m] [33mo.t.t.s.p.RateLimitService[0;39m                      : total requests 7 in progress 0 queue size 0 
[32m2025-06-05 | 08:00:12.011[0;39m | [34mINFO [0;39m [[36mapp-(scheduled)-rateLimitLogging-0      [0;39m] [33mo.t.t.s.p.RateLimitService[0;39m                      : total requests 7 in progress 0 queue size 0 
[32m2025-06-05 | 08:00:21.986[0;39m | [34mINFO [0;39m [[36mapp-(scheduled)-rateLimitLogging-0      [0;39m] [33mo.t.t.s.p.RateLimitService[0;39m                      : total requests 7 in progress 0 queue size 0 
[32m2025-06-05 | 08:00:31.986[0;39m | [34mINFO [0;39m [[36mapp-(scheduled)-rateLimitLogging-0      [0;39m] [33mo.t.t.s.p.RateLimitService[0;39m                      : total requests 7 in progress 0 queue size 0 
[32m2025-06-05 | 08:00:41.626[0;39m | [34mINFO [0;39m [[36mapp-(scheduled)-statsCollector-0        [0;39m] [33mo.t.t.s.s.StatsCollector[0;39m                        : Schedule:  Key generalRestClient count 7 duration 2156 avg 308 ms 
[32m2025-06-05 | 08:00:41.626[0;39m | [34mINFO [0;39m [[36mapp-(scheduled)-statsCollector-0        [0;39m] [33mo.t.t.s.s.StatsCollector[0;39m                        : Schedule:  Key waitForQuota count 7 duration 0 avg 0 ms 
[32m2025-06-05 | 08:00:41.986[0;39m | [34mINFO [0;39m [[36mapp-(scheduled)-rateLimitLogging-0      [0;39m] [33mo.t.t.s.p.RateLimitService[0;39m                      : total requests 7 in progress 0 queue size 0 
[32m2025-06-05 | 08:00:51.984[0;39m | [34mINFO [0;39m [[36mapp-(scheduled)-rateLimitLogging-0      [0;39m] [33mo.t.t.s.p.RateLimitService[0;39m                      : total requests 7 in progress 0 queue size 0 
[32m2025-06-05 | 08:01:01.986[0;39m | [34mINFO [0;39m [[36mapp-(scheduled)-rateLimitLogging-0      [0;39m] [33mo.t.t.s.p.RateLimitService[0;39m                      : total requests 7 in progress 0 queue size 0 
[32m2025-06-05 | 08:01:11.984[0;39m | [34mINFO [0;39m [[36mapp-(scheduled)-rateLimitLogging-0      [0;39m] [33mo.t.t.s.p.RateLimitService[0;39m                      : total requests 7 in progress 0 queue size 0 
[32m2025-06-05 | 08:01:21.980[0;39m | [34mINFO [0;39m [[36mapp-(scheduled)-rateLimitLogging-0      [0;39m] [33mo.t.t.s.p.RateLimitService[0;39m                      : total requests 7 in progress 0 queue size 0 
[32m2025-06-05 | 08:01:31.991[0;39m | [34mINFO [0;39m [[36mapp-(scheduled)-rateLimitLogging-0      [0;39m] [33mo.t.t.s.p.RateLimitService[0;39m                      : total requests 7 in progress 0 queue size 0 
[32m2025-06-05 | 08:01:41.624[0;39m | [34mINFO [0;39m [[36mapp-(scheduled)-statsCollector-0        [0;39m] [33mo.t.t.s.s.StatsCollector[0;39m                        : Schedule:  Key generalRestClient count 7 duration 2156 avg 308 ms 
[32m2025-06-05 | 08:01:41.624[0;39m | [34mINFO [0;39m [[36mapp-(scheduled)-statsCollector-0        [0;39m] [33mo.t.t.s.s.StatsCollector[0;39m                        : Schedule:  Key waitForQuota count 7 duration 0 avg 0 ms 
[32m2025-06-05 | 08:01:41.982[0;39m | [34mINFO [0;39m [[36mapp-(scheduled)-rateLimitLogging-0      [0;39m] [33mo.t.t.s.p.RateLimitService[0;39m                      : total requests 7 in progress 0 queue size 0 
[32m2025-06-05 | 08:01:49.187[0;39m | [31mWARN [0;39m [[36mhttp-nio-0.0.0.0-8888-exec-2            [0;39m] [33mo.t.t.i.StaticResourceProcessingInterceptor[0;39m     : URI is null, fetch from request 
[32m2025-06-05 | 08:01:51.984[0;39m | [34mINFO [0;39m [[36mapp-(scheduled)-rateLimitLogging-0      [0;39m] [33mo.t.t.s.p.RateLimitService[0;39m                      : total requests 8 in progress 0 queue size 0 
[32m2025-06-05 | 08:02:01.987[0;39m | [34mINFO [0;39m [[36mapp-(scheduled)-rateLimitLogging-0      [0;39m] [33mo.t.t.s.p.RateLimitService[0;39m                      : total requests 8 in progress 0 queue size 0 
[32m2025-06-05 | 08:02:11.979[0;39m | [34mINFO [0;39m [[36mapp-(scheduled)-rateLimitLogging-0      [0;39m] [33mo.t.t.s.p.RateLimitService[0;39m                      : total requests 8 in progress 0 queue size 0 
[32m2025-06-05 | 08:02:21.983[0;39m | [34mINFO [0;39m [[36mapp-(scheduled)-rateLimitLogging-0      [0;39m] [33mo.t.t.s.p.RateLimitService[0;39m                      : total requests 8 in progress 0 queue size 0 
[32m2025-06-05 | 08:02:31.979[0;39m | [34mINFO [0;39m [[36mapp-(scheduled)-rateLimitLogging-0      [0;39m] [33mo.t.t.s.p.RateLimitService[0;39m                      : total requests 8 in progress 0 queue size 0 
[32m2025-06-05 | 08:02:41.620[0;39m | [34mINFO [0;39m [[36mapp-(scheduled)-statsCollector-0        [0;39m] [33mo.t.t.s.s.StatsCollector[0;39m                        : Schedule:  Key generalRestClient count 8 duration 2263 avg 282 ms 
[32m2025-06-05 | 08:02:41.620[0;39m | [34mINFO [0;39m [[36mapp-(scheduled)-statsCollector-0        [0;39m] [33mo.t.t.s.s.StatsCollector[0;39m                        : Schedule:  Key waitForQuota count 8 duration 0 avg 0 ms 
[32m2025-06-05 | 08:02:41.979[0;39m | [34mINFO [0;39m [[36mapp-(scheduled)-rateLimitLogging-0      [0;39m] [33mo.t.t.s.p.RateLimitService[0;39m                      : total requests 8 in progress 0 queue size 0 
[32m2025-06-05 | 08:02:51.979[0;39m | [34mINFO [0;39m [[36mapp-(scheduled)-rateLimitLogging-0      [0;39m] [33mo.t.t.s.p.RateLimitService[0;39m                      : total requests 8 in progress 0 queue size 0 
[32m2025-06-05 | 08:03:01.982[0;39m | [34mINFO [0;39m [[36mapp-(scheduled)-rateLimitLogging-0      [0;39m] [33mo.t.t.s.p.RateLimitService[0;39m                      : total requests 8 in progress 0 queue size 0 
[32m2025-06-05 | 08:03:11.985[0;39m | [34mINFO [0;39m [[36mapp-(scheduled)-rateLimitLogging-0      [0;39m] [33mo.t.t.s.p.RateLimitService[0;39m                      : total requests 8 in progress 0 queue size 0 
[32m2025-06-05 | 08:03:21.981[0;39m | [34mINFO [0;39m [[36mapp-(scheduled)-rateLimitLogging-0      [0;39m] [33mo.t.t.s.p.RateLimitService[0;39m                      : total requests 8 in progress 0 queue size 0 
[32m2025-06-05 | 08:03:31.985[0;39m | [34mINFO [0;39m [[36mapp-(scheduled)-rateLimitLogging-0      [0;39m] [33mo.t.t.s.p.RateLimitService[0;39m                      : total requests 8 in progress 0 queue size 0 
[32m2025-06-05 | 08:03:41.619[0;39m | [34mINFO [0;39m [[36mapp-(scheduled)-statsCollector-0        [0;39m] [33mo.t.t.s.s.StatsCollector[0;39m                        : Schedule:  Key generalRestClient count 8 duration 2263 avg 282 ms 
[32m2025-06-05 | 08:03:41.619[0;39m | [34mINFO [0;39m [[36mapp-(scheduled)-statsCollector-0        [0;39m] [33mo.t.t.s.s.StatsCollector[0;39m                        : Schedule:  Key waitForQuota count 8 duration 0 avg 0 ms 
[32m2025-06-05 | 08:03:41.983[0;39m | [34mINFO [0;39m [[36mapp-(scheduled)-rateLimitLogging-0      [0;39m] [33mo.t.t.s.p.RateLimitService[0;39m                      : total requests 8 in progress 0 queue size 0 
[32m2025-06-05 | 08:03:51.978[0;39m | [34mINFO [0;39m [[36mapp-(scheduled)-rateLimitLogging-0      [0;39m] [33mo.t.t.s.p.RateLimitService[0;39m                      : total requests 8 in progress 0 queue size 0 
[32m2025-06-05 | 08:04:01.988[0;39m | [34mINFO [0;39m [[36mapp-(scheduled)-rateLimitLogging-0      [0;39m] [33mo.t.t.s.p.RateLimitService[0;39m                      : total requests 8 in progress 0 queue size 0 
[32m2025-06-05 | 08:04:11.989[0;39m | [34mINFO [0;39m [[36mapp-(scheduled)-rateLimitLogging-0      [0;39m] [33mo.t.t.s.p.RateLimitService[0;39m                      : total requests 8 in progress 0 queue size 0 
[32m2025-06-05 | 08:04:21.978[0;39m | [34mINFO [0;39m [[36mapp-(scheduled)-rateLimitLogging-0      [0;39m] [33mo.t.t.s.p.RateLimitService[0;39m                      : total requests 8 in progress 0 queue size 0 
[32m2025-06-05 | 08:04:31.978[0;39m | [34mINFO [0;39m [[36mapp-(scheduled)-rateLimitLogging-0      [0;39m] [33mo.t.t.s.p.RateLimitService[0;39m                      : total requests 8 in progress 0 queue size 0 
[32m2025-06-05 | 08:04:41.629[0;39m | [34mINFO [0;39m [[36mapp-(scheduled)-statsCollector-0        [0;39m] [33mo.t.t.s.s.StatsCollector[0;39m                        : Schedule:  Key generalRestClient count 8 duration 2263 avg 282 ms 
[32m2025-06-05 | 08:04:41.629[0;39m | [34mINFO [0;39m [[36mapp-(scheduled)-statsCollector-0        [0;39m] [33mo.t.t.s.s.StatsCollector[0;39m                        : Schedule:  Key waitForQuota count 8 duration 0 avg 0 ms 
[32m2025-06-05 | 08:04:41.991[0;39m | [34mINFO [0;39m [[36mapp-(scheduled)-rateLimitLogging-0      [0;39m] [33mo.t.t.s.p.RateLimitService[0;39m                      : total requests 8 in progress 0 queue size 0 
[32m2025-06-05 | 08:04:51.981[0;39m | [34mINFO [0;39m [[36mapp-(scheduled)-rateLimitLogging-0      [0;39m] [33mo.t.t.s.p.RateLimitService[0;39m                      : total requests 8 in progress 0 queue size 0 
[32m2025-06-05 | 08:05:01.981[0;39m | [34mINFO [0;39m [[36mapp-(scheduled)-rateLimitLogging-0      [0;39m] [33mo.t.t.s.p.RateLimitService[0;39m                      : total requests 8 in progress 0 queue size 0 
[32m2025-06-05 | 08:05:11.979[0;39m | [34mINFO [0;39m [[36mapp-(scheduled)-rateLimitLogging-0      [0;39m] [33mo.t.t.s.p.RateLimitService[0;39m                      : total requests 8 in progress 0 queue size 0 
[32m2025-06-05 | 08:05:21.990[0;39m | [34mINFO [0;39m [[36mapp-(scheduled)-rateLimitLogging-0      [0;39m] [33mo.t.t.s.p.RateLimitService[0;39m                      : total requests 8 in progress 0 queue size 0 
[32m2025-06-05 | 08:05:31.983[0;39m | [34mINFO [0;39m [[36mapp-(scheduled)-rateLimitLogging-0      [0;39m] [33mo.t.t.s.p.RateLimitService[0;39m                      : total requests 8 in progress 0 queue size 0 
[32m2025-06-05 | 08:05:41.626[0;39m | [34mINFO [0;39m [[36mapp-(scheduled)-statsCollector-0        [0;39m] [33mo.t.t.s.s.StatsCollector[0;39m                        : Schedule:  Key generalRestClient count 8 duration 2263 avg 282 ms 
[32m2025-06-05 | 08:05:41.626[0;39m | [34mINFO [0;39m [[36mapp-(scheduled)-statsCollector-0        [0;39m] [33mo.t.t.s.s.StatsCollector[0;39m                        : Schedule:  Key waitForQuota count 8 duration 0 avg 0 ms 
[32m2025-06-05 | 08:05:41.979[0;39m | [34mINFO [0;39m [[36mapp-(scheduled)-rateLimitLogging-0      [0;39m] [33mo.t.t.s.p.RateLimitService[0;39m                      : total requests 8 in progress 0 queue size 0 
[32m2025-06-05 | 08:05:51.978[0;39m | [34mINFO [0;39m [[36mapp-(scheduled)-rateLimitLogging-0      [0;39m] [33mo.t.t.s.p.RateLimitService[0;39m                      : total requests 8 in progress 0 queue size 0 
[32m2025-06-05 | 08:06:02.002[0;39m | [34mINFO [0;39m [[36mapp-(scheduled)-rateLimitLogging-0      [0;39m] [33mo.t.t.s.p.RateLimitService[0;39m                      : total requests 8 in progress 0 queue size 0 
[32m2025-06-05 | 08:06:11.981[0;39m | [34mINFO [0;39m [[36mapp-(scheduled)-rateLimitLogging-0      [0;39m] [33mo.t.t.s.p.RateLimitService[0;39m                      : total requests 8 in progress 0 queue size 0 
[32m2025-06-05 | 08:06:21.978[0;39m | [34mINFO [0;39m [[36mapp-(scheduled)-rateLimitLogging-0      [0;39m] [33mo.t.t.s.p.RateLimitService[0;39m                      : total requests 8 in progress 0 queue size 0 
[32m2025-06-05 | 08:06:31.977[0;39m | [34mINFO [0;39m [[36mapp-(scheduled)-rateLimitLogging-0      [0;39m] [33mo.t.t.s.p.RateLimitService[0;39m                      : total requests 8 in progress 0 queue size 0 
[32m2025-06-05 | 08:06:41.621[0;39m | [34mINFO [0;39m [[36mapp-(scheduled)-statsCollector-0        [0;39m] [33mo.t.t.s.s.StatsCollector[0;39m                        : Schedule:  Key generalRestClient count 8 duration 2263 avg 282 ms 
[32m2025-06-05 | 08:06:41.621[0;39m | [34mINFO [0;39m [[36mapp-(scheduled)-statsCollector-0        [0;39m] [33mo.t.t.s.s.StatsCollector[0;39m                        : Schedule:  Key waitForQuota count 8 duration 0 avg 0 ms 
[32m2025-06-05 | 08:06:41.987[0;39m | [34mINFO [0;39m [[36mapp-(scheduled)-rateLimitLogging-0      [0;39m] [33mo.t.t.s.p.RateLimitService[0;39m                      : total requests 8 in progress 0 queue size 0 
[32m2025-06-05 | 08:06:51.983[0;39m | [34mINFO [0;39m [[36mapp-(scheduled)-rateLimitLogging-0      [0;39m] [33mo.t.t.s.p.RateLimitService[0;39m                      : total requests 8 in progress 0 queue size 0 
[32m2025-06-05 | 08:07:01.983[0;39m | [34mINFO [0;39m [[36mapp-(scheduled)-rateLimitLogging-0      [0;39m] [33mo.t.t.s.p.RateLimitService[0;39m                      : total requests 8 in progress 0 queue size 0 
[32m2025-06-05 | 08:07:11.987[0;39m | [34mINFO [0;39m [[36mapp-(scheduled)-rateLimitLogging-0      [0;39m] [33mo.t.t.s.p.RateLimitService[0;39m                      : total requests 8 in progress 0 queue size 0 
[32m2025-06-05 | 08:07:21.980[0;39m | [34mINFO [0;39m [[36mapp-(scheduled)-rateLimitLogging-0      [0;39m] [33mo.t.t.s.p.RateLimitService[0;39m                      : total requests 8 in progress 0 queue size 0 
[32m2025-06-05 | 08:07:31.983[0;39m | [34mINFO [0;39m [[36mapp-(scheduled)-rateLimitLogging-0      [0;39m] [33mo.t.t.s.p.RateLimitService[0;39m                      : total requests 8 in progress 0 queue size 0 
[32m2025-06-05 | 08:07:41.623[0;39m | [34mINFO [0;39m [[36mapp-(scheduled)-statsCollector-0        [0;39m] [33mo.t.t.s.s.StatsCollector[0;39m                        : Schedule:  Key generalRestClient count 8 duration 2263 avg 282 ms 
[32m2025-06-05 | 08:07:41.623[0;39m | [34mINFO [0;39m [[36mapp-(scheduled)-statsCollector-0        [0;39m] [33mo.t.t.s.s.StatsCollector[0;39m                        : Schedule:  Key waitForQuota count 8 duration 0 avg 0 ms 
[32m2025-06-05 | 08:07:41.993[0;39m | [34mINFO [0;39m [[36mapp-(scheduled)-rateLimitLogging-0      [0;39m] [33mo.t.t.s.p.RateLimitService[0;39m                      : total requests 8 in progress 0 queue size 0 
[32m2025-06-05 | 08:07:51.990[0;39m | [34mINFO [0;39m [[36mapp-(scheduled)-rateLimitLogging-0      [0;39m] [33mo.t.t.s.p.RateLimitService[0;39m                      : total requests 8 in progress 0 queue size 0 
[32m2025-06-05 | 08:08:01.991[0;39m | [34mINFO [0;39m [[36mapp-(scheduled)-rateLimitLogging-0      [0;39m] [33mo.t.t.s.p.RateLimitService[0;39m                      : total requests 8 in progress 0 queue size 0 
[32m2025-06-05 | 08:08:11.981[0;39m | [34mINFO [0;39m [[36mapp-(scheduled)-rateLimitLogging-0      [0;39m] [33mo.t.t.s.p.RateLimitService[0;39m                      : total requests 8 in progress 0 queue size 0 
[32m2025-06-05 | 08:08:21.992[0;39m | [34mINFO [0;39m [[36mapp-(scheduled)-rateLimitLogging-0      [0;39m] [33mo.t.t.s.p.RateLimitService[0;39m                      : total requests 8 in progress 0 queue size 0 
[32m2025-06-05 | 08:08:31.986[0;39m | [34mINFO [0;39m [[36mapp-(scheduled)-rateLimitLogging-0      [0;39m] [33mo.t.t.s.p.RateLimitService[0;39m                      : total requests 8 in progress 0 queue size 0 
[32m2025-06-05 | 08:08:41.622[0;39m | [34mINFO [0;39m [[36mapp-(scheduled)-statsCollector-0        [0;39m] [33mo.t.t.s.s.StatsCollector[0;39m                        : Schedule:  Key generalRestClient count 8 duration 2263 avg 282 ms 
[32m2025-06-05 | 08:08:41.622[0;39m | [34mINFO [0;39m [[36mapp-(scheduled)-statsCollector-0        [0;39m] [33mo.t.t.s.s.StatsCollector[0;39m                        : Schedule:  Key waitForQuota count 8 duration 0 avg 0 ms 
[32m2025-06-05 | 08:08:41.979[0;39m | [34mINFO [0;39m [[36mapp-(scheduled)-rateLimitLogging-0      [0;39m] [33mo.t.t.s.p.RateLimitService[0;39m                      : total requests 8 in progress 0 queue size 0 
[32m2025-06-05 | 08:08:51.978[0;39m | [34mINFO [0;39m [[36mapp-(scheduled)-rateLimitLogging-0      [0;39m] [33mo.t.t.s.p.RateLimitService[0;39m                      : total requests 8 in progress 0 queue size 0 
[32m2025-06-05 | 08:09:01.981[0;39m | [34mINFO [0;39m [[36mapp-(scheduled)-rateLimitLogging-0      [0;39m] [33mo.t.t.s.p.RateLimitService[0;39m                      : total requests 8 in progress 0 queue size 0 
[32m2025-06-05 | 08:09:11.988[0;39m | [34mINFO [0;39m [[36mapp-(scheduled)-rateLimitLogging-0      [0;39m] [33mo.t.t.s.p.RateLimitService[0;39m                      : total requests 8 in progress 0 queue size 0 
[32m2025-06-05 | 08:09:21.989[0;39m | [34mINFO [0;39m [[36mapp-(scheduled)-rateLimitLogging-0      [0;39m] [33mo.t.t.s.p.RateLimitService[0;39m                      : total requests 8 in progress 0 queue size 0 
[32m2025-06-05 | 08:09:31.979[0;39m | [34mINFO [0;39m [[36mapp-(scheduled)-rateLimitLogging-0      [0;39m] [33mo.t.t.s.p.RateLimitService[0;39m                      : total requests 8 in progress 0 queue size 0 
[32m2025-06-05 | 08:09:41.621[0;39m | [34mINFO [0;39m [[36mapp-(scheduled)-statsCollector-0        [0;39m] [33mo.t.t.s.s.StatsCollector[0;39m                        : Schedule:  Key generalRestClient count 8 duration 2263 avg 282 ms 
[32m2025-06-05 | 08:09:41.621[0;39m | [34mINFO [0;39m [[36mapp-(scheduled)-statsCollector-0        [0;39m] [33mo.t.t.s.s.StatsCollector[0;39m                        : Schedule:  Key waitForQuota count 8 duration 0 avg 0 ms 
[32m2025-06-05 | 08:09:41.980[0;39m | [34mINFO [0;39m [[36mapp-(scheduled)-rateLimitLogging-0      [0;39m] [33mo.t.t.s.p.RateLimitService[0;39m                      : total requests 8 in progress 0 queue size 0 
[32m2025-06-05 | 08:09:51.989[0;39m | [34mINFO [0;39m [[36mapp-(scheduled)-rateLimitLogging-0      [0;39m] [33mo.t.t.s.p.RateLimitService[0;39m                      : total requests 8 in progress 0 queue size 0 
[32m2025-06-05 | 08:10:01.988[0;39m | [34mINFO [0;39m [[36mapp-(scheduled)-rateLimitLogging-0      [0;39m] [33mo.t.t.s.p.RateLimitService[0;39m                      : total requests 8 in progress 0 queue size 0 
[32m2025-06-05 | 08:10:11.984[0;39m | [34mINFO [0;39m [[36mapp-(scheduled)-rateLimitLogging-0      [0;39m] [33mo.t.t.s.p.RateLimitService[0;39m                      : total requests 8 in progress 0 queue size 0 
[32m2025-06-05 | 08:10:21.998[0;39m | [34mINFO [0;39m [[36mapp-(scheduled)-rateLimitLogging-0      [0;39m] [33mo.t.t.s.p.RateLimitService[0;39m                      : total requests 8 in progress 0 queue size 0 
[32m2025-06-05 | 08:10:31.990[0;39m | [34mINFO [0;39m [[36mapp-(scheduled)-rateLimitLogging-0      [0;39m] [33mo.t.t.s.p.RateLimitService[0;39m                      : total requests 8 in progress 0 queue size 0 
[32m2025-06-05 | 08:10:41.621[0;39m | [34mINFO [0;39m [[36mapp-(scheduled)-statsCollector-0        [0;39m] [33mo.t.t.s.s.StatsCollector[0;39m                        : Schedule:  Key generalRestClient count 8 duration 2263 avg 282 ms 
[32m2025-06-05 | 08:10:41.621[0;39m | [34mINFO [0;39m [[36mapp-(scheduled)-statsCollector-0        [0;39m] [33mo.t.t.s.s.StatsCollector[0;39m                        : Schedule:  Key waitForQuota count 8 duration 0 avg 0 ms 
[32m2025-06-05 | 08:10:41.978[0;39m | [34mINFO [0;39m [[36mapp-(scheduled)-rateLimitLogging-0      [0;39m] [33mo.t.t.s.p.RateLimitService[0;39m                      : total requests 8 in progress 0 queue size 0 
[32m2025-06-05 | 08:10:51.991[0;39m | [34mINFO [0;39m [[36mapp-(scheduled)-rateLimitLogging-0      [0;39m] [33mo.t.t.s.p.RateLimitService[0;39m                      : total requests 8 in progress 0 queue size 0 
[32m2025-06-05 | 08:11:01.993[0;39m | [34mINFO [0;39m [[36mapp-(scheduled)-rateLimitLogging-0      [0;39m] [33mo.t.t.s.p.RateLimitService[0;39m                      : total requests 8 in progress 0 queue size 0 
[32m2025-06-05 | 08:11:11.988[0;39m | [34mINFO [0;39m [[36mapp-(scheduled)-rateLimitLogging-0      [0;39m] [33mo.t.t.s.p.RateLimitService[0;39m                      : total requests 9 in progress 0 queue size 0 
[32m2025-06-05 | 08:11:21.987[0;39m | [34mINFO [0;39m [[36mapp-(scheduled)-rateLimitLogging-0      [0;39m] [33mo.t.t.s.p.RateLimitService[0;39m                      : total requests 10 in progress 0 queue size 0 
[32m2025-06-05 | 08:11:31.985[0;39m | [34mINFO [0;39m [[36mapp-(scheduled)-rateLimitLogging-0      [0;39m] [33mo.t.t.s.p.RateLimitService[0;39m                      : total requests 10 in progress 0 queue size 0 
[32m2025-06-05 | 08:11:41.620[0;39m | [34mINFO [0;39m [[36mapp-(scheduled)-statsCollector-0        [0;39m] [33mo.t.t.s.s.StatsCollector[0;39m                        : Schedule:  Key generalRestClient count 10 duration 2509 avg 250 ms 
[32m2025-06-05 | 08:11:41.620[0;39m | [34mINFO [0;39m [[36mapp-(scheduled)-statsCollector-0        [0;39m] [33mo.t.t.s.s.StatsCollector[0;39m                        : Schedule:  Key waitForQuota count 10 duration 0 avg 0 ms 
[32m2025-06-05 | 08:11:42.001[0;39m | [34mINFO [0;39m [[36mapp-(scheduled)-rateLimitLogging-0      [0;39m] [33mo.t.t.s.p.RateLimitService[0;39m                      : total requests 10 in progress 0 queue size 0 
[32m2025-06-05 | 08:11:51.980[0;39m | [34mINFO [0;39m [[36mapp-(scheduled)-rateLimitLogging-0      [0;39m] [33mo.t.t.s.p.RateLimitService[0;39m                      : total requests 10 in progress 0 queue size 0 
[32m2025-06-05 | 08:12:01.981[0;39m | [34mINFO [0;39m [[36mapp-(scheduled)-rateLimitLogging-0      [0;39m] [33mo.t.t.s.p.RateLimitService[0;39m                      : total requests 10 in progress 0 queue size 0 
[32m2025-06-05 | 08:12:08.004[0;39m | [34mINFO [0;39m [[36mMessageBroker-3                         [0;39m] [33mo.s.w.s.c.WebSocketMessageBrokerStats[0;39m           : WebSocketSession[0 current WS(0)-HttpStream(0)-HttpPoll(0), 0 total, 0 closed abnormally (0 connect failure, 0 send limit, 0 transport error)], stompSubProtocol[processed CONNECT(0)-CONNECTED(0)-DISCONNECT(0)], stompBrokerRelay[null], inboundChannel[pool size = 0, active threads = 0, queued tasks = 0, completed tasks = 0], outboundChannel[pool size = 0, active threads = 0, queued tasks = 0, completed tasks = 0], sockJsScheduler[pool size = 4, active threads = 1, queued tasks = 1, completed tasks = 2] 
[32m2025-06-05 | 08:12:11.992[0;39m | [34mINFO [0;39m [[36mapp-(scheduled)-rateLimitLogging-0      [0;39m] [33mo.t.t.s.p.RateLimitService[0;39m                      : total requests 10 in progress 0 queue size 0 
[32m2025-06-05 | 08:13:11.010[0;39m | [34mINFO [0;39m [[36mbackground-preinit                      [0;39m] [33mo.h.v.i.u.Version[0;39m                               : HV000001: Hibernate Validator 8.0.1.Final 
[32m2025-06-05 | 08:13:11.110[0;39m | [34mINFO [0;39m [[36mmain                                    [0;39m] [33mo.s.b.StartupInfoLogger[0;39m                         : Starting TrendzApplication v1.13.1-SNAPSHOT using Java 17.0.15 with PID 28008 (C:\Program Files (x86)\trendz\lib\trendz.jar started by DESKTOP-FEGLDB1$ in C:\Program Files (x86)\trendz\conf) 
[32m2025-06-05 | 08:13:11.110[0;39m | [34mINFO [0;39m [[36mmain                                    [0;39m] [33mo.s.b.SpringApplication[0;39m                         : No active profile set, falling back to 1 default profile: "default" 
[32m2025-06-05 | 08:13:13.571[0;39m | [34mINFO [0;39m [[36mmain                                    [0;39m] [33mo.s.d.r.c.RepositoryConfigurationDelegate[0;39m       : Multiple Spring Data modules found, entering strict repository configuration mode 
[32m2025-06-05 | 08:13:13.571[0;39m | [34mINFO [0;39m [[36mmain                                    [0;39m] [33mo.s.d.r.c.RepositoryConfigurationDelegate[0;39m       : Bootstrapping Spring Data JPA repositories in DEFAULT mode. 
[32m2025-06-05 | 08:13:14.982[0;39m | [34mINFO [0;39m [[36mmain                                    [0;39m] [33mo.s.d.r.c.RepositoryConfigurationDelegate[0;39m       : Finished Spring Data repository scanning in 1392 ms. Found 45 JPA repository interfaces. 
[32m2025-06-05 | 08:13:21.172[0;39m | [34mINFO [0;39m [[36mmain                                    [0;39m] [33mo.s.b.w.e.t.TomcatWebServer[0;39m                     : Tomcat initialized with port 8888 (http) 
[32m2025-06-05 | 08:13:21.198[0;39m | [34mINFO [0;39m [[36mmain                                    [0;39m] [33mo.a.j.l.DirectJDKLog[0;39m                            : Initializing ProtocolHandler ["http-nio-0.0.0.0-8888"] 
[32m2025-06-05 | 08:13:21.198[0;39m | [34mINFO [0;39m [[36mmain                                    [0;39m] [33mo.a.j.l.DirectJDKLog[0;39m                            : Starting service [Tomcat] 
[32m2025-06-05 | 08:13:21.198[0;39m | [34mINFO [0;39m [[36mmain                                    [0;39m] [33mo.a.j.l.DirectJDKLog[0;39m                            : Starting Servlet engine: [Apache Tomcat/10.1.19] 
[32m2025-06-05 | 08:13:21.324[0;39m | [34mINFO [0;39m [[36mmain                                    [0;39m] [33mo.a.j.l.DirectJDKLog[0;39m                            : Initializing Spring embedded WebApplicationContext 
[32m2025-06-05 | 08:13:21.324[0;39m | [34mINFO [0;39m [[36mmain                                    [0;39m] [33mo.s.b.w.s.c.ServletWebServerApplicationContext[0;39m  : Root WebApplicationContext: initialization completed in 10133 ms 
[32m2025-06-05 | 08:13:23.614[0;39m | [34mINFO [0;39m [[36mmain                                    [0;39m] [33mo.t.t.s.p.c.CaffeineCacheConfiguration[0;39m          : Used cache tool: Caffeine 
[32m2025-06-05 | 08:13:23.773[0;39m | [34mINFO [0;39m [[36mmain                                    [0;39m] [33mo.t.t.s.p.BucketConfiguration[0;39m                   : Cloud Rate Limiting status: DISABLED 
[32m2025-06-05 | 08:13:23.852[0;39m | [34mINFO [0;39m [[36mmain                                    [0;39m] [33mo.t.t.s.p.CloudRateLimitService[0;39m                 : Cloud Rate Limiting status: DISABLED 
[32m2025-06-05 | 08:13:23.915[0;39m | [34mINFO [0;39m [[36mmain                                    [0;39m] [33mo.t.t.s.p.TbWebClient[0;39m                           : Default DNS resolver is used 
[32m2025-06-05 | 08:13:24.918[0;39m | [34mINFO [0;39m [[36mmain                                    [0;39m] [33mo.h.j.i.u.LogHelper[0;39m                             : HHH000204: Processing PersistenceUnitInfo [name: default] 
[32m2025-06-05 | 08:13:25.261[0;39m | [34mINFO [0;39m [[36mmain                                    [0;39m] [33mo.h.Version[0;39m                                     : HHH000412: Hibernate ORM core version 6.4.4.Final 
[32m2025-06-05 | 08:13:25.368[0;39m | [34mINFO [0;39m [[36mmain                                    [0;39m] [33mo.h.c.i.RegionFactoryInitiator[0;39m                  : HHH000026: Second-level cache disabled 
[32m2025-06-05 | 08:13:26.167[0;39m | [34mINFO [0;39m [[36mmain                                    [0;39m] [33mo.s.o.j.p.SpringPersistenceUnitInfo[0;39m             : No LoadTimeWeaver setup: ignoring JPA class transformer 
[32m2025-06-05 | 08:13:26.301[0;39m | [34mINFO [0;39m [[36mmain                                    [0;39m] [33mc.z.h.HikariDataSource[0;39m                          : HikariPool-1 - Starting... 
[32m2025-06-05 | 08:13:26.736[0;39m | [34mINFO [0;39m [[36mmain                                    [0;39m] [33mc.z.h.p.HikariPool[0;39m                              : HikariPool-1 - Added connection org.postgresql.jdbc.PgConnection@26c9225a 
[32m2025-06-05 | 08:13:26.736[0;39m | [34mINFO [0;39m [[36mmain                                    [0;39m] [33mc.z.h.HikariDataSource[0;39m                          : HikariPool-1 - Start completed. 
[32m2025-06-05 | 08:13:26.768[0;39m | [31mWARN [0;39m [[36mmain                                    [0;39m] [33mo.h.e.j.d.i.DialectFactoryImpl[0;39m                  : HHH90000025: PostgreSQLDialect does not need to be specified explicitly using 'hibernate.dialect' (remove the property setting and it will be selected by default) 
[32m2025-06-05 | 08:13:32.778[0;39m | [34mINFO [0;39m [[36mmain                                    [0;39m] [33mo.h.e.t.j.p.i.JtaPlatformInitiator[0;39m              : HHH000489: No JTA platform available (set 'hibernate.transaction.jta.platform' to enable JTA platform integration) 
[32m2025-06-05 | 08:13:32.905[0;39m | [34mINFO [0;39m [[36mmain                                    [0;39m] [33mo.s.o.j.AbstractEntityManagerFactoryBean[0;39m        : Initialized JPA EntityManagerFactory for persistence unit 'default' 
[32m2025-06-05 | 08:13:33.899[0;39m | [34mINFO [0;39m [[36mmain                                    [0;39m] [33mo.s.d.j.r.q.QueryEnhancerFactory[0;39m                : Hibernate is in classpath; If applicable, HQL parser will be used. 
[32m2025-06-05 | 08:13:33.912[0;39m | [34mINFO [0;39m [[36mapp-(scheduled)-rateLimitLogging-0      [0;39m] [33mo.t.t.s.p.RateLimitService[0;39m                      : total requests 0 in progress 0 queue size 0 
[32m2025-06-05 | 08:13:35.420[0;39m | [34mINFO [0;39m [[36mmain                                    [0;39m] [33mo.t.l.c.TbLicenseClient[0;39m                         : Initializing ThingsBoard License Client, Release Date [2025-05-02] 
[32m2025-06-05 | 08:13:35.936[0;39m | [34mINFO [0;39m [[36mmain                                    [0;39m] [33mo.t.l.c.TbLicenseClient[0;39m                         : Obtained instance data from file. 
[32m2025-06-05 | 08:13:35.936[0;39m | [34mINFO [0;39m [[36mmain                                    [0;39m] [33mo.t.l.c.TbLicenseClient[0;39m                         : instanceId: [I8XPdcC3hX4YpeAjrHtd] 
[32m2025-06-05 | 08:13:35.982[0;39m | [34mINFO [0;39m [[36mmain                                    [0;39m] [33mo.t.l.c.TbLicenseClient[0;39m                         : planData: {
  "asset_count" : {
    "value" : 10,
    "description" : "The maximum number of assets"
  },
  "device_count" : {
    "value" : 10,
    "description" : "The maximum number of devices"
  }
} 
[32m2025-06-05 | 08:13:37.486[0;39m | [34mINFO [0;39m [[36mmain                                    [0;39m] [33mo.t.l.c.TbLicenseClient[0;39m                         : Executed checkInstance method. 
[32m2025-06-05 | 08:13:37.486[0;39m | [34mINFO [0;39m [[36mmain                                    [0;39m] [33mo.t.l.c.TbLicenseClient[0;39m                         : instanceId: [I8XPdcC3hX4YpeAjrHtd] 
[32m2025-06-05 | 08:13:37.486[0;39m | [34mINFO [0;39m [[36mmain                                    [0;39m] [33mo.t.l.c.TbLicenseClient[0;39m                         : planData: {
  "asset_count" : {
    "value" : 10,
    "description" : "The maximum number of assets"
  },
  "device_count" : {
    "value" : 10,
    "description" : "The maximum number of devices"
  }
} 
[32m2025-06-05 | 08:13:37.486[0;39m | [34mINFO [0;39m [[36mmain                                    [0;39m] [33mo.t.l.c.TbLicenseClient[0;39m                         : Initialized ThingsBoard License Client with instanceId [I8XPdcC3hX4YpeAjrHtd] 
[32m2025-06-05 | 08:13:43.917[0;39m | [34mINFO [0;39m [[36mapp-(scheduled)-rateLimitLogging-0      [0;39m] [33mo.t.t.s.p.RateLimitService[0;39m                      : total requests 0 in progress 0 queue size 0 
[32m2025-06-05 | 08:18:01.584[0;39m | [34mINFO [0;39m [[36mbackground-preinit                      [0;39m] [33mo.h.v.i.u.Version[0;39m                               : HV000001: Hibernate Validator 8.0.1.Final 
[32m2025-06-05 | 08:18:01.691[0;39m | [34mINFO [0;39m [[36mmain                                    [0;39m] [33mo.s.b.StartupInfoLogger[0;39m                         : Starting TrendzApplication v1.13.1-SNAPSHOT using Java 17.0.15 with PID 19540 (C:\Program Files (x86)\trendz\lib\trendz.jar started by DESKTOP-FEGLDB1$ in C:\Program Files (x86)\trendz\conf) 
[32m2025-06-05 | 08:18:01.691[0;39m | [34mINFO [0;39m [[36mmain                                    [0;39m] [33mo.s.b.SpringApplication[0;39m                         : No active profile set, falling back to 1 default profile: "default" 
[32m2025-06-05 | 08:18:05.777[0;39m | [34mINFO [0;39m [[36mmain                                    [0;39m] [33mo.s.d.r.c.RepositoryConfigurationDelegate[0;39m       : Multiple Spring Data modules found, entering strict repository configuration mode 
[32m2025-06-05 | 08:18:05.778[0;39m | [34mINFO [0;39m [[36mmain                                    [0;39m] [33mo.s.d.r.c.RepositoryConfigurationDelegate[0;39m       : Bootstrapping Spring Data JPA repositories in DEFAULT mode. 
[32m2025-06-05 | 08:18:06.968[0;39m | [34mINFO [0;39m [[36mmain                                    [0;39m] [33mo.s.d.r.c.RepositoryConfigurationDelegate[0;39m       : Finished Spring Data repository scanning in 1157 ms. Found 45 JPA repository interfaces. 
[32m2025-06-05 | 08:18:13.872[0;39m | [34mINFO [0;39m [[36mmain                                    [0;39m] [33mo.s.b.w.e.t.TomcatWebServer[0;39m                     : Tomcat initialized with port 8888 (http) 
[32m2025-06-05 | 08:18:13.916[0;39m | [34mINFO [0;39m [[36mmain                                    [0;39m] [33mo.a.j.l.DirectJDKLog[0;39m                            : Initializing ProtocolHandler ["http-nio-0.0.0.0-8888"] 
[32m2025-06-05 | 08:18:13.916[0;39m | [34mINFO [0;39m [[36mmain                                    [0;39m] [33mo.a.j.l.DirectJDKLog[0;39m                            : Starting service [Tomcat] 
[32m2025-06-05 | 08:18:13.924[0;39m | [34mINFO [0;39m [[36mmain                                    [0;39m] [33mo.a.j.l.DirectJDKLog[0;39m                            : Starting Servlet engine: [Apache Tomcat/10.1.19] 
[32m2025-06-05 | 08:18:14.076[0;39m | [34mINFO [0;39m [[36mmain                                    [0;39m] [33mo.a.j.l.DirectJDKLog[0;39m                            : Initializing Spring embedded WebApplicationContext 
[32m2025-06-05 | 08:18:14.078[0;39m | [34mINFO [0;39m [[36mmain                                    [0;39m] [33mo.s.b.w.s.c.ServletWebServerApplicationContext[0;39m  : Root WebApplicationContext: initialization completed in 12273 ms 
[32m2025-06-05 | 08:18:16.340[0;39m | [34mINFO [0;39m [[36mmain                                    [0;39m] [33mo.t.t.s.p.c.CaffeineCacheConfiguration[0;39m          : Used cache tool: Caffeine 
[32m2025-06-05 | 08:18:16.558[0;39m | [34mINFO [0;39m [[36mmain                                    [0;39m] [33mo.t.t.s.p.BucketConfiguration[0;39m                   : Cloud Rate Limiting status: DISABLED 
[32m2025-06-05 | 08:18:16.611[0;39m | [34mINFO [0;39m [[36mmain                                    [0;39m] [33mo.t.t.s.p.CloudRateLimitService[0;39m                 : Cloud Rate Limiting status: DISABLED 
[32m2025-06-05 | 08:18:16.644[0;39m | [34mINFO [0;39m [[36mmain                                    [0;39m] [33mo.t.t.s.p.TbWebClient[0;39m                           : Default DNS resolver is used 
[32m2025-06-05 | 08:18:17.789[0;39m | [34mINFO [0;39m [[36mmain                                    [0;39m] [33mo.h.j.i.u.LogHelper[0;39m                             : HHH000204: Processing PersistenceUnitInfo [name: default] 
[32m2025-06-05 | 08:18:18.094[0;39m | [34mINFO [0;39m [[36mmain                                    [0;39m] [33mo.h.Version[0;39m                                     : HHH000412: Hibernate ORM core version 6.4.4.Final 
[32m2025-06-05 | 08:18:18.262[0;39m | [34mINFO [0;39m [[36mmain                                    [0;39m] [33mo.h.c.i.RegionFactoryInitiator[0;39m                  : HHH000026: Second-level cache disabled 
[32m2025-06-05 | 08:18:19.122[0;39m | [34mINFO [0;39m [[36mmain                                    [0;39m] [33mo.s.o.j.p.SpringPersistenceUnitInfo[0;39m             : No LoadTimeWeaver setup: ignoring JPA class transformer 
[32m2025-06-05 | 08:18:19.274[0;39m | [34mINFO [0;39m [[36mmain                                    [0;39m] [33mc.z.h.HikariDataSource[0;39m                          : HikariPool-1 - Starting... 
[32m2025-06-05 | 08:18:19.779[0;39m | [34mINFO [0;39m [[36mmain                                    [0;39m] [33mc.z.h.p.HikariPool[0;39m                              : HikariPool-1 - Added connection org.postgresql.jdbc.PgConnection@4bfaa7b 
[32m2025-06-05 | 08:18:19.790[0;39m | [34mINFO [0;39m [[36mmain                                    [0;39m] [33mc.z.h.HikariDataSource[0;39m                          : HikariPool-1 - Start completed. 
[32m2025-06-05 | 08:18:19.839[0;39m | [31mWARN [0;39m [[36mmain                                    [0;39m] [33mo.h.e.j.d.i.DialectFactoryImpl[0;39m                  : HHH90000025: PostgreSQLDialect does not need to be specified explicitly using 'hibernate.dialect' (remove the property setting and it will be selected by default) 
[32m2025-06-05 | 08:18:25.675[0;39m | [34mINFO [0;39m [[36mmain                                    [0;39m] [33mo.h.e.t.j.p.i.JtaPlatformInitiator[0;39m              : HHH000489: No JTA platform available (set 'hibernate.transaction.jta.platform' to enable JTA platform integration) 
[32m2025-06-05 | 08:18:25.836[0;39m | [34mINFO [0;39m [[36mmain                                    [0;39m] [33mo.s.o.j.AbstractEntityManagerFactoryBean[0;39m        : Initialized JPA EntityManagerFactory for persistence unit 'default' 
[32m2025-06-05 | 08:18:26.633[0;39m | [34mINFO [0;39m [[36mapp-(scheduled)-rateLimitLogging-0      [0;39m] [33mo.t.t.s.p.RateLimitService[0;39m                      : total requests 0 in progress 0 queue size 0 
[32m2025-06-05 | 08:18:27.069[0;39m | [34mINFO [0;39m [[36mmain                                    [0;39m] [33mo.s.d.j.r.q.QueryEnhancerFactory[0;39m                : Hibernate is in classpath; If applicable, HQL parser will be used. 
[32m2025-06-05 | 08:18:28.888[0;39m | [34mINFO [0;39m [[36mmain                                    [0;39m] [33mo.t.l.c.TbLicenseClient[0;39m                         : Initializing ThingsBoard License Client, Release Date [2025-05-02] 
[32m2025-06-05 | 08:18:29.424[0;39m | [34mINFO [0;39m [[36mmain                                    [0;39m] [33mo.t.l.c.TbLicenseClient[0;39m                         : Obtained instance data from file. 
[32m2025-06-05 | 08:18:29.424[0;39m | [34mINFO [0;39m [[36mmain                                    [0;39m] [33mo.t.l.c.TbLicenseClient[0;39m                         : instanceId: [I8XPdcC3hX4YpeAjrHtd] 
[32m2025-06-05 | 08:18:29.473[0;39m | [34mINFO [0;39m [[36mmain                                    [0;39m] [33mo.t.l.c.TbLicenseClient[0;39m                         : planData: {
  "asset_count" : {
    "value" : 10,
    "description" : "The maximum number of assets"
  },
  "device_count" : {
    "value" : 10,
    "description" : "The maximum number of devices"
  }
} 
[32m2025-06-05 | 08:18:30.623[0;39m | [34mINFO [0;39m [[36mmain                                    [0;39m] [33mo.t.l.c.TbLicenseClient[0;39m                         : Executed checkInstance method. 
[32m2025-06-05 | 08:18:30.623[0;39m | [34mINFO [0;39m [[36mmain                                    [0;39m] [33mo.t.l.c.TbLicenseClient[0;39m                         : instanceId: [I8XPdcC3hX4YpeAjrHtd] 
[32m2025-06-05 | 08:18:30.623[0;39m | [34mINFO [0;39m [[36mmain                                    [0;39m] [33mo.t.l.c.TbLicenseClient[0;39m                         : planData: {
  "asset_count" : {
    "value" : 10,
    "description" : "The maximum number of assets"
  },
  "device_count" : {
    "value" : 10,
    "description" : "The maximum number of devices"
  }
} 
[32m2025-06-05 | 08:18:30.623[0;39m | [34mINFO [0;39m [[36mmain                                    [0;39m] [33mo.t.l.c.TbLicenseClient[0;39m                         : Initialized ThingsBoard License Client with instanceId [I8XPdcC3hX4YpeAjrHtd] 
[32m2025-06-05 | 08:18:36.628[0;39m | [34mINFO [0;39m [[36mapp-(scheduled)-rateLimitLogging-0      [0;39m] [33mo.t.t.s.p.RateLimitService[0;39m                      : total requests 0 in progress 0 queue size 0 
[32m2025-06-05 | 08:18:38.547[0;39m | [34mINFO [0;39m [[36mmain                                    [0;39m] [33mo.t.t.StartupValidationService[0;39m                  : The version of database is matching to Trendz version [1.13.1] 
[32m2025-06-05 | 08:18:39.135[0;39m | [34mINFO [0;39m [[36mmain                                    [0;39m] [33mo.t.t.c.PublicApiController[0;39m                     : application 1.13.1-SNAPSHOT ThingsBoard Trendz Server Application 2025-05-02T08:21:36.700Z 
[32m2025-06-05 | 08:18:40.706[0;39m | [34mINFO [0;39m [[36mmain                                    [0;39m] [33mo.s.b.a.w.s.WelcomePageHandlerMapping[0;39m           : Adding welcome page: class path resource [resources/index.html] 
[32m2025-06-05 | 08:18:41.282[0;39m | [34mINFO [0;39m [[36mmain                                    [0;39m] [33mo.s.b.a.e.w.EndpointLinksResolver[0;39m               : Exposing 0 endpoint(s) beneath base path '/actuator' 
[32m2025-06-05 | 08:18:41.523[0;39m | [34mINFO [0;39m [[36mmain                                    [0;39m] [33mo.s.s.w.DefaultSecurityFilterChain[0;39m              : Will secure any request with [org.springframework.security.web.session.DisableEncodeUrlFilter@1f331c49, org.springframework.security.web.context.request.async.WebAsyncManagerIntegrationFilter@50572c85, org.springframework.security.web.context.SecurityContextHolderFilter@662f039, org.springframework.security.web.header.HeaderWriterFilter@513d9c39, org.springframework.web.filter.CorsFilter@406b2c60, org.springframework.security.web.authentication.logout.LogoutFilter@5caf17d5, org.thingsboard.trendz.security.RestLoginProcessingFilter@6f8b1902, org.thingsboard.trendz.security.JwtTokenAuthenticationProcessingFilter@55c901b2, org.thingsboard.trendz.security.RefreshTokenProcessingFilter@198c97d0, org.springframework.security.web.savedrequest.RequestCacheAwareFilter@ffa7bed, org.springframework.security.web.servletapi.SecurityContextHolderAwareRequestFilter@7ce33081, org.springframework.security.web.authentication.AnonymousAuthenticationFilter@7d1a9695, org.springframework.security.web.session.SessionManagementFilter@28c02409, org.springframework.security.web.access.ExceptionTranslationFilter@748fc000, org.springframework.security.web.access.intercept.AuthorizationFilter@5ec0558b] 
[32m2025-06-05 | 08:18:44.303[0;39m | [34mINFO [0;39m [[36mmain                                    [0;39m] [33mo.a.j.l.DirectJDKLog[0;39m                            : Starting ProtocolHandler ["http-nio-0.0.0.0-8888"] 
[32m2025-06-05 | 08:18:44.363[0;39m | [34mINFO [0;39m [[36mmain                                    [0;39m] [33mo.s.b.w.e.t.TomcatWebServer[0;39m                     : Tomcat started on port 8888 (http) with context path '' 
[32m2025-06-05 | 08:18:44.368[0;39m | [34mINFO [0;39m [[36mmain                                    [0;39m] [33mo.s.c.l.CompositeLog[0;39m                            : Starting... 
[32m2025-06-05 | 08:18:44.369[0;39m | [34mINFO [0;39m [[36mmain                                    [0;39m] [33mo.s.c.l.CompositeLog[0;39m                            : BrokerAvailabilityEvent[available=true, SimpleBrokerMessageHandler [org.springframework.messaging.simp.broker.DefaultSubscriptionRegistry@7e853527]] 
[32m2025-06-05 | 08:18:44.369[0;39m | [34mINFO [0;39m [[36mmain                                    [0;39m] [33mo.s.c.l.CompositeLog[0;39m                            : Started. 
[32m2025-06-05 | 08:18:44.413[0;39m | [34mINFO [0;39m [[36mMessageBroker-1                         [0;39m] [33mo.t.t.s.t.InitializationServiceImpl[0;39m             : Scheduled user validation: started 
[32m2025-06-05 | 08:18:44.474[0;39m | [34mINFO [0;39m [[36mmain                                    [0;39m] [33mo.t.t.s.t.InitializationServiceImpl[0;39m             : Defined statuses for 0 tenants 
[32m2025-06-05 | 08:18:44.474[0;39m | [34mINFO [0;39m [[36mmain                                    [0;39m] [33mo.t.t.s.t.TaskRuntimeService[0;39m                    : The task runtime scheduler is enabled! 
[32m2025-06-05 | 08:18:44.480[0;39m | [34mINFO [0;39m [[36mmain                                    [0;39m] [33mo.s.b.StartupInfoLogger[0;39m                         : Started TrendzApplication in 43.43 seconds (process running for 44.493) 
[32m2025-06-05 | 08:18:44.500[0;39m | [34mINFO [0;39m [[36mMessageBroker-1                         [0;39m] [33mo.t.t.s.t.InitializationServiceImpl[0;39m             : Scheduled user validation: finished 
[32m2025-06-05 | 08:18:46.628[0;39m | [34mINFO [0;39m [[36mapp-(scheduled)-rateLimitLogging-0      [0;39m] [33mo.t.t.s.p.RateLimitService[0;39m                      : total requests 0 in progress 0 queue size 0 
[32m2025-06-05 | 08:18:54.153[0;39m | [34mINFO [0;39m [[36mhttp-nio-0.0.0.0-8888-exec-1            [0;39m] [33mo.a.j.l.DirectJDKLog[0;39m                            : Initializing Spring DispatcherServlet 'dispatcherServlet' 
[32m2025-06-05 | 08:18:54.153[0;39m | [34mINFO [0;39m [[36mhttp-nio-0.0.0.0-8888-exec-1            [0;39m] [33mo.s.w.s.FrameworkServlet[0;39m                        : Initializing Servlet 'dispatcherServlet' 
[32m2025-06-05 | 08:18:54.153[0;39m | [34mINFO [0;39m [[36mhttp-nio-0.0.0.0-8888-exec-1            [0;39m] [33mo.s.w.s.FrameworkServlet[0;39m                        : Completed initialization in 0 ms 
[32m2025-06-05 | 08:18:56.634[0;39m | [34mINFO [0;39m [[36mapp-(scheduled)-rateLimitLogging-0      [0;39m] [33mo.t.t.s.p.RateLimitService[0;39m                      : total requests 1 in progress 1 queue size 1 
[32m2025-06-05 | 08:19:06.645[0;39m | [34mINFO [0;39m [[36mapp-(scheduled)-rateLimitLogging-0      [0;39m] [33mo.t.t.s.p.RateLimitService[0;39m                      : total requests 2 in progress 0 queue size 0 
[32m2025-06-05 | 08:19:16.292[0;39m | [34mINFO [0;39m [[36mapp-(scheduled)-statsCollector-0        [0;39m] [33mo.t.t.s.s.StatsCollector[0;39m                        : Schedule:  Key generalRestClient count 2 duration 2920 avg 1460 ms 
[32m2025-06-05 | 08:19:16.292[0;39m | [34mINFO [0;39m [[36mapp-(scheduled)-statsCollector-0        [0;39m] [33mo.t.t.s.s.StatsCollector[0;39m                        : Schedule:  Key waitForQuota count 2 duration 1 avg 0 ms 
[32m2025-06-05 | 08:19:16.635[0;39m | [34mINFO [0;39m [[36mapp-(scheduled)-rateLimitLogging-0      [0;39m] [33mo.t.t.s.p.RateLimitService[0;39m                      : total requests 2 in progress 0 queue size 0 
[32m2025-06-05 | 08:19:26.629[0;39m | [34mINFO [0;39m [[36mapp-(scheduled)-rateLimitLogging-0      [0;39m] [33mo.t.t.s.p.RateLimitService[0;39m                      : total requests 2 in progress 0 queue size 0 
[32m2025-06-05 | 08:19:36.636[0;39m | [34mINFO [0;39m [[36mapp-(scheduled)-rateLimitLogging-0      [0;39m] [33mo.t.t.s.p.RateLimitService[0;39m                      : total requests 2 in progress 0 queue size 0 
[32m2025-06-05 | 08:19:44.191[0;39m | [34mINFO [0;39m [[36mMessageBroker-2                         [0;39m] [33mo.s.w.s.c.WebSocketMessageBrokerStats[0;39m           : WebSocketSession[0 current WS(0)-HttpStream(0)-HttpPoll(0), 0 total, 0 closed abnormally (0 connect failure, 0 send limit, 0 transport error)], stompSubProtocol[processed CONNECT(0)-CONNECTED(0)-DISCONNECT(0)], stompBrokerRelay[null], inboundChannel[pool size = 0, active threads = 0, queued tasks = 0, completed tasks = 0], outboundChannel[pool size = 0, active threads = 0, queued tasks = 0, completed tasks = 0], sockJsScheduler[pool size = 3, active threads = 1, queued tasks = 1, completed tasks = 1] 
[32m2025-06-05 | 08:19:46.633[0;39m | [34mINFO [0;39m [[36mapp-(scheduled)-rateLimitLogging-0      [0;39m] [33mo.t.t.s.p.RateLimitService[0;39m                      : total requests 2 in progress 0 queue size 0 
[32m2025-06-05 | 08:19:56.629[0;39m | [34mINFO [0;39m [[36mapp-(scheduled)-rateLimitLogging-0      [0;39m] [33mo.t.t.s.p.RateLimitService[0;39m                      : total requests 2 in progress 0 queue size 0 
[32m2025-06-05 | 08:20:06.628[0;39m | [34mINFO [0;39m [[36mapp-(scheduled)-rateLimitLogging-0      [0;39m] [33mo.t.t.s.p.RateLimitService[0;39m                      : total requests 2 in progress 0 queue size 0 
[32m2025-06-05 | 08:20:16.283[0;39m | [34mINFO [0;39m [[36mapp-(scheduled)-statsCollector-0        [0;39m] [33mo.t.t.s.s.StatsCollector[0;39m                        : Schedule:  Key generalRestClient count 2 duration 2920 avg 1460 ms 
[32m2025-06-05 | 08:20:16.283[0;39m | [34mINFO [0;39m [[36mapp-(scheduled)-statsCollector-0        [0;39m] [33mo.t.t.s.s.StatsCollector[0;39m                        : Schedule:  Key waitForQuota count 2 duration 1 avg 0 ms 
[32m2025-06-05 | 08:20:16.628[0;39m | [34mINFO [0;39m [[36mapp-(scheduled)-rateLimitLogging-0      [0;39m] [33mo.t.t.s.p.RateLimitService[0;39m                      : total requests 2 in progress 0 queue size 0 
[32m2025-06-05 | 08:20:26.636[0;39m | [34mINFO [0;39m [[36mapp-(scheduled)-rateLimitLogging-0      [0;39m] [33mo.t.t.s.p.RateLimitService[0;39m                      : total requests 2 in progress 0 queue size 0 
[32m2025-06-05 | 08:20:36.634[0;39m | [34mINFO [0;39m [[36mapp-(scheduled)-rateLimitLogging-0      [0;39m] [33mo.t.t.s.p.RateLimitService[0;39m                      : total requests 2 in progress 0 queue size 0 
[32m2025-06-05 | 08:20:46.631[0;39m | [34mINFO [0;39m [[36mapp-(scheduled)-rateLimitLogging-0      [0;39m] [33mo.t.t.s.p.RateLimitService[0;39m                      : total requests 4 in progress 0 queue size 0 
[32m2025-06-05 | 08:20:56.636[0;39m | [34mINFO [0;39m [[36mapp-(scheduled)-rateLimitLogging-0      [0;39m] [33mo.t.t.s.p.RateLimitService[0;39m                      : total requests 4 in progress 0 queue size 0 
[32m2025-06-05 | 08:21:06.633[0;39m | [34mINFO [0;39m [[36mapp-(scheduled)-rateLimitLogging-0      [0;39m] [33mo.t.t.s.p.RateLimitService[0;39m                      : total requests 4 in progress 0 queue size 0 
[32m2025-06-05 | 08:21:16.295[0;39m | [34mINFO [0;39m [[36mapp-(scheduled)-statsCollector-0        [0;39m] [33mo.t.t.s.s.StatsCollector[0;39m                        : Schedule:  Key generalRestClient count 4 duration 4564 avg 1141 ms 
[32m2025-06-05 | 08:21:16.295[0;39m | [34mINFO [0;39m [[36mapp-(scheduled)-statsCollector-0        [0;39m] [33mo.t.t.s.s.StatsCollector[0;39m                        : Schedule:  Key waitForQuota count 4 duration 1 avg 0 ms 
[32m2025-06-05 | 08:21:16.628[0;39m | [34mINFO [0;39m [[36mapp-(scheduled)-rateLimitLogging-0      [0;39m] [33mo.t.t.s.p.RateLimitService[0;39m                      : total requests 4 in progress 0 queue size 0 
[32m2025-06-05 | 08:21:26.630[0;39m | [34mINFO [0;39m [[36mapp-(scheduled)-rateLimitLogging-0      [0;39m] [33mo.t.t.s.p.RateLimitService[0;39m                      : total requests 4 in progress 0 queue size 0 
[32m2025-06-05 | 08:21:36.640[0;39m | [34mINFO [0;39m [[36mapp-(scheduled)-rateLimitLogging-0      [0;39m] [33mo.t.t.s.p.RateLimitService[0;39m                      : total requests 4 in progress 0 queue size 0 
[32m2025-06-05 | 08:21:46.630[0;39m | [34mINFO [0;39m [[36mapp-(scheduled)-rateLimitLogging-0      [0;39m] [33mo.t.t.s.p.RateLimitService[0;39m                      : total requests 4 in progress 0 queue size 0 
[32m2025-06-05 | 08:21:56.636[0;39m | [34mINFO [0;39m [[36mapp-(scheduled)-rateLimitLogging-0      [0;39m] [33mo.t.t.s.p.RateLimitService[0;39m                      : total requests 4 in progress 0 queue size 0 
[32m2025-06-05 | 08:22:06.642[0;39m | [34mINFO [0;39m [[36mapp-(scheduled)-rateLimitLogging-0      [0;39m] [33mo.t.t.s.p.RateLimitService[0;39m                      : total requests 4 in progress 0 queue size 0 
[32m2025-06-05 | 08:22:16.286[0;39m | [34mINFO [0;39m [[36mapp-(scheduled)-statsCollector-0        [0;39m] [33mo.t.t.s.s.StatsCollector[0;39m                        : Schedule:  Key generalRestClient count 4 duration 4564 avg 1141 ms 
[32m2025-06-05 | 08:22:16.286[0;39m | [34mINFO [0;39m [[36mapp-(scheduled)-statsCollector-0        [0;39m] [33mo.t.t.s.s.StatsCollector[0;39m                        : Schedule:  Key waitForQuota count 4 duration 1 avg 0 ms 
[32m2025-06-05 | 08:22:16.630[0;39m | [34mINFO [0;39m [[36mapp-(scheduled)-rateLimitLogging-0      [0;39m] [33mo.t.t.s.p.RateLimitService[0;39m                      : total requests 4 in progress 0 queue size 0 
[32m2025-06-05 | 08:22:26.629[0;39m | [34mINFO [0;39m [[36mapp-(scheduled)-rateLimitLogging-0      [0;39m] [33mo.t.t.s.p.RateLimitService[0;39m                      : total requests 4 in progress 0 queue size 0 
[32m2025-06-05 | 08:22:36.634[0;39m | [34mINFO [0;39m [[36mapp-(scheduled)-rateLimitLogging-0      [0;39m] [33mo.t.t.s.p.RateLimitService[0;39m                      : total requests 4 in progress 0 queue size 0 
[32m2025-06-05 | 08:23:18.138[0;39m | [34mINFO [0;39m [[36mbackground-preinit                      [0;39m] [33mo.h.v.i.u.Version[0;39m                               : HV000001: Hibernate Validator 8.0.1.Final 
[32m2025-06-05 | 08:23:18.239[0;39m | [34mINFO [0;39m [[36mmain                                    [0;39m] [33mo.s.b.StartupInfoLogger[0;39m                         : Starting TrendzApplication v1.13.1-SNAPSHOT using Java 17.0.15 with PID 15664 (C:\Program Files (x86)\trendz\lib\trendz.jar started by DESKTOP-FEGLDB1$ in C:\Program Files (x86)\trendz\conf) 
[32m2025-06-05 | 08:23:18.239[0;39m | [34mINFO [0;39m [[36mmain                                    [0;39m] [33mo.s.b.SpringApplication[0;39m                         : No active profile set, falling back to 1 default profile: "default" 
[32m2025-06-05 | 08:23:20.123[0;39m | [34mINFO [0;39m [[36mmain                                    [0;39m] [33mo.s.d.r.c.RepositoryConfigurationDelegate[0;39m       : Multiple Spring Data modules found, entering strict repository configuration mode 
[32m2025-06-05 | 08:23:20.123[0;39m | [34mINFO [0;39m [[36mmain                                    [0;39m] [33mo.s.d.r.c.RepositoryConfigurationDelegate[0;39m       : Bootstrapping Spring Data JPA repositories in DEFAULT mode. 
[32m2025-06-05 | 08:23:21.358[0;39m | [34mINFO [0;39m [[36mmain                                    [0;39m] [33mo.s.d.r.c.RepositoryConfigurationDelegate[0;39m       : Finished Spring Data repository scanning in 1191 ms. Found 45 JPA repository interfaces. 
[32m2025-06-05 | 08:23:27.296[0;39m | [34mINFO [0;39m [[36mmain                                    [0;39m] [33mo.s.b.w.e.t.TomcatWebServer[0;39m                     : Tomcat initialized with port 8888 (http) 
[32m2025-06-05 | 08:23:27.322[0;39m | [34mINFO [0;39m [[36mmain                                    [0;39m] [33mo.a.j.l.DirectJDKLog[0;39m                            : Initializing ProtocolHandler ["http-nio-0.0.0.0-8888"] 
[32m2025-06-05 | 08:23:27.322[0;39m | [34mINFO [0;39m [[36mmain                                    [0;39m] [33mo.a.j.l.DirectJDKLog[0;39m                            : Starting service [Tomcat] 
[32m2025-06-05 | 08:23:27.322[0;39m | [34mINFO [0;39m [[36mmain                                    [0;39m] [33mo.a.j.l.DirectJDKLog[0;39m                            : Starting Servlet engine: [Apache Tomcat/10.1.19] 
[32m2025-06-05 | 08:23:27.457[0;39m | [34mINFO [0;39m [[36mmain                                    [0;39m] [33mo.a.j.l.DirectJDKLog[0;39m                            : Initializing Spring embedded WebApplicationContext 
[32m2025-06-05 | 08:23:27.457[0;39m | [34mINFO [0;39m [[36mmain                                    [0;39m] [33mo.s.b.w.s.c.ServletWebServerApplicationContext[0;39m  : Root WebApplicationContext: initialization completed in 9105 ms 
[32m2025-06-05 | 08:23:29.593[0;39m | [34mINFO [0;39m [[36mmain                                    [0;39m] [33mo.t.t.s.p.c.CaffeineCacheConfiguration[0;39m          : Used cache tool: Caffeine 
[32m2025-06-05 | 08:23:29.833[0;39m | [34mINFO [0;39m [[36mmain                                    [0;39m] [33mo.t.t.s.p.BucketConfiguration[0;39m                   : Cloud Rate Limiting status: DISABLED 
[32m2025-06-05 | 08:23:29.903[0;39m | [34mINFO [0;39m [[36mmain                                    [0;39m] [33mo.t.t.s.p.CloudRateLimitService[0;39m                 : Cloud Rate Limiting status: DISABLED 
[32m2025-06-05 | 08:23:29.954[0;39m | [34mINFO [0;39m [[36mmain                                    [0;39m] [33mo.t.t.s.p.TbWebClient[0;39m                           : Default DNS resolver is used 
[32m2025-06-05 | 08:23:31.054[0;39m | [34mINFO [0;39m [[36mmain                                    [0;39m] [33mo.h.j.i.u.LogHelper[0;39m                             : HHH000204: Processing PersistenceUnitInfo [name: default] 
[32m2025-06-05 | 08:23:31.314[0;39m | [34mINFO [0;39m [[36mmain                                    [0;39m] [33mo.h.Version[0;39m                                     : HHH000412: Hibernate ORM core version 6.4.4.Final 
[32m2025-06-05 | 08:23:31.436[0;39m | [34mINFO [0;39m [[36mmain                                    [0;39m] [33mo.h.c.i.RegionFactoryInitiator[0;39m                  : HHH000026: Second-level cache disabled 
[32m2025-06-05 | 08:23:32.191[0;39m | [34mINFO [0;39m [[36mmain                                    [0;39m] [33mo.s.o.j.p.SpringPersistenceUnitInfo[0;39m             : No LoadTimeWeaver setup: ignoring JPA class transformer 
[32m2025-06-05 | 08:23:32.281[0;39m | [34mINFO [0;39m [[36mmain                                    [0;39m] [33mc.z.h.HikariDataSource[0;39m                          : HikariPool-1 - Starting... 
[32m2025-06-05 | 08:23:32.733[0;39m | [34mINFO [0;39m [[36mmain                                    [0;39m] [33mc.z.h.p.HikariPool[0;39m                              : HikariPool-1 - Added connection org.postgresql.jdbc.PgConnection@2b8502e7 
[32m2025-06-05 | 08:23:32.735[0;39m | [34mINFO [0;39m [[36mmain                                    [0;39m] [33mc.z.h.HikariDataSource[0;39m                          : HikariPool-1 - Start completed. 
[32m2025-06-05 | 08:23:32.821[0;39m | [31mWARN [0;39m [[36mmain                                    [0;39m] [33mo.h.e.j.d.i.DialectFactoryImpl[0;39m                  : HHH90000025: PostgreSQLDialect does not need to be specified explicitly using 'hibernate.dialect' (remove the property setting and it will be selected by default) 
[32m2025-06-05 | 08:23:39.003[0;39m | [34mINFO [0;39m [[36mmain                                    [0;39m] [33mo.h.e.t.j.p.i.JtaPlatformInitiator[0;39m              : HHH000489: No JTA platform available (set 'hibernate.transaction.jta.platform' to enable JTA platform integration) 
[32m2025-06-05 | 08:23:39.193[0;39m | [34mINFO [0;39m [[36mmain                                    [0;39m] [33mo.s.o.j.AbstractEntityManagerFactoryBean[0;39m        : Initialized JPA EntityManagerFactory for persistence unit 'default' 
[32m2025-06-05 | 08:23:39.949[0;39m | [34mINFO [0;39m [[36mapp-(scheduled)-rateLimitLogging-0      [0;39m] [33mo.t.t.s.p.RateLimitService[0;39m                      : total requests 0 in progress 0 queue size 0 
[32m2025-06-05 | 08:23:40.251[0;39m | [34mINFO [0;39m [[36mmain                                    [0;39m] [33mo.s.d.j.r.q.QueryEnhancerFactory[0;39m                : Hibernate is in classpath; If applicable, HQL parser will be used. 
[32m2025-06-05 | 08:23:41.654[0;39m | [34mINFO [0;39m [[36mmain                                    [0;39m] [33mo.t.l.c.TbLicenseClient[0;39m                         : Initializing ThingsBoard License Client, Release Date [2025-05-02] 
[32m2025-06-05 | 08:23:42.217[0;39m | [34mINFO [0;39m [[36mmain                                    [0;39m] [33mo.t.l.c.TbLicenseClient[0;39m                         : Obtained instance data from file. 
[32m2025-06-05 | 08:23:42.217[0;39m | [34mINFO [0;39m [[36mmain                                    [0;39m] [33mo.t.l.c.TbLicenseClient[0;39m                         : instanceId: [I8XPdcC3hX4YpeAjrHtd] 
[32m2025-06-05 | 08:23:42.257[0;39m | [34mINFO [0;39m [[36mmain                                    [0;39m] [33mo.t.l.c.TbLicenseClient[0;39m                         : planData: {
  "asset_count" : {
    "value" : 10,
    "description" : "The maximum number of assets"
  },
  "device_count" : {
    "value" : 10,
    "description" : "The maximum number of devices"
  }
} 
[32m2025-06-05 | 08:23:43.402[0;39m | [34mINFO [0;39m [[36mmain                                    [0;39m] [33mo.t.l.c.TbLicenseClient[0;39m                         : Executed checkInstance method. 
[32m2025-06-05 | 08:23:43.402[0;39m | [34mINFO [0;39m [[36mmain                                    [0;39m] [33mo.t.l.c.TbLicenseClient[0;39m                         : instanceId: [I8XPdcC3hX4YpeAjrHtd] 
[32m2025-06-05 | 08:23:43.409[0;39m | [34mINFO [0;39m [[36mmain                                    [0;39m] [33mo.t.l.c.TbLicenseClient[0;39m                         : planData: {
  "asset_count" : {
    "value" : 10,
    "description" : "The maximum number of assets"
  },
  "device_count" : {
    "value" : 10,
    "description" : "The maximum number of devices"
  }
} 
[32m2025-06-05 | 08:23:43.409[0;39m | [34mINFO [0;39m [[36mmain                                    [0;39m] [33mo.t.l.c.TbLicenseClient[0;39m                         : Initialized ThingsBoard License Client with instanceId [I8XPdcC3hX4YpeAjrHtd] 
[32m2025-06-05 | 08:23:49.941[0;39m | [34mINFO [0;39m [[36mapp-(scheduled)-rateLimitLogging-0      [0;39m] [33mo.t.t.s.p.RateLimitService[0;39m                      : total requests 0 in progress 0 queue size 0 
[32m2025-06-05 | 08:23:50.680[0;39m | [34mINFO [0;39m [[36mmain                                    [0;39m] [33mo.t.t.StartupValidationService[0;39m                  : The version of database is matching to Trendz version [1.13.1] 
[32m2025-06-05 | 08:23:51.217[0;39m | [34mINFO [0;39m [[36mmain                                    [0;39m] [33mo.t.t.c.PublicApiController[0;39m                     : application 1.13.1-SNAPSHOT ThingsBoard Trendz Server Application 2025-05-02T08:21:36.700Z 
[32m2025-06-05 | 08:23:52.496[0;39m | [34mINFO [0;39m [[36mmain                                    [0;39m] [33mo.s.b.a.w.s.WelcomePageHandlerMapping[0;39m           : Adding welcome page: class path resource [resources/index.html] 
[32m2025-06-05 | 08:23:52.937[0;39m | [34mINFO [0;39m [[36mmain                                    [0;39m] [33mo.s.b.a.e.w.EndpointLinksResolver[0;39m               : Exposing 0 endpoint(s) beneath base path '/actuator' 
[32m2025-06-05 | 08:23:53.221[0;39m | [34mINFO [0;39m [[36mmain                                    [0;39m] [33mo.s.s.w.DefaultSecurityFilterChain[0;39m              : Will secure any request with [org.springframework.security.web.session.DisableEncodeUrlFilter@2b2a3741, org.springframework.security.web.context.request.async.WebAsyncManagerIntegrationFilter@f1f8c4e, org.springframework.security.web.context.SecurityContextHolderFilter@76d63eb1, org.springframework.security.web.header.HeaderWriterFilter@5fb9f5a0, org.springframework.web.filter.CorsFilter@36162e94, org.springframework.security.web.authentication.logout.LogoutFilter@272d95ca, org.thingsboard.trendz.security.RestLoginProcessingFilter@2420e962, org.thingsboard.trendz.security.JwtTokenAuthenticationProcessingFilter@45295bed, org.thingsboard.trendz.security.RefreshTokenProcessingFilter@38f1f6c9, org.springframework.security.web.savedrequest.RequestCacheAwareFilter@2b35c540, org.springframework.security.web.servletapi.SecurityContextHolderAwareRequestFilter@43c9cbf0, org.springframework.security.web.authentication.AnonymousAuthenticationFilter@4769066f, org.springframework.security.web.session.SessionManagementFilter@444454ac, org.springframework.security.web.access.ExceptionTranslationFilter@13d89e98, org.springframework.security.web.access.intercept.AuthorizationFilter@62392298] 
[32m2025-06-05 | 08:23:55.335[0;39m | [34mINFO [0;39m [[36mmain                                    [0;39m] [33mo.a.j.l.DirectJDKLog[0;39m                            : Starting ProtocolHandler ["http-nio-0.0.0.0-8888"] 
[32m2025-06-05 | 08:23:55.398[0;39m | [34mINFO [0;39m [[36mmain                                    [0;39m] [33mo.s.b.w.e.t.TomcatWebServer[0;39m                     : Tomcat started on port 8888 (http) with context path '' 
[32m2025-06-05 | 08:23:55.415[0;39m | [34mINFO [0;39m [[36mmain                                    [0;39m] [33mo.s.c.l.CompositeLog[0;39m                            : Starting... 
[32m2025-06-05 | 08:23:55.415[0;39m | [34mINFO [0;39m [[36mmain                                    [0;39m] [33mo.s.c.l.CompositeLog[0;39m                            : BrokerAvailabilityEvent[available=true, SimpleBrokerMessageHandler [org.springframework.messaging.simp.broker.DefaultSubscriptionRegistry@1ade2d52]] 
[32m2025-06-05 | 08:23:55.415[0;39m | [34mINFO [0;39m [[36mmain                                    [0;39m] [33mo.s.c.l.CompositeLog[0;39m                            : Started. 
[32m2025-06-05 | 08:23:55.495[0;39m | [34mINFO [0;39m [[36mMessageBroker-1                         [0;39m] [33mo.t.t.s.t.InitializationServiceImpl[0;39m             : Scheduled user validation: started 
[32m2025-06-05 | 08:23:55.552[0;39m | [34mINFO [0;39m [[36mmain                                    [0;39m] [33mo.t.t.s.t.InitializationServiceImpl[0;39m             : Defined statuses for 0 tenants 
[32m2025-06-05 | 08:23:55.552[0;39m | [34mINFO [0;39m [[36mmain                                    [0;39m] [33mo.t.t.s.t.TaskRuntimeService[0;39m                    : The task runtime scheduler is enabled! 
[32m2025-06-05 | 08:23:55.558[0;39m | [34mINFO [0;39m [[36mmain                                    [0;39m] [33mo.s.b.StartupInfoLogger[0;39m                         : Started TrendzApplication in 37.831 seconds (process running for 38.825) 
[32m2025-06-05 | 08:23:55.573[0;39m | [34mINFO [0;39m [[36mMessageBroker-1                         [0;39m] [33mo.t.t.s.t.InitializationServiceImpl[0;39m             : Scheduled user validation: finished 
[32m2025-06-05 | 08:23:59.949[0;39m | [34mINFO [0;39m [[36mapp-(scheduled)-rateLimitLogging-0      [0;39m] [33mo.t.t.s.p.RateLimitService[0;39m                      : total requests 0 in progress 0 queue size 0 
[32m2025-06-05 | 08:24:05.231[0;39m | [34mINFO [0;39m [[36mhttp-nio-0.0.0.0-8888-exec-1            [0;39m] [33mo.a.j.l.DirectJDKLog[0;39m                            : Initializing Spring DispatcherServlet 'dispatcherServlet' 
[32m2025-06-05 | 08:24:05.232[0;39m | [34mINFO [0;39m [[36mhttp-nio-0.0.0.0-8888-exec-1            [0;39m] [33mo.s.w.s.FrameworkServlet[0;39m                        : Initializing Servlet 'dispatcherServlet' 
[32m2025-06-05 | 08:24:05.237[0;39m | [34mINFO [0;39m [[36mhttp-nio-0.0.0.0-8888-exec-1            [0;39m] [33mo.s.w.s.FrameworkServlet[0;39m                        : Completed initialization in 5 ms 
[32m2025-06-05 | 08:24:09.941[0;39m | [34mINFO [0;39m [[36mapp-(scheduled)-rateLimitLogging-0      [0;39m] [33mo.t.t.s.p.RateLimitService[0;39m                      : total requests 1 in progress 0 queue size 0 
[32m2025-06-05 | 08:24:19.941[0;39m | [34mINFO [0;39m [[36mapp-(scheduled)-rateLimitLogging-0      [0;39m] [33mo.t.t.s.p.RateLimitService[0;39m                      : total requests 1 in progress 0 queue size 0 
[32m2025-06-05 | 08:24:29.570[0;39m | [34mINFO [0;39m [[36mapp-(scheduled)-statsCollector-0        [0;39m] [33mo.t.t.s.s.StatsCollector[0;39m                        : Schedule:  Key generalRestClient count 1 duration 2423 avg 2423 ms 
[32m2025-06-05 | 08:24:29.570[0;39m | [34mINFO [0;39m [[36mapp-(scheduled)-statsCollector-0        [0;39m] [33mo.t.t.s.s.StatsCollector[0;39m                        : Schedule:  Key waitForQuota count 1 duration 1 avg 1 ms 
[32m2025-06-05 | 08:24:29.947[0;39m | [34mINFO [0;39m [[36mapp-(scheduled)-rateLimitLogging-0      [0;39m] [33mo.t.t.s.p.RateLimitService[0;39m                      : total requests 1 in progress 0 queue size 0 
[32m2025-06-05 | 08:24:39.948[0;39m | [34mINFO [0;39m [[36mapp-(scheduled)-rateLimitLogging-0      [0;39m] [33mo.t.t.s.p.RateLimitService[0;39m                      : total requests 1 in progress 0 queue size 0 
[32m2025-06-05 | 08:24:49.952[0;39m | [34mINFO [0;39m [[36mapp-(scheduled)-rateLimitLogging-0      [0;39m] [33mo.t.t.s.p.RateLimitService[0;39m                      : total requests 1 in progress 0 queue size 0 
[32m2025-06-05 | 08:24:55.265[0;39m | [34mINFO [0;39m [[36mMessageBroker-2                         [0;39m] [33mo.s.w.s.c.WebSocketMessageBrokerStats[0;39m           : WebSocketSession[0 current WS(0)-HttpStream(0)-HttpPoll(0), 0 total, 0 closed abnormally (0 connect failure, 0 send limit, 0 transport error)], stompSubProtocol[processed CONNECT(0)-CONNECTED(0)-DISCONNECT(0)], stompBrokerRelay[null], inboundChannel[pool size = 0, active threads = 0, queued tasks = 0, completed tasks = 0], outboundChannel[pool size = 0, active threads = 0, queued tasks = 0, completed tasks = 0], sockJsScheduler[pool size = 3, active threads = 1, queued tasks = 1, completed tasks = 1] 
[32m2025-06-05 | 08:24:59.947[0;39m | [34mINFO [0;39m [[36mapp-(scheduled)-rateLimitLogging-0      [0;39m] [33mo.t.t.s.p.RateLimitService[0;39m                      : total requests 2 in progress 0 queue size 0 
[32m2025-06-05 | 08:25:09.964[0;39m | [34mINFO [0;39m [[36mapp-(scheduled)-rateLimitLogging-0      [0;39m] [33mo.t.t.s.p.RateLimitService[0;39m                      : total requests 2 in progress 0 queue size 0 
[32m2025-06-05 | 08:25:19.941[0;39m | [34mINFO [0;39m [[36mapp-(scheduled)-rateLimitLogging-0      [0;39m] [33mo.t.t.s.p.RateLimitService[0;39m                      : total requests 2 in progress 0 queue size 0 
[32m2025-06-05 | 08:25:29.571[0;39m | [34mINFO [0;39m [[36mapp-(scheduled)-statsCollector-0        [0;39m] [33mo.t.t.s.s.StatsCollector[0;39m                        : Schedule:  Key generalRestClient count 2 duration 2756 avg 1378 ms 
[32m2025-06-05 | 08:25:29.571[0;39m | [34mINFO [0;39m [[36mapp-(scheduled)-statsCollector-0        [0;39m] [33mo.t.t.s.s.StatsCollector[0;39m                        : Schedule:  Key waitForQuota count 2 duration 1 avg 0 ms 
[32m2025-06-05 | 08:25:29.947[0;39m | [34mINFO [0;39m [[36mapp-(scheduled)-rateLimitLogging-0      [0;39m] [33mo.t.t.s.p.RateLimitService[0;39m                      : total requests 2 in progress 0 queue size 0 
[32m2025-06-05 | 08:25:39.976[0;39m | [34mINFO [0;39m [[36mapp-(scheduled)-rateLimitLogging-0      [0;39m] [33mo.t.t.s.p.RateLimitService[0;39m                      : total requests 2 in progress 0 queue size 0 
[32m2025-06-05 | 08:25:49.947[0;39m | [34mINFO [0;39m [[36mapp-(scheduled)-rateLimitLogging-0      [0;39m] [33mo.t.t.s.p.RateLimitService[0;39m                      : total requests 2 in progress 0 queue size 0 
[32m2025-06-05 | 08:25:59.951[0;39m | [34mINFO [0;39m [[36mapp-(scheduled)-rateLimitLogging-0      [0;39m] [33mo.t.t.s.p.RateLimitService[0;39m                      : total requests 2 in progress 0 queue size 0 
[32m2025-06-05 | 08:26:09.944[0;39m | [34mINFO [0;39m [[36mapp-(scheduled)-rateLimitLogging-0      [0;39m] [33mo.t.t.s.p.RateLimitService[0;39m                      : total requests 2 in progress 0 queue size 0 
[32m2025-06-05 | 08:26:19.947[0;39m | [34mINFO [0;39m [[36mapp-(scheduled)-rateLimitLogging-0      [0;39m] [33mo.t.t.s.p.RateLimitService[0;39m                      : total requests 2 in progress 0 queue size 0 
[32m2025-06-05 | 08:26:29.574[0;39m | [34mINFO [0;39m [[36mapp-(scheduled)-statsCollector-0        [0;39m] [33mo.t.t.s.s.StatsCollector[0;39m                        : Schedule:  Key generalRestClient count 2 duration 2756 avg 1378 ms 
[32m2025-06-05 | 08:26:29.574[0;39m | [34mINFO [0;39m [[36mapp-(scheduled)-statsCollector-0        [0;39m] [33mo.t.t.s.s.StatsCollector[0;39m                        : Schedule:  Key waitForQuota count 2 duration 1 avg 0 ms 
[32m2025-06-05 | 08:26:29.955[0;39m | [34mINFO [0;39m [[36mapp-(scheduled)-rateLimitLogging-0      [0;39m] [33mo.t.t.s.p.RateLimitService[0;39m                      : total requests 2 in progress 0 queue size 0 
[32m2025-06-05 | 08:26:39.954[0;39m | [34mINFO [0;39m [[36mapp-(scheduled)-rateLimitLogging-0      [0;39m] [33mo.t.t.s.p.RateLimitService[0;39m                      : total requests 2 in progress 0 queue size 0 
[32m2025-06-05 | 08:26:49.951[0;39m | [34mINFO [0;39m [[36mapp-(scheduled)-rateLimitLogging-0      [0;39m] [33mo.t.t.s.p.RateLimitService[0;39m                      : total requests 2 in progress 0 queue size 0 
[32m2025-06-05 | 08:26:59.945[0;39m | [34mINFO [0;39m [[36mapp-(scheduled)-rateLimitLogging-0      [0;39m] [33mo.t.t.s.p.RateLimitService[0;39m                      : total requests 2 in progress 0 queue size 0 
[32m2025-06-05 | 08:27:09.945[0;39m | [34mINFO [0;39m [[36mapp-(scheduled)-rateLimitLogging-0      [0;39m] [33mo.t.t.s.p.RateLimitService[0;39m                      : total requests 2 in progress 0 queue size 0 
[32m2025-06-05 | 08:27:19.946[0;39m | [34mINFO [0;39m [[36mapp-(scheduled)-rateLimitLogging-0      [0;39m] [33mo.t.t.s.p.RateLimitService[0;39m                      : total requests 2 in progress 0 queue size 0 
[32m2025-06-05 | 08:27:29.565[0;39m | [34mINFO [0;39m [[36mapp-(scheduled)-statsCollector-0        [0;39m] [33mo.t.t.s.s.StatsCollector[0;39m                        : Schedule:  Key generalRestClient count 2 duration 2756 avg 1378 ms 
[32m2025-06-05 | 08:27:29.565[0;39m | [34mINFO [0;39m [[36mapp-(scheduled)-statsCollector-0        [0;39m] [33mo.t.t.s.s.StatsCollector[0;39m                        : Schedule:  Key waitForQuota count 2 duration 1 avg 0 ms 
[32m2025-06-05 | 08:27:29.944[0;39m | [34mINFO [0;39m [[36mapp-(scheduled)-rateLimitLogging-0      [0;39m] [33mo.t.t.s.p.RateLimitService[0;39m                      : total requests 2 in progress 0 queue size 0 
[32m2025-06-05 | 08:27:39.946[0;39m | [34mINFO [0;39m [[36mapp-(scheduled)-rateLimitLogging-0      [0;39m] [33mo.t.t.s.p.RateLimitService[0;39m                      : total requests 2 in progress 0 queue size 0 
[32m2025-06-05 | 08:27:49.955[0;39m | [34mINFO [0;39m [[36mapp-(scheduled)-rateLimitLogging-0      [0;39m] [33mo.t.t.s.p.RateLimitService[0;39m                      : total requests 2 in progress 0 queue size 0 
[32m2025-06-05 | 08:27:59.945[0;39m | [34mINFO [0;39m [[36mapp-(scheduled)-rateLimitLogging-0      [0;39m] [33mo.t.t.s.p.RateLimitService[0;39m                      : total requests 2 in progress 0 queue size 0 
[32m2025-06-05 | 08:28:09.946[0;39m | [34mINFO [0;39m [[36mapp-(scheduled)-rateLimitLogging-0      [0;39m] [33mo.t.t.s.p.RateLimitService[0;39m                      : total requests 2 in progress 0 queue size 0 
[32m2025-06-05 | 08:28:19.944[0;39m | [34mINFO [0;39m [[36mapp-(scheduled)-rateLimitLogging-0      [0;39m] [33mo.t.t.s.p.RateLimitService[0;39m                      : total requests 2 in progress 0 queue size 0 
[32m2025-06-05 | 08:28:29.572[0;39m | [34mINFO [0;39m [[36mapp-(scheduled)-statsCollector-0        [0;39m] [33mo.t.t.s.s.StatsCollector[0;39m                        : Schedule:  Key generalRestClient count 2 duration 2756 avg 1378 ms 
[32m2025-06-05 | 08:28:29.572[0;39m | [34mINFO [0;39m [[36mapp-(scheduled)-statsCollector-0        [0;39m] [33mo.t.t.s.s.StatsCollector[0;39m                        : Schedule:  Key waitForQuota count 2 duration 1 avg 0 ms 
[32m2025-06-05 | 08:28:29.947[0;39m | [34mINFO [0;39m [[36mapp-(scheduled)-rateLimitLogging-0      [0;39m] [33mo.t.t.s.p.RateLimitService[0;39m                      : total requests 2 in progress 0 queue size 0 
[32m2025-06-05 | 08:28:39.944[0;39m | [34mINFO [0;39m [[36mapp-(scheduled)-rateLimitLogging-0      [0;39m] [33mo.t.t.s.p.RateLimitService[0;39m                      : total requests 2 in progress 0 queue size 0 
[32m2025-06-05 | 08:28:49.943[0;39m | [34mINFO [0;39m [[36mapp-(scheduled)-rateLimitLogging-0      [0;39m] [33mo.t.t.s.p.RateLimitService[0;39m                      : total requests 2 in progress 0 queue size 0 
[32m2025-06-05 | 08:28:59.950[0;39m | [34mINFO [0;39m [[36mapp-(scheduled)-rateLimitLogging-0      [0;39m] [33mo.t.t.s.p.RateLimitService[0;39m                      : total requests 4 in progress 0 queue size 0 
[32m2025-06-05 | 08:29:09.946[0;39m | [34mINFO [0;39m [[36mapp-(scheduled)-rateLimitLogging-0      [0;39m] [33mo.t.t.s.p.RateLimitService[0;39m                      : total requests 4 in progress 0 queue size 0 
[32m2025-06-05 | 08:29:19.952[0;39m | [34mINFO [0;39m [[36mapp-(scheduled)-rateLimitLogging-0      [0;39m] [33mo.t.t.s.p.RateLimitService[0;39m                      : total requests 4 in progress 0 queue size 0 
[32m2025-06-05 | 08:29:29.572[0;39m | [34mINFO [0;39m [[36mapp-(scheduled)-statsCollector-0        [0;39m] [33mo.t.t.s.s.StatsCollector[0;39m                        : Schedule:  Key generalRestClient count 4 duration 4150 avg 1037 ms 
[32m2025-06-05 | 08:29:29.572[0;39m | [34mINFO [0;39m [[36mapp-(scheduled)-statsCollector-0        [0;39m] [33mo.t.t.s.s.StatsCollector[0;39m                        : Schedule:  Key waitForQuota count 4 duration 1 avg 0 ms 
[32m2025-06-05 | 08:29:29.943[0;39m | [34mINFO [0;39m [[36mapp-(scheduled)-rateLimitLogging-0      [0;39m] [33mo.t.t.s.p.RateLimitService[0;39m                      : total requests 4 in progress 0 queue size 0 
[32m2025-06-05 | 08:29:39.944[0;39m | [34mINFO [0;39m [[36mapp-(scheduled)-rateLimitLogging-0      [0;39m] [33mo.t.t.s.p.RateLimitService[0;39m                      : total requests 4 in progress 0 queue size 0 
[32m2025-06-05 | 08:29:49.953[0;39m | [34mINFO [0;39m [[36mapp-(scheduled)-rateLimitLogging-0      [0;39m] [33mo.t.t.s.p.RateLimitService[0;39m                      : total requests 4 in progress 0 queue size 0 
[32m2025-06-05 | 08:29:59.945[0;39m | [34mINFO [0;39m [[36mapp-(scheduled)-rateLimitLogging-0      [0;39m] [33mo.t.t.s.p.RateLimitService[0;39m                      : total requests 4 in progress 0 queue size 0 
[32m2025-06-05 | 08:30:09.987[0;39m | [34mINFO [0;39m [[36mapp-(scheduled)-rateLimitLogging-0      [0;39m] [33mo.t.t.s.p.RateLimitService[0;39m                      : total requests 4 in progress 0 queue size 0 
[32m2025-06-05 | 08:30:19.952[0;39m | [34mINFO [0;39m [[36mapp-(scheduled)-rateLimitLogging-0      [0;39m] [33mo.t.t.s.p.RateLimitService[0;39m                      : total requests 4 in progress 0 queue size 0 
[32m2025-06-05 | 08:30:29.575[0;39m | [34mINFO [0;39m [[36mapp-(scheduled)-statsCollector-0        [0;39m] [33mo.t.t.s.s.StatsCollector[0;39m                        : Schedule:  Key generalRestClient count 4 duration 4150 avg 1037 ms 
[32m2025-06-05 | 08:30:29.575[0;39m | [34mINFO [0;39m [[36mapp-(scheduled)-statsCollector-0        [0;39m] [33mo.t.t.s.s.StatsCollector[0;39m                        : Schedule:  Key waitForQuota count 4 duration 1 avg 0 ms 
[32m2025-06-05 | 08:30:29.953[0;39m | [34mINFO [0;39m [[36mapp-(scheduled)-rateLimitLogging-0      [0;39m] [33mo.t.t.s.p.RateLimitService[0;39m                      : total requests 4 in progress 0 queue size 0 
[32m2025-06-05 | 08:30:39.946[0;39m | [34mINFO [0;39m [[36mapp-(scheduled)-rateLimitLogging-0      [0;39m] [33mo.t.t.s.p.RateLimitService[0;39m                      : total requests 4 in progress 0 queue size 0 
[32m2025-06-05 | 08:30:49.947[0;39m | [34mINFO [0;39m [[36mapp-(scheduled)-rateLimitLogging-0      [0;39m] [33mo.t.t.s.p.RateLimitService[0;39m                      : total requests 4 in progress 0 queue size 0 
[32m2025-06-05 | 08:30:59.943[0;39m | [34mINFO [0;39m [[36mapp-(scheduled)-rateLimitLogging-0      [0;39m] [33mo.t.t.s.p.RateLimitService[0;39m                      : total requests 4 in progress 0 queue size 0 
[32m2025-06-05 | 08:31:09.941[0;39m | [34mINFO [0;39m [[36mapp-(scheduled)-rateLimitLogging-0      [0;39m] [33mo.t.t.s.p.RateLimitService[0;39m                      : total requests 4 in progress 0 queue size 0 
[32m2025-06-05 | 08:31:19.942[0;39m | [34mINFO [0;39m [[36mapp-(scheduled)-rateLimitLogging-0      [0;39m] [33mo.t.t.s.p.RateLimitService[0;39m                      : total requests 4 in progress 0 queue size 0 
[32m2025-06-05 | 08:31:29.575[0;39m | [34mINFO [0;39m [[36mapp-(scheduled)-statsCollector-0        [0;39m] [33mo.t.t.s.s.StatsCollector[0;39m                        : Schedule:  Key generalRestClient count 4 duration 4150 avg 1037 ms 
[32m2025-06-05 | 08:31:29.575[0;39m | [34mINFO [0;39m [[36mapp-(scheduled)-statsCollector-0        [0;39m] [33mo.t.t.s.s.StatsCollector[0;39m                        : Schedule:  Key waitForQuota count 4 duration 1 avg 0 ms 
[32m2025-06-05 | 08:31:29.952[0;39m | [34mINFO [0;39m [[36mapp-(scheduled)-rateLimitLogging-0      [0;39m] [33mo.t.t.s.p.RateLimitService[0;39m                      : total requests 4 in progress 0 queue size 0 
[32m2025-06-05 | 08:31:39.946[0;39m | [34mINFO [0;39m [[36mapp-(scheduled)-rateLimitLogging-0      [0;39m] [33mo.t.t.s.p.RateLimitService[0;39m                      : total requests 5 in progress 1 queue size 1 
[32m2025-06-05 | 08:31:49.954[0;39m | [34mINFO [0;39m [[36mapp-(scheduled)-rateLimitLogging-0      [0;39m] [33mo.t.t.s.p.RateLimitService[0;39m                      : total requests 6 in progress 0 queue size 0 
[32m2025-06-05 | 08:31:59.952[0;39m | [34mINFO [0;39m [[36mapp-(scheduled)-rateLimitLogging-0      [0;39m] [33mo.t.t.s.p.RateLimitService[0;39m                      : total requests 6 in progress 0 queue size 0 
[32m2025-06-05 | 08:32:09.942[0;39m | [34mINFO [0;39m [[36mapp-(scheduled)-rateLimitLogging-0      [0;39m] [33mo.t.t.s.p.RateLimitService[0;39m                      : total requests 6 in progress 0 queue size 0 
[32m2025-06-05 | 08:32:19.947[0;39m | [34mINFO [0;39m [[36mapp-(scheduled)-rateLimitLogging-0      [0;39m] [33mo.t.t.s.p.RateLimitService[0;39m                      : total requests 6 in progress 0 queue size 0 
[32m2025-06-05 | 08:32:29.574[0;39m | [34mINFO [0;39m [[36mapp-(scheduled)-statsCollector-0        [0;39m] [33mo.t.t.s.s.StatsCollector[0;39m                        : Schedule:  Key generalRestClient count 6 duration 5788 avg 964 ms 
[32m2025-06-05 | 08:32:29.574[0;39m | [34mINFO [0;39m [[36mapp-(scheduled)-statsCollector-0        [0;39m] [33mo.t.t.s.s.StatsCollector[0;39m                        : Schedule:  Key waitForQuota count 6 duration 1 avg 0 ms 
[32m2025-06-05 | 08:32:29.953[0;39m | [34mINFO [0;39m [[36mapp-(scheduled)-rateLimitLogging-0      [0;39m] [33mo.t.t.s.p.RateLimitService[0;39m                      : total requests 6 in progress 0 queue size 0 
[32m2025-06-05 | 08:32:39.944[0;39m | [34mINFO [0;39m [[36mapp-(scheduled)-rateLimitLogging-0      [0;39m] [33mo.t.t.s.p.RateLimitService[0;39m                      : total requests 6 in progress 0 queue size 0 
[32m2025-06-05 | 08:32:49.953[0;39m | [34mINFO [0;39m [[36mapp-(scheduled)-rateLimitLogging-0      [0;39m] [33mo.t.t.s.p.RateLimitService[0;39m                      : total requests 6 in progress 0 queue size 0 
[32m2025-06-05 | 08:32:59.944[0;39m | [34mINFO [0;39m [[36mapp-(scheduled)-rateLimitLogging-0      [0;39m] [33mo.t.t.s.p.RateLimitService[0;39m                      : total requests 6 in progress 0 queue size 0 
[32m2025-06-05 | 08:33:09.949[0;39m | [34mINFO [0;39m [[36mapp-(scheduled)-rateLimitLogging-0      [0;39m] [33mo.t.t.s.p.RateLimitService[0;39m                      : total requests 6 in progress 0 queue size 0 
[32m2025-06-05 | 08:33:19.947[0;39m | [34mINFO [0;39m [[36mapp-(scheduled)-rateLimitLogging-0      [0;39m] [33mo.t.t.s.p.RateLimitService[0;39m                      : total requests 6 in progress 0 queue size 0 
[32m2025-06-05 | 08:33:29.578[0;39m | [34mINFO [0;39m [[36mapp-(scheduled)-statsCollector-0        [0;39m] [33mo.t.t.s.s.StatsCollector[0;39m                        : Schedule:  Key generalRestClient count 6 duration 5788 avg 964 ms 
[32m2025-06-05 | 08:33:29.578[0;39m | [34mINFO [0;39m [[36mapp-(scheduled)-statsCollector-0        [0;39m] [33mo.t.t.s.s.StatsCollector[0;39m                        : Schedule:  Key waitForQuota count 6 duration 1 avg 0 ms 
[32m2025-06-05 | 08:33:29.952[0;39m | [34mINFO [0;39m [[36mapp-(scheduled)-rateLimitLogging-0      [0;39m] [33mo.t.t.s.p.RateLimitService[0;39m                      : total requests 6 in progress 0 queue size 0 
[32m2025-06-05 | 08:33:39.945[0;39m | [34mINFO [0;39m [[36mapp-(scheduled)-rateLimitLogging-0      [0;39m] [33mo.t.t.s.p.RateLimitService[0;39m                      : total requests 6 in progress 0 queue size 0 
[32m2025-06-05 | 08:33:49.945[0;39m | [34mINFO [0;39m [[36mapp-(scheduled)-rateLimitLogging-0      [0;39m] [33mo.t.t.s.p.RateLimitService[0;39m                      : total requests 7 in progress 0 queue size 0 
[32m2025-06-05 | 08:33:59.945[0;39m | [34mINFO [0;39m [[36mapp-(scheduled)-rateLimitLogging-0      [0;39m] [33mo.t.t.s.p.RateLimitService[0;39m                      : total requests 7 in progress 0 queue size 0 
[32m2025-06-05 | 08:34:09.946[0;39m | [34mINFO [0;39m [[36mapp-(scheduled)-rateLimitLogging-0      [0;39m] [33mo.t.t.s.p.RateLimitService[0;39m                      : total requests 7 in progress 0 queue size 0 
[32m2025-06-05 | 08:34:19.983[0;39m | [34mINFO [0;39m [[36mapp-(scheduled)-rateLimitLogging-0      [0;39m] [33mo.t.t.s.p.RateLimitService[0;39m                      : total requests 7 in progress 0 queue size 0 
[32m2025-06-05 | 08:34:29.575[0;39m | [34mINFO [0;39m [[36mapp-(scheduled)-statsCollector-0        [0;39m] [33mo.t.t.s.s.StatsCollector[0;39m                        : Schedule:  Key generalRestClient count 7 duration 6743 avg 963 ms 
[32m2025-06-05 | 08:34:29.575[0;39m | [34mINFO [0;39m [[36mapp-(scheduled)-statsCollector-0        [0;39m] [33mo.t.t.s.s.StatsCollector[0;39m                        : Schedule:  Key waitForQuota count 7 duration 1 avg 0 ms 
[32m2025-06-05 | 08:34:29.984[0;39m | [34mINFO [0;39m [[36mapp-(scheduled)-rateLimitLogging-0      [0;39m] [33mo.t.t.s.p.RateLimitService[0;39m                      : total requests 7 in progress 0 queue size 0 
[32m2025-06-05 | 08:34:39.944[0;39m | [34mINFO [0;39m [[36mapp-(scheduled)-rateLimitLogging-0      [0;39m] [33mo.t.t.s.p.RateLimitService[0;39m                      : total requests 7 in progress 0 queue size 0 
[32m2025-06-05 | 08:34:49.945[0;39m | [34mINFO [0;39m [[36mapp-(scheduled)-rateLimitLogging-0      [0;39m] [33mo.t.t.s.p.RateLimitService[0;39m                      : total requests 7 in progress 0 queue size 0 
[32m2025-06-05 | 08:35:00.003[0;39m | [34mINFO [0;39m [[36mapp-(scheduled)-rateLimitLogging-0      [0;39m] [33mo.t.t.s.p.RateLimitService[0;39m                      : total requests 7 in progress 0 queue size 0 
[32m2025-06-05 | 08:35:09.949[0;39m | [34mINFO [0;39m [[36mapp-(scheduled)-rateLimitLogging-0      [0;39m] [33mo.t.t.s.p.RateLimitService[0;39m                      : total requests 7 in progress 0 queue size 0 
[32m2025-06-05 | 08:35:19.947[0;39m | [34mINFO [0;39m [[36mapp-(scheduled)-rateLimitLogging-0      [0;39m] [33mo.t.t.s.p.RateLimitService[0;39m                      : total requests 7 in progress 0 queue size 0 
[32m2025-06-05 | 08:35:29.575[0;39m | [34mINFO [0;39m [[36mapp-(scheduled)-statsCollector-0        [0;39m] [33mo.t.t.s.s.StatsCollector[0;39m                        : Schedule:  Key generalRestClient count 7 duration 6743 avg 963 ms 
[32m2025-06-05 | 08:35:29.575[0;39m | [34mINFO [0;39m [[36mapp-(scheduled)-statsCollector-0        [0;39m] [33mo.t.t.s.s.StatsCollector[0;39m                        : Schedule:  Key waitForQuota count 7 duration 1 avg 0 ms 
[32m2025-06-05 | 08:35:29.949[0;39m | [34mINFO [0;39m [[36mapp-(scheduled)-rateLimitLogging-0      [0;39m] [33mo.t.t.s.p.RateLimitService[0;39m                      : total requests 7 in progress 0 queue size 0 
[32m2025-06-05 | 08:35:39.943[0;39m | [34mINFO [0;39m [[36mapp-(scheduled)-rateLimitLogging-0      [0;39m] [33mo.t.t.s.p.RateLimitService[0;39m                      : total requests 7 in progress 0 queue size 0 
[32m2025-06-05 | 08:35:49.953[0;39m | [34mINFO [0;39m [[36mapp-(scheduled)-rateLimitLogging-0      [0;39m] [33mo.t.t.s.p.RateLimitService[0;39m                      : total requests 7 in progress 0 queue size 0 
[32m2025-06-05 | 08:35:59.948[0;39m | [34mINFO [0;39m [[36mapp-(scheduled)-rateLimitLogging-0      [0;39m] [33mo.t.t.s.p.RateLimitService[0;39m                      : total requests 7 in progress 0 queue size 0 
[32m2025-06-05 | 08:36:09.951[0;39m | [34mINFO [0;39m [[36mapp-(scheduled)-rateLimitLogging-0      [0;39m] [33mo.t.t.s.p.RateLimitService[0;39m                      : total requests 7 in progress 0 queue size 0 
[32m2025-06-05 | 08:36:19.941[0;39m | [34mINFO [0;39m [[36mapp-(scheduled)-rateLimitLogging-0      [0;39m] [33mo.t.t.s.p.RateLimitService[0;39m                      : total requests 7 in progress 0 queue size 0 
[32m2025-06-05 | 08:36:29.578[0;39m | [34mINFO [0;39m [[36mapp-(scheduled)-statsCollector-0        [0;39m] [33mo.t.t.s.s.StatsCollector[0;39m                        : Schedule:  Key generalRestClient count 7 duration 6743 avg 963 ms 
[32m2025-06-05 | 08:36:29.578[0;39m | [34mINFO [0;39m [[36mapp-(scheduled)-statsCollector-0        [0;39m] [33mo.t.t.s.s.StatsCollector[0;39m                        : Schedule:  Key waitForQuota count 7 duration 1 avg 0 ms 
[32m2025-06-05 | 08:36:29.949[0;39m | [34mINFO [0;39m [[36mapp-(scheduled)-rateLimitLogging-0      [0;39m] [33mo.t.t.s.p.RateLimitService[0;39m                      : total requests 7 in progress 0 queue size 0 
[32m2025-06-05 | 08:36:39.943[0;39m | [34mINFO [0;39m [[36mapp-(scheduled)-rateLimitLogging-0      [0;39m] [33mo.t.t.s.p.RateLimitService[0;39m                      : total requests 7 in progress 0 queue size 0 
[32m2025-06-05 | 08:36:49.947[0;39m | [34mINFO [0;39m [[36mapp-(scheduled)-rateLimitLogging-0      [0;39m] [33mo.t.t.s.p.RateLimitService[0;39m                      : total requests 7 in progress 0 queue size 0 
[32m2025-06-05 | 08:36:59.955[0;39m | [34mINFO [0;39m [[36mapp-(scheduled)-rateLimitLogging-0      [0;39m] [33mo.t.t.s.p.RateLimitService[0;39m                      : total requests 7 in progress 0 queue size 0 
[32m2025-06-05 | 08:37:09.948[0;39m | [34mINFO [0;39m [[36mapp-(scheduled)-rateLimitLogging-0      [0;39m] [33mo.t.t.s.p.RateLimitService[0;39m                      : total requests 7 in progress 0 queue size 0 
[32m2025-06-05 | 08:37:19.941[0;39m | [34mINFO [0;39m [[36mapp-(scheduled)-rateLimitLogging-0      [0;39m] [33mo.t.t.s.p.RateLimitService[0;39m                      : total requests 7 in progress 0 queue size 0 
[32m2025-06-05 | 08:37:29.565[0;39m | [34mINFO [0;39m [[36mapp-(scheduled)-statsCollector-0        [0;39m] [33mo.t.t.s.s.StatsCollector[0;39m                        : Schedule:  Key generalRestClient count 7 duration 6743 avg 963 ms 
[32m2025-06-05 | 08:37:29.565[0;39m | [34mINFO [0;39m [[36mapp-(scheduled)-statsCollector-0        [0;39m] [33mo.t.t.s.s.StatsCollector[0;39m                        : Schedule:  Key waitForQuota count 7 duration 1 avg 0 ms 
[32m2025-06-05 | 08:37:29.945[0;39m | [34mINFO [0;39m [[36mapp-(scheduled)-rateLimitLogging-0      [0;39m] [33mo.t.t.s.p.RateLimitService[0;39m                      : total requests 7 in progress 0 queue size 0 
[32m2025-06-05 | 08:37:39.941[0;39m | [34mINFO [0;39m [[36mapp-(scheduled)-rateLimitLogging-0      [0;39m] [33mo.t.t.s.p.RateLimitService[0;39m                      : total requests 7 in progress 0 queue size 0 
[32m2025-06-05 | 08:37:49.950[0;39m | [34mINFO [0;39m [[36mapp-(scheduled)-rateLimitLogging-0      [0;39m] [33mo.t.t.s.p.RateLimitService[0;39m                      : total requests 7 in progress 0 queue size 0 
[32m2025-06-05 | 08:37:59.941[0;39m | [34mINFO [0;39m [[36mapp-(scheduled)-rateLimitLogging-0      [0;39m] [33mo.t.t.s.p.RateLimitService[0;39m                      : total requests 7 in progress 0 queue size 0 
[32m2025-06-05 | 08:38:09.953[0;39m | [34mINFO [0;39m [[36mapp-(scheduled)-rateLimitLogging-0      [0;39m] [33mo.t.t.s.p.RateLimitService[0;39m                      : total requests 7 in progress 0 queue size 0 
[32m2025-06-05 | 08:38:19.942[0;39m | [34mINFO [0;39m [[36mapp-(scheduled)-rateLimitLogging-0      [0;39m] [33mo.t.t.s.p.RateLimitService[0;39m                      : total requests 7 in progress 0 queue size 0 
[32m2025-06-05 | 08:38:29.567[0;39m | [34mINFO [0;39m [[36mapp-(scheduled)-statsCollector-0        [0;39m] [33mo.t.t.s.s.StatsCollector[0;39m                        : Schedule:  Key generalRestClient count 7 duration 6743 avg 963 ms 
[32m2025-06-05 | 08:38:29.567[0;39m | [34mINFO [0;39m [[36mapp-(scheduled)-statsCollector-0        [0;39m] [33mo.t.t.s.s.StatsCollector[0;39m                        : Schedule:  Key waitForQuota count 7 duration 1 avg 0 ms 
[32m2025-06-05 | 08:38:29.944[0;39m | [34mINFO [0;39m [[36mapp-(scheduled)-rateLimitLogging-0      [0;39m] [33mo.t.t.s.p.RateLimitService[0;39m                      : total requests 7 in progress 0 queue size 0 
[32m2025-06-05 | 08:38:39.953[0;39m | [34mINFO [0;39m [[36mapp-(scheduled)-rateLimitLogging-0      [0;39m] [33mo.t.t.s.p.RateLimitService[0;39m                      : total requests 7 in progress 0 queue size 0 
[32m2025-06-05 | 08:38:49.941[0;39m | [34mINFO [0;39m [[36mapp-(scheduled)-rateLimitLogging-0      [0;39m] [33mo.t.t.s.p.RateLimitService[0;39m                      : total requests 7 in progress 0 queue size 0 
[32m2025-06-05 | 08:38:59.947[0;39m | [34mINFO [0;39m [[36mapp-(scheduled)-rateLimitLogging-0      [0;39m] [33mo.t.t.s.p.RateLimitService[0;39m                      : total requests 7 in progress 0 queue size 0 
[32m2025-06-05 | 08:39:49.159[0;39m | [34mINFO [0;39m [[36mbackground-preinit                      [0;39m] [33mo.h.v.i.u.Version[0;39m                               : HV000001: Hibernate Validator 8.0.1.Final 
[32m2025-06-05 | 08:39:49.241[0;39m | [34mINFO [0;39m [[36mmain                                    [0;39m] [33mo.s.b.StartupInfoLogger[0;39m                         : Starting TrendzApplication v1.13.1-SNAPSHOT using Java 17.0.15 with PID 30356 (C:\Program Files (x86)\trendz\lib\trendz.jar started by DESKTOP-FEGLDB1$ in C:\Program Files (x86)\trendz\conf) 
[32m2025-06-05 | 08:39:49.242[0;39m | [34mINFO [0;39m [[36mmain                                    [0;39m] [33mo.s.b.SpringApplication[0;39m                         : No active profile set, falling back to 1 default profile: "default" 
[32m2025-06-05 | 08:39:51.130[0;39m | [34mINFO [0;39m [[36mmain                                    [0;39m] [33mo.s.d.r.c.RepositoryConfigurationDelegate[0;39m       : Multiple Spring Data modules found, entering strict repository configuration mode 
[32m2025-06-05 | 08:39:51.130[0;39m | [34mINFO [0;39m [[36mmain                                    [0;39m] [33mo.s.d.r.c.RepositoryConfigurationDelegate[0;39m       : Bootstrapping Spring Data JPA repositories in DEFAULT mode. 
[32m2025-06-05 | 08:39:52.357[0;39m | [34mINFO [0;39m [[36mmain                                    [0;39m] [33mo.s.d.r.c.RepositoryConfigurationDelegate[0;39m       : Finished Spring Data repository scanning in 1178 ms. Found 45 JPA repository interfaces. 
[32m2025-06-05 | 08:39:58.968[0;39m | [34mINFO [0;39m [[36mmain                                    [0;39m] [33mo.s.b.w.e.t.TomcatWebServer[0;39m                     : Tomcat initialized with port 8888 (http) 
[32m2025-06-05 | 08:39:59.004[0;39m | [34mINFO [0;39m [[36mmain                                    [0;39m] [33mo.a.j.l.DirectJDKLog[0;39m                            : Initializing ProtocolHandler ["http-nio-0.0.0.0-8888"] 
[32m2025-06-05 | 08:39:59.020[0;39m | [34mINFO [0;39m [[36mmain                                    [0;39m] [33mo.a.j.l.DirectJDKLog[0;39m                            : Starting service [Tomcat] 
[32m2025-06-05 | 08:39:59.020[0;39m | [34mINFO [0;39m [[36mmain                                    [0;39m] [33mo.a.j.l.DirectJDKLog[0;39m                            : Starting Servlet engine: [Apache Tomcat/10.1.19] 
[32m2025-06-05 | 08:39:59.183[0;39m | [34mINFO [0;39m [[36mmain                                    [0;39m] [33mo.a.j.l.DirectJDKLog[0;39m                            : Initializing Spring embedded WebApplicationContext 
[32m2025-06-05 | 08:39:59.184[0;39m | [34mINFO [0;39m [[36mmain                                    [0;39m] [33mo.s.b.w.s.c.ServletWebServerApplicationContext[0;39m  : Root WebApplicationContext: initialization completed in 9881 ms 
[32m2025-06-05 | 08:40:01.840[0;39m | [34mINFO [0;39m [[36mmain                                    [0;39m] [33mo.t.t.s.p.c.CaffeineCacheConfiguration[0;39m          : Used cache tool: Caffeine 
[32m2025-06-05 | 08:40:02.076[0;39m | [34mINFO [0;39m [[36mmain                                    [0;39m] [33mo.t.t.s.p.BucketConfiguration[0;39m                   : Cloud Rate Limiting status: DISABLED 
[32m2025-06-05 | 08:40:02.139[0;39m | [34mINFO [0;39m [[36mmain                                    [0;39m] [33mo.t.t.s.p.CloudRateLimitService[0;39m                 : Cloud Rate Limiting status: DISABLED 
[32m2025-06-05 | 08:40:02.171[0;39m | [34mINFO [0;39m [[36mmain                                    [0;39m] [33mo.t.t.s.p.TbWebClient[0;39m                           : Default DNS resolver is used 
[32m2025-06-05 | 08:40:03.611[0;39m | [34mINFO [0;39m [[36mmain                                    [0;39m] [33mo.h.j.i.u.LogHelper[0;39m                             : HHH000204: Processing PersistenceUnitInfo [name: default] 
[32m2025-06-05 | 08:40:03.910[0;39m | [34mINFO [0;39m [[36mmain                                    [0;39m] [33mo.h.Version[0;39m                                     : HHH000412: Hibernate ORM core version 6.4.4.Final 
[32m2025-06-05 | 08:40:04.083[0;39m | [34mINFO [0;39m [[36mmain                                    [0;39m] [33mo.h.c.i.RegionFactoryInitiator[0;39m                  : HHH000026: Second-level cache disabled 
[32m2025-06-05 | 08:40:04.762[0;39m | [34mINFO [0;39m [[36mmain                                    [0;39m] [33mo.s.o.j.p.SpringPersistenceUnitInfo[0;39m             : No LoadTimeWeaver setup: ignoring JPA class transformer 
[32m2025-06-05 | 08:40:04.839[0;39m | [34mINFO [0;39m [[36mmain                                    [0;39m] [33mc.z.h.HikariDataSource[0;39m                          : HikariPool-1 - Starting... 
[32m2025-06-05 | 08:40:05.189[0;39m | [34mINFO [0;39m [[36mmain                                    [0;39m] [33mc.z.h.p.HikariPool[0;39m                              : HikariPool-1 - Added connection org.postgresql.jdbc.PgConnection@db5e88a 
[32m2025-06-05 | 08:40:05.191[0;39m | [34mINFO [0;39m [[36mmain                                    [0;39m] [33mc.z.h.HikariDataSource[0;39m                          : HikariPool-1 - Start completed. 
[32m2025-06-05 | 08:40:05.300[0;39m | [31mWARN [0;39m [[36mmain                                    [0;39m] [33mo.h.e.j.d.i.DialectFactoryImpl[0;39m                  : HHH90000025: PostgreSQLDialect does not need to be specified explicitly using 'hibernate.dialect' (remove the property setting and it will be selected by default) 
[32m2025-06-05 | 08:40:11.760[0;39m | [34mINFO [0;39m [[36mmain                                    [0;39m] [33mo.h.e.t.j.p.i.JtaPlatformInitiator[0;39m              : HHH000489: No JTA platform available (set 'hibernate.transaction.jta.platform' to enable JTA platform integration) 
[32m2025-06-05 | 08:40:11.917[0;39m | [34mINFO [0;39m [[36mmain                                    [0;39m] [33mo.s.o.j.AbstractEntityManagerFactoryBean[0;39m        : Initialized JPA EntityManagerFactory for persistence unit 'default' 
[32m2025-06-05 | 08:40:12.169[0;39m | [34mINFO [0;39m [[36mapp-(scheduled)-rateLimitLogging-0      [0;39m] [33mo.t.t.s.p.RateLimitService[0;39m                      : total requests 0 in progress 0 queue size 0 
[32m2025-06-05 | 08:40:13.320[0;39m | [34mINFO [0;39m [[36mmain                                    [0;39m] [33mo.s.d.j.r.q.QueryEnhancerFactory[0;39m                : Hibernate is in classpath; If applicable, HQL parser will be used. 
[32m2025-06-05 | 08:40:15.271[0;39m | [34mINFO [0;39m [[36mmain                                    [0;39m] [33mo.t.l.c.TbLicenseClient[0;39m                         : Initializing ThingsBoard License Client, Release Date [2025-05-02] 
[32m2025-06-05 | 08:40:15.885[0;39m | [34mINFO [0;39m [[36mmain                                    [0;39m] [33mo.t.l.c.TbLicenseClient[0;39m                         : Obtained instance data from file. 
[32m2025-06-05 | 08:40:15.885[0;39m | [34mINFO [0;39m [[36mmain                                    [0;39m] [33mo.t.l.c.TbLicenseClient[0;39m                         : instanceId: [I8XPdcC3hX4YpeAjrHtd] 
[32m2025-06-05 | 08:40:15.932[0;39m | [34mINFO [0;39m [[36mmain                                    [0;39m] [33mo.t.l.c.TbLicenseClient[0;39m                         : planData: {
  "asset_count" : {
    "value" : 10,
    "description" : "The maximum number of assets"
  },
  "device_count" : {
    "value" : 10,
    "description" : "The maximum number of devices"
  }
} 
[32m2025-06-05 | 08:40:17.117[0;39m | [34mINFO [0;39m [[36mmain                                    [0;39m] [33mo.t.l.c.TbLicenseClient[0;39m                         : Executed checkInstance method. 
[32m2025-06-05 | 08:40:17.117[0;39m | [34mINFO [0;39m [[36mmain                                    [0;39m] [33mo.t.l.c.TbLicenseClient[0;39m                         : instanceId: [I8XPdcC3hX4YpeAjrHtd] 
[32m2025-06-05 | 08:40:17.117[0;39m | [34mINFO [0;39m [[36mmain                                    [0;39m] [33mo.t.l.c.TbLicenseClient[0;39m                         : planData: {
  "asset_count" : {
    "value" : 10,
    "description" : "The maximum number of assets"
  },
  "device_count" : {
    "value" : 10,
    "description" : "The maximum number of devices"
  }
} 
[32m2025-06-05 | 08:40:17.117[0;39m | [34mINFO [0;39m [[36mmain                                    [0;39m] [33mo.t.l.c.TbLicenseClient[0;39m                         : Initialized ThingsBoard License Client with instanceId [I8XPdcC3hX4YpeAjrHtd] 
[32m2025-06-05 | 08:40:22.163[0;39m | [34mINFO [0;39m [[36mapp-(scheduled)-rateLimitLogging-0      [0;39m] [33mo.t.t.s.p.RateLimitService[0;39m                      : total requests 0 in progress 0 queue size 0 
[32m2025-06-05 | 08:40:25.847[0;39m | [34mINFO [0;39m [[36mmain                                    [0;39m] [33mo.t.t.StartupValidationService[0;39m                  : The version of database is matching to Trendz version [1.13.1] 
[32m2025-06-05 | 08:40:26.530[0;39m | [34mINFO [0;39m [[36mmain                                    [0;39m] [33mo.t.t.c.PublicApiController[0;39m                     : application 1.13.1-SNAPSHOT ThingsBoard Trendz Server Application 2025-05-02T08:21:36.700Z 
[32m2025-06-05 | 08:40:28.257[0;39m | [34mINFO [0;39m [[36mmain                                    [0;39m] [33mo.s.b.a.w.s.WelcomePageHandlerMapping[0;39m           : Adding welcome page: class path resource [resources/index.html] 
[32m2025-06-05 | 08:40:28.967[0;39m | [34mINFO [0;39m [[36mmain                                    [0;39m] [33mo.s.b.a.e.w.EndpointLinksResolver[0;39m               : Exposing 0 endpoint(s) beneath base path '/actuator' 
[32m2025-06-05 | 08:40:29.215[0;39m | [34mINFO [0;39m [[36mmain                                    [0;39m] [33mo.s.s.w.DefaultSecurityFilterChain[0;39m              : Will secure any request with [org.springframework.security.web.session.DisableEncodeUrlFilter@406b2c60, org.springframework.security.web.context.request.async.WebAsyncManagerIntegrationFilter@7d1a9695, org.springframework.security.web.context.SecurityContextHolderFilter@66c3a4a8, org.springframework.security.web.header.HeaderWriterFilter@274509cc, org.springframework.web.filter.CorsFilter@7acc1c2b, org.springframework.security.web.authentication.logout.LogoutFilter@64ee819, org.thingsboard.trendz.security.RestLoginProcessingFilter@38c840fb, org.thingsboard.trendz.security.JwtTokenAuthenticationProcessingFilter@47858d7c, org.thingsboard.trendz.security.RefreshTokenProcessingFilter@6bc45472, org.springframework.security.web.savedrequest.RequestCacheAwareFilter@86a7fe8, org.springframework.security.web.servletapi.SecurityContextHolderAwareRequestFilter@3db293ff, org.springframework.security.web.authentication.AnonymousAuthenticationFilter@131624f3, org.springframework.security.web.session.SessionManagementFilter@4fff2c5, org.springframework.security.web.access.ExceptionTranslationFilter@16e7b37c, org.springframework.security.web.access.intercept.AuthorizationFilter@3b7bf29a] 
[32m2025-06-05 | 08:40:32.166[0;39m | [34mINFO [0;39m [[36mapp-(scheduled)-rateLimitLogging-0      [0;39m] [33mo.t.t.s.p.RateLimitService[0;39m                      : total requests 0 in progress 0 queue size 0 
[32m2025-06-05 | 08:40:32.292[0;39m | [34mINFO [0;39m [[36mmain                                    [0;39m] [33mo.a.j.l.DirectJDKLog[0;39m                            : Starting ProtocolHandler ["http-nio-0.0.0.0-8888"] 
[32m2025-06-05 | 08:40:32.371[0;39m | [34mINFO [0;39m [[36mmain                                    [0;39m] [33mo.s.b.w.e.t.TomcatWebServer[0;39m                     : Tomcat started on port 8888 (http) with context path '' 
[32m2025-06-05 | 08:40:32.371[0;39m | [34mINFO [0;39m [[36mmain                                    [0;39m] [33mo.s.c.l.CompositeLog[0;39m                            : Starting... 
[32m2025-06-05 | 08:40:32.371[0;39m | [34mINFO [0;39m [[36mmain                                    [0;39m] [33mo.s.c.l.CompositeLog[0;39m                            : BrokerAvailabilityEvent[available=true, SimpleBrokerMessageHandler [org.springframework.messaging.simp.broker.DefaultSubscriptionRegistry@545d3648]] 
[32m2025-06-05 | 08:40:32.371[0;39m | [34mINFO [0;39m [[36mmain                                    [0;39m] [33mo.s.c.l.CompositeLog[0;39m                            : Started. 
[32m2025-06-05 | 08:40:32.429[0;39m | [34mINFO [0;39m [[36mMessageBroker-1                         [0;39m] [33mo.t.t.s.t.InitializationServiceImpl[0;39m             : Scheduled user validation: started 
[32m2025-06-05 | 08:40:32.522[0;39m | [34mINFO [0;39m [[36mmain                                    [0;39m] [33mo.t.t.s.t.InitializationServiceImpl[0;39m             : Defined statuses for 0 tenants 
[32m2025-06-05 | 08:40:32.523[0;39m | [34mINFO [0;39m [[36mmain                                    [0;39m] [33mo.t.t.s.t.TaskRuntimeService[0;39m                    : The task runtime scheduler is enabled! 
[32m2025-06-05 | 08:40:32.541[0;39m | [34mINFO [0;39m [[36mmain                                    [0;39m] [33mo.s.b.StartupInfoLogger[0;39m                         : Started TrendzApplication in 43.806 seconds (process running for 44.845) 
[32m2025-06-05 | 08:40:32.554[0;39m | [34mINFO [0;39m [[36mMessageBroker-1                         [0;39m] [33mo.t.t.s.t.InitializationServiceImpl[0;39m             : Scheduled user validation: finished 
[32m2025-06-05 | 08:40:37.256[0;39m | [34mINFO [0;39m [[36mhttp-nio-0.0.0.0-8888-exec-1            [0;39m] [33mo.a.j.l.DirectJDKLog[0;39m                            : Initializing Spring DispatcherServlet 'dispatcherServlet' 
[32m2025-06-05 | 08:40:37.263[0;39m | [34mINFO [0;39m [[36mhttp-nio-0.0.0.0-8888-exec-1            [0;39m] [33mo.s.w.s.FrameworkServlet[0;39m                        : Initializing Servlet 'dispatcherServlet' 
[32m2025-06-05 | 08:40:37.264[0;39m | [34mINFO [0;39m [[36mhttp-nio-0.0.0.0-8888-exec-1            [0;39m] [33mo.s.w.s.FrameworkServlet[0;39m                        : Completed initialization in 0 ms 
[32m2025-06-05 | 08:40:42.167[0;39m | [34mINFO [0;39m [[36mapp-(scheduled)-rateLimitLogging-0      [0;39m] [33mo.t.t.s.p.RateLimitService[0;39m                      : total requests 1 in progress 0 queue size 0 
[32m2025-06-05 | 08:40:52.167[0;39m | [34mINFO [0;39m [[36mapp-(scheduled)-rateLimitLogging-0      [0;39m] [33mo.t.t.s.p.RateLimitService[0;39m                      : total requests 1 in progress 0 queue size 0 
[32m2025-06-05 | 08:40:58.588[0;39m | [31mWARN [0;39m [[36mhttp-nio-0.0.0.0-8888-exec-3            [0;39m] [33mo.t.t.i.StaticResourceProcessingInterceptor[0;39m     : URI is null, fetch from request 
[32m2025-06-05 | 08:41:01.835[0;39m | [34mINFO [0;39m [[36mapp-(scheduled)-statsCollector-0        [0;39m] [33mo.t.t.s.s.StatsCollector[0;39m                        : Schedule:  Key generalRestClient count 2 duration 2117 avg 1058 ms 
[32m2025-06-05 | 08:41:01.835[0;39m | [34mINFO [0;39m [[36mapp-(scheduled)-statsCollector-0        [0;39m] [33mo.t.t.s.s.StatsCollector[0;39m                        : Schedule:  Key waitForQuota count 2 duration 0 avg 0 ms 
[32m2025-06-05 | 08:41:02.173[0;39m | [34mINFO [0;39m [[36mapp-(scheduled)-rateLimitLogging-0      [0;39m] [33mo.t.t.s.p.RateLimitService[0;39m                      : total requests 2 in progress 0 queue size 0 
[32m2025-06-05 | 08:41:12.164[0;39m | [34mINFO [0;39m [[36mapp-(scheduled)-rateLimitLogging-0      [0;39m] [33mo.t.t.s.p.RateLimitService[0;39m                      : total requests 2 in progress 0 queue size 0 
[32m2025-06-05 | 08:41:22.168[0;39m | [34mINFO [0;39m [[36mapp-(scheduled)-rateLimitLogging-0      [0;39m] [33mo.t.t.s.p.RateLimitService[0;39m                      : total requests 2 in progress 0 queue size 0 
[32m2025-06-05 | 08:41:32.174[0;39m | [34mINFO [0;39m [[36mapp-(scheduled)-rateLimitLogging-0      [0;39m] [33mo.t.t.s.p.RateLimitService[0;39m                      : total requests 2 in progress 0 queue size 0 
[32m2025-06-05 | 08:41:32.223[0;39m | [34mINFO [0;39m [[36mMessageBroker-2                         [0;39m] [33mo.s.w.s.c.WebSocketMessageBrokerStats[0;39m           : WebSocketSession[0 current WS(0)-HttpStream(0)-HttpPoll(0), 0 total, 0 closed abnormally (0 connect failure, 0 send limit, 0 transport error)], stompSubProtocol[processed CONNECT(0)-CONNECTED(0)-DISCONNECT(0)], stompBrokerRelay[null], inboundChannel[pool size = 0, active threads = 0, queued tasks = 0, completed tasks = 0], outboundChannel[pool size = 0, active threads = 0, queued tasks = 0, completed tasks = 0], sockJsScheduler[pool size = 3, active threads = 1, queued tasks = 1, completed tasks = 1] 
[32m2025-06-05 | 08:41:42.164[0;39m | [34mINFO [0;39m [[36mapp-(scheduled)-rateLimitLogging-0      [0;39m] [33mo.t.t.s.p.RateLimitService[0;39m                      : total requests 2 in progress 0 queue size 0 
[32m2025-06-05 | 08:41:45.152[0;39m | [31mWARN [0;39m [[36mhttp-nio-0.0.0.0-8888-exec-8            [0;39m] [33mo.t.t.i.StaticResourceProcessingInterceptor[0;39m     : URI is null, fetch from request 
[32m2025-06-05 | 08:41:52.170[0;39m | [34mINFO [0;39m [[36mapp-(scheduled)-rateLimitLogging-0      [0;39m] [33mo.t.t.s.p.RateLimitService[0;39m                      : total requests 2 in progress 0 queue size 0 
[32m2025-06-05 | 08:42:01.814[0;39m | [34mINFO [0;39m [[36mapp-(scheduled)-statsCollector-0        [0;39m] [33mo.t.t.s.s.StatsCollector[0;39m                        : Schedule:  Key generalRestClient count 2 duration 2117 avg 1058 ms 
[32m2025-06-05 | 08:42:01.814[0;39m | [34mINFO [0;39m [[36mapp-(scheduled)-statsCollector-0        [0;39m] [33mo.t.t.s.s.StatsCollector[0;39m                        : Schedule:  Key waitForQuota count 2 duration 0 avg 0 ms 
[32m2025-06-05 | 08:42:02.166[0;39m | [34mINFO [0;39m [[36mapp-(scheduled)-rateLimitLogging-0      [0;39m] [33mo.t.t.s.p.RateLimitService[0;39m                      : total requests 2 in progress 0 queue size 0 
[32m2025-06-05 | 08:42:12.161[0;39m | [34mINFO [0;39m [[36mapp-(scheduled)-rateLimitLogging-0      [0;39m] [33mo.t.t.s.p.RateLimitService[0;39m                      : total requests 2 in progress 0 queue size 0 
[32m2025-06-05 | 08:42:22.174[0;39m | [34mINFO [0;39m [[36mapp-(scheduled)-rateLimitLogging-0      [0;39m] [33mo.t.t.s.p.RateLimitService[0;39m                      : total requests 2 in progress 0 queue size 0 
[32m2025-06-05 | 08:42:32.165[0;39m | [34mINFO [0;39m [[36mapp-(scheduled)-rateLimitLogging-0      [0;39m] [33mo.t.t.s.p.RateLimitService[0;39m                      : total requests 2 in progress 0 queue size 0 
[32m2025-06-05 | 08:42:42.165[0;39m | [34mINFO [0;39m [[36mapp-(scheduled)-rateLimitLogging-0      [0;39m] [33mo.t.t.s.p.RateLimitService[0;39m                      : total requests 2 in progress 0 queue size 0 
[32m2025-06-05 | 08:42:52.173[0;39m | [34mINFO [0;39m [[36mapp-(scheduled)-rateLimitLogging-0      [0;39m] [33mo.t.t.s.p.RateLimitService[0;39m                      : total requests 2 in progress 0 queue size 0 
[32m2025-06-05 | 08:43:01.812[0;39m | [34mINFO [0;39m [[36mapp-(scheduled)-statsCollector-0        [0;39m] [33mo.t.t.s.s.StatsCollector[0;39m                        : Schedule:  Key generalRestClient count 2 duration 2117 avg 1058 ms 
[32m2025-06-05 | 08:43:01.813[0;39m | [34mINFO [0;39m [[36mapp-(scheduled)-statsCollector-0        [0;39m] [33mo.t.t.s.s.StatsCollector[0;39m                        : Schedule:  Key waitForQuota count 2 duration 0 avg 0 ms 
[32m2025-06-05 | 08:43:02.169[0;39m | [34mINFO [0;39m [[36mapp-(scheduled)-rateLimitLogging-0      [0;39m] [33mo.t.t.s.p.RateLimitService[0;39m                      : total requests 2 in progress 0 queue size 0 
[32m2025-06-05 | 08:43:12.163[0;39m | [34mINFO [0;39m [[36mapp-(scheduled)-rateLimitLogging-0      [0;39m] [33mo.t.t.s.p.RateLimitService[0;39m                      : total requests 2 in progress 0 queue size 0 
[32m2025-06-05 | 08:43:22.175[0;39m | [34mINFO [0;39m [[36mapp-(scheduled)-rateLimitLogging-0      [0;39m] [33mo.t.t.s.p.RateLimitService[0;39m                      : total requests 2 in progress 0 queue size 0 
[32m2025-06-05 | 08:43:32.167[0;39m | [34mINFO [0;39m [[36mapp-(scheduled)-rateLimitLogging-0      [0;39m] [33mo.t.t.s.p.RateLimitService[0;39m                      : total requests 2 in progress 0 queue size 0 
[32m2025-06-05 | 08:43:42.162[0;39m | [34mINFO [0;39m [[36mapp-(scheduled)-rateLimitLogging-0      [0;39m] [33mo.t.t.s.p.RateLimitService[0;39m                      : total requests 2 in progress 0 queue size 0 
[32m2025-06-05 | 08:43:52.168[0;39m | [34mINFO [0;39m [[36mapp-(scheduled)-rateLimitLogging-0      [0;39m] [33mo.t.t.s.p.RateLimitService[0;39m                      : total requests 2 in progress 0 queue size 0 
[32m2025-06-05 | 08:44:01.809[0;39m | [34mINFO [0;39m [[36mapp-(scheduled)-statsCollector-0        [0;39m] [33mo.t.t.s.s.StatsCollector[0;39m                        : Schedule:  Key generalRestClient count 2 duration 2117 avg 1058 ms 
[32m2025-06-05 | 08:44:01.809[0;39m | [34mINFO [0;39m [[36mapp-(scheduled)-statsCollector-0        [0;39m] [33mo.t.t.s.s.StatsCollector[0;39m                        : Schedule:  Key waitForQuota count 2 duration 0 avg 0 ms 
[32m2025-06-05 | 08:44:02.169[0;39m | [34mINFO [0;39m [[36mapp-(scheduled)-rateLimitLogging-0      [0;39m] [33mo.t.t.s.p.RateLimitService[0;39m                      : total requests 2 in progress 0 queue size 0 
[32m2025-06-05 | 08:44:12.170[0;39m | [34mINFO [0;39m [[36mapp-(scheduled)-rateLimitLogging-0      [0;39m] [33mo.t.t.s.p.RateLimitService[0;39m                      : total requests 2 in progress 0 queue size 0 
[32m2025-06-05 | 08:44:22.171[0;39m | [34mINFO [0;39m [[36mapp-(scheduled)-rateLimitLogging-0      [0;39m] [33mo.t.t.s.p.RateLimitService[0;39m                      : total requests 2 in progress 0 queue size 0 
[32m2025-06-05 | 08:44:32.176[0;39m | [34mINFO [0;39m [[36mapp-(scheduled)-rateLimitLogging-0      [0;39m] [33mo.t.t.s.p.RateLimitService[0;39m                      : total requests 2 in progress 0 queue size 0 
[32m2025-06-05 | 08:44:42.217[0;39m | [34mINFO [0;39m [[36mapp-(scheduled)-rateLimitLogging-0      [0;39m] [33mo.t.t.s.p.RateLimitService[0;39m                      : total requests 2 in progress 0 queue size 0 
[32m2025-06-05 | 08:44:52.164[0;39m | [34mINFO [0;39m [[36mapp-(scheduled)-rateLimitLogging-0      [0;39m] [33mo.t.t.s.p.RateLimitService[0;39m                      : total requests 2 in progress 0 queue size 0 
[32m2025-06-05 | 08:45:01.817[0;39m | [34mINFO [0;39m [[36mapp-(scheduled)-statsCollector-0        [0;39m] [33mo.t.t.s.s.StatsCollector[0;39m                        : Schedule:  Key generalRestClient count 2 duration 2117 avg 1058 ms 
[32m2025-06-05 | 08:45:01.817[0;39m | [34mINFO [0;39m [[36mapp-(scheduled)-statsCollector-0        [0;39m] [33mo.t.t.s.s.StatsCollector[0;39m                        : Schedule:  Key waitForQuota count 2 duration 0 avg 0 ms 
[32m2025-06-05 | 08:45:02.165[0;39m | [34mINFO [0;39m [[36mapp-(scheduled)-rateLimitLogging-0      [0;39m] [33mo.t.t.s.p.RateLimitService[0;39m                      : total requests 2 in progress 0 queue size 0 
[32m2025-06-05 | 08:45:12.173[0;39m | [34mINFO [0;39m [[36mapp-(scheduled)-rateLimitLogging-0      [0;39m] [33mo.t.t.s.p.RateLimitService[0;39m                      : total requests 2 in progress 0 queue size 0 
[32m2025-06-05 | 08:45:22.165[0;39m | [34mINFO [0;39m [[36mapp-(scheduled)-rateLimitLogging-0      [0;39m] [33mo.t.t.s.p.RateLimitService[0;39m                      : total requests 2 in progress 0 queue size 0 
[32m2025-06-05 | 08:45:32.174[0;39m | [34mINFO [0;39m [[36mapp-(scheduled)-rateLimitLogging-0      [0;39m] [33mo.t.t.s.p.RateLimitService[0;39m                      : total requests 2 in progress 0 queue size 0 
[32m2025-06-05 | 08:45:42.165[0;39m | [34mINFO [0;39m [[36mapp-(scheduled)-rateLimitLogging-0      [0;39m] [33mo.t.t.s.p.RateLimitService[0;39m                      : total requests 2 in progress 0 queue size 0 
[32m2025-06-05 | 08:45:52.175[0;39m | [34mINFO [0;39m [[36mapp-(scheduled)-rateLimitLogging-0      [0;39m] [33mo.t.t.s.p.RateLimitService[0;39m                      : total requests 2 in progress 0 queue size 0 
[32m2025-06-05 | 08:46:01.814[0;39m | [34mINFO [0;39m [[36mapp-(scheduled)-statsCollector-0        [0;39m] [33mo.t.t.s.s.StatsCollector[0;39m                        : Schedule:  Key generalRestClient count 2 duration 2117 avg 1058 ms 
[32m2025-06-05 | 08:46:01.816[0;39m | [34mINFO [0;39m [[36mapp-(scheduled)-statsCollector-0        [0;39m] [33mo.t.t.s.s.StatsCollector[0;39m                        : Schedule:  Key waitForQuota count 2 duration 0 avg 0 ms 
[32m2025-06-05 | 08:46:02.161[0;39m | [34mINFO [0;39m [[36mapp-(scheduled)-rateLimitLogging-0      [0;39m] [33mo.t.t.s.p.RateLimitService[0;39m                      : total requests 2 in progress 0 queue size 0 
[32m2025-06-05 | 08:46:12.162[0;39m | [34mINFO [0;39m [[36mapp-(scheduled)-rateLimitLogging-0      [0;39m] [33mo.t.t.s.p.RateLimitService[0;39m                      : total requests 2 in progress 0 queue size 0 
[32m2025-06-05 | 08:46:22.165[0;39m | [34mINFO [0;39m [[36mapp-(scheduled)-rateLimitLogging-0      [0;39m] [33mo.t.t.s.p.RateLimitService[0;39m                      : total requests 2 in progress 0 queue size 0 
[32m2025-06-05 | 08:46:32.168[0;39m | [34mINFO [0;39m [[36mapp-(scheduled)-rateLimitLogging-0      [0;39m] [33mo.t.t.s.p.RateLimitService[0;39m                      : total requests 2 in progress 0 queue size 0 
[32m2025-06-05 | 08:46:42.169[0;39m | [34mINFO [0;39m [[36mapp-(scheduled)-rateLimitLogging-0      [0;39m] [33mo.t.t.s.p.RateLimitService[0;39m                      : total requests 2 in progress 0 queue size 0 
[32m2025-06-05 | 08:46:52.161[0;39m | [34mINFO [0;39m [[36mapp-(scheduled)-rateLimitLogging-0      [0;39m] [33mo.t.t.s.p.RateLimitService[0;39m                      : total requests 2 in progress 0 queue size 0 
[32m2025-06-05 | 08:47:01.814[0;39m | [34mINFO [0;39m [[36mapp-(scheduled)-statsCollector-0        [0;39m] [33mo.t.t.s.s.StatsCollector[0;39m                        : Schedule:  Key generalRestClient count 2 duration 2117 avg 1058 ms 
[32m2025-06-05 | 08:47:01.814[0;39m | [34mINFO [0;39m [[36mapp-(scheduled)-statsCollector-0        [0;39m] [33mo.t.t.s.s.StatsCollector[0;39m                        : Schedule:  Key waitForQuota count 2 duration 0 avg 0 ms 
[32m2025-06-05 | 08:47:02.163[0;39m | [34mINFO [0;39m [[36mapp-(scheduled)-rateLimitLogging-0      [0;39m] [33mo.t.t.s.p.RateLimitService[0;39m                      : total requests 2 in progress 0 queue size 0 
[32m2025-06-05 | 08:47:12.164[0;39m | [34mINFO [0;39m [[36mapp-(scheduled)-rateLimitLogging-0      [0;39m] [33mo.t.t.s.p.RateLimitService[0;39m                      : total requests 2 in progress 0 queue size 0 
[32m2025-06-05 | 08:47:22.165[0;39m | [34mINFO [0;39m [[36mapp-(scheduled)-rateLimitLogging-0      [0;39m] [33mo.t.t.s.p.RateLimitService[0;39m                      : total requests 2 in progress 0 queue size 0 
[32m2025-06-05 | 08:47:32.167[0;39m | [34mINFO [0;39m [[36mapp-(scheduled)-rateLimitLogging-0      [0;39m] [33mo.t.t.s.p.RateLimitService[0;39m                      : total requests 2 in progress 0 queue size 0 
[32m2025-06-05 | 08:47:33.319[0;39m | [31mWARN [0;39m [[36mapp-(fixed)-webClientFirst-5            [0;39m] [33mo.t.t.s.p.TbRestDataSourceJwtAspect[0;39m             : A new token has created during request interception! 
[32m2025-06-05 | 08:47:33.477[0;39m | [34mINFO [0;39m [[36mapp-(fixed)-tracking-0                  [0;39m] [33mo.t.t.s.c.UserManagementService[0;39m                 : A new user was registered: 118ngobach@gmail.com 
[32m2025-06-05 | 08:47:33.483[0;39m | [34mINFO [0;39m [[36mapp-(fixed)-tracking-0                  [0;39m] [33mo.t.t.d.c.DomainTenantPairDao[0;39m                   : Domain and tenant are wired: domain = localhost, tenant = 1ef649b0-e182-11ef-ad09-515f790ed9df 
[32m2025-06-05 | 08:47:33.520[0;39m | [34mINFO [0;39m [[36mreactor-http-nio-7                      [0;39m] [33mo.t.t.s.p.v.TbVersionChecker[0;39m                    : TB version is discovered: TbVersion(pe=true, cloud=false, version=V_4_0_1) 
[32m2025-06-05 | 08:47:33.845[0;39m | [31mWARN [0;39m [[36mhttp-nio-0.0.0.0-8888-exec-4            [0;39m] [33mo.s.w.s.h.AbstractHandlerExceptionResolver[0;39m      : Resolved [org.springframework.web.context.request.async.AsyncRequestNotUsableException: ServletOutputStream failed to write: java.io.IOException: An established connection was aborted by the software in your host machine] 
[32m2025-06-05 | 08:47:42.161[0;39m | [34mINFO [0;39m [[36mapp-(scheduled)-rateLimitLogging-0      [0;39m] [33mo.t.t.s.p.RateLimitService[0;39m                      : total requests 10 in progress 0 queue size 0 
[32m2025-06-05 | 08:47:52.168[0;39m | [34mINFO [0;39m [[36mapp-(scheduled)-rateLimitLogging-0      [0;39m] [33mo.t.t.s.p.RateLimitService[0;39m                      : total requests 10 in progress 0 queue size 0 
[32m2025-06-05 | 08:47:53.615[0;39m | [31mWARN [0;39m [[36mapp-(fixed)-webClientFirst-11           [0;39m] [33mo.t.t.s.p.TbRestDataSourceJwtAspect[0;39m             : A new token has created during request interception! 
[32m2025-06-05 | 08:47:53.652[0;39m | [31mWARN [0;39m [[36mapp-(fixed)-webClientFirst-15           [0;39m] [33mo.t.t.s.p.TbRestDataSourceJwtAspect[0;39m             : A new token has created during request interception! 
[32m2025-06-05 | 08:47:53.654[0;39m | [31mWARN [0;39m [[36mapp-(fixed)-webClientFirst-14           [0;39m] [33mo.t.t.s.p.TbRestDataSourceJwtAspect[0;39m             : A new token has created during request interception! 
[32m2025-06-05 | 08:48:01.808[0;39m | [34mINFO [0;39m [[36mapp-(scheduled)-statsCollector-0        [0;39m] [33mo.t.t.s.s.StatsCollector[0;39m                        : Schedule:  Key generalRestClient count 18 duration 3303 avg 183 ms 
[32m2025-06-05 | 08:48:01.808[0;39m | [34mINFO [0;39m [[36mapp-(scheduled)-statsCollector-0        [0;39m] [33mo.t.t.s.s.StatsCollector[0;39m                        : Schedule:  Key waitForQuota count 18 duration 0 avg 0 ms 
[32m2025-06-05 | 08:48:02.170[0;39m | [34mINFO [0;39m [[36mapp-(scheduled)-rateLimitLogging-0      [0;39m] [33mo.t.t.s.p.RateLimitService[0;39m                      : total requests 18 in progress 0 queue size 0 
[32m2025-06-05 | 08:48:12.165[0;39m | [34mINFO [0;39m [[36mapp-(scheduled)-rateLimitLogging-0      [0;39m] [33mo.t.t.s.p.RateLimitService[0;39m                      : total requests 18 in progress 0 queue size 0 
[32m2025-06-05 | 08:48:22.167[0;39m | [34mINFO [0;39m [[36mapp-(scheduled)-rateLimitLogging-0      [0;39m] [33mo.t.t.s.p.RateLimitService[0;39m                      : total requests 18 in progress 0 queue size 0 
[32m2025-06-05 | 08:48:32.190[0;39m | [34mINFO [0;39m [[36mapp-(scheduled)-rateLimitLogging-0      [0;39m] [33mo.t.t.s.p.RateLimitService[0;39m                      : total requests 18 in progress 0 queue size 0 
[32m2025-06-05 | 08:48:42.172[0;39m | [34mINFO [0;39m [[36mapp-(scheduled)-rateLimitLogging-0      [0;39m] [33mo.t.t.s.p.RateLimitService[0;39m                      : total requests 18 in progress 0 queue size 0 
[32m2025-06-05 | 08:48:47.610[0;39m | [31mWARN [0;39m [[36mapp-(fixed)-webClientFirst-19           [0;39m] [33mo.t.t.s.p.TbRestDataSourceJwtAspect[0;39m             : A new token has created during request interception! 
[32m2025-06-05 | 08:48:48.929[0;39m | [34mINFO [0;39m [[36mpool-34-thread-1                        [0;39m] [33mo.t.t.s.BaseSubscriptionService[0;39m                 : Subscription validated SubscriptionState(valid=true, checkTs=1749113328929, actualAssets=1, allowedAssets=10, actualDevices=9, allowedDevices=10, name=null, errorMsg=null) 
[32m2025-06-05 | 08:48:52.169[0;39m | [34mINFO [0;39m [[36mapp-(scheduled)-rateLimitLogging-0      [0;39m] [33mo.t.t.s.p.RateLimitService[0;39m                      : total requests 40 in progress 0 queue size 0 
[32m2025-06-05 | 08:49:01.811[0;39m | [34mINFO [0;39m [[36mapp-(scheduled)-statsCollector-0        [0;39m] [33mo.t.t.s.s.StatsCollector[0;39m                        : Schedule:  Key generalRestClient count 40 duration 4465 avg 111 ms 
[32m2025-06-05 | 08:49:01.813[0;39m | [34mINFO [0;39m [[36mapp-(scheduled)-statsCollector-0        [0;39m] [33mo.t.t.s.s.StatsCollector[0;39m                        : Schedule:  Key loadDevicesByType count 5 duration 190 avg 38 ms 
[32m2025-06-05 | 08:49:01.813[0;39m | [34mINFO [0;39m [[36mapp-(scheduled)-statsCollector-0        [0;39m] [33mo.t.t.s.s.StatsCollector[0;39m                        : Schedule:  Key waitForQuota count 40 duration 0 avg 0 ms 
[32m2025-06-05 | 08:49:02.167[0;39m | [34mINFO [0;39m [[36mapp-(scheduled)-rateLimitLogging-0      [0;39m] [33mo.t.t.s.p.RateLimitService[0;39m                      : total requests 41 in progress 0 queue size 0 
[32m2025-06-05 | 08:49:12.170[0;39m | [34mINFO [0;39m [[36mapp-(scheduled)-rateLimitLogging-0      [0;39m] [33mo.t.t.s.p.RateLimitService[0;39m                      : total requests 41 in progress 0 queue size 0 
[32m2025-06-05 | 08:49:22.174[0;39m | [34mINFO [0;39m [[36mapp-(scheduled)-rateLimitLogging-0      [0;39m] [33mo.t.t.s.p.RateLimitService[0;39m                      : total requests 41 in progress 0 queue size 0 
[32m2025-06-05 | 08:49:32.166[0;39m | [34mINFO [0;39m [[36mapp-(scheduled)-rateLimitLogging-0      [0;39m] [33mo.t.t.s.p.RateLimitService[0;39m                      : total requests 41 in progress 0 queue size 0 
[32m2025-06-05 | 08:49:42.162[0;39m | [34mINFO [0;39m [[36mapp-(scheduled)-rateLimitLogging-0      [0;39m] [33mo.t.t.s.p.RateLimitService[0;39m                      : total requests 41 in progress 0 queue size 0 
[32m2025-06-05 | 08:49:52.163[0;39m | [34mINFO [0;39m [[36mapp-(scheduled)-rateLimitLogging-0      [0;39m] [33mo.t.t.s.p.RateLimitService[0;39m                      : total requests 41 in progress 0 queue size 0 
[32m2025-06-05 | 08:50:01.832[0;39m | [34mINFO [0;39m [[36mapp-(scheduled)-statsCollector-0        [0;39m] [33mo.t.t.s.s.StatsCollector[0;39m                        : Schedule:  Key generalRestClient count 41 duration 4491 avg 109 ms 
[32m2025-06-05 | 08:50:01.832[0;39m | [34mINFO [0;39m [[36mapp-(scheduled)-statsCollector-0        [0;39m] [33mo.t.t.s.s.StatsCollector[0;39m                        : Schedule:  Key loadDevicesByType count 5 duration 190 avg 38 ms 
[32m2025-06-05 | 08:50:01.832[0;39m | [34mINFO [0;39m [[36mapp-(scheduled)-statsCollector-0        [0;39m] [33mo.t.t.s.s.StatsCollector[0;39m                        : Schedule:  Key waitForQuota count 41 duration 0 avg 0 ms 
[32m2025-06-05 | 08:50:02.162[0;39m | [34mINFO [0;39m [[36mapp-(scheduled)-rateLimitLogging-0      [0;39m] [33mo.t.t.s.p.RateLimitService[0;39m                      : total requests 41 in progress 0 queue size 0 
[32m2025-06-05 | 08:50:12.166[0;39m | [34mINFO [0;39m [[36mapp-(scheduled)-rateLimitLogging-0      [0;39m] [33mo.t.t.s.p.RateLimitService[0;39m                      : total requests 41 in progress 0 queue size 0 
[32m2025-06-05 | 08:50:22.167[0;39m | [34mINFO [0;39m [[36mapp-(scheduled)-rateLimitLogging-0      [0;39m] [33mo.t.t.s.p.RateLimitService[0;39m                      : total requests 41 in progress 0 queue size 0 
[32m2025-06-05 | 08:50:32.163[0;39m | [34mINFO [0;39m [[36mapp-(scheduled)-rateLimitLogging-0      [0;39m] [33mo.t.t.s.p.RateLimitService[0;39m                      : total requests 41 in progress 0 queue size 0 
[32m2025-06-05 | 08:50:42.171[0;39m | [34mINFO [0;39m [[36mapp-(scheduled)-rateLimitLogging-0      [0;39m] [33mo.t.t.s.p.RateLimitService[0;39m                      : total requests 41 in progress 0 queue size 0 
[32m2025-06-05 | 08:50:52.162[0;39m | [34mINFO [0;39m [[36mapp-(scheduled)-rateLimitLogging-0      [0;39m] [33mo.t.t.s.p.RateLimitService[0;39m                      : total requests 41 in progress 0 queue size 0 
[32m2025-06-05 | 08:51:01.810[0;39m | [34mINFO [0;39m [[36mapp-(scheduled)-statsCollector-0        [0;39m] [33mo.t.t.s.s.StatsCollector[0;39m                        : Schedule:  Key generalRestClient count 41 duration 4491 avg 109 ms 
[32m2025-06-05 | 08:51:01.811[0;39m | [34mINFO [0;39m [[36mapp-(scheduled)-statsCollector-0        [0;39m] [33mo.t.t.s.s.StatsCollector[0;39m                        : Schedule:  Key loadDevicesByType count 5 duration 190 avg 38 ms 
[32m2025-06-05 | 08:51:01.811[0;39m | [34mINFO [0;39m [[36mapp-(scheduled)-statsCollector-0        [0;39m] [33mo.t.t.s.s.StatsCollector[0;39m                        : Schedule:  Key waitForQuota count 41 duration 0 avg 0 ms 
[32m2025-06-05 | 08:51:02.164[0;39m | [34mINFO [0;39m [[36mapp-(scheduled)-rateLimitLogging-0      [0;39m] [33mo.t.t.s.p.RateLimitService[0;39m                      : total requests 41 in progress 0 queue size 0 
[32m2025-06-05 | 08:51:05.674[0;39m | [34mINFO [0;39m [[36mapp-(fixed)-topologyDiscovery-0         [0;39m] [33mo.t.t.s.t.TaskExecutionProgressStepBuilder[0;39m      : Progress step started: Topology discovery 
[32m2025-06-05 | 08:51:05.691[0;39m | [34mINFO [0;39m [[36mapp-(fixed)-topologyDiscovery-0         [0;39m] [33mo.t.t.s.t.TaskExecutionProgressStepBuilder[0;39m      : Progress step started: Discovering actual topology entities 
[32m2025-06-05 | 08:51:05.691[0;39m | [34mINFO [0;39m [[36mapp-(fixed)-topologyDiscovery-0         [0;39m] [33mo.t.t.s.t.TaskExecutionProgressStepBuilder[0;39m      : Progress step started: fetch asset schema 
[32m2025-06-05 | 08:51:05.727[0;39m | [34mINFO [0;39m [[36mapp-(fixed)-topologyDiscovery-0         [0;39m] [33mo.t.t.s.t.TbTopologyDiscoveryService[0;39m            : Found asset types 1 
[32m2025-06-05 | 08:51:05.758[0;39m | [34mINFO [0;39m [[36mapp-(fixed)-topologyDiscovery-0         [0;39m] [33mo.t.t.s.t.TbTopologyDiscoveryService[0;39m            : Load 1 assets for type office 
[32m2025-06-05 | 08:51:05.972[0;39m | [34mINFO [0;39m [[36mapp-(fixed)-topologyDiscovery-0         [0;39m] [33mo.t.t.s.t.TbTopologyDiscoveryService[0;39m            : Finish asset schema loading 
[32m2025-06-05 | 08:51:05.973[0;39m | [34mINFO [0;39m [[36mapp-(fixed)-topologyDiscovery-0         [0;39m] [33mo.t.t.s.t.TaskExecutionProgressStepBuilder[0;39m      : Progress step finished: fetch asset schema 
[32m2025-06-05 | 08:51:05.974[0;39m | [34mINFO [0;39m [[36mapp-(fixed)-topologyDiscovery-0         [0;39m] [33mo.t.t.s.t.TaskExecutionProgressStepBuilder[0;39m      : Progress step started: fetch device schema 
[32m2025-06-05 | 08:51:06.008[0;39m | [34mINFO [0;39m [[36mapp-(fixed)-topologyDiscovery-0         [0;39m] [33mo.t.t.s.t.TbTopologyDiscoveryService[0;39m            : Found device types 5 
[32m2025-06-05 | 08:51:06.043[0;39m | [34mINFO [0;39m [[36mapp-(fixed)-topologyDiscovery-0         [0;39m] [33mo.t.t.s.t.TbTopologyDiscoveryService[0;39m            : Load 1 devices for type hvac 
[32m2025-06-05 | 08:51:06.256[0;39m | [34mINFO [0;39m [[36mapp-(fixed)-topologyDiscovery-0         [0;39m] [33mo.t.t.s.t.TbTopologyDiscoveryService[0;39m            : Load 5 devices for type default 
[32m2025-06-05 | 08:51:06.803[0;39m | [34mINFO [0;39m [[36mapp-(fixed)-topologyDiscovery-0         [0;39m] [33mo.t.t.s.t.TbTopologyDiscoveryService[0;39m            : Load 1 devices for type smart-sensor 
[32m2025-06-05 | 08:51:06.951[0;39m | [34mINFO [0;39m [[36mapp-(fixed)-topologyDiscovery-0         [0;39m] [33mo.t.t.s.t.TbTopologyDiscoveryService[0;39m            : Load 1 devices for type energy-meter 
[32m2025-06-05 | 08:51:07.130[0;39m | [34mINFO [0;39m [[36mapp-(fixed)-topologyDiscovery-0         [0;39m] [33mo.t.t.s.t.TbTopologyDiscoveryService[0;39m            : Load 1 devices for type water-meter 
[32m2025-06-05 | 08:51:07.266[0;39m | [34mINFO [0;39m [[36mapp-(fixed)-topologyDiscovery-0         [0;39m] [33mo.t.t.s.t.TbTopologyDiscoveryService[0;39m            : Finish device schema loading 
[32m2025-06-05 | 08:51:07.266[0;39m | [34mINFO [0;39m [[36mapp-(fixed)-topologyDiscovery-0         [0;39m] [33mo.t.t.s.t.TaskExecutionProgressStepBuilder[0;39m      : Progress step finished: fetch device schema 
[32m2025-06-05 | 08:51:07.266[0;39m | [34mINFO [0;39m [[36mapp-(fixed)-topologyDiscovery-0         [0;39m] [33mo.t.t.s.t.TaskExecutionProgressStepBuilder[0;39m      : Progress step started: unite schema 
[32m2025-06-05 | 08:51:07.267[0;39m | [34mINFO [0;39m [[36mapp-(fixed)-topologyDiscovery-0         [0;39m] [33mo.t.t.s.t.TaskExecutionProgressStepBuilder[0;39m      : Progress step finished: unite schema 
[32m2025-06-05 | 08:51:07.268[0;39m | [34mINFO [0;39m [[36mapp-(fixed)-topologyDiscovery-0         [0;39m] [33mo.t.t.s.t.TaskExecutionProgressStepBuilder[0;39m      : Progress step started: discovery relations 
[32m2025-06-05 | 08:51:07.269[0;39m | [34mINFO [0;39m [[36mapp-(fixed)-topologyDiscovery-0         [0;39m] [33mo.t.t.s.t.TaskExecutionProgressStepBuilder[0;39m      : Progress step started: Discovering actual topology relations 
[32m2025-06-05 | 08:51:07.325[0;39m | [34mINFO [0;39m [[36mapp-(fixed)-topologyDiscovery-0         [0;39m] [33mo.t.t.s.t.TbRelationDiscovery[0;39m                   : Loaded 1 items for business entity office 
[32m2025-06-05 | 08:51:07.423[0;39m | [34mINFO [0;39m [[36mapp-(fixed)-topologyDiscovery-0         [0;39m] [33mo.t.t.s.t.TbRelationDiscovery[0;39m                   : Loaded 1 items for business entity hvac 
[32m2025-06-05 | 08:51:07.525[0;39m | [34mINFO [0;39m [[36mapp-(fixed)-topologyDiscovery-0         [0;39m] [33mo.t.t.s.t.TbRelationDiscovery[0;39m                   : Loaded 5 items for business entity default 
[32m2025-06-05 | 08:51:07.595[0;39m | [34mINFO [0;39m [[36mapp-(fixed)-topologyDiscovery-0         [0;39m] [33mo.t.t.s.t.TbRelationDiscovery[0;39m                   : Loaded 1 items for business entity smart-sensor 
[32m2025-06-05 | 08:51:07.657[0;39m | [34mINFO [0;39m [[36mapp-(fixed)-topologyDiscovery-0         [0;39m] [33mo.t.t.s.t.TbRelationDiscovery[0;39m                   : Loaded 1 items for business entity energy-meter 
[32m2025-06-05 | 08:51:07.719[0;39m | [34mINFO [0;39m [[36mapp-(fixed)-topologyDiscovery-0         [0;39m] [33mo.t.t.s.t.TbRelationDiscovery[0;39m                   : Loaded 1 items for business entity water-meter 
[32m2025-06-05 | 08:51:07.777[0;39m | [34mINFO [0;39m [[36mapp-(fixed)-topologyDiscovery-0         [0;39m] [33mo.t.t.s.t.TbRelationDiscovery[0;39m                   : Discovered 4 relations for office : [[Relation(name=Contains, enabled=true, relatedEntityId=37c40093-41ea-11f0-90d9-05e46a544b00, relationType=Contains, direction=FROM), Relation(name=Contains, enabled=true, relatedEntityId=382e0c63-41ea-11f0-90d9-05e46a544b00, relationType=Contains, direction=FROM), Relation(name=Contains, enabled=true, relatedEntityId=3863263e-41ea-11f0-90d9-05e46a544b00, relationType=Contains, direction=FROM), Relation(name=Contains, enabled=true, relatedEntityId=38493592-41ea-11f0-90d9-05e46a544b00, relationType=Contains, direction=FROM)]] 
[32m2025-06-05 | 08:51:07.783[0;39m | [34mINFO [0;39m [[36mapp-(fixed)-topologyDiscovery-0         [0;39m] [33mo.t.t.s.t.TbRelationDiscovery[0;39m                   : Discovered 1 relations for hvac : [[Relation(name=Contains, enabled=true, relatedEntityId=379db3d5-41ea-11f0-90d9-05e46a544b00, relationType=Contains, direction=TO)]] 
[32m2025-06-05 | 08:51:07.784[0;39m | [34mINFO [0;39m [[36mapp-(fixed)-topologyDiscovery-0         [0;39m] [33mo.t.t.s.t.TbRelationDiscovery[0;39m                   : Discovered 0 relations for default : [[]] 
[32m2025-06-05 | 08:51:07.784[0;39m | [34mINFO [0;39m [[36mapp-(fixed)-topologyDiscovery-0         [0;39m] [33mo.t.t.s.t.TbRelationDiscovery[0;39m                   : Discovered 1 relations for smart-sensor : [[Relation(name=Contains, enabled=true, relatedEntityId=379db3d5-41ea-11f0-90d9-05e46a544b00, relationType=Contains, direction=TO)]] 
[32m2025-06-05 | 08:51:07.784[0;39m | [34mINFO [0;39m [[36mapp-(fixed)-topologyDiscovery-0         [0;39m] [33mo.t.t.s.t.TbRelationDiscovery[0;39m                   : Discovered 1 relations for energy-meter : [[Relation(name=Contains, enabled=true, relatedEntityId=379db3d5-41ea-11f0-90d9-05e46a544b00, relationType=Contains, direction=TO)]] 
[32m2025-06-05 | 08:51:07.785[0;39m | [34mINFO [0;39m [[36mapp-(fixed)-topologyDiscovery-0         [0;39m] [33mo.t.t.s.t.TbRelationDiscovery[0;39m                   : Discovered 1 relations for water-meter : [[Relation(name=Contains, enabled=true, relatedEntityId=379db3d5-41ea-11f0-90d9-05e46a544b00, relationType=Contains, direction=TO)]] 
[32m2025-06-05 | 08:51:07.785[0;39m | [34mINFO [0;39m [[36mapp-(fixed)-topologyDiscovery-0         [0;39m] [33mo.t.t.s.t.TaskExecutionProgressStepBuilder[0;39m      : Progress step finished: Discovering actual topology relations 
[32m2025-06-05 | 08:51:07.785[0;39m | [34mINFO [0;39m [[36mapp-(fixed)-topologyDiscovery-0         [0;39m] [33mo.t.t.s.t.TaskExecutionProgressStepBuilder[0;39m      : Progress step finished: discovery relations 
[32m2025-06-05 | 08:51:07.786[0;39m | [34mINFO [0;39m [[36mapp-(fixed)-topologyDiscovery-0         [0;39m] [33mo.t.t.s.t.TbTopologyDiscoveryService[0;39m            : Discovered topology has 6 business entities. 
[32m2025-06-05 | 08:51:07.786[0;39m | [34mINFO [0;39m [[36mapp-(fixed)-topologyDiscovery-0         [0;39m] [33mo.t.t.s.t.TaskExecutionProgressStepBuilder[0;39m      : Progress step finished: Discovering actual topology entities 
[32m2025-06-05 | 08:51:07.787[0;39m | [34mINFO [0;39m [[36mapp-(fixed)-topologyDiscovery-0         [0;39m] [33mo.t.t.s.t.TaskExecutionProgressStepBuilder[0;39m      : Progress step started: Merging topologies 
[32m2025-06-05 | 08:51:07.794[0;39m | [34mINFO [0;39m [[36mapp-(fixed)-topologyDiscovery-0         [0;39m] [33mo.t.t.s.t.TaskExecutionProgressStepBuilder[0;39m      : Progress step finished: Merging topologies 
[32m2025-06-05 | 08:51:07.886[0;39m | [34mINFO [0;39m [[36mapp-(fixed)-topologyDiscovery-0         [0;39m] [33mo.t.t.s.t.j.TopologyDiscoveryJobExecutor[0;39m        : Topology discovery completed for tenant: 1ef649b0-e182-11ef-ad09-515f790ed9df 
[32m2025-06-05 | 08:51:07.886[0;39m | [34mINFO [0;39m [[36mapp-(fixed)-topologyDiscovery-0         [0;39m] [33mo.t.t.s.t.TaskExecutionProgressStepBuilder[0;39m      : Progress step finished: Topology discovery 
[32m2025-06-05 | 08:51:07.887[0;39m | [34mINFO [0;39m [[36mapp-(fixed)-topologyDiscovery-0         [0;39m] [33mo.t.t.s.t.TaskExecutionProgressStepBuilder[0;39m      : Progress step finished: ROOT 
[32m2025-06-05 | 08:51:12.176[0;39m | [34mINFO [0;39m [[36mapp-(scheduled)-rateLimitLogging-0      [0;39m] [33mo.t.t.s.p.RateLimitService[0;39m                      : total requests 219 in progress 0 queue size 0 
[32m2025-06-05 | 08:51:22.162[0;39m | [34mINFO [0;39m [[36mapp-(scheduled)-rateLimitLogging-0      [0;39m] [33mo.t.t.s.p.RateLimitService[0;39m                      : total requests 219 in progress 0 queue size 0 
[32m2025-06-05 | 08:51:32.167[0;39m | [34mINFO [0;39m [[36mapp-(scheduled)-rateLimitLogging-0      [0;39m] [33mo.t.t.s.p.RateLimitService[0;39m                      : total requests 219 in progress 0 queue size 0 
[32m2025-06-05 | 08:51:42.163[0;39m | [34mINFO [0;39m [[36mapp-(scheduled)-rateLimitLogging-0      [0;39m] [33mo.t.t.s.p.RateLimitService[0;39m                      : total requests 219 in progress 0 queue size 0 
[32m2025-06-05 | 08:51:52.166[0;39m | [34mINFO [0;39m [[36mapp-(scheduled)-rateLimitLogging-0      [0;39m] [33mo.t.t.s.p.RateLimitService[0;39m                      : total requests 219 in progress 0 queue size 0 
[32m2025-06-05 | 08:52:01.822[0;39m | [34mINFO [0;39m [[36mapp-(scheduled)-statsCollector-0        [0;39m] [33mo.t.t.s.s.StatsCollector[0;39m                        : Schedule:  Key generalRestClient count 219 duration 11776 avg 53 ms 
[32m2025-06-05 | 08:52:01.822[0;39m | [34mINFO [0;39m [[36mapp-(scheduled)-statsCollector-0        [0;39m] [33mo.t.t.s.s.StatsCollector[0;39m                        : Schedule:  Key loadCustomers count 1 duration 114 avg 114 ms 
[32m2025-06-05 | 08:52:01.822[0;39m | [34mINFO [0;39m [[36mapp-(scheduled)-statsCollector-0        [0;39m] [33mo.t.t.s.s.StatsCollector[0;39m                        : Schedule:  Key loadDevicesByType count 15 duration 537 avg 35 ms 
[32m2025-06-05 | 08:52:01.822[0;39m | [34mINFO [0;39m [[36mapp-(scheduled)-statsCollector-0        [0;39m] [33mo.t.t.s.s.StatsCollector[0;39m                        : Schedule:  Key waitForQuota count 202 duration 3125 avg 15 ms 
[32m2025-06-05 | 08:52:02.166[0;39m | [34mINFO [0;39m [[36mapp-(scheduled)-rateLimitLogging-0      [0;39m] [33mo.t.t.s.p.RateLimitService[0;39m                      : total requests 219 in progress 0 queue size 0 
[32m2025-06-05 | 08:52:12.166[0;39m | [34mINFO [0;39m [[36mapp-(scheduled)-rateLimitLogging-0      [0;39m] [33mo.t.t.s.p.RateLimitService[0;39m                      : total requests 219 in progress 0 queue size 0 
[32m2025-06-05 | 08:52:22.162[0;39m | [34mINFO [0;39m [[36mapp-(scheduled)-rateLimitLogging-0      [0;39m] [33mo.t.t.s.p.RateLimitService[0;39m                      : total requests 219 in progress 0 queue size 0 
[32m2025-06-05 | 08:52:32.165[0;39m | [34mINFO [0;39m [[36mapp-(scheduled)-rateLimitLogging-0      [0;39m] [33mo.t.t.s.p.RateLimitService[0;39m                      : total requests 219 in progress 0 queue size 0 
[32m2025-06-05 | 08:52:42.163[0;39m | [34mINFO [0;39m [[36mapp-(scheduled)-rateLimitLogging-0      [0;39m] [33mo.t.t.s.p.RateLimitService[0;39m                      : total requests 219 in progress 0 queue size 0 
[32m2025-06-05 | 08:52:52.167[0;39m | [34mINFO [0;39m [[36mapp-(scheduled)-rateLimitLogging-0      [0;39m] [33mo.t.t.s.p.RateLimitService[0;39m                      : total requests 219 in progress 0 queue size 0 
[32m2025-06-05 | 08:53:01.815[0;39m | [34mINFO [0;39m [[36mapp-(scheduled)-statsCollector-0        [0;39m] [33mo.t.t.s.s.StatsCollector[0;39m                        : Schedule:  Key generalRestClient count 219 duration 11776 avg 53 ms 
[32m2025-06-05 | 08:53:01.816[0;39m | [34mINFO [0;39m [[36mapp-(scheduled)-statsCollector-0        [0;39m] [33mo.t.t.s.s.StatsCollector[0;39m                        : Schedule:  Key loadCustomers count 1 duration 114 avg 114 ms 
[32m2025-06-05 | 08:53:01.816[0;39m | [34mINFO [0;39m [[36mapp-(scheduled)-statsCollector-0        [0;39m] [33mo.t.t.s.s.StatsCollector[0;39m                        : Schedule:  Key loadDevicesByType count 15 duration 537 avg 35 ms 
[32m2025-06-05 | 08:53:01.817[0;39m | [34mINFO [0;39m [[36mapp-(scheduled)-statsCollector-0        [0;39m] [33mo.t.t.s.s.StatsCollector[0;39m                        : Schedule:  Key waitForQuota count 202 duration 3125 avg 15 ms 
[32m2025-06-05 | 08:53:02.167[0;39m | [34mINFO [0;39m [[36mapp-(scheduled)-rateLimitLogging-0      [0;39m] [33mo.t.t.s.p.RateLimitService[0;39m                      : total requests 219 in progress 0 queue size 0 
[32m2025-06-05 | 08:53:12.171[0;39m | [34mINFO [0;39m [[36mapp-(scheduled)-rateLimitLogging-0      [0;39m] [33mo.t.t.s.p.RateLimitService[0;39m                      : total requests 219 in progress 0 queue size 0 
[32m2025-06-05 | 08:53:22.173[0;39m | [34mINFO [0;39m [[36mapp-(scheduled)-rateLimitLogging-0      [0;39m] [33mo.t.t.s.p.RateLimitService[0;39m                      : total requests 219 in progress 0 queue size 0 
[32m2025-06-05 | 08:53:32.164[0;39m | [34mINFO [0;39m [[36mapp-(scheduled)-rateLimitLogging-0      [0;39m] [33mo.t.t.s.p.RateLimitService[0;39m                      : total requests 219 in progress 0 queue size 0 
[32m2025-06-05 | 08:53:42.167[0;39m | [34mINFO [0;39m [[36mapp-(scheduled)-rateLimitLogging-0      [0;39m] [33mo.t.t.s.p.RateLimitService[0;39m                      : total requests 219 in progress 0 queue size 0 
[32m2025-06-05 | 08:53:52.174[0;39m | [34mINFO [0;39m [[36mapp-(scheduled)-rateLimitLogging-0      [0;39m] [33mo.t.t.s.p.RateLimitService[0;39m                      : total requests 219 in progress 0 queue size 0 
[32m2025-06-05 | 08:54:01.828[0;39m | [34mINFO [0;39m [[36mapp-(scheduled)-statsCollector-0        [0;39m] [33mo.t.t.s.s.StatsCollector[0;39m                        : Schedule:  Key generalRestClient count 219 duration 11776 avg 53 ms 
[32m2025-06-05 | 08:54:01.829[0;39m | [34mINFO [0;39m [[36mapp-(scheduled)-statsCollector-0        [0;39m] [33mo.t.t.s.s.StatsCollector[0;39m                        : Schedule:  Key loadCustomers count 1 duration 114 avg 114 ms 
[32m2025-06-05 | 08:54:01.829[0;39m | [34mINFO [0;39m [[36mapp-(scheduled)-statsCollector-0        [0;39m] [33mo.t.t.s.s.StatsCollector[0;39m                        : Schedule:  Key loadDevicesByType count 15 duration 537 avg 35 ms 
[32m2025-06-05 | 08:54:01.829[0;39m | [34mINFO [0;39m [[36mapp-(scheduled)-statsCollector-0        [0;39m] [33mo.t.t.s.s.StatsCollector[0;39m                        : Schedule:  Key waitForQuota count 202 duration 3125 avg 15 ms 
[32m2025-06-05 | 08:54:02.162[0;39m | [34mINFO [0;39m [[36mapp-(scheduled)-rateLimitLogging-0      [0;39m] [33mo.t.t.s.p.RateLimitService[0;39m                      : total requests 219 in progress 0 queue size 0 
[32m2025-06-05 | 08:54:12.162[0;39m | [34mINFO [0;39m [[36mapp-(scheduled)-rateLimitLogging-0      [0;39m] [33mo.t.t.s.p.RateLimitService[0;39m                      : total requests 219 in progress 0 queue size 0 
[32m2025-06-05 | 08:54:22.170[0;39m | [34mINFO [0;39m [[36mapp-(scheduled)-rateLimitLogging-0      [0;39m] [33mo.t.t.s.p.RateLimitService[0;39m                      : total requests 219 in progress 0 queue size 0 
[32m2025-06-05 | 08:54:32.170[0;39m | [34mINFO [0;39m [[36mapp-(scheduled)-rateLimitLogging-0      [0;39m] [33mo.t.t.s.p.RateLimitService[0;39m                      : total requests 219 in progress 0 queue size 0 
[32m2025-06-05 | 08:54:42.162[0;39m | [34mINFO [0;39m [[36mapp-(scheduled)-rateLimitLogging-0      [0;39m] [33mo.t.t.s.p.RateLimitService[0;39m                      : total requests 219 in progress 0 queue size 0 
[32m2025-06-05 | 08:54:52.162[0;39m | [34mINFO [0;39m [[36mapp-(scheduled)-rateLimitLogging-0      [0;39m] [33mo.t.t.s.p.RateLimitService[0;39m                      : total requests 219 in progress 0 queue size 0 
[32m2025-06-05 | 08:55:01.809[0;39m | [34mINFO [0;39m [[36mapp-(scheduled)-statsCollector-0        [0;39m] [33mo.t.t.s.s.StatsCollector[0;39m                        : Schedule:  Key generalRestClient count 219 duration 11776 avg 53 ms 
[32m2025-06-05 | 08:55:01.810[0;39m | [34mINFO [0;39m [[36mapp-(scheduled)-statsCollector-0        [0;39m] [33mo.t.t.s.s.StatsCollector[0;39m                        : Schedule:  Key loadCustomers count 1 duration 114 avg 114 ms 
[32m2025-06-05 | 08:55:01.811[0;39m | [34mINFO [0;39m [[36mapp-(scheduled)-statsCollector-0        [0;39m] [33mo.t.t.s.s.StatsCollector[0;39m                        : Schedule:  Key loadDevicesByType count 15 duration 537 avg 35 ms 
[32m2025-06-05 | 08:55:01.811[0;39m | [34mINFO [0;39m [[36mapp-(scheduled)-statsCollector-0        [0;39m] [33mo.t.t.s.s.StatsCollector[0;39m                        : Schedule:  Key waitForQuota count 202 duration 3125 avg 15 ms 
[32m2025-06-05 | 08:55:02.168[0;39m | [34mINFO [0;39m [[36mapp-(scheduled)-rateLimitLogging-0      [0;39m] [33mo.t.t.s.p.RateLimitService[0;39m                      : total requests 219 in progress 0 queue size 0 
[32m2025-06-05 | 08:55:12.173[0;39m | [34mINFO [0;39m [[36mapp-(scheduled)-rateLimitLogging-0      [0;39m] [33mo.t.t.s.p.RateLimitService[0;39m                      : total requests 219 in progress 0 queue size 0 
[32m2025-06-05 | 08:55:22.169[0;39m | [34mINFO [0;39m [[36mapp-(scheduled)-rateLimitLogging-0      [0;39m] [33mo.t.t.s.p.RateLimitService[0;39m                      : total requests 219 in progress 0 queue size 0 
[32m2025-06-05 | 08:55:32.186[0;39m | [34mINFO [0;39m [[36mapp-(scheduled)-rateLimitLogging-0      [0;39m] [33mo.t.t.s.p.RateLimitService[0;39m                      : total requests 219 in progress 0 queue size 0 
[32m2025-06-05 | 08:55:42.166[0;39m | [34mINFO [0;39m [[36mapp-(scheduled)-rateLimitLogging-0      [0;39m] [33mo.t.t.s.p.RateLimitService[0;39m                      : total requests 219 in progress 0 queue size 0 
[32m2025-06-05 | 08:55:52.164[0;39m | [34mINFO [0;39m [[36mapp-(scheduled)-rateLimitLogging-0      [0;39m] [33mo.t.t.s.p.RateLimitService[0;39m                      : total requests 219 in progress 0 queue size 0 
[32m2025-06-05 | 08:56:01.810[0;39m | [34mINFO [0;39m [[36mapp-(scheduled)-statsCollector-0        [0;39m] [33mo.t.t.s.s.StatsCollector[0;39m                        : Schedule:  Key generalRestClient count 219 duration 11776 avg 53 ms 
[32m2025-06-05 | 08:56:01.810[0;39m | [34mINFO [0;39m [[36mapp-(scheduled)-statsCollector-0        [0;39m] [33mo.t.t.s.s.StatsCollector[0;39m                        : Schedule:  Key loadCustomers count 1 duration 114 avg 114 ms 
[32m2025-06-05 | 08:56:01.811[0;39m | [34mINFO [0;39m [[36mapp-(scheduled)-statsCollector-0        [0;39m] [33mo.t.t.s.s.StatsCollector[0;39m                        : Schedule:  Key loadDevicesByType count 15 duration 537 avg 35 ms 
[32m2025-06-05 | 08:56:01.811[0;39m | [34mINFO [0;39m [[36mapp-(scheduled)-statsCollector-0        [0;39m] [33mo.t.t.s.s.StatsCollector[0;39m                        : Schedule:  Key waitForQuota count 202 duration 3125 avg 15 ms 
[32m2025-06-05 | 08:56:02.175[0;39m | [34mINFO [0;39m [[36mapp-(scheduled)-rateLimitLogging-0      [0;39m] [33mo.t.t.s.p.RateLimitService[0;39m                      : total requests 219 in progress 0 queue size 0 
[32m2025-06-05 | 08:56:12.166[0;39m | [34mINFO [0;39m [[36mapp-(scheduled)-rateLimitLogging-0      [0;39m] [33mo.t.t.s.p.RateLimitService[0;39m                      : total requests 219 in progress 0 queue size 0 
[32m2025-06-05 | 08:56:22.165[0;39m | [34mINFO [0;39m [[36mapp-(scheduled)-rateLimitLogging-0      [0;39m] [33mo.t.t.s.p.RateLimitService[0;39m                      : total requests 219 in progress 0 queue size 0 
[32m2025-06-05 | 08:56:32.171[0;39m | [34mINFO [0;39m [[36mapp-(scheduled)-rateLimitLogging-0      [0;39m] [33mo.t.t.s.p.RateLimitService[0;39m                      : total requests 219 in progress 0 queue size 0 
[32m2025-06-05 | 08:56:42.166[0;39m | [34mINFO [0;39m [[36mapp-(scheduled)-rateLimitLogging-0      [0;39m] [33mo.t.t.s.p.RateLimitService[0;39m                      : total requests 219 in progress 0 queue size 0 
[32m2025-06-05 | 08:56:52.163[0;39m | [34mINFO [0;39m [[36mapp-(scheduled)-rateLimitLogging-0      [0;39m] [33mo.t.t.s.p.RateLimitService[0;39m                      : total requests 219 in progress 0 queue size 0 
[32m2025-06-05 | 08:57:01.819[0;39m | [34mINFO [0;39m [[36mapp-(scheduled)-statsCollector-0        [0;39m] [33mo.t.t.s.s.StatsCollector[0;39m                        : Schedule:  Key generalRestClient count 219 duration 11776 avg 53 ms 
[32m2025-06-05 | 08:57:01.819[0;39m | [34mINFO [0;39m [[36mapp-(scheduled)-statsCollector-0        [0;39m] [33mo.t.t.s.s.StatsCollector[0;39m                        : Schedule:  Key loadCustomers count 1 duration 114 avg 114 ms 
[32m2025-06-05 | 08:57:01.819[0;39m | [34mINFO [0;39m [[36mapp-(scheduled)-statsCollector-0        [0;39m] [33mo.t.t.s.s.StatsCollector[0;39m                        : Schedule:  Key loadDevicesByType count 15 duration 537 avg 35 ms 
[32m2025-06-05 | 08:57:01.819[0;39m | [34mINFO [0;39m [[36mapp-(scheduled)-statsCollector-0        [0;39m] [33mo.t.t.s.s.StatsCollector[0;39m                        : Schedule:  Key waitForQuota count 202 duration 3125 avg 15 ms 
[32m2025-06-05 | 08:57:02.162[0;39m | [34mINFO [0;39m [[36mapp-(scheduled)-rateLimitLogging-0      [0;39m] [33mo.t.t.s.p.RateLimitService[0;39m                      : total requests 219 in progress 0 queue size 0 
[32m2025-06-05 | 08:57:12.168[0;39m | [34mINFO [0;39m [[36mapp-(scheduled)-rateLimitLogging-0      [0;39m] [33mo.t.t.s.p.RateLimitService[0;39m                      : total requests 219 in progress 0 queue size 0 
[32m2025-06-05 | 08:57:22.164[0;39m | [34mINFO [0;39m [[36mapp-(scheduled)-rateLimitLogging-0      [0;39m] [33mo.t.t.s.p.RateLimitService[0;39m                      : total requests 219 in progress 0 queue size 0 
[32m2025-06-05 | 08:57:32.165[0;39m | [34mINFO [0;39m [[36mapp-(scheduled)-rateLimitLogging-0      [0;39m] [33mo.t.t.s.p.RateLimitService[0;39m                      : total requests 219 in progress 0 queue size 0 
[32m2025-06-05 | 08:57:42.171[0;39m | [34mINFO [0;39m [[36mapp-(scheduled)-rateLimitLogging-0      [0;39m] [33mo.t.t.s.p.RateLimitService[0;39m                      : total requests 219 in progress 0 queue size 0 
[32m2025-06-05 | 08:57:52.169[0;39m | [34mINFO [0;39m [[36mapp-(scheduled)-rateLimitLogging-0      [0;39m] [33mo.t.t.s.p.RateLimitService[0;39m                      : total requests 219 in progress 0 queue size 0 
[32m2025-06-05 | 08:58:01.809[0;39m | [34mINFO [0;39m [[36mapp-(scheduled)-statsCollector-0        [0;39m] [33mo.t.t.s.s.StatsCollector[0;39m                        : Schedule:  Key generalRestClient count 219 duration 11776 avg 53 ms 
[32m2025-06-05 | 08:58:01.810[0;39m | [34mINFO [0;39m [[36mapp-(scheduled)-statsCollector-0        [0;39m] [33mo.t.t.s.s.StatsCollector[0;39m                        : Schedule:  Key loadCustomers count 1 duration 114 avg 114 ms 
[32m2025-06-05 | 08:58:01.810[0;39m | [34mINFO [0;39m [[36mapp-(scheduled)-statsCollector-0        [0;39m] [33mo.t.t.s.s.StatsCollector[0;39m                        : Schedule:  Key loadDevicesByType count 15 duration 537 avg 35 ms 
[32m2025-06-05 | 08:58:01.810[0;39m | [34mINFO [0;39m [[36mapp-(scheduled)-statsCollector-0        [0;39m] [33mo.t.t.s.s.StatsCollector[0;39m                        : Schedule:  Key waitForQuota count 202 duration 3125 avg 15 ms 
[32m2025-06-05 | 08:58:02.162[0;39m | [34mINFO [0;39m [[36mapp-(scheduled)-rateLimitLogging-0      [0;39m] [33mo.t.t.s.p.RateLimitService[0;39m                      : total requests 219 in progress 0 queue size 0 
[32m2025-06-05 | 08:58:12.166[0;39m | [34mINFO [0;39m [[36mapp-(scheduled)-rateLimitLogging-0      [0;39m] [33mo.t.t.s.p.RateLimitService[0;39m                      : total requests 219 in progress 0 queue size 0 
[32m2025-06-05 | 08:58:22.170[0;39m | [34mINFO [0;39m [[36mapp-(scheduled)-rateLimitLogging-0      [0;39m] [33mo.t.t.s.p.RateLimitService[0;39m                      : total requests 219 in progress 0 queue size 0 
[32m2025-06-05 | 08:58:32.163[0;39m | [34mINFO [0;39m [[36mapp-(scheduled)-rateLimitLogging-0      [0;39m] [33mo.t.t.s.p.RateLimitService[0;39m                      : total requests 219 in progress 0 queue size 0 
[32m2025-06-05 | 08:58:42.162[0;39m | [34mINFO [0;39m [[36mapp-(scheduled)-rateLimitLogging-0      [0;39m] [33mo.t.t.s.p.RateLimitService[0;39m                      : total requests 219 in progress 0 queue size 0 
[32m2025-06-05 | 08:58:52.163[0;39m | [34mINFO [0;39m [[36mapp-(scheduled)-rateLimitLogging-0      [0;39m] [33mo.t.t.s.p.RateLimitService[0;39m                      : total requests 219 in progress 0 queue size 0 
[32m2025-06-05 | 08:59:01.807[0;39m | [34mINFO [0;39m [[36mapp-(scheduled)-statsCollector-0        [0;39m] [33mo.t.t.s.s.StatsCollector[0;39m                        : Schedule:  Key generalRestClient count 219 duration 11776 avg 53 ms 
[32m2025-06-05 | 08:59:01.808[0;39m | [34mINFO [0;39m [[36mapp-(scheduled)-statsCollector-0        [0;39m] [33mo.t.t.s.s.StatsCollector[0;39m                        : Schedule:  Key loadCustomers count 1 duration 114 avg 114 ms 
[32m2025-06-05 | 08:59:01.808[0;39m | [34mINFO [0;39m [[36mapp-(scheduled)-statsCollector-0        [0;39m] [33mo.t.t.s.s.StatsCollector[0;39m                        : Schedule:  Key loadDevicesByType count 15 duration 537 avg 35 ms 
[32m2025-06-05 | 08:59:01.808[0;39m | [34mINFO [0;39m [[36mapp-(scheduled)-statsCollector-0        [0;39m] [33mo.t.t.s.s.StatsCollector[0;39m                        : Schedule:  Key waitForQuota count 202 duration 3125 avg 15 ms 
[32m2025-06-05 | 08:59:02.167[0;39m | [34mINFO [0;39m [[36mapp-(scheduled)-rateLimitLogging-0      [0;39m] [33mo.t.t.s.p.RateLimitService[0;39m                      : total requests 219 in progress 0 queue size 0 
[32m2025-06-05 | 08:59:12.170[0;39m | [34mINFO [0;39m [[36mapp-(scheduled)-rateLimitLogging-0      [0;39m] [33mo.t.t.s.p.RateLimitService[0;39m                      : total requests 219 in progress 0 queue size 0 
[32m2025-06-05 | 08:59:22.169[0;39m | [34mINFO [0;39m [[36mapp-(scheduled)-rateLimitLogging-0      [0;39m] [33mo.t.t.s.p.RateLimitService[0;39m                      : total requests 219 in progress 0 queue size 0 
[32m2025-06-05 | 08:59:32.167[0;39m | [34mINFO [0;39m [[36mapp-(scheduled)-rateLimitLogging-0      [0;39m] [33mo.t.t.s.p.RateLimitService[0;39m                      : total requests 219 in progress 0 queue size 0 
[32m2025-06-05 | 08:59:42.164[0;39m | [34mINFO [0;39m [[36mapp-(scheduled)-rateLimitLogging-0      [0;39m] [33mo.t.t.s.p.RateLimitService[0;39m                      : total requests 219 in progress 0 queue size 0 
[32m2025-06-05 | 08:59:52.162[0;39m | [34mINFO [0;39m [[36mapp-(scheduled)-rateLimitLogging-0      [0;39m] [33mo.t.t.s.p.RateLimitService[0;39m                      : total requests 219 in progress 0 queue size 0 
[32m2025-06-05 | 09:00:01.809[0;39m | [34mINFO [0;39m [[36mapp-(scheduled)-statsCollector-0        [0;39m] [33mo.t.t.s.s.StatsCollector[0;39m                        : Schedule:  Key generalRestClient count 219 duration 11776 avg 53 ms 
[32m2025-06-05 | 09:00:01.810[0;39m | [34mINFO [0;39m [[36mapp-(scheduled)-statsCollector-0        [0;39m] [33mo.t.t.s.s.StatsCollector[0;39m                        : Schedule:  Key loadCustomers count 1 duration 114 avg 114 ms 
[32m2025-06-05 | 09:00:01.810[0;39m | [34mINFO [0;39m [[36mapp-(scheduled)-statsCollector-0        [0;39m] [33mo.t.t.s.s.StatsCollector[0;39m                        : Schedule:  Key loadDevicesByType count 15 duration 537 avg 35 ms 
[32m2025-06-05 | 09:00:01.810[0;39m | [34mINFO [0;39m [[36mapp-(scheduled)-statsCollector-0        [0;39m] [33mo.t.t.s.s.StatsCollector[0;39m                        : Schedule:  Key waitForQuota count 202 duration 3125 avg 15 ms 
[32m2025-06-05 | 09:00:02.163[0;39m | [34mINFO [0;39m [[36mapp-(scheduled)-rateLimitLogging-0      [0;39m] [33mo.t.t.s.p.RateLimitService[0;39m                      : total requests 219 in progress 0 queue size 0 
[32m2025-06-05 | 09:00:12.164[0;39m | [34mINFO [0;39m [[36mapp-(scheduled)-rateLimitLogging-0      [0;39m] [33mo.t.t.s.p.RateLimitService[0;39m                      : total requests 219 in progress 0 queue size 0 
[32m2025-06-05 | 09:00:22.163[0;39m | [34mINFO [0;39m [[36mapp-(scheduled)-rateLimitLogging-0      [0;39m] [33mo.t.t.s.p.RateLimitService[0;39m                      : total requests 219 in progress 0 queue size 0 
[32m2025-06-05 | 09:00:32.162[0;39m | [34mINFO [0;39m [[36mapp-(scheduled)-rateLimitLogging-0      [0;39m] [33mo.t.t.s.p.RateLimitService[0;39m                      : total requests 219 in progress 0 queue size 0 
[32m2025-06-05 | 09:00:42.177[0;39m | [34mINFO [0;39m [[36mapp-(scheduled)-rateLimitLogging-0      [0;39m] [33mo.t.t.s.p.RateLimitService[0;39m                      : total requests 219 in progress 0 queue size 0 
[32m2025-06-05 | 09:00:52.169[0;39m | [34mINFO [0;39m [[36mapp-(scheduled)-rateLimitLogging-0      [0;39m] [33mo.t.t.s.p.RateLimitService[0;39m                      : total requests 219 in progress 0 queue size 0 
[32m2025-06-05 | 09:01:01.808[0;39m | [34mINFO [0;39m [[36mapp-(scheduled)-statsCollector-0        [0;39m] [33mo.t.t.s.s.StatsCollector[0;39m                        : Schedule:  Key generalRestClient count 219 duration 11776 avg 53 ms 
[32m2025-06-05 | 09:01:01.808[0;39m | [34mINFO [0;39m [[36mapp-(scheduled)-statsCollector-0        [0;39m] [33mo.t.t.s.s.StatsCollector[0;39m                        : Schedule:  Key loadCustomers count 1 duration 114 avg 114 ms 
[32m2025-06-05 | 09:01:01.808[0;39m | [34mINFO [0;39m [[36mapp-(scheduled)-statsCollector-0        [0;39m] [33mo.t.t.s.s.StatsCollector[0;39m                        : Schedule:  Key loadDevicesByType count 15 duration 537 avg 35 ms 
[32m2025-06-05 | 09:01:01.808[0;39m | [34mINFO [0;39m [[36mapp-(scheduled)-statsCollector-0        [0;39m] [33mo.t.t.s.s.StatsCollector[0;39m                        : Schedule:  Key waitForQuota count 202 duration 3125 avg 15 ms 
[32m2025-06-05 | 09:01:02.167[0;39m | [34mINFO [0;39m [[36mapp-(scheduled)-rateLimitLogging-0      [0;39m] [33mo.t.t.s.p.RateLimitService[0;39m                      : total requests 219 in progress 0 queue size 0 
[32m2025-06-05 | 09:01:12.169[0;39m | [34mINFO [0;39m [[36mapp-(scheduled)-rateLimitLogging-0      [0;39m] [33mo.t.t.s.p.RateLimitService[0;39m                      : total requests 219 in progress 0 queue size 0 
[32m2025-06-05 | 09:01:22.164[0;39m | [34mINFO [0;39m [[36mapp-(scheduled)-rateLimitLogging-0      [0;39m] [33mo.t.t.s.p.RateLimitService[0;39m                      : total requests 219 in progress 0 queue size 0 
[32m2025-06-05 | 09:01:32.176[0;39m | [34mINFO [0;39m [[36mapp-(scheduled)-rateLimitLogging-0      [0;39m] [33mo.t.t.s.p.RateLimitService[0;39m                      : total requests 219 in progress 0 queue size 0 
[32m2025-06-05 | 09:01:42.174[0;39m | [34mINFO [0;39m [[36mapp-(scheduled)-rateLimitLogging-0      [0;39m] [33mo.t.t.s.p.RateLimitService[0;39m                      : total requests 219 in progress 0 queue size 0 
[32m2025-06-05 | 09:01:52.176[0;39m | [34mINFO [0;39m [[36mapp-(scheduled)-rateLimitLogging-0      [0;39m] [33mo.t.t.s.p.RateLimitService[0;39m                      : total requests 219 in progress 0 queue size 0 
[32m2025-06-05 | 09:02:01.861[0;39m | [34mINFO [0;39m [[36mapp-(scheduled)-statsCollector-0        [0;39m] [33mo.t.t.s.s.StatsCollector[0;39m                        : Schedule:  Key generalRestClient count 219 duration 11776 avg 53 ms 
[32m2025-06-05 | 09:02:01.861[0;39m | [34mINFO [0;39m [[36mapp-(scheduled)-statsCollector-0        [0;39m] [33mo.t.t.s.s.StatsCollector[0;39m                        : Schedule:  Key loadCustomers count 1 duration 114 avg 114 ms 
[32m2025-06-05 | 09:02:01.861[0;39m | [34mINFO [0;39m [[36mapp-(scheduled)-statsCollector-0        [0;39m] [33mo.t.t.s.s.StatsCollector[0;39m                        : Schedule:  Key loadDevicesByType count 15 duration 537 avg 35 ms 
[32m2025-06-05 | 09:02:01.861[0;39m | [34mINFO [0;39m [[36mapp-(scheduled)-statsCollector-0        [0;39m] [33mo.t.t.s.s.StatsCollector[0;39m                        : Schedule:  Key waitForQuota count 202 duration 3125 avg 15 ms 
[32m2025-06-05 | 09:02:02.161[0;39m | [34mINFO [0;39m [[36mapp-(scheduled)-rateLimitLogging-0      [0;39m] [33mo.t.t.s.p.RateLimitService[0;39m                      : total requests 219 in progress 0 queue size 0 
[32m2025-06-05 | 09:02:11.835[0;39m | [34mINFO [0;39m [[36mapp-(fixed)-uiBuild-0                   [0;39m] [33mo.t.t.s.v.ViewBuildingServiceImpl[0;39m               : Set default root: name = water-meter, manually = false 
[32m2025-06-05 | 09:02:11.836[0;39m | [34mINFO [0;39m [[36mapp-(fixed)-uiBuild-0                   [0;39m] [33mo.t.t.s.v.p.LoadFieldOrderingService[0;39m            : Fields load order [water-meter[UNIQ]] 
[32m2025-06-05 | 09:02:12.127[0;39m | [34mINFO [0;39m [[36mapp-(fixed)-uiBuild-0                   [0;39m] [33mo.t.t.s.v.CachedViewService[0;39m                     : Report saved in cache. 
[32m2025-06-05 | 09:02:12.164[0;39m | [34mINFO [0;39m [[36mapp-(fixed)-uiBuild-0                   [0;39m] [33mo.t.t.s.t.TaskExecutionProgressStepBuilder[0;39m      : Progress step finished: ROOT 
[32m2025-06-05 | 09:02:12.174[0;39m | [34mINFO [0;39m [[36mapp-(scheduled)-rateLimitLogging-0      [0;39m] [33mo.t.t.s.p.RateLimitService[0;39m                      : total requests 220 in progress 0 queue size 0 
[32m2025-06-05 | 09:02:22.161[0;39m | [34mINFO [0;39m [[36mapp-(scheduled)-rateLimitLogging-0      [0;39m] [33mo.t.t.s.p.RateLimitService[0;39m                      : total requests 220 in progress 0 queue size 0 
[32m2025-06-05 | 09:02:32.164[0;39m | [34mINFO [0;39m [[36mapp-(scheduled)-rateLimitLogging-0      [0;39m] [33mo.t.t.s.p.RateLimitService[0;39m                      : total requests 220 in progress 0 queue size 0 
[32m2025-06-05 | 09:02:42.163[0;39m | [34mINFO [0;39m [[36mapp-(scheduled)-rateLimitLogging-0      [0;39m] [33mo.t.t.s.p.RateLimitService[0;39m                      : total requests 220 in progress 0 queue size 0 
[32m2025-06-05 | 09:02:52.168[0;39m | [34mINFO [0;39m [[36mapp-(scheduled)-rateLimitLogging-0      [0;39m] [33mo.t.t.s.p.RateLimitService[0;39m                      : total requests 220 in progress 0 queue size 0 
[32m2025-06-05 | 09:03:02.178[0;39m | [34mINFO [0;39m [[36mapp-(scheduled)-rateLimitLogging-0      [0;39m] [33mo.t.t.s.p.RateLimitService[0;39m                      : total requests 220 in progress 0 queue size 0 
[32m2025-06-05 | 09:03:12.165[0;39m | [34mINFO [0;39m [[36mapp-(scheduled)-rateLimitLogging-0      [0;39m] [33mo.t.t.s.p.RateLimitService[0;39m                      : total requests 220 in progress 0 queue size 0 
[32m2025-06-05 | 09:03:22.172[0;39m | [34mINFO [0;39m [[36mapp-(scheduled)-rateLimitLogging-0      [0;39m] [33mo.t.t.s.p.RateLimitService[0;39m                      : total requests 220 in progress 0 queue size 0 
[32m2025-06-05 | 09:03:32.165[0;39m | [34mINFO [0;39m [[36mapp-(scheduled)-rateLimitLogging-0      [0;39m] [33mo.t.t.s.p.RateLimitService[0;39m                      : total requests 220 in progress 0 queue size 0 
[32m2025-06-05 | 09:03:42.164[0;39m | [34mINFO [0;39m [[36mapp-(scheduled)-rateLimitLogging-0      [0;39m] [33mo.t.t.s.p.RateLimitService[0;39m                      : total requests 220 in progress 0 queue size 0 
[32m2025-06-05 | 09:03:52.176[0;39m | [34mINFO [0;39m [[36mapp-(scheduled)-rateLimitLogging-0      [0;39m] [33mo.t.t.s.p.RateLimitService[0;39m                      : total requests 220 in progress 0 queue size 0 
[32m2025-06-05 | 09:04:02.163[0;39m | [34mINFO [0;39m [[36mapp-(scheduled)-rateLimitLogging-0      [0;39m] [33mo.t.t.s.p.RateLimitService[0;39m                      : total requests 220 in progress 0 queue size 0 
[32m2025-06-05 | 09:04:12.165[0;39m | [34mINFO [0;39m [[36mapp-(scheduled)-rateLimitLogging-0      [0;39m] [33mo.t.t.s.p.RateLimitService[0;39m                      : total requests 220 in progress 0 queue size 0 
[32m2025-06-05 | 09:04:22.171[0;39m | [34mINFO [0;39m [[36mapp-(scheduled)-rateLimitLogging-0      [0;39m] [33mo.t.t.s.p.RateLimitService[0;39m                      : total requests 220 in progress 0 queue size 0 
[32m2025-06-05 | 09:04:32.161[0;39m | [34mINFO [0;39m [[36mapp-(scheduled)-rateLimitLogging-0      [0;39m] [33mo.t.t.s.p.RateLimitService[0;39m                      : total requests 220 in progress 0 queue size 0 
[32m2025-06-05 | 09:04:42.168[0;39m | [34mINFO [0;39m [[36mapp-(scheduled)-rateLimitLogging-0      [0;39m] [33mo.t.t.s.p.RateLimitService[0;39m                      : total requests 221 in progress 0 queue size 0 
[32m2025-06-05 | 09:04:52.168[0;39m | [34mINFO [0;39m [[36mapp-(scheduled)-rateLimitLogging-0      [0;39m] [33mo.t.t.s.p.RateLimitService[0;39m                      : total requests 222 in progress 0 queue size 0 
[32m2025-06-05 | 09:05:01.815[0;39m | [34mINFO [0;39m [[36mapp-(scheduled)-statsCollector-0        [0;39m] [33mo.t.t.s.s.StatsCollector[0;39m                        : Schedule:  Key generalRestClient count 2 duration 220 avg 110 ms 
[32m2025-06-05 | 09:05:01.815[0;39m | [34mINFO [0;39m [[36mapp-(scheduled)-statsCollector-0        [0;39m] [33mo.t.t.s.s.StatsCollector[0;39m                        : Schedule:  Key waitForQuota count 2 duration 1 avg 0 ms 
[32m2025-06-05 | 09:05:02.173[0;39m | [34mINFO [0;39m [[36mapp-(scheduled)-rateLimitLogging-0      [0;39m] [33mo.t.t.s.p.RateLimitService[0;39m                      : total requests 222 in progress 0 queue size 0 
[32m2025-06-05 | 09:05:12.163[0;39m | [34mINFO [0;39m [[36mapp-(scheduled)-rateLimitLogging-0      [0;39m] [33mo.t.t.s.p.RateLimitService[0;39m                      : total requests 222 in progress 0 queue size 0 
[32m2025-06-05 | 09:05:22.164[0;39m | [34mINFO [0;39m [[36mapp-(scheduled)-rateLimitLogging-0      [0;39m] [33mo.t.t.s.p.RateLimitService[0;39m                      : total requests 222 in progress 0 queue size 0 
[32m2025-06-05 | 09:05:32.173[0;39m | [34mINFO [0;39m [[36mapp-(scheduled)-rateLimitLogging-0      [0;39m] [33mo.t.t.s.p.RateLimitService[0;39m                      : total requests 222 in progress 0 queue size 0 
[32m2025-06-05 | 09:05:42.171[0;39m | [34mINFO [0;39m [[36mapp-(scheduled)-rateLimitLogging-0      [0;39m] [33mo.t.t.s.p.RateLimitService[0;39m                      : total requests 222 in progress 0 queue size 0 
[32m2025-06-05 | 09:05:52.207[0;39m | [34mINFO [0;39m [[36mapp-(scheduled)-rateLimitLogging-0      [0;39m] [33mo.t.t.s.p.RateLimitService[0;39m                      : total requests 222 in progress 0 queue size 0 
[32m2025-06-05 | 09:06:01.806[0;39m | [34mINFO [0;39m [[36mapp-(scheduled)-statsCollector-0        [0;39m] [33mo.t.t.s.s.StatsCollector[0;39m                        : Schedule:  Key generalRestClient count 2 duration 220 avg 110 ms 
[32m2025-06-05 | 09:06:01.806[0;39m | [34mINFO [0;39m [[36mapp-(scheduled)-statsCollector-0        [0;39m] [33mo.t.t.s.s.StatsCollector[0;39m                        : Schedule:  Key waitForQuota count 2 duration 1 avg 0 ms 
[32m2025-06-05 | 09:06:02.164[0;39m | [34mINFO [0;39m [[36mapp-(scheduled)-rateLimitLogging-0      [0;39m] [33mo.t.t.s.p.RateLimitService[0;39m                      : total requests 222 in progress 0 queue size 0 
[32m2025-06-05 | 09:06:12.163[0;39m | [34mINFO [0;39m [[36mapp-(scheduled)-rateLimitLogging-0      [0;39m] [33mo.t.t.s.p.RateLimitService[0;39m                      : total requests 222 in progress 0 queue size 0 
[32m2025-06-05 | 09:06:22.164[0;39m | [34mINFO [0;39m [[36mapp-(scheduled)-rateLimitLogging-0      [0;39m] [33mo.t.t.s.p.RateLimitService[0;39m                      : total requests 222 in progress 0 queue size 0 
[32m2025-06-05 | 09:06:32.166[0;39m | [34mINFO [0;39m [[36mapp-(scheduled)-rateLimitLogging-0      [0;39m] [33mo.t.t.s.p.RateLimitService[0;39m                      : total requests 222 in progress 0 queue size 0 
[32m2025-06-05 | 09:06:42.176[0;39m | [34mINFO [0;39m [[36mapp-(scheduled)-rateLimitLogging-0      [0;39m] [33mo.t.t.s.p.RateLimitService[0;39m                      : total requests 222 in progress 0 queue size 0 
[32m2025-06-05 | 09:06:52.187[0;39m | [34mINFO [0;39m [[36mapp-(scheduled)-rateLimitLogging-0      [0;39m] [33mo.t.t.s.p.RateLimitService[0;39m                      : total requests 222 in progress 0 queue size 0 
[32m2025-06-05 | 09:07:01.813[0;39m | [34mINFO [0;39m [[36mapp-(scheduled)-statsCollector-0        [0;39m] [33mo.t.t.s.s.StatsCollector[0;39m                        : Schedule:  Key generalRestClient count 2 duration 220 avg 110 ms 
[32m2025-06-05 | 09:07:01.813[0;39m | [34mINFO [0;39m [[36mapp-(scheduled)-statsCollector-0        [0;39m] [33mo.t.t.s.s.StatsCollector[0;39m                        : Schedule:  Key waitForQuota count 2 duration 1 avg 0 ms 
[32m2025-06-05 | 09:07:02.174[0;39m | [34mINFO [0;39m [[36mapp-(scheduled)-rateLimitLogging-0      [0;39m] [33mo.t.t.s.p.RateLimitService[0;39m                      : total requests 222 in progress 0 queue size 0 
[32m2025-06-05 | 09:07:12.169[0;39m | [34mINFO [0;39m [[36mapp-(scheduled)-rateLimitLogging-0      [0;39m] [33mo.t.t.s.p.RateLimitService[0;39m                      : total requests 222 in progress 0 queue size 0 
[32m2025-06-05 | 09:07:22.165[0;39m | [34mINFO [0;39m [[36mapp-(scheduled)-rateLimitLogging-0      [0;39m] [33mo.t.t.s.p.RateLimitService[0;39m                      : total requests 222 in progress 0 queue size 0 
[32m2025-06-05 | 09:07:32.162[0;39m | [34mINFO [0;39m [[36mapp-(scheduled)-rateLimitLogging-0      [0;39m] [33mo.t.t.s.p.RateLimitService[0;39m                      : total requests 222 in progress 0 queue size 0 
[32m2025-06-05 | 09:07:42.164[0;39m | [34mINFO [0;39m [[36mapp-(scheduled)-rateLimitLogging-0      [0;39m] [33mo.t.t.s.p.RateLimitService[0;39m                      : total requests 222 in progress 0 queue size 0 
[32m2025-06-05 | 09:07:52.163[0;39m | [34mINFO [0;39m [[36mapp-(scheduled)-rateLimitLogging-0      [0;39m] [33mo.t.t.s.p.RateLimitService[0;39m                      : total requests 222 in progress 0 queue size 0 
[32m2025-06-05 | 09:08:01.811[0;39m | [34mINFO [0;39m [[36mapp-(scheduled)-statsCollector-0        [0;39m] [33mo.t.t.s.s.StatsCollector[0;39m                        : Schedule:  Key generalRestClient count 2 duration 220 avg 110 ms 
[32m2025-06-05 | 09:08:01.811[0;39m | [34mINFO [0;39m [[36mapp-(scheduled)-statsCollector-0        [0;39m] [33mo.t.t.s.s.StatsCollector[0;39m                        : Schedule:  Key waitForQuota count 2 duration 1 avg 0 ms 
[32m2025-06-05 | 09:08:02.174[0;39m | [34mINFO [0;39m [[36mapp-(scheduled)-rateLimitLogging-0      [0;39m] [33mo.t.t.s.p.RateLimitService[0;39m                      : total requests 222 in progress 0 queue size 0 
[32m2025-06-05 | 09:08:12.164[0;39m | [34mINFO [0;39m [[36mapp-(scheduled)-rateLimitLogging-0      [0;39m] [33mo.t.t.s.p.RateLimitService[0;39m                      : total requests 222 in progress 0 queue size 0 
[32m2025-06-05 | 09:08:22.164[0;39m | [34mINFO [0;39m [[36mapp-(scheduled)-rateLimitLogging-0      [0;39m] [33mo.t.t.s.p.RateLimitService[0;39m                      : total requests 222 in progress 0 queue size 0 
[32m2025-06-05 | 09:08:32.172[0;39m | [34mINFO [0;39m [[36mapp-(scheduled)-rateLimitLogging-0      [0;39m] [33mo.t.t.s.p.RateLimitService[0;39m                      : total requests 222 in progress 0 queue size 0 
[32m2025-06-05 | 09:08:42.164[0;39m | [34mINFO [0;39m [[36mapp-(scheduled)-rateLimitLogging-0      [0;39m] [33mo.t.t.s.p.RateLimitService[0;39m                      : total requests 222 in progress 0 queue size 0 
[32m2025-06-05 | 09:08:52.173[0;39m | [34mINFO [0;39m [[36mapp-(scheduled)-rateLimitLogging-0      [0;39m] [33mo.t.t.s.p.RateLimitService[0;39m                      : total requests 222 in progress 0 queue size 0 
[32m2025-06-05 | 09:09:01.815[0;39m | [34mINFO [0;39m [[36mapp-(scheduled)-statsCollector-0        [0;39m] [33mo.t.t.s.s.StatsCollector[0;39m                        : Schedule:  Key generalRestClient count 2 duration 220 avg 110 ms 
[32m2025-06-05 | 09:09:01.815[0;39m | [34mINFO [0;39m [[36mapp-(scheduled)-statsCollector-0        [0;39m] [33mo.t.t.s.s.StatsCollector[0;39m                        : Schedule:  Key waitForQuota count 2 duration 1 avg 0 ms 
[32m2025-06-05 | 09:09:02.173[0;39m | [34mINFO [0;39m [[36mapp-(scheduled)-rateLimitLogging-0      [0;39m] [33mo.t.t.s.p.RateLimitService[0;39m                      : total requests 222 in progress 0 queue size 0 
[32m2025-06-05 | 09:09:12.166[0;39m | [34mINFO [0;39m [[36mapp-(scheduled)-rateLimitLogging-0      [0;39m] [33mo.t.t.s.p.RateLimitService[0;39m                      : total requests 222 in progress 0 queue size 0 
[32m2025-06-05 | 09:09:22.168[0;39m | [34mINFO [0;39m [[36mapp-(scheduled)-rateLimitLogging-0      [0;39m] [33mo.t.t.s.p.RateLimitService[0;39m                      : total requests 222 in progress 0 queue size 0 
[32m2025-06-05 | 09:09:32.162[0;39m | [34mINFO [0;39m [[36mapp-(scheduled)-rateLimitLogging-0      [0;39m] [33mo.t.t.s.p.RateLimitService[0;39m                      : total requests 222 in progress 0 queue size 0 
[32m2025-06-05 | 09:09:42.176[0;39m | [34mINFO [0;39m [[36mapp-(scheduled)-rateLimitLogging-0      [0;39m] [33mo.t.t.s.p.RateLimitService[0;39m                      : total requests 222 in progress 0 queue size 0 
[32m2025-06-05 | 09:09:52.165[0;39m | [34mINFO [0;39m [[36mapp-(scheduled)-rateLimitLogging-0      [0;39m] [33mo.t.t.s.p.RateLimitService[0;39m                      : total requests 222 in progress 0 queue size 0 
[32m2025-06-05 | 09:10:01.822[0;39m | [34mINFO [0;39m [[36mapp-(scheduled)-statsCollector-0        [0;39m] [33mo.t.t.s.s.StatsCollector[0;39m                        : Schedule:  Key generalRestClient count 2 duration 220 avg 110 ms 
[32m2025-06-05 | 09:10:01.822[0;39m | [34mINFO [0;39m [[36mapp-(scheduled)-statsCollector-0        [0;39m] [33mo.t.t.s.s.StatsCollector[0;39m                        : Schedule:  Key waitForQuota count 2 duration 1 avg 0 ms 
[32m2025-06-05 | 09:10:02.169[0;39m | [34mINFO [0;39m [[36mapp-(scheduled)-rateLimitLogging-0      [0;39m] [33mo.t.t.s.p.RateLimitService[0;39m                      : total requests 222 in progress 0 queue size 0 
[32m2025-06-05 | 09:10:12.164[0;39m | [34mINFO [0;39m [[36mapp-(scheduled)-rateLimitLogging-0      [0;39m] [33mo.t.t.s.p.RateLimitService[0;39m                      : total requests 222 in progress 0 queue size 0 
[32m2025-06-05 | 09:10:22.167[0;39m | [34mINFO [0;39m [[36mapp-(scheduled)-rateLimitLogging-0      [0;39m] [33mo.t.t.s.p.RateLimitService[0;39m                      : total requests 222 in progress 0 queue size 0 
[32m2025-06-05 | 09:10:32.175[0;39m | [34mINFO [0;39m [[36mapp-(scheduled)-rateLimitLogging-0      [0;39m] [33mo.t.t.s.p.RateLimitService[0;39m                      : total requests 222 in progress 0 queue size 0 
[32m2025-06-05 | 09:10:42.166[0;39m | [34mINFO [0;39m [[36mapp-(scheduled)-rateLimitLogging-0      [0;39m] [33mo.t.t.s.p.RateLimitService[0;39m                      : total requests 222 in progress 0 queue size 0 
[32m2025-06-05 | 09:10:52.165[0;39m | [34mINFO [0;39m [[36mapp-(scheduled)-rateLimitLogging-0      [0;39m] [33mo.t.t.s.p.RateLimitService[0;39m                      : total requests 222 in progress 0 queue size 0 
[32m2025-06-05 | 09:11:01.818[0;39m | [34mINFO [0;39m [[36mapp-(scheduled)-statsCollector-0        [0;39m] [33mo.t.t.s.s.StatsCollector[0;39m                        : Schedule:  Key generalRestClient count 2 duration 220 avg 110 ms 
[32m2025-06-05 | 09:11:01.818[0;39m | [34mINFO [0;39m [[36mapp-(scheduled)-statsCollector-0        [0;39m] [33mo.t.t.s.s.StatsCollector[0;39m                        : Schedule:  Key waitForQuota count 2 duration 1 avg 0 ms 
[32m2025-06-05 | 09:11:02.165[0;39m | [34mINFO [0;39m [[36mapp-(scheduled)-rateLimitLogging-0      [0;39m] [33mo.t.t.s.p.RateLimitService[0;39m                      : total requests 222 in progress 0 queue size 0 
[32m2025-06-05 | 09:11:12.167[0;39m | [34mINFO [0;39m [[36mapp-(scheduled)-rateLimitLogging-0      [0;39m] [33mo.t.t.s.p.RateLimitService[0;39m                      : total requests 222 in progress 0 queue size 0 
[32m2025-06-05 | 09:11:22.172[0;39m | [34mINFO [0;39m [[36mapp-(scheduled)-rateLimitLogging-0      [0;39m] [33mo.t.t.s.p.RateLimitService[0;39m                      : total requests 222 in progress 0 queue size 0 
[32m2025-06-05 | 09:11:32.162[0;39m | [34mINFO [0;39m [[36mapp-(scheduled)-rateLimitLogging-0      [0;39m] [33mo.t.t.s.p.RateLimitService[0;39m                      : total requests 222 in progress 0 queue size 0 
[32m2025-06-05 | 09:11:32.272[0;39m | [34mINFO [0;39m [[36mMessageBroker-3                         [0;39m] [33mo.s.w.s.c.WebSocketMessageBrokerStats[0;39m           : WebSocketSession[0 current WS(0)-HttpStream(0)-HttpPoll(0), 0 total, 0 closed abnormally (0 connect failure, 0 send limit, 0 transport error)], stompSubProtocol[processed CONNECT(0)-CONNECTED(0)-DISCONNECT(0)], stompBrokerRelay[null], inboundChannel[pool size = 0, active threads = 0, queued tasks = 0, completed tasks = 0], outboundChannel[pool size = 0, active threads = 0, queued tasks = 0, completed tasks = 0], sockJsScheduler[pool size = 4, active threads = 1, queued tasks = 1, completed tasks = 2] 
[32m2025-06-05 | 09:11:42.166[0;39m | [34mINFO [0;39m [[36mapp-(scheduled)-rateLimitLogging-0      [0;39m] [33mo.t.t.s.p.RateLimitService[0;39m                      : total requests 222 in progress 0 queue size 0 
[32m2025-06-05 | 09:11:52.162[0;39m | [34mINFO [0;39m [[36mapp-(scheduled)-rateLimitLogging-0      [0;39m] [33mo.t.t.s.p.RateLimitService[0;39m                      : total requests 222 in progress 0 queue size 0 
[32m2025-06-05 | 09:12:01.809[0;39m | [34mINFO [0;39m [[36mapp-(scheduled)-statsCollector-0        [0;39m] [33mo.t.t.s.s.StatsCollector[0;39m                        : Schedule:  Key generalRestClient count 2 duration 220 avg 110 ms 
[32m2025-06-05 | 09:12:01.809[0;39m | [34mINFO [0;39m [[36mapp-(scheduled)-statsCollector-0        [0;39m] [33mo.t.t.s.s.StatsCollector[0;39m                        : Schedule:  Key waitForQuota count 2 duration 1 avg 0 ms 
[32m2025-06-05 | 09:12:02.170[0;39m | [34mINFO [0;39m [[36mapp-(scheduled)-rateLimitLogging-0      [0;39m] [33mo.t.t.s.p.RateLimitService[0;39m                      : total requests 222 in progress 0 queue size 0 
[32m2025-06-05 | 09:12:12.161[0;39m | [34mINFO [0;39m [[36mapp-(scheduled)-rateLimitLogging-0      [0;39m] [33mo.t.t.s.p.RateLimitService[0;39m                      : total requests 222 in progress 0 queue size 0 
[32m2025-06-05 | 09:12:22.161[0;39m | [34mINFO [0;39m [[36mapp-(scheduled)-rateLimitLogging-0      [0;39m] [33mo.t.t.s.p.RateLimitService[0;39m                      : total requests 222 in progress 0 queue size 0 
[32m2025-06-05 | 09:12:32.167[0;39m | [34mINFO [0;39m [[36mapp-(scheduled)-rateLimitLogging-0      [0;39m] [33mo.t.t.s.p.RateLimitService[0;39m                      : total requests 222 in progress 0 queue size 0 
[32m2025-06-05 | 09:12:42.163[0;39m | [34mINFO [0;39m [[36mapp-(scheduled)-rateLimitLogging-0      [0;39m] [33mo.t.t.s.p.RateLimitService[0;39m                      : total requests 222 in progress 0 queue size 0 
[32m2025-06-05 | 09:12:52.166[0;39m | [34mINFO [0;39m [[36mapp-(scheduled)-rateLimitLogging-0      [0;39m] [33mo.t.t.s.p.RateLimitService[0;39m                      : total requests 222 in progress 0 queue size 0 
[32m2025-06-05 | 09:13:01.820[0;39m | [34mINFO [0;39m [[36mapp-(scheduled)-statsCollector-0        [0;39m] [33mo.t.t.s.s.StatsCollector[0;39m                        : Schedule:  Key generalRestClient count 2 duration 220 avg 110 ms 
[32m2025-06-05 | 09:13:01.820[0;39m | [34mINFO [0;39m [[36mapp-(scheduled)-statsCollector-0        [0;39m] [33mo.t.t.s.s.StatsCollector[0;39m                        : Schedule:  Key waitForQuota count 2 duration 1 avg 0 ms 
[32m2025-06-05 | 09:13:02.168[0;39m | [34mINFO [0;39m [[36mapp-(scheduled)-rateLimitLogging-0      [0;39m] [33mo.t.t.s.p.RateLimitService[0;39m                      : total requests 222 in progress 0 queue size 0 
[32m2025-06-05 | 09:13:12.170[0;39m | [34mINFO [0;39m [[36mapp-(scheduled)-rateLimitLogging-0      [0;39m] [33mo.t.t.s.p.RateLimitService[0;39m                      : total requests 222 in progress 0 queue size 0 
[32m2025-06-05 | 09:13:22.181[0;39m | [34mINFO [0;39m [[36mapp-(scheduled)-rateLimitLogging-0      [0;39m] [33mo.t.t.s.p.RateLimitService[0;39m                      : total requests 222 in progress 0 queue size 0 
[32m2025-06-05 | 09:13:32.169[0;39m | [34mINFO [0;39m [[36mapp-(scheduled)-rateLimitLogging-0      [0;39m] [33mo.t.t.s.p.RateLimitService[0;39m                      : total requests 222 in progress 0 queue size 0 
[32m2025-06-05 | 09:13:42.165[0;39m | [34mINFO [0;39m [[36mapp-(scheduled)-rateLimitLogging-0      [0;39m] [33mo.t.t.s.p.RateLimitService[0;39m                      : total requests 222 in progress 0 queue size 0 
[32m2025-06-05 | 09:13:52.163[0;39m | [34mINFO [0;39m [[36mapp-(scheduled)-rateLimitLogging-0      [0;39m] [33mo.t.t.s.p.RateLimitService[0;39m                      : total requests 222 in progress 0 queue size 0 
[32m2025-06-05 | 09:14:01.821[0;39m | [34mINFO [0;39m [[36mapp-(scheduled)-statsCollector-0        [0;39m] [33mo.t.t.s.s.StatsCollector[0;39m                        : Schedule:  Key generalRestClient count 2 duration 220 avg 110 ms 
[32m2025-06-05 | 09:14:01.821[0;39m | [34mINFO [0;39m [[36mapp-(scheduled)-statsCollector-0        [0;39m] [33mo.t.t.s.s.StatsCollector[0;39m                        : Schedule:  Key waitForQuota count 2 duration 1 avg 0 ms 
[32m2025-06-05 | 09:14:02.168[0;39m | [34mINFO [0;39m [[36mapp-(scheduled)-rateLimitLogging-0      [0;39m] [33mo.t.t.s.p.RateLimitService[0;39m                      : total requests 222 in progress 0 queue size 0 
[32m2025-06-05 | 09:14:12.172[0;39m | [34mINFO [0;39m [[36mapp-(scheduled)-rateLimitLogging-0      [0;39m] [33mo.t.t.s.p.RateLimitService[0;39m                      : total requests 222 in progress 0 queue size 0 
[32m2025-06-05 | 09:14:22.176[0;39m | [34mINFO [0;39m [[36mapp-(scheduled)-rateLimitLogging-0      [0;39m] [33mo.t.t.s.p.RateLimitService[0;39m                      : total requests 222 in progress 0 queue size 0 
[32m2025-06-05 | 09:14:32.173[0;39m | [34mINFO [0;39m [[36mapp-(scheduled)-rateLimitLogging-0      [0;39m] [33mo.t.t.s.p.RateLimitService[0;39m                      : total requests 222 in progress 0 queue size 0 
[32m2025-06-05 | 09:14:42.168[0;39m | [34mINFO [0;39m [[36mapp-(scheduled)-rateLimitLogging-0      [0;39m] [33mo.t.t.s.p.RateLimitService[0;39m                      : total requests 222 in progress 0 queue size 0 
[32m2025-06-05 | 09:14:52.175[0;39m | [34mINFO [0;39m [[36mapp-(scheduled)-rateLimitLogging-0      [0;39m] [33mo.t.t.s.p.RateLimitService[0;39m                      : total requests 222 in progress 0 queue size 0 
[32m2025-06-05 | 09:15:01.811[0;39m | [34mINFO [0;39m [[36mapp-(scheduled)-statsCollector-0        [0;39m] [33mo.t.t.s.s.StatsCollector[0;39m                        : Schedule:  Key generalRestClient count 2 duration 220 avg 110 ms 
[32m2025-06-05 | 09:15:01.811[0;39m | [34mINFO [0;39m [[36mapp-(scheduled)-statsCollector-0        [0;39m] [33mo.t.t.s.s.StatsCollector[0;39m                        : Schedule:  Key waitForQuota count 2 duration 1 avg 0 ms 
[32m2025-06-05 | 09:15:02.163[0;39m | [34mINFO [0;39m [[36mapp-(scheduled)-rateLimitLogging-0      [0;39m] [33mo.t.t.s.p.RateLimitService[0;39m                      : total requests 222 in progress 0 queue size 0 
[32m2025-06-05 | 09:15:12.167[0;39m | [34mINFO [0;39m [[36mapp-(scheduled)-rateLimitLogging-0      [0;39m] [33mo.t.t.s.p.RateLimitService[0;39m                      : total requests 228 in progress 0 queue size 0 
[32m2025-06-05 | 09:15:22.173[0;39m | [34mINFO [0;39m [[36mapp-(scheduled)-rateLimitLogging-0      [0;39m] [33mo.t.t.s.p.RateLimitService[0;39m                      : total requests 228 in progress 0 queue size 0 
[32m2025-06-05 | 09:15:32.161[0;39m | [34mINFO [0;39m [[36mapp-(scheduled)-rateLimitLogging-0      [0;39m] [33mo.t.t.s.p.RateLimitService[0;39m                      : total requests 228 in progress 0 queue size 0 
[32m2025-06-05 | 09:15:42.172[0;39m | [34mINFO [0;39m [[36mapp-(scheduled)-rateLimitLogging-0      [0;39m] [33mo.t.t.s.p.RateLimitService[0;39m                      : total requests 228 in progress 0 queue size 0 
[32m2025-06-05 | 09:15:52.161[0;39m | [34mINFO [0;39m [[36mapp-(scheduled)-rateLimitLogging-0      [0;39m] [33mo.t.t.s.p.RateLimitService[0;39m                      : total requests 228 in progress 0 queue size 0 
[32m2025-06-05 | 09:16:01.821[0;39m | [34mINFO [0;39m [[36mapp-(scheduled)-statsCollector-0        [0;39m] [33mo.t.t.s.s.StatsCollector[0;39m                        : Schedule:  Key generalRestClient count 8 duration 737 avg 92 ms 
[32m2025-06-05 | 09:16:01.821[0;39m | [34mINFO [0;39m [[36mapp-(scheduled)-statsCollector-0        [0;39m] [33mo.t.t.s.s.StatsCollector[0;39m                        : Schedule:  Key waitForQuota count 8 duration 2 avg 0 ms 
[32m2025-06-05 | 09:16:02.168[0;39m | [34mINFO [0;39m [[36mapp-(scheduled)-rateLimitLogging-0      [0;39m] [33mo.t.t.s.p.RateLimitService[0;39m                      : total requests 228 in progress 0 queue size 0 
[32m2025-06-05 | 09:16:12.163[0;39m | [34mINFO [0;39m [[36mapp-(scheduled)-rateLimitLogging-0      [0;39m] [33mo.t.t.s.p.RateLimitService[0;39m                      : total requests 228 in progress 0 queue size 0 
[32m2025-06-05 | 09:16:22.169[0;39m | [34mINFO [0;39m [[36mapp-(scheduled)-rateLimitLogging-0      [0;39m] [33mo.t.t.s.p.RateLimitService[0;39m                      : total requests 228 in progress 0 queue size 0 
[32m2025-06-05 | 09:16:32.163[0;39m | [34mINFO [0;39m [[36mapp-(scheduled)-rateLimitLogging-0      [0;39m] [33mo.t.t.s.p.RateLimitService[0;39m                      : total requests 228 in progress 0 queue size 0 
[32m2025-06-05 | 09:16:42.169[0;39m | [34mINFO [0;39m [[36mapp-(scheduled)-rateLimitLogging-0      [0;39m] [33mo.t.t.s.p.RateLimitService[0;39m                      : total requests 228 in progress 0 queue size 0 
[32m2025-06-05 | 09:16:52.168[0;39m | [34mINFO [0;39m [[36mapp-(scheduled)-rateLimitLogging-0      [0;39m] [33mo.t.t.s.p.RateLimitService[0;39m                      : total requests 228 in progress 0 queue size 0 
[32m2025-06-05 | 09:17:01.809[0;39m | [34mINFO [0;39m [[36mapp-(scheduled)-statsCollector-0        [0;39m] [33mo.t.t.s.s.StatsCollector[0;39m                        : Schedule:  Key generalRestClient count 8 duration 737 avg 92 ms 
[32m2025-06-05 | 09:17:01.809[0;39m | [34mINFO [0;39m [[36mapp-(scheduled)-statsCollector-0        [0;39m] [33mo.t.t.s.s.StatsCollector[0;39m                        : Schedule:  Key waitForQuota count 8 duration 2 avg 0 ms 
[32m2025-06-05 | 09:17:02.166[0;39m | [34mINFO [0;39m [[36mapp-(scheduled)-rateLimitLogging-0      [0;39m] [33mo.t.t.s.p.RateLimitService[0;39m                      : total requests 228 in progress 0 queue size 0 
[32m2025-06-05 | 09:17:12.175[0;39m | [34mINFO [0;39m [[36mapp-(scheduled)-rateLimitLogging-0      [0;39m] [33mo.t.t.s.p.RateLimitService[0;39m                      : total requests 228 in progress 0 queue size 0 
[32m2025-06-05 | 09:17:22.167[0;39m | [34mINFO [0;39m [[36mapp-(scheduled)-rateLimitLogging-0      [0;39m] [33mo.t.t.s.p.RateLimitService[0;39m                      : total requests 228 in progress 0 queue size 0 
[32m2025-06-05 | 09:17:32.164[0;39m | [34mINFO [0;39m [[36mapp-(scheduled)-rateLimitLogging-0      [0;39m] [33mo.t.t.s.p.RateLimitService[0;39m                      : total requests 228 in progress 0 queue size 0 
[32m2025-06-05 | 09:17:42.163[0;39m | [34mINFO [0;39m [[36mapp-(scheduled)-rateLimitLogging-0      [0;39m] [33mo.t.t.s.p.RateLimitService[0;39m                      : total requests 228 in progress 0 queue size 0 
[32m2025-06-05 | 09:17:52.161[0;39m | [34mINFO [0;39m [[36mapp-(scheduled)-rateLimitLogging-0      [0;39m] [33mo.t.t.s.p.RateLimitService[0;39m                      : total requests 228 in progress 0 queue size 0 
[32m2025-06-05 | 09:18:01.808[0;39m | [34mINFO [0;39m [[36mapp-(scheduled)-statsCollector-0        [0;39m] [33mo.t.t.s.s.StatsCollector[0;39m                        : Schedule:  Key generalRestClient count 8 duration 737 avg 92 ms 
[32m2025-06-05 | 09:18:01.808[0;39m | [34mINFO [0;39m [[36mapp-(scheduled)-statsCollector-0        [0;39m] [33mo.t.t.s.s.StatsCollector[0;39m                        : Schedule:  Key waitForQuota count 8 duration 2 avg 0 ms 
[32m2025-06-05 | 09:18:02.161[0;39m | [34mINFO [0;39m [[36mapp-(scheduled)-rateLimitLogging-0      [0;39m] [33mo.t.t.s.p.RateLimitService[0;39m                      : total requests 228 in progress 0 queue size 0 
[32m2025-06-05 | 09:18:12.176[0;39m | [34mINFO [0;39m [[36mapp-(scheduled)-rateLimitLogging-0      [0;39m] [33mo.t.t.s.p.RateLimitService[0;39m                      : total requests 228 in progress 0 queue size 0 
[32m2025-06-05 | 09:18:22.176[0;39m | [34mINFO [0;39m [[36mapp-(scheduled)-rateLimitLogging-0      [0;39m] [33mo.t.t.s.p.RateLimitService[0;39m                      : total requests 228 in progress 0 queue size 0 
[32m2025-06-05 | 09:18:32.170[0;39m | [34mINFO [0;39m [[36mapp-(scheduled)-rateLimitLogging-0      [0;39m] [33mo.t.t.s.p.RateLimitService[0;39m                      : total requests 228 in progress 0 queue size 0 
[32m2025-06-05 | 09:18:42.173[0;39m | [34mINFO [0;39m [[36mapp-(scheduled)-rateLimitLogging-0      [0;39m] [33mo.t.t.s.p.RateLimitService[0;39m                      : total requests 228 in progress 0 queue size 0 
[32m2025-06-05 | 09:18:52.175[0;39m | [34mINFO [0;39m [[36mapp-(scheduled)-rateLimitLogging-0      [0;39m] [33mo.t.t.s.p.RateLimitService[0;39m                      : total requests 228 in progress 0 queue size 0 
[32m2025-06-05 | 09:19:01.817[0;39m | [34mINFO [0;39m [[36mapp-(scheduled)-statsCollector-0        [0;39m] [33mo.t.t.s.s.StatsCollector[0;39m                        : Schedule:  Key generalRestClient count 8 duration 737 avg 92 ms 
[32m2025-06-05 | 09:19:01.817[0;39m | [34mINFO [0;39m [[36mapp-(scheduled)-statsCollector-0        [0;39m] [33mo.t.t.s.s.StatsCollector[0;39m                        : Schedule:  Key waitForQuota count 8 duration 2 avg 0 ms 
[32m2025-06-05 | 09:19:02.163[0;39m | [34mINFO [0;39m [[36mapp-(scheduled)-rateLimitLogging-0      [0;39m] [33mo.t.t.s.p.RateLimitService[0;39m                      : total requests 228 in progress 0 queue size 0 
[32m2025-06-05 | 09:19:12.175[0;39m | [34mINFO [0;39m [[36mapp-(scheduled)-rateLimitLogging-0      [0;39m] [33mo.t.t.s.p.RateLimitService[0;39m                      : total requests 228 in progress 0 queue size 0 
[32m2025-06-05 | 09:19:22.163[0;39m | [34mINFO [0;39m [[36mapp-(scheduled)-rateLimitLogging-0      [0;39m] [33mo.t.t.s.p.RateLimitService[0;39m                      : total requests 228 in progress 0 queue size 0 
[32m2025-06-05 | 09:19:32.164[0;39m | [34mINFO [0;39m [[36mapp-(scheduled)-rateLimitLogging-0      [0;39m] [33mo.t.t.s.p.RateLimitService[0;39m                      : total requests 228 in progress 0 queue size 0 
[32m2025-06-05 | 09:19:42.162[0;39m | [34mINFO [0;39m [[36mapp-(scheduled)-rateLimitLogging-0      [0;39m] [33mo.t.t.s.p.RateLimitService[0;39m                      : total requests 228 in progress 0 queue size 0 
[32m2025-06-05 | 09:19:52.165[0;39m | [34mINFO [0;39m [[36mapp-(scheduled)-rateLimitLogging-0      [0;39m] [33mo.t.t.s.p.RateLimitService[0;39m                      : total requests 228 in progress 0 queue size 0 
[32m2025-06-05 | 09:20:01.811[0;39m | [34mINFO [0;39m [[36mapp-(scheduled)-statsCollector-0        [0;39m] [33mo.t.t.s.s.StatsCollector[0;39m                        : Schedule:  Key generalRestClient count 8 duration 737 avg 92 ms 
[32m2025-06-05 | 09:20:01.811[0;39m | [34mINFO [0;39m [[36mapp-(scheduled)-statsCollector-0        [0;39m] [33mo.t.t.s.s.StatsCollector[0;39m                        : Schedule:  Key waitForQuota count 8 duration 2 avg 0 ms 
[32m2025-06-05 | 09:20:02.164[0;39m | [34mINFO [0;39m [[36mapp-(scheduled)-rateLimitLogging-0      [0;39m] [33mo.t.t.s.p.RateLimitService[0;39m                      : total requests 228 in progress 0 queue size 0 
[32m2025-06-05 | 09:20:12.164[0;39m | [34mINFO [0;39m [[36mapp-(scheduled)-rateLimitLogging-0      [0;39m] [33mo.t.t.s.p.RateLimitService[0;39m                      : total requests 228 in progress 0 queue size 0 
[32m2025-06-05 | 09:20:22.165[0;39m | [34mINFO [0;39m [[36mapp-(scheduled)-rateLimitLogging-0      [0;39m] [33mo.t.t.s.p.RateLimitService[0;39m                      : total requests 228 in progress 0 queue size 0 
[32m2025-06-05 | 09:20:32.163[0;39m | [34mINFO [0;39m [[36mapp-(scheduled)-rateLimitLogging-0      [0;39m] [33mo.t.t.s.p.RateLimitService[0;39m                      : total requests 228 in progress 0 queue size 0 
[32m2025-06-05 | 09:20:42.162[0;39m | [34mINFO [0;39m [[36mapp-(scheduled)-rateLimitLogging-0      [0;39m] [33mo.t.t.s.p.RateLimitService[0;39m                      : total requests 228 in progress 0 queue size 0 
[32m2025-06-05 | 09:20:52.164[0;39m | [34mINFO [0;39m [[36mapp-(scheduled)-rateLimitLogging-0      [0;39m] [33mo.t.t.s.p.RateLimitService[0;39m                      : total requests 228 in progress 0 queue size 0 
[32m2025-06-05 | 09:21:01.809[0;39m | [34mINFO [0;39m [[36mapp-(scheduled)-statsCollector-0        [0;39m] [33mo.t.t.s.s.StatsCollector[0;39m                        : Schedule:  Key generalRestClient count 8 duration 737 avg 92 ms 
[32m2025-06-05 | 09:21:01.812[0;39m | [34mINFO [0;39m [[36mapp-(scheduled)-statsCollector-0        [0;39m] [33mo.t.t.s.s.StatsCollector[0;39m                        : Schedule:  Key waitForQuota count 8 duration 2 avg 0 ms 
[32m2025-06-05 | 09:21:02.172[0;39m | [34mINFO [0;39m [[36mapp-(scheduled)-rateLimitLogging-0      [0;39m] [33mo.t.t.s.p.RateLimitService[0;39m                      : total requests 228 in progress 0 queue size 0 
[32m2025-06-05 | 09:21:12.172[0;39m | [34mINFO [0;39m [[36mapp-(scheduled)-rateLimitLogging-0      [0;39m] [33mo.t.t.s.p.RateLimitService[0;39m                      : total requests 228 in progress 0 queue size 0 
[32m2025-06-05 | 09:21:22.163[0;39m | [34mINFO [0;39m [[36mapp-(scheduled)-rateLimitLogging-0      [0;39m] [33mo.t.t.s.p.RateLimitService[0;39m                      : total requests 228 in progress 0 queue size 0 
[32m2025-06-05 | 09:21:32.163[0;39m | [34mINFO [0;39m [[36mapp-(scheduled)-rateLimitLogging-0      [0;39m] [33mo.t.t.s.p.RateLimitService[0;39m                      : total requests 228 in progress 0 queue size 0 
[32m2025-06-05 | 09:21:42.171[0;39m | [34mINFO [0;39m [[36mapp-(scheduled)-rateLimitLogging-0      [0;39m] [33mo.t.t.s.p.RateLimitService[0;39m                      : total requests 228 in progress 0 queue size 0 
[32m2025-06-05 | 09:21:52.161[0;39m | [34mINFO [0;39m [[36mapp-(scheduled)-rateLimitLogging-0      [0;39m] [33mo.t.t.s.p.RateLimitService[0;39m                      : total requests 228 in progress 0 queue size 0 
[32m2025-06-05 | 09:22:01.821[0;39m | [34mINFO [0;39m [[36mapp-(scheduled)-statsCollector-0        [0;39m] [33mo.t.t.s.s.StatsCollector[0;39m                        : Schedule:  Key generalRestClient count 8 duration 737 avg 92 ms 
[32m2025-06-05 | 09:22:01.821[0;39m | [34mINFO [0;39m [[36mapp-(scheduled)-statsCollector-0        [0;39m] [33mo.t.t.s.s.StatsCollector[0;39m                        : Schedule:  Key waitForQuota count 8 duration 2 avg 0 ms 
[32m2025-06-05 | 09:22:02.169[0;39m | [34mINFO [0;39m [[36mapp-(scheduled)-rateLimitLogging-0      [0;39m] [33mo.t.t.s.p.RateLimitService[0;39m                      : total requests 228 in progress 0 queue size 0 
[32m2025-06-05 | 09:22:12.171[0;39m | [34mINFO [0;39m [[36mapp-(scheduled)-rateLimitLogging-0      [0;39m] [33mo.t.t.s.p.RateLimitService[0;39m                      : total requests 228 in progress 0 queue size 0 
[32m2025-06-05 | 09:22:22.161[0;39m | [34mINFO [0;39m [[36mapp-(scheduled)-rateLimitLogging-0      [0;39m] [33mo.t.t.s.p.RateLimitService[0;39m                      : total requests 228 in progress 0 queue size 0 
[32m2025-06-05 | 09:22:32.163[0;39m | [34mINFO [0;39m [[36mapp-(scheduled)-rateLimitLogging-0      [0;39m] [33mo.t.t.s.p.RateLimitService[0;39m                      : total requests 228 in progress 0 queue size 0 
[32m2025-06-05 | 09:22:42.168[0;39m | [34mINFO [0;39m [[36mapp-(scheduled)-rateLimitLogging-0      [0;39m] [33mo.t.t.s.p.RateLimitService[0;39m                      : total requests 228 in progress 0 queue size 0 
[32m2025-06-05 | 09:22:52.166[0;39m | [34mINFO [0;39m [[36mapp-(scheduled)-rateLimitLogging-0      [0;39m] [33mo.t.t.s.p.RateLimitService[0;39m                      : total requests 228 in progress 0 queue size 0 
[32m2025-06-05 | 09:23:01.814[0;39m | [34mINFO [0;39m [[36mapp-(scheduled)-statsCollector-0        [0;39m] [33mo.t.t.s.s.StatsCollector[0;39m                        : Schedule:  Key generalRestClient count 8 duration 737 avg 92 ms 
[32m2025-06-05 | 09:23:01.814[0;39m | [34mINFO [0;39m [[36mapp-(scheduled)-statsCollector-0        [0;39m] [33mo.t.t.s.s.StatsCollector[0;39m                        : Schedule:  Key waitForQuota count 8 duration 2 avg 0 ms 
[32m2025-06-05 | 09:23:02.175[0;39m | [34mINFO [0;39m [[36mapp-(scheduled)-rateLimitLogging-0      [0;39m] [33mo.t.t.s.p.RateLimitService[0;39m                      : total requests 228 in progress 0 queue size 0 
[32m2025-06-05 | 09:23:12.185[0;39m | [34mINFO [0;39m [[36mapp-(scheduled)-rateLimitLogging-0      [0;39m] [33mo.t.t.s.p.RateLimitService[0;39m                      : total requests 228 in progress 0 queue size 0 
[32m2025-06-05 | 09:23:22.171[0;39m | [34mINFO [0;39m [[36mapp-(scheduled)-rateLimitLogging-0      [0;39m] [33mo.t.t.s.p.RateLimitService[0;39m                      : total requests 228 in progress 0 queue size 0 
[32m2025-06-05 | 09:23:32.175[0;39m | [34mINFO [0;39m [[36mapp-(scheduled)-rateLimitLogging-0      [0;39m] [33mo.t.t.s.p.RateLimitService[0;39m                      : total requests 228 in progress 0 queue size 0 
[32m2025-06-05 | 09:23:42.169[0;39m | [34mINFO [0;39m [[36mapp-(scheduled)-rateLimitLogging-0      [0;39m] [33mo.t.t.s.p.RateLimitService[0;39m                      : total requests 228 in progress 0 queue size 0 
[32m2025-06-05 | 09:23:52.171[0;39m | [34mINFO [0;39m [[36mapp-(scheduled)-rateLimitLogging-0      [0;39m] [33mo.t.t.s.p.RateLimitService[0;39m                      : total requests 228 in progress 0 queue size 0 
[32m2025-06-05 | 09:24:01.810[0;39m | [34mINFO [0;39m [[36mapp-(scheduled)-statsCollector-0        [0;39m] [33mo.t.t.s.s.StatsCollector[0;39m                        : Schedule:  Key generalRestClient count 8 duration 737 avg 92 ms 
[32m2025-06-05 | 09:24:01.810[0;39m | [34mINFO [0;39m [[36mapp-(scheduled)-statsCollector-0        [0;39m] [33mo.t.t.s.s.StatsCollector[0;39m                        : Schedule:  Key waitForQuota count 8 duration 2 avg 0 ms 
[32m2025-06-05 | 09:24:02.173[0;39m | [34mINFO [0;39m [[36mapp-(scheduled)-rateLimitLogging-0      [0;39m] [33mo.t.t.s.p.RateLimitService[0;39m                      : total requests 228 in progress 0 queue size 0 
