[32m2025-06-04 | 10:13:03.341[0;39m | [34mINFO [0;39m [[36mbackground-preinit                      [0;39m] [33mo.h.v.i.u.Version[0;39m                               : HV000001: Hibernate Validator 8.0.1.Final 
[32m2025-06-04 | 10:13:03.582[0;39m | [34mINFO [0;39m [[36mmain                                    [0;39m] [33mo.s.b.StartupInfoLogger[0;39m                         : Starting TrendzApplication v1.13.1-SNAPSHOT using Java 17.0.15 with PID 9468 (C:\Program Files (x86)\trendz\lib\trendz.jar started by DESKTOP-FEGLDB1$ in C:\Program Files (x86)\trendz\conf) 
[32m2025-06-04 | 10:13:03.582[0;39m | [34mINFO [0;39m [[36mmain                                    [0;39m] [33mo.s.b.SpringApplication[0;39m                         : No active profile set, falling back to 1 default profile: "default" 
[32m2025-06-04 | 10:13:07.537[0;39m | [34mINFO [0;39m [[36mmain                                    [0;39m] [33mo.s.d.r.c.RepositoryConfigurationDelegate[0;39m       : Multiple Spring Data modules found, entering strict repository configuration mode 
[32m2025-06-04 | 10:13:07.537[0;39m | [34mINFO [0;39m [[36mmain                                    [0;39m] [33mo.s.d.r.c.RepositoryConfigurationDelegate[0;39m       : Bootstrapping Spring Data JPA repositories in DEFAULT mode. 
[32m2025-06-04 | 10:13:08.407[0;39m | [34mINFO [0;39m [[36mmain                                    [0;39m] [33mo.s.d.r.c.RepositoryConfigurationDelegate[0;39m       : Finished Spring Data repository scanning in 836 ms. Found 45 JPA repository interfaces. 
[32m2025-06-04 | 10:13:11.719[0;39m | [34mINFO [0;39m [[36mmain                                    [0;39m] [33mo.s.b.w.e.t.TomcatWebServer[0;39m                     : Tomcat initialized with port 8888 (http) 
[32m2025-06-04 | 10:13:11.749[0;39m | [34mINFO [0;39m [[36mmain                                    [0;39m] [33mo.a.j.l.DirectJDKLog[0;39m                            : Initializing ProtocolHandler ["http-nio-0.0.0.0-8888"] 
[32m2025-06-04 | 10:13:11.749[0;39m | [34mINFO [0;39m [[36mmain                                    [0;39m] [33mo.a.j.l.DirectJDKLog[0;39m                            : Starting service [Tomcat] 
[32m2025-06-04 | 10:13:11.749[0;39m | [34mINFO [0;39m [[36mmain                                    [0;39m] [33mo.a.j.l.DirectJDKLog[0;39m                            : Starting Servlet engine: [Apache Tomcat/10.1.19] 
[32m2025-06-04 | 10:13:11.819[0;39m | [34mINFO [0;39m [[36mmain                                    [0;39m] [33mo.a.j.l.DirectJDKLog[0;39m                            : Initializing Spring embedded WebApplicationContext 
[32m2025-06-04 | 10:13:11.819[0;39m | [34mINFO [0;39m [[36mmain                                    [0;39m] [33mo.s.b.w.s.c.ServletWebServerApplicationContext[0;39m  : Root WebApplicationContext: initialization completed in 8067 ms 
[32m2025-06-04 | 10:13:12.923[0;39m | [34mINFO [0;39m [[36mmain                                    [0;39m] [33mo.t.t.s.p.c.CaffeineCacheConfiguration[0;39m          : Used cache tool: Caffeine 
[32m2025-06-04 | 10:13:13.080[0;39m | [34mINFO [0;39m [[36mmain                                    [0;39m] [33mo.t.t.s.p.BucketConfiguration[0;39m                   : Cloud Rate Limiting status: DISABLED 
[32m2025-06-04 | 10:13:13.127[0;39m | [34mINFO [0;39m [[36mmain                                    [0;39m] [33mo.t.t.s.p.CloudRateLimitService[0;39m                 : Cloud Rate Limiting status: DISABLED 
[32m2025-06-04 | 10:13:13.144[0;39m | [34mINFO [0;39m [[36mmain                                    [0;39m] [33mo.t.t.s.p.TbWebClient[0;39m                           : Default DNS resolver is used 
[32m2025-06-04 | 10:13:13.856[0;39m | [34mINFO [0;39m [[36mmain                                    [0;39m] [33mo.h.j.i.u.LogHelper[0;39m                             : HHH000204: Processing PersistenceUnitInfo [name: default] 
[32m2025-06-04 | 10:13:14.107[0;39m | [34mINFO [0;39m [[36mmain                                    [0;39m] [33mo.h.Version[0;39m                                     : HHH000412: Hibernate ORM core version 6.4.4.Final 
[32m2025-06-04 | 10:13:14.217[0;39m | [34mINFO [0;39m [[36mmain                                    [0;39m] [33mo.h.c.i.RegionFactoryInitiator[0;39m                  : HHH000026: Second-level cache disabled 
[32m2025-06-04 | 10:13:14.483[0;39m | [34mINFO [0;39m [[36mmain                                    [0;39m] [33mo.s.o.j.p.SpringPersistenceUnitInfo[0;39m             : No LoadTimeWeaver setup: ignoring JPA class transformer 
[32m2025-06-04 | 10:13:14.515[0;39m | [34mINFO [0;39m [[36mmain                                    [0;39m] [33mc.z.h.HikariDataSource[0;39m                          : HikariPool-1 - Starting... 
[32m2025-06-04 | 10:13:14.766[0;39m | [34mINFO [0;39m [[36mmain                                    [0;39m] [33mc.z.h.p.HikariPool[0;39m                              : HikariPool-1 - Added connection org.postgresql.jdbc.PgConnection@5bf1e07 
[32m2025-06-04 | 10:13:14.766[0;39m | [34mINFO [0;39m [[36mmain                                    [0;39m] [33mc.z.h.HikariDataSource[0;39m                          : HikariPool-1 - Start completed. 
[32m2025-06-04 | 10:13:14.813[0;39m | [31mWARN [0;39m [[36mmain                                    [0;39m] [33mo.h.e.j.d.i.DialectFactoryImpl[0;39m                  : HHH90000025: PostgreSQLDialect does not need to be specified explicitly using 'hibernate.dialect' (remove the property setting and it will be selected by default) 
[32m2025-06-04 | 10:13:16.815[0;39m | [34mINFO [0;39m [[36mmain                                    [0;39m] [33mo.h.e.t.j.p.i.JtaPlatformInitiator[0;39m              : HHH000489: No JTA platform available (set 'hibernate.transaction.jta.platform' to enable JTA platform integration) 
[32m2025-06-04 | 10:13:16.911[0;39m | [34mINFO [0;39m [[36mmain                                    [0;39m] [33mo.s.o.j.AbstractEntityManagerFactoryBean[0;39m        : Initialized JPA EntityManagerFactory for persistence unit 'default' 
[32m2025-06-04 | 10:13:17.728[0;39m | [34mINFO [0;39m [[36mmain                                    [0;39m] [33mo.s.d.j.r.q.QueryEnhancerFactory[0;39m                : Hibernate is in classpath; If applicable, HQL parser will be used. 
[32m2025-06-04 | 10:13:18.476[0;39m | [34mINFO [0;39m [[36mmain                                    [0;39m] [33mo.t.l.c.TbLicenseClient[0;39m                         : Initializing ThingsBoard License Client, Release Date [2025-05-02] 
[32m2025-06-04 | 10:13:18.681[0;39m | [34mINFO [0;39m [[36mmain                                    [0;39m] [33mo.t.l.c.TbLicenseClient[0;39m                         : Obtained instance data from file. 
[32m2025-06-04 | 10:13:18.681[0;39m | [34mINFO [0;39m [[36mmain                                    [0;39m] [33mo.t.l.c.TbLicenseClient[0;39m                         : instanceId: [I8XPdcC3hX4YpeAjrHtd] 
[32m2025-06-04 | 10:13:18.712[0;39m | [34mINFO [0;39m [[36mmain                                    [0;39m] [33mo.t.l.c.TbLicenseClient[0;39m                         : planData: {
  "asset_count" : {
    "value" : 10,
    "description" : "The maximum number of assets"
  },
  "device_count" : {
    "value" : 10,
    "description" : "The maximum number of devices"
  }
} 
[32m2025-06-04 | 10:13:18.776[0;39m | [1;31mERROR[0;39m [[36mmain                                    [0;39m] [33mo.t.l.c.TbLicenseClient[0;39m                         : License Error: CONNECTION_ERROR(400) - Failed to connect to ThingsBoard License Server! 
[32m2025-06-04 | 10:13:18.776[0;39m | [34mINFO [0;39m [[36mmain                                    [0;39m] [33mo.t.l.c.TbLicenseClient[0;39m                         : Initialized ThingsBoard License Client with instanceId [I8XPdcC3hX4YpeAjrHtd] 
[32m2025-06-04 | 10:13:21.856[0;39m | [34mINFO [0;39m [[36mmain                                    [0;39m] [33mo.t.t.StartupValidationService[0;39m                  : The version of database is matching to Trendz version [1.13.1] 
[32m2025-06-04 | 10:13:22.087[0;39m | [34mINFO [0;39m [[36mmain                                    [0;39m] [33mo.t.t.c.PublicApiController[0;39m                     : application 1.13.1-SNAPSHOT ThingsBoard Trendz Server Application 2025-05-02T08:21:36.700Z 
[32m2025-06-04 | 10:13:22.664[0;39m | [34mINFO [0;39m [[36mmain                                    [0;39m] [33mo.s.b.a.w.s.WelcomePageHandlerMapping[0;39m           : Adding welcome page: class path resource [resources/index.html] 
[32m2025-06-04 | 10:13:22.883[0;39m | [34mINFO [0;39m [[36mmain                                    [0;39m] [33mo.s.b.a.e.w.EndpointLinksResolver[0;39m               : Exposing 0 endpoint(s) beneath base path '/actuator' 
[32m2025-06-04 | 10:13:22.962[0;39m | [34mINFO [0;39m [[36mmain                                    [0;39m] [33mo.s.s.w.DefaultSecurityFilterChain[0;39m              : Will secure any request with [org.springframework.security.web.session.DisableEncodeUrlFilter@32d052e4, org.springframework.security.web.context.request.async.WebAsyncManagerIntegrationFilter@66b505ae, org.springframework.security.web.context.SecurityContextHolderFilter@9309aaa, org.springframework.security.web.header.HeaderWriterFilter@3ea26052, org.springframework.web.filter.CorsFilter@601f3cc2, org.springframework.security.web.authentication.logout.LogoutFilter@203d7ddd, org.thingsboard.trendz.security.RestLoginProcessingFilter@6ca6cc1c, org.thingsboard.trendz.security.JwtTokenAuthenticationProcessingFilter@2c914aa3, org.thingsboard.trendz.security.RefreshTokenProcessingFilter@2a12048d, org.springframework.security.web.savedrequest.RequestCacheAwareFilter@3c898676, org.springframework.security.web.servletapi.SecurityContextHolderAwareRequestFilter@27bf33b2, org.springframework.security.web.authentication.AnonymousAuthenticationFilter@6a159288, org.springframework.security.web.session.SessionManagementFilter@4b6ef27e, org.springframework.security.web.access.ExceptionTranslationFilter@7f86996a, org.springframework.security.web.access.intercept.AuthorizationFilter@55c79732] 
[32m2025-06-04 | 10:13:23.150[0;39m | [34mINFO [0;39m [[36mapp-(scheduled)-rateLimitLogging-0      [0;39m] [33mo.t.t.s.p.RateLimitService[0;39m                      : total requests 0 in progress 0 queue size 0 
[32m2025-06-04 | 10:13:23.823[0;39m | [34mINFO [0;39m [[36mmain                                    [0;39m] [33mo.a.j.l.DirectJDKLog[0;39m                            : Starting ProtocolHandler ["http-nio-0.0.0.0-8888"] 
[32m2025-06-04 | 10:13:23.870[0;39m | [34mINFO [0;39m [[36mmain                                    [0;39m] [33mo.s.b.w.e.t.TomcatWebServer[0;39m                     : Tomcat started on port 8888 (http) with context path '' 
[32m2025-06-04 | 10:13:23.870[0;39m | [34mINFO [0;39m [[36mmain                                    [0;39m] [33mo.s.c.l.CompositeLog[0;39m                            : Starting... 
[32m2025-06-04 | 10:13:23.870[0;39m | [34mINFO [0;39m [[36mmain                                    [0;39m] [33mo.s.c.l.CompositeLog[0;39m                            : BrokerAvailabilityEvent[available=true, SimpleBrokerMessageHandler [org.springframework.messaging.simp.broker.DefaultSubscriptionRegistry@5558bec2]] 
[32m2025-06-04 | 10:13:23.870[0;39m | [34mINFO [0;39m [[36mmain                                    [0;39m] [33mo.s.c.l.CompositeLog[0;39m                            : Started. 
[32m2025-06-04 | 10:13:23.901[0;39m | [34mINFO [0;39m [[36mMessageBroker-1                         [0;39m] [33mo.t.t.s.t.InitializationServiceImpl[0;39m             : Scheduled user validation: started 
[32m2025-06-04 | 10:13:23.964[0;39m | [34mINFO [0;39m [[36mmain                                    [0;39m] [33mo.t.t.s.t.InitializationServiceImpl[0;39m             : Defined statuses for 0 tenants 
[32m2025-06-04 | 10:13:23.964[0;39m | [34mINFO [0;39m [[36mmain                                    [0;39m] [33mo.t.t.s.t.TaskRuntimeService[0;39m                    : The task runtime scheduler is enabled! 
[32m2025-06-04 | 10:13:23.966[0;39m | [34mINFO [0;39m [[36mMessageBroker-1                         [0;39m] [33mo.t.t.s.t.InitializationServiceImpl[0;39m             : Scheduled user validation: finished 
[32m2025-06-04 | 10:13:23.979[0;39m | [34mINFO [0;39m [[36mmain                                    [0;39m] [33mo.s.b.StartupInfoLogger[0;39m                         : Started TrendzApplication in 21.574 seconds (process running for 23.388) 
[32m2025-06-04 | 10:13:33.160[0;39m | [34mINFO [0;39m [[36mapp-(scheduled)-rateLimitLogging-0      [0;39m] [33mo.t.t.s.p.RateLimitService[0;39m                      : total requests 0 in progress 0 queue size 0 
[32m2025-06-04 | 10:13:43.162[0;39m | [34mINFO [0;39m [[36mapp-(scheduled)-rateLimitLogging-0      [0;39m] [33mo.t.t.s.p.RateLimitService[0;39m                      : total requests 0 in progress 0 queue size 0 
[32m2025-06-04 | 10:13:53.152[0;39m | [34mINFO [0;39m [[36mapp-(scheduled)-rateLimitLogging-0      [0;39m] [33mo.t.t.s.p.RateLimitService[0;39m                      : total requests 0 in progress 0 queue size 0 
[32m2025-06-04 | 10:14:03.147[0;39m | [34mINFO [0;39m [[36mapp-(scheduled)-rateLimitLogging-0      [0;39m] [33mo.t.t.s.p.RateLimitService[0;39m                      : total requests 0 in progress 0 queue size 0 
[32m2025-06-04 | 10:14:13.148[0;39m | [34mINFO [0;39m [[36mapp-(scheduled)-rateLimitLogging-0      [0;39m] [33mo.t.t.s.p.RateLimitService[0;39m                      : total requests 0 in progress 0 queue size 0 
[32m2025-06-04 | 10:14:23.162[0;39m | [34mINFO [0;39m [[36mapp-(scheduled)-rateLimitLogging-0      [0;39m] [33mo.t.t.s.p.RateLimitService[0;39m                      : total requests 0 in progress 0 queue size 0 
[32m2025-06-04 | 10:14:23.809[0;39m | [34mINFO [0;39m [[36mMessageBroker-2                         [0;39m] [33mo.s.w.s.c.WebSocketMessageBrokerStats[0;39m           : WebSocketSession[0 current WS(0)-HttpStream(0)-HttpPoll(0), 0 total, 0 closed abnormally (0 connect failure, 0 send limit, 0 transport error)], stompSubProtocol[processed CONNECT(0)-CONNECTED(0)-DISCONNECT(0)], stompBrokerRelay[null], inboundChannel[pool size = 0, active threads = 0, queued tasks = 0, completed tasks = 0], outboundChannel[pool size = 0, active threads = 0, queued tasks = 0, completed tasks = 0], sockJsScheduler[pool size = 3, active threads = 1, queued tasks = 1, completed tasks = 1] 
[32m2025-06-04 | 10:14:33.148[0;39m | [34mINFO [0;39m [[36mapp-(scheduled)-rateLimitLogging-0      [0;39m] [33mo.t.t.s.p.RateLimitService[0;39m                      : total requests 0 in progress 0 queue size 0 
[32m2025-06-04 | 10:14:43.161[0;39m | [34mINFO [0;39m [[36mapp-(scheduled)-rateLimitLogging-0      [0;39m] [33mo.t.t.s.p.RateLimitService[0;39m                      : total requests 0 in progress 0 queue size 0 
[32m2025-06-04 | 10:14:53.160[0;39m | [34mINFO [0;39m [[36mapp-(scheduled)-rateLimitLogging-0      [0;39m] [33mo.t.t.s.p.RateLimitService[0;39m                      : total requests 0 in progress 0 queue size 0 
[32m2025-06-04 | 10:15:03.148[0;39m | [34mINFO [0;39m [[36mapp-(scheduled)-rateLimitLogging-0      [0;39m] [33mo.t.t.s.p.RateLimitService[0;39m                      : total requests 0 in progress 0 queue size 0 
[32m2025-06-04 | 10:15:13.165[0;39m | [34mINFO [0;39m [[36mapp-(scheduled)-rateLimitLogging-0      [0;39m] [33mo.t.t.s.p.RateLimitService[0;39m                      : total requests 0 in progress 0 queue size 0 
[32m2025-06-04 | 10:15:23.171[0;39m | [34mINFO [0;39m [[36mapp-(scheduled)-rateLimitLogging-0      [0;39m] [33mo.t.t.s.p.RateLimitService[0;39m                      : total requests 0 in progress 0 queue size 0 
[32m2025-06-04 | 10:15:33.153[0;39m | [34mINFO [0;39m [[36mapp-(scheduled)-rateLimitLogging-0      [0;39m] [33mo.t.t.s.p.RateLimitService[0;39m                      : total requests 0 in progress 0 queue size 0 
[32m2025-06-04 | 10:15:43.148[0;39m | [34mINFO [0;39m [[36mapp-(scheduled)-rateLimitLogging-0      [0;39m] [33mo.t.t.s.p.RateLimitService[0;39m                      : total requests 0 in progress 0 queue size 0 
[32m2025-06-04 | 10:15:53.149[0;39m | [34mINFO [0;39m [[36mapp-(scheduled)-rateLimitLogging-0      [0;39m] [33mo.t.t.s.p.RateLimitService[0;39m                      : total requests 0 in progress 0 queue size 0 
[32m2025-06-04 | 10:16:03.158[0;39m | [34mINFO [0;39m [[36mapp-(scheduled)-rateLimitLogging-0      [0;39m] [33mo.t.t.s.p.RateLimitService[0;39m                      : total requests 0 in progress 0 queue size 0 
[32m2025-06-04 | 10:16:13.160[0;39m | [34mINFO [0;39m [[36mapp-(scheduled)-rateLimitLogging-0      [0;39m] [33mo.t.t.s.p.RateLimitService[0;39m                      : total requests 0 in progress 0 queue size 0 
[32m2025-06-04 | 10:16:23.738[0;39m | [34mINFO [0;39m [[36mbackground-preinit                      [0;39m] [33mo.h.v.i.u.Version[0;39m                               : HV000001: Hibernate Validator 8.0.1.Final 
[32m2025-06-04 | 10:16:23.837[0;39m | [34mINFO [0;39m [[36mmain                                    [0;39m] [33mo.s.b.StartupInfoLogger[0;39m                         : Starting TrendzApplication v1.13.1-SNAPSHOT using Java 17.0.15 with PID 19212 (C:\Program Files (x86)\trendz\lib\trendz.jar started by DESKTOP-FEGLDB1$ in C:\Program Files (x86)\trendz\conf) 
[32m2025-06-04 | 10:16:23.837[0;39m | [34mINFO [0;39m [[36mmain                                    [0;39m] [33mo.s.b.SpringApplication[0;39m                         : No active profile set, falling back to 1 default profile: "default" 
[32m2025-06-04 | 10:16:25.679[0;39m | [34mINFO [0;39m [[36mmain                                    [0;39m] [33mo.s.d.r.c.RepositoryConfigurationDelegate[0;39m       : Multiple Spring Data modules found, entering strict repository configuration mode 
[32m2025-06-04 | 10:16:25.695[0;39m | [34mINFO [0;39m [[36mmain                                    [0;39m] [33mo.s.d.r.c.RepositoryConfigurationDelegate[0;39m       : Bootstrapping Spring Data JPA repositories in DEFAULT mode. 
[32m2025-06-04 | 10:16:26.909[0;39m | [34mINFO [0;39m [[36mmain                                    [0;39m] [33mo.s.d.r.c.RepositoryConfigurationDelegate[0;39m       : Finished Spring Data repository scanning in 1188 ms. Found 45 JPA repository interfaces. 
[32m2025-06-04 | 10:16:33.650[0;39m | [34mINFO [0;39m [[36mmain                                    [0;39m] [33mo.s.b.w.e.t.TomcatWebServer[0;39m                     : Tomcat initialized with port 8888 (http) 
[32m2025-06-04 | 10:16:33.681[0;39m | [34mINFO [0;39m [[36mmain                                    [0;39m] [33mo.a.j.l.DirectJDKLog[0;39m                            : Initializing ProtocolHandler ["http-nio-0.0.0.0-8888"] 
[32m2025-06-04 | 10:16:33.697[0;39m | [34mINFO [0;39m [[36mmain                                    [0;39m] [33mo.a.j.l.DirectJDKLog[0;39m                            : Starting service [Tomcat] 
[32m2025-06-04 | 10:16:33.697[0;39m | [34mINFO [0;39m [[36mmain                                    [0;39m] [33mo.a.j.l.DirectJDKLog[0;39m                            : Starting Servlet engine: [Apache Tomcat/10.1.19] 
[32m2025-06-04 | 10:16:33.842[0;39m | [34mINFO [0;39m [[36mmain                                    [0;39m] [33mo.a.j.l.DirectJDKLog[0;39m                            : Initializing Spring embedded WebApplicationContext 
[32m2025-06-04 | 10:16:33.843[0;39m | [34mINFO [0;39m [[36mmain                                    [0;39m] [33mo.s.b.w.s.c.ServletWebServerApplicationContext[0;39m  : Root WebApplicationContext: initialization completed in 9907 ms 
[32m2025-06-04 | 10:16:36.461[0;39m | [34mINFO [0;39m [[36mmain                                    [0;39m] [33mo.t.t.s.p.c.CaffeineCacheConfiguration[0;39m          : Used cache tool: Caffeine 
[32m2025-06-04 | 10:16:36.690[0;39m | [34mINFO [0;39m [[36mmain                                    [0;39m] [33mo.t.t.s.p.BucketConfiguration[0;39m                   : Cloud Rate Limiting status: DISABLED 
[32m2025-06-04 | 10:16:36.831[0;39m | [34mINFO [0;39m [[36mmain                                    [0;39m] [33mo.t.t.s.p.CloudRateLimitService[0;39m                 : Cloud Rate Limiting status: DISABLED 
[32m2025-06-04 | 10:16:36.926[0;39m | [34mINFO [0;39m [[36mmain                                    [0;39m] [33mo.t.t.s.p.TbWebClient[0;39m                           : Default DNS resolver is used 
[32m2025-06-04 | 10:16:38.088[0;39m | [34mINFO [0;39m [[36mmain                                    [0;39m] [33mo.h.j.i.u.LogHelper[0;39m                             : HHH000204: Processing PersistenceUnitInfo [name: default] 
[32m2025-06-04 | 10:16:38.349[0;39m | [34mINFO [0;39m [[36mmain                                    [0;39m] [33mo.h.Version[0;39m                                     : HHH000412: Hibernate ORM core version 6.4.4.Final 
[32m2025-06-04 | 10:16:38.593[0;39m | [34mINFO [0;39m [[36mmain                                    [0;39m] [33mo.h.c.i.RegionFactoryInitiator[0;39m                  : HHH000026: Second-level cache disabled 
[32m2025-06-04 | 10:16:39.463[0;39m | [34mINFO [0;39m [[36mmain                                    [0;39m] [33mo.s.o.j.p.SpringPersistenceUnitInfo[0;39m             : No LoadTimeWeaver setup: ignoring JPA class transformer 
[32m2025-06-04 | 10:16:39.584[0;39m | [34mINFO [0;39m [[36mmain                                    [0;39m] [33mc.z.h.HikariDataSource[0;39m                          : HikariPool-1 - Starting... 
[32m2025-06-04 | 10:16:40.042[0;39m | [34mINFO [0;39m [[36mmain                                    [0;39m] [33mc.z.h.p.HikariPool[0;39m                              : HikariPool-1 - Added connection org.postgresql.jdbc.PgConnection@2b8502e7 
[32m2025-06-04 | 10:16:40.042[0;39m | [34mINFO [0;39m [[36mmain                                    [0;39m] [33mc.z.h.HikariDataSource[0;39m                          : HikariPool-1 - Start completed. 
[32m2025-06-04 | 10:16:40.114[0;39m | [31mWARN [0;39m [[36mmain                                    [0;39m] [33mo.h.e.j.d.i.DialectFactoryImpl[0;39m                  : HHH90000025: PostgreSQLDialect does not need to be specified explicitly using 'hibernate.dialect' (remove the property setting and it will be selected by default) 
[32m2025-06-04 | 10:16:45.969[0;39m | [34mINFO [0;39m [[36mmain                                    [0;39m] [33mo.h.e.t.j.p.i.JtaPlatformInitiator[0;39m              : HHH000489: No JTA platform available (set 'hibernate.transaction.jta.platform' to enable JTA platform integration) 
[32m2025-06-04 | 10:16:46.107[0;39m | [34mINFO [0;39m [[36mmain                                    [0;39m] [33mo.s.o.j.AbstractEntityManagerFactoryBean[0;39m        : Initialized JPA EntityManagerFactory for persistence unit 'default' 
[32m2025-06-04 | 10:16:46.915[0;39m | [34mINFO [0;39m [[36mapp-(scheduled)-rateLimitLogging-0      [0;39m] [33mo.t.t.s.p.RateLimitService[0;39m                      : total requests 0 in progress 0 queue size 0 
[32m2025-06-04 | 10:16:47.280[0;39m | [34mINFO [0;39m [[36mmain                                    [0;39m] [33mo.s.d.j.r.q.QueryEnhancerFactory[0;39m                : Hibernate is in classpath; If applicable, HQL parser will be used. 
[32m2025-06-04 | 10:16:48.947[0;39m | [34mINFO [0;39m [[36mmain                                    [0;39m] [33mo.t.l.c.TbLicenseClient[0;39m                         : Initializing ThingsBoard License Client, Release Date [2025-05-02] 
[32m2025-06-04 | 10:16:49.519[0;39m | [34mINFO [0;39m [[36mmain                                    [0;39m] [33mo.t.l.c.TbLicenseClient[0;39m                         : Obtained instance data from file. 
[32m2025-06-04 | 10:16:49.519[0;39m | [34mINFO [0;39m [[36mmain                                    [0;39m] [33mo.t.l.c.TbLicenseClient[0;39m                         : instanceId: [I8XPdcC3hX4YpeAjrHtd] 
[32m2025-06-04 | 10:16:49.591[0;39m | [34mINFO [0;39m [[36mmain                                    [0;39m] [33mo.t.l.c.TbLicenseClient[0;39m                         : planData: {
  "asset_count" : {
    "value" : 10,
    "description" : "The maximum number of assets"
  },
  "device_count" : {
    "value" : 10,
    "description" : "The maximum number of devices"
  }
} 
[32m2025-06-04 | 10:16:52.806[0;39m | [34mINFO [0;39m [[36mmain                                    [0;39m] [33mo.t.l.c.TbLicenseClient[0;39m                         : Executed checkInstance method. 
[32m2025-06-04 | 10:16:52.808[0;39m | [34mINFO [0;39m [[36mmain                                    [0;39m] [33mo.t.l.c.TbLicenseClient[0;39m                         : instanceId: [I8XPdcC3hX4YpeAjrHtd] 
[32m2025-06-04 | 10:16:52.808[0;39m | [34mINFO [0;39m [[36mmain                                    [0;39m] [33mo.t.l.c.TbLicenseClient[0;39m                         : planData: {
  "asset_count" : {
    "value" : 10,
    "description" : "The maximum number of assets"
  },
  "device_count" : {
    "value" : 10,
    "description" : "The maximum number of devices"
  }
} 
[32m2025-06-04 | 10:16:52.809[0;39m | [34mINFO [0;39m [[36mmain                                    [0;39m] [33mo.t.l.c.TbLicenseClient[0;39m                         : Initialized ThingsBoard License Client with instanceId [I8XPdcC3hX4YpeAjrHtd] 
[32m2025-06-04 | 10:16:56.920[0;39m | [34mINFO [0;39m [[36mapp-(scheduled)-rateLimitLogging-0      [0;39m] [33mo.t.t.s.p.RateLimitService[0;39m                      : total requests 0 in progress 0 queue size 0 
[32m2025-06-04 | 10:17:00.122[0;39m | [34mINFO [0;39m [[36mmain                                    [0;39m] [33mo.t.t.StartupValidationService[0;39m                  : The version of database is matching to Trendz version [1.13.1] 
[32m2025-06-04 | 10:17:00.656[0;39m | [34mINFO [0;39m [[36mmain                                    [0;39m] [33mo.t.t.c.PublicApiController[0;39m                     : application 1.13.1-SNAPSHOT ThingsBoard Trendz Server Application 2025-05-02T08:21:36.700Z 
[32m2025-06-04 | 10:17:01.976[0;39m | [34mINFO [0;39m [[36mmain                                    [0;39m] [33mo.s.b.a.w.s.WelcomePageHandlerMapping[0;39m           : Adding welcome page: class path resource [resources/index.html] 
[32m2025-06-04 | 10:17:02.444[0;39m | [34mINFO [0;39m [[36mmain                                    [0;39m] [33mo.s.b.a.e.w.EndpointLinksResolver[0;39m               : Exposing 0 endpoint(s) beneath base path '/actuator' 
[32m2025-06-04 | 10:17:02.655[0;39m | [34mINFO [0;39m [[36mmain                                    [0;39m] [33mo.s.s.w.DefaultSecurityFilterChain[0;39m              : Will secure any request with [org.springframework.security.web.session.DisableEncodeUrlFilter@41044318, org.springframework.security.web.context.request.async.WebAsyncManagerIntegrationFilter@4ef2d867, org.springframework.security.web.context.SecurityContextHolderFilter@6339719f, org.springframework.security.web.header.HeaderWriterFilter@5f57ae95, org.springframework.web.filter.CorsFilter@679e3387, org.springframework.security.web.authentication.logout.LogoutFilter@4962bb38, org.thingsboard.trendz.security.RestLoginProcessingFilter@2420e962, org.thingsboard.trendz.security.JwtTokenAuthenticationProcessingFilter@45295bed, org.thingsboard.trendz.security.RefreshTokenProcessingFilter@38f1f6c9, org.springframework.security.web.savedrequest.RequestCacheAwareFilter@274509cc, org.springframework.security.web.servletapi.SecurityContextHolderAwareRequestFilter@67ae297b, org.springframework.security.web.authentication.AnonymousAuthenticationFilter@cb75f35, org.springframework.security.web.session.SessionManagementFilter@3ff053eb, org.springframework.security.web.access.ExceptionTranslationFilter@1e44d01f, org.springframework.security.web.access.intercept.AuthorizationFilter@4769066f] 
[32m2025-06-04 | 10:17:04.680[0;39m | [34mINFO [0;39m [[36mmain                                    [0;39m] [33mo.a.j.l.DirectJDKLog[0;39m                            : Starting ProtocolHandler ["http-nio-0.0.0.0-8888"] 
[32m2025-06-04 | 10:17:04.729[0;39m | [34mINFO [0;39m [[36mmain                                    [0;39m] [33mo.s.b.w.e.t.TomcatWebServer[0;39m                     : Tomcat started on port 8888 (http) with context path '' 
[32m2025-06-04 | 10:17:04.735[0;39m | [34mINFO [0;39m [[36mmain                                    [0;39m] [33mo.s.c.l.CompositeLog[0;39m                            : Starting... 
[32m2025-06-04 | 10:17:04.735[0;39m | [34mINFO [0;39m [[36mmain                                    [0;39m] [33mo.s.c.l.CompositeLog[0;39m                            : BrokerAvailabilityEvent[available=true, SimpleBrokerMessageHandler [org.springframework.messaging.simp.broker.DefaultSubscriptionRegistry@13052fb2]] 
[32m2025-06-04 | 10:17:04.738[0;39m | [34mINFO [0;39m [[36mmain                                    [0;39m] [33mo.s.c.l.CompositeLog[0;39m                            : Started. 
[32m2025-06-04 | 10:17:04.799[0;39m | [34mINFO [0;39m [[36mMessageBroker-1                         [0;39m] [33mo.t.t.s.t.InitializationServiceImpl[0;39m             : Scheduled user validation: started 
[32m2025-06-04 | 10:17:04.891[0;39m | [34mINFO [0;39m [[36mmain                                    [0;39m] [33mo.t.t.s.t.InitializationServiceImpl[0;39m             : Defined statuses for 0 tenants 
[32m2025-06-04 | 10:17:04.891[0;39m | [34mINFO [0;39m [[36mmain                                    [0;39m] [33mo.t.t.s.t.TaskRuntimeService[0;39m                    : The task runtime scheduler is enabled! 
[32m2025-06-04 | 10:17:04.894[0;39m | [34mINFO [0;39m [[36mmain                                    [0;39m] [33mo.s.b.StartupInfoLogger[0;39m                         : Started TrendzApplication in 41.658 seconds (process running for 42.629) 
[32m2025-06-04 | 10:17:04.901[0;39m | [34mINFO [0;39m [[36mMessageBroker-1                         [0;39m] [33mo.t.t.s.t.InitializationServiceImpl[0;39m             : Scheduled user validation: finished 
[32m2025-06-04 | 10:17:06.913[0;39m | [34mINFO [0;39m [[36mapp-(scheduled)-rateLimitLogging-0      [0;39m] [33mo.t.t.s.p.RateLimitService[0;39m                      : total requests 0 in progress 0 queue size 0 
[32m2025-06-04 | 10:17:16.918[0;39m | [34mINFO [0;39m [[36mapp-(scheduled)-rateLimitLogging-0      [0;39m] [33mo.t.t.s.p.RateLimitService[0;39m                      : total requests 0 in progress 0 queue size 0 
[32m2025-06-04 | 10:17:26.915[0;39m | [34mINFO [0;39m [[36mapp-(scheduled)-rateLimitLogging-0      [0;39m] [33mo.t.t.s.p.RateLimitService[0;39m                      : total requests 0 in progress 0 queue size 0 
[32m2025-06-04 | 10:17:36.924[0;39m | [34mINFO [0;39m [[36mapp-(scheduled)-rateLimitLogging-0      [0;39m] [33mo.t.t.s.p.RateLimitService[0;39m                      : total requests 0 in progress 0 queue size 0 
[32m2025-06-04 | 10:17:46.916[0;39m | [34mINFO [0;39m [[36mapp-(scheduled)-rateLimitLogging-0      [0;39m] [33mo.t.t.s.p.RateLimitService[0;39m                      : total requests 0 in progress 0 queue size 0 
[32m2025-06-04 | 10:17:56.927[0;39m | [34mINFO [0;39m [[36mapp-(scheduled)-rateLimitLogging-0      [0;39m] [33mo.t.t.s.p.RateLimitService[0;39m                      : total requests 0 in progress 0 queue size 0 
[32m2025-06-04 | 10:18:04.656[0;39m | [34mINFO [0;39m [[36mMessageBroker-2                         [0;39m] [33mo.s.w.s.c.WebSocketMessageBrokerStats[0;39m           : WebSocketSession[0 current WS(0)-HttpStream(0)-HttpPoll(0), 0 total, 0 closed abnormally (0 connect failure, 0 send limit, 0 transport error)], stompSubProtocol[processed CONNECT(0)-CONNECTED(0)-DISCONNECT(0)], stompBrokerRelay[null], inboundChannel[pool size = 0, active threads = 0, queued tasks = 0, completed tasks = 0], outboundChannel[pool size = 0, active threads = 0, queued tasks = 0, completed tasks = 0], sockJsScheduler[pool size = 3, active threads = 1, queued tasks = 1, completed tasks = 1] 
[32m2025-06-04 | 10:18:06.924[0;39m | [34mINFO [0;39m [[36mapp-(scheduled)-rateLimitLogging-0      [0;39m] [33mo.t.t.s.p.RateLimitService[0;39m                      : total requests 0 in progress 0 queue size 0 
[32m2025-06-04 | 10:18:16.920[0;39m | [34mINFO [0;39m [[36mapp-(scheduled)-rateLimitLogging-0      [0;39m] [33mo.t.t.s.p.RateLimitService[0;39m                      : total requests 0 in progress 0 queue size 0 
[32m2025-06-04 | 10:18:26.928[0;39m | [34mINFO [0;39m [[36mapp-(scheduled)-rateLimitLogging-0      [0;39m] [33mo.t.t.s.p.RateLimitService[0;39m                      : total requests 0 in progress 0 queue size 0 
[32m2025-06-04 | 10:18:31.837[0;39m | [34mINFO [0;39m [[36mhttp-nio-0.0.0.0-8888-exec-2            [0;39m] [33mo.a.j.l.DirectJDKLog[0;39m                            : Initializing Spring DispatcherServlet 'dispatcherServlet' 
[32m2025-06-04 | 10:18:31.841[0;39m | [34mINFO [0;39m [[36mhttp-nio-0.0.0.0-8888-exec-2            [0;39m] [33mo.s.w.s.FrameworkServlet[0;39m                        : Initializing Servlet 'dispatcherServlet' 
[32m2025-06-04 | 10:18:31.847[0;39m | [34mINFO [0;39m [[36mhttp-nio-0.0.0.0-8888-exec-2            [0;39m] [33mo.s.w.s.FrameworkServlet[0;39m                        : Completed initialization in 3 ms 
[32m2025-06-04 | 10:18:34.169[0;39m | [1;31mERROR[0;39m [[36mhttp-nio-0.0.0.0-8888-exec-8            [0;39m] [33mo.t.t.c.ExceptionHandlerController[0;39m              : The request to the Thingsboard was failed 
org.thingsboard.trendz.exception.service.provider.TbWebClientException: Error during execution request: 
url = /api/noauth/translation/login/en_US cause = Connection refused: getsockopt: localhost/127.0.0.1:8080

	at org.thingsboard.trendz.service.provider.TbWebClient.lambda$queryWrapper$23(TbWebClient.java:301)
	at reactor.core.publisher.FluxOnErrorResume$ResumeSubscriber.onError(FluxOnErrorResume.java:94)
	at reactor.core.publisher.FluxPeek$PeekSubscriber.onError(FluxPeek.java:222)
	at reactor.core.publisher.FluxMap$MapSubscriber.onError(FluxMap.java:134)
	at reactor.core.publisher.FluxOnErrorResume$ResumeSubscriber.onError(FluxOnErrorResume.java:106)
	at reactor.core.publisher.Operators.error(Operators.java:198)
	at reactor.core.publisher.MonoError.subscribe(MonoError.java:53)
	at reactor.core.publisher.Mono.subscribe(Mono.java:4568)
	at reactor.core.publisher.FluxOnErrorResume$ResumeSubscriber.onError(FluxOnErrorResume.java:103)
	at reactor.core.publisher.FluxPeek$PeekSubscriber.onError(FluxPeek.java:222)
	at reactor.core.publisher.FluxMap$MapSubscriber.onError(FluxMap.java:134)
	at reactor.core.publisher.Operators$MultiSubscriptionSubscriber.onError(Operators.java:2236)
	at reactor.core.publisher.MonoFlatMap$FlatMapMain.secondError(MonoFlatMap.java:241)
	at reactor.core.publisher.MonoFlatMap$FlatMapInner.onError(MonoFlatMap.java:315)
	at reactor.core.publisher.MonoPublishOn$PublishOnSubscriber.run(MonoPublishOn.java:187)
	at reactor.core.scheduler.SchedulerTask.call(SchedulerTask.java:68)
	at reactor.core.scheduler.SchedulerTask.call(SchedulerTask.java:28)
	at java.base/java.util.concurrent.FutureTask.run(FutureTask.java:264)
	at java.base/java.util.concurrent.ThreadPoolExecutor.runWorker(ThreadPoolExecutor.java:1136)
	at java.base/java.util.concurrent.ThreadPoolExecutor$Worker.run(ThreadPoolExecutor.java:635)
	at java.base/java.lang.Thread.run(Thread.java:840)
	Suppressed: [CIRCULAR REFERENCE: org.springframework.web.reactive.function.client.WebClientRequestException: Connection refused: getsockopt: localhost/127.0.0.1:8080]
	Suppressed: java.lang.Exception: #block terminated with an error
		at reactor.core.publisher.BlockingSingleSubscriber.blockingGet(BlockingSingleSubscriber.java:146)
		at reactor.core.publisher.Mono.block(Mono.java:1807)
		at org.thingsboard.trendz.service.translation.TranslationService.getTranslationsBeforeLogin(TranslationService.java:30)
		at org.thingsboard.trendz.controller.TranslationsController.getTranslationsBeforeLogin(TranslationsController.java:28)
		at java.base/jdk.internal.reflect.NativeMethodAccessorImpl.invoke0(Native Method)
		at java.base/jdk.internal.reflect.NativeMethodAccessorImpl.invoke(NativeMethodAccessorImpl.java:77)
		at java.base/jdk.internal.reflect.DelegatingMethodAccessorImpl.invoke(DelegatingMethodAccessorImpl.java:43)
		at java.base/java.lang.reflect.Method.invoke(Method.java:569)
		at org.springframework.aop.support.AopUtils.invokeJoinpointUsingReflection(AopUtils.java:351)
		at org.springframework.aop.framework.CglibAopProxy$DynamicAdvisedInterceptor.intercept(CglibAopProxy.java:713)
		at org.thingsboard.trendz.controller.TranslationsController$$SpringCGLIB$$0.getTranslationsBeforeLogin(<generated>)
		at java.base/jdk.internal.reflect.NativeMethodAccessorImpl.invoke0(Native Method)
		at java.base/jdk.internal.reflect.NativeMethodAccessorImpl.invoke(NativeMethodAccessorImpl.java:77)
		at java.base/jdk.internal.reflect.DelegatingMethodAccessorImpl.invoke(DelegatingMethodAccessorImpl.java:43)
		at java.base/java.lang.reflect.Method.invoke(Method.java:569)
		at org.springframework.web.method.support.InvocableHandlerMethod.doInvoke(InvocableHandlerMethod.java:255)
		at org.springframework.web.method.support.InvocableHandlerMethod.invokeForRequest(InvocableHandlerMethod.java:188)
		at org.springframework.web.servlet.mvc.method.annotation.ServletInvocableHandlerMethod.invokeAndHandle(ServletInvocableHandlerMethod.java:118)
		at org.springframework.web.servlet.mvc.method.annotation.RequestMappingHandlerAdapter.invokeHandlerMethod(RequestMappingHandlerAdapter.java:925)
		at org.springframework.web.servlet.mvc.method.annotation.RequestMappingHandlerAdapter.handleInternal(RequestMappingHandlerAdapter.java:830)
		at org.springframework.web.servlet.mvc.method.AbstractHandlerMethodAdapter.handle(AbstractHandlerMethodAdapter.java:87)
		at org.springframework.web.servlet.DispatcherServlet.doDispatch(DispatcherServlet.java:1089)
		at org.springframework.web.servlet.DispatcherServlet.doService(DispatcherServlet.java:979)
		at org.springframework.web.servlet.FrameworkServlet.processRequest(FrameworkServlet.java:1014)
		at org.springframework.web.servlet.FrameworkServlet.doGet(FrameworkServlet.java:903)
		at jakarta.servlet.http.HttpServlet.service(HttpServlet.java:564)
		at org.springframework.web.servlet.FrameworkServlet.service(FrameworkServlet.java:885)
		at jakarta.servlet.http.HttpServlet.service(HttpServlet.java:658)
		at org.apache.catalina.core.ApplicationFilterChain.internalDoFilter(ApplicationFilterChain.java:205)
		at org.apache.catalina.core.ApplicationFilterChain.doFilter(ApplicationFilterChain.java:149)
		at org.apache.tomcat.websocket.server.WsFilter.doFilter(WsFilter.java:51)
		at org.apache.catalina.core.ApplicationFilterChain.internalDoFilter(ApplicationFilterChain.java:174)
		at org.apache.catalina.core.ApplicationFilterChain.doFilter(ApplicationFilterChain.java:149)
		at org.springframework.security.web.authentication.AbstractAuthenticationProcessingFilter.doFilter(AbstractAuthenticationProcessingFilter.java:227)
		at org.springframework.security.web.authentication.AbstractAuthenticationProcessingFilter.doFilter(AbstractAuthenticationProcessingFilter.java:221)
		at org.apache.catalina.core.ApplicationFilterChain.internalDoFilter(ApplicationFilterChain.java:174)
		at org.apache.catalina.core.ApplicationFilterChain.doFilter(ApplicationFilterChain.java:149)
		at org.springframework.security.web.authentication.AbstractAuthenticationProcessingFilter.doFilter(AbstractAuthenticationProcessingFilter.java:227)
		at org.springframework.security.web.authentication.AbstractAuthenticationProcessingFilter.doFilter(AbstractAuthenticationProcessingFilter.java:221)
		at org.apache.catalina.core.ApplicationFilterChain.internalDoFilter(ApplicationFilterChain.java:174)
		at org.apache.catalina.core.ApplicationFilterChain.doFilter(ApplicationFilterChain.java:149)
		at org.springframework.security.web.authentication.AbstractAuthenticationProcessingFilter.doFilter(AbstractAuthenticationProcessingFilter.java:227)
		at org.springframework.security.web.authentication.AbstractAuthenticationProcessingFilter.doFilter(AbstractAuthenticationProcessingFilter.java:221)
		at org.apache.catalina.core.ApplicationFilterChain.internalDoFilter(ApplicationFilterChain.java:174)
		at org.apache.catalina.core.ApplicationFilterChain.doFilter(ApplicationFilterChain.java:149)
		at org.springframework.web.filter.CompositeFilter$VirtualFilterChain.doFilter(CompositeFilter.java:108)
		at org.springframework.security.web.FilterChainProxy.lambda$doFilterInternal$3(FilterChainProxy.java:231)
		at org.springframework.security.web.ObservationFilterChainDecorator$FilterObservation$SimpleFilterObservation.lambda$wrap$1(ObservationFilterChainDecorator.java:479)
		at org.springframework.security.web.ObservationFilterChainDecorator$AroundFilterObservation$SimpleAroundFilterObservation.lambda$wrap$1(ObservationFilterChainDecorator.java:340)
		at org.springframework.security.web.ObservationFilterChainDecorator.lambda$wrapSecured$0(ObservationFilterChainDecorator.java:82)
		at org.springframework.security.web.ObservationFilterChainDecorator$VirtualFilterChain.doFilter(ObservationFilterChainDecorator.java:128)
		at org.springframework.security.web.access.intercept.AuthorizationFilter.doFilter(AuthorizationFilter.java:100)
		at org.springframework.security.web.ObservationFilterChainDecorator$ObservationFilter.wrapFilter(ObservationFilterChainDecorator.java:240)
		at org.springframework.security.web.ObservationFilterChainDecorator$ObservationFilter.doFilter(ObservationFilterChainDecorator.java:227)
		at org.springframework.security.web.ObservationFilterChainDecorator$VirtualFilterChain.doFilter(ObservationFilterChainDecorator.java:137)
		at org.springframework.security.web.access.ExceptionTranslationFilter.doFilter(ExceptionTranslationFilter.java:126)
		at org.springframework.security.web.access.ExceptionTranslationFilter.doFilter(ExceptionTranslationFilter.java:120)
		at org.springframework.security.web.ObservationFilterChainDecorator$ObservationFilter.wrapFilter(ObservationFilterChainDecorator.java:240)
		at org.springframework.security.web.ObservationFilterChainDecorator$ObservationFilter.doFilter(ObservationFilterChainDecorator.java:227)
		at org.springframework.security.web.ObservationFilterChainDecorator$VirtualFilterChain.doFilter(ObservationFilterChainDecorator.java:137)
		at org.springframework.security.web.session.SessionManagementFilter.doFilter(SessionManagementFilter.java:131)
		at org.springframework.security.web.session.SessionManagementFilter.doFilter(SessionManagementFilter.java:85)
		at org.springframework.security.web.ObservationFilterChainDecorator$ObservationFilter.wrapFilter(ObservationFilterChainDecorator.java:240)
		at org.springframework.security.web.ObservationFilterChainDecorator$ObservationFilter.doFilter(ObservationFilterChainDecorator.java:227)
		at org.springframework.security.web.ObservationFilterChainDecorator$VirtualFilterChain.doFilter(ObservationFilterChainDecorator.java:137)
		at org.springframework.security.web.authentication.AnonymousAuthenticationFilter.doFilter(AnonymousAuthenticationFilter.java:100)
		at org.springframework.security.web.ObservationFilterChainDecorator$ObservationFilter.wrapFilter(ObservationFilterChainDecorator.java:240)
		at org.springframework.security.web.ObservationFilterChainDecorator$ObservationFilter.doFilter(ObservationFilterChainDecorator.java:227)
		at org.springframework.security.web.ObservationFilterChainDecorator$VirtualFilterChain.doFilter(ObservationFilterChainDecorator.java:137)
		at org.springframework.security.web.servletapi.SecurityContextHolderAwareRequestFilter.doFilter(SecurityContextHolderAwareRequestFilter.java:179)
		at org.springframework.security.web.ObservationFilterChainDecorator$ObservationFilter.wrapFilter(ObservationFilterChainDecorator.java:240)
		at org.springframework.security.web.ObservationFilterChainDecorator$ObservationFilter.doFilter(ObservationFilterChainDecorator.java:227)
		at org.springframework.security.web.ObservationFilterChainDecorator$VirtualFilterChain.doFilter(ObservationFilterChainDecorator.java:137)
		at org.springframework.security.web.savedrequest.RequestCacheAwareFilter.doFilter(RequestCacheAwareFilter.java:63)
		at org.springframework.security.web.ObservationFilterChainDecorator$ObservationFilter.wrapFilter(ObservationFilterChainDecorator.java:240)
		at org.springframework.security.web.ObservationFilterChainDecorator$ObservationFilter.doFilter(ObservationFilterChainDecorator.java:227)
		at org.springframework.security.web.ObservationFilterChainDecorator$VirtualFilterChain.doFilter(ObservationFilterChainDecorator.java:137)
		at org.springframework.security.web.authentication.AbstractAuthenticationProcessingFilter.doFilter(AbstractAuthenticationProcessingFilter.java:227)
		at org.springframework.security.web.authentication.AbstractAuthenticationProcessingFilter.doFilter(AbstractAuthenticationProcessingFilter.java:221)
		at org.springframework.security.web.ObservationFilterChainDecorator$ObservationFilter.wrapFilter(ObservationFilterChainDecorator.java:240)
		at org.springframework.security.web.ObservationFilterChainDecorator$ObservationFilter.doFilter(ObservationFilterChainDecorator.java:227)
		at org.springframework.security.web.ObservationFilterChainDecorator$VirtualFilterChain.doFilter(ObservationFilterChainDecorator.java:137)
		at org.springframework.security.web.authentication.AbstractAuthenticationProcessingFilter.doFilter(AbstractAuthenticationProcessingFilter.java:227)
		at org.springframework.security.web.authentication.AbstractAuthenticationProcessingFilter.doFilter(AbstractAuthenticationProcessingFilter.java:221)
		at org.springframework.security.web.ObservationFilterChainDecorator$ObservationFilter.wrapFilter(ObservationFilterChainDecorator.java:240)
		at org.springframework.security.web.ObservationFilterChainDecorator$ObservationFilter.doFilter(ObservationFilterChainDecorator.java:227)
		at org.springframework.security.web.ObservationFilterChainDecorator$VirtualFilterChain.doFilter(ObservationFilterChainDecorator.java:137)
		at org.springframework.security.web.authentication.AbstractAuthenticationProcessingFilter.doFilter(AbstractAuthenticationProcessingFilter.java:227)
		at org.springframework.security.web.authentication.AbstractAuthenticationProcessingFilter.doFilter(AbstractAuthenticationProcessingFilter.java:221)
		at org.springframework.security.web.ObservationFilterChainDecorator$ObservationFilter.wrapFilter(ObservationFilterChainDecorator.java:240)
		at org.springframework.security.web.ObservationFilterChainDecorator$ObservationFilter.doFilter(ObservationFilterChainDecorator.java:227)
		at org.springframework.security.web.ObservationFilterChainDecorator$VirtualFilterChain.doFilter(ObservationFilterChainDecorator.java:137)
		at org.springframework.security.web.authentication.logout.LogoutFilter.doFilter(LogoutFilter.java:107)
		at org.springframework.security.web.authentication.logout.LogoutFilter.doFilter(LogoutFilter.java:93)
		at org.springframework.security.web.ObservationFilterChainDecorator$ObservationFilter.wrapFilter(ObservationFilterChainDecorator.java:240)
		at org.springframework.security.web.ObservationFilterChainDecorator$ObservationFilter.doFilter(ObservationFilterChainDecorator.java:227)
		at org.springframework.security.web.ObservationFilterChainDecorator$VirtualFilterChain.doFilter(ObservationFilterChainDecorator.java:137)
		at org.springframework.web.filter.CorsFilter.doFilterInternal(CorsFilter.java:91)
		at org.springframework.web.filter.OncePerRequestFilter.doFilter(OncePerRequestFilter.java:116)
		at org.springframework.security.web.ObservationFilterChainDecorator$ObservationFilter.wrapFilter(ObservationFilterChainDecorator.java:240)
		at org.springframework.security.web.ObservationFilterChainDecorator$ObservationFilter.doFilter(ObservationFilterChainDecorator.java:227)
		at org.springframework.security.web.ObservationFilterChainDecorator$VirtualFilterChain.doFilter(ObservationFilterChainDecorator.java:137)
		at org.springframework.security.web.header.HeaderWriterFilter.doHeadersAfter(HeaderWriterFilter.java:90)
		at org.springframework.security.web.header.HeaderWriterFilter.doFilterInternal(HeaderWriterFilter.java:75)
		at org.springframework.web.filter.OncePerRequestFilter.doFilter(OncePerRequestFilter.java:116)
		at org.springframework.security.web.ObservationFilterChainDecorator$ObservationFilter.wrapFilter(ObservationFilterChainDecorator.java:240)
		at org.springframework.security.web.ObservationFilterChainDecorator$ObservationFilter.doFilter(ObservationFilterChainDecorator.java:227)
		at org.springframework.security.web.ObservationFilterChainDecorator$VirtualFilterChain.doFilter(ObservationFilterChainDecorator.java:137)
		at org.springframework.security.web.context.SecurityContextHolderFilter.doFilter(SecurityContextHolderFilter.java:82)
		at org.springframework.security.web.context.SecurityContextHolderFilter.doFilter(SecurityContextHolderFilter.java:69)
		at org.springframework.security.web.ObservationFilterChainDecorator$ObservationFilter.wrapFilter(ObservationFilterChainDecorator.java:240)
		at org.springframework.security.web.ObservationFilterChainDecorator$ObservationFilter.doFilter(ObservationFilterChainDecorator.java:227)
		at org.springframework.security.web.ObservationFilterChainDecorator$VirtualFilterChain.doFilter(ObservationFilterChainDecorator.java:137)
		at org.springframework.security.web.context.request.async.WebAsyncManagerIntegrationFilter.doFilterInternal(WebAsyncManagerIntegrationFilter.java:62)
		at org.springframework.web.filter.OncePerRequestFilter.doFilter(OncePerRequestFilter.java:116)
		at org.springframework.security.web.ObservationFilterChainDecorator$ObservationFilter.wrapFilter(ObservationFilterChainDecorator.java:240)
		at org.springframework.security.web.ObservationFilterChainDecorator$ObservationFilter.doFilter(ObservationFilterChainDecorator.java:227)
		at org.springframework.security.web.ObservationFilterChainDecorator$VirtualFilterChain.doFilter(ObservationFilterChainDecorator.java:137)
		at org.springframework.security.web.session.DisableEncodeUrlFilter.doFilterInternal(DisableEncodeUrlFilter.java:42)
		at org.springframework.web.filter.OncePerRequestFilter.doFilter(OncePerRequestFilter.java:116)
		at org.springframework.security.web.ObservationFilterChainDecorator$ObservationFilter.wrapFilter(ObservationFilterChainDecorator.java:240)
		at org.springframework.security.web.ObservationFilterChainDecorator$AroundFilterObservation$SimpleAroundFilterObservation.lambda$wrap$0(ObservationFilterChainDecorator.java:323)
		at org.springframework.security.web.ObservationFilterChainDecorator$ObservationFilter.doFilter(ObservationFilterChainDecorator.java:224)
		at org.springframework.security.web.ObservationFilterChainDecorator$VirtualFilterChain.doFilter(ObservationFilterChainDecorator.java:137)
		at org.springframework.security.web.FilterChainProxy.doFilterInternal(FilterChainProxy.java:233)
		at org.springframework.security.web.FilterChainProxy.doFilter(FilterChainProxy.java:191)
		at org.springframework.web.filter.CompositeFilter$VirtualFilterChain.doFilter(CompositeFilter.java:113)
		at org.springframework.web.servlet.handler.HandlerMappingIntrospector.lambda$createCacheFilter$3(HandlerMappingIntrospector.java:195)
		at org.springframework.web.filter.CompositeFilter$VirtualFilterChain.doFilter(CompositeFilter.java:113)
		at org.springframework.web.filter.CompositeFilter.doFilter(CompositeFilter.java:74)
		at org.springframework.security.config.annotation.web.configuration.WebMvcSecurityConfiguration$CompositeFilterChainProxy.doFilter(WebMvcSecurityConfiguration.java:230)
		at org.springframework.web.filter.DelegatingFilterProxy.invokeDelegate(DelegatingFilterProxy.java:352)
		at org.springframework.web.filter.DelegatingFilterProxy.doFilter(DelegatingFilterProxy.java:268)
		at org.apache.catalina.core.ApplicationFilterChain.internalDoFilter(ApplicationFilterChain.java:174)
		at org.apache.catalina.core.ApplicationFilterChain.doFilter(ApplicationFilterChain.java:149)
		at org.springframework.web.filter.RequestContextFilter.doFilterInternal(RequestContextFilter.java:100)
		at org.springframework.web.filter.OncePerRequestFilter.doFilter(OncePerRequestFilter.java:116)
		at org.apache.catalina.core.ApplicationFilterChain.internalDoFilter(ApplicationFilterChain.java:174)
		at org.apache.catalina.core.ApplicationFilterChain.doFilter(ApplicationFilterChain.java:149)
		at org.springframework.web.filter.FormContentFilter.doFilterInternal(FormContentFilter.java:93)
		at org.springframework.web.filter.OncePerRequestFilter.doFilter(OncePerRequestFilter.java:116)
		at org.apache.catalina.core.ApplicationFilterChain.internalDoFilter(ApplicationFilterChain.java:174)
		at org.apache.catalina.core.ApplicationFilterChain.doFilter(ApplicationFilterChain.java:149)
		at org.springframework.web.filter.ServerHttpObservationFilter.doFilterInternal(ServerHttpObservationFilter.java:109)
		at org.springframework.web.filter.OncePerRequestFilter.doFilter(OncePerRequestFilter.java:116)
		at org.apache.catalina.core.ApplicationFilterChain.internalDoFilter(ApplicationFilterChain.java:174)
		at org.apache.catalina.core.ApplicationFilterChain.doFilter(ApplicationFilterChain.java:149)
		at org.springframework.web.filter.CharacterEncodingFilter.doFilterInternal(CharacterEncodingFilter.java:201)
		at org.springframework.web.filter.OncePerRequestFilter.doFilter(OncePerRequestFilter.java:116)
		at org.apache.catalina.core.ApplicationFilterChain.internalDoFilter(ApplicationFilterChain.java:174)
		at org.apache.catalina.core.ApplicationFilterChain.doFilter(ApplicationFilterChain.java:149)
		at org.apache.catalina.core.StandardWrapperValve.invoke(StandardWrapperValve.java:167)
		at org.apache.catalina.core.StandardContextValve.invoke(StandardContextValve.java:90)
		at org.apache.catalina.authenticator.AuthenticatorBase.invoke(AuthenticatorBase.java:482)
		at org.apache.catalina.core.StandardHostValve.invoke(StandardHostValve.java:115)
		at org.apache.catalina.valves.ErrorReportValve.invoke(ErrorReportValve.java:93)
		at org.apache.catalina.core.StandardEngineValve.invoke(StandardEngineValve.java:74)
		at org.apache.catalina.connector.CoyoteAdapter.service(CoyoteAdapter.java:344)
		at org.apache.coyote.http11.Http11Processor.service(Http11Processor.java:391)
		at org.apache.coyote.AbstractProcessorLight.process(AbstractProcessorLight.java:63)
		at org.apache.coyote.AbstractProtocol$ConnectionHandler.process(AbstractProtocol.java:896)
		at org.apache.tomcat.util.net.NioEndpoint$SocketProcessor.doRun(NioEndpoint.java:1744)
		at org.apache.tomcat.util.net.SocketProcessorBase.run(SocketProcessorBase.java:52)
		at org.apache.tomcat.util.threads.ThreadPoolExecutor.runWorker(ThreadPoolExecutor.java:1191)
		at org.apache.tomcat.util.threads.ThreadPoolExecutor$Worker.run(ThreadPoolExecutor.java:659)
		at org.apache.tomcat.util.threads.TaskThread$WrappingRunnable.run(TaskThread.java:63)
		... 1 common frames omitted
Caused by: org.springframework.web.reactive.function.client.WebClientRequestException: Connection refused: getsockopt: localhost/127.0.0.1:8080
	at org.springframework.web.reactive.function.client.ExchangeFunctions$DefaultExchangeFunction.lambda$wrapException$9(ExchangeFunctions.java:136)
	Suppressed: reactor.core.publisher.FluxOnAssembly$OnAssemblyException: 
Error has been observed at the following site(s):
	*__checkpoint ? Request to GET http://localhost:8080/api/noauth/translation/login/en_US [DefaultWebClient]
Original Stack Trace:
		at org.springframework.web.reactive.function.client.ExchangeFunctions$DefaultExchangeFunction.lambda$wrapException$9(ExchangeFunctions.java:136)
		at reactor.core.publisher.MonoErrorSupplied.subscribe(MonoErrorSupplied.java:55)
		at reactor.core.publisher.Mono.subscribe(Mono.java:4568)
		at reactor.core.publisher.FluxOnErrorResume$ResumeSubscriber.onError(FluxOnErrorResume.java:103)
		at reactor.core.publisher.FluxPeek$PeekSubscriber.onError(FluxPeek.java:222)
		at reactor.core.publisher.FluxPeek$PeekSubscriber.onError(FluxPeek.java:222)
		at reactor.core.publisher.FluxPeek$PeekSubscriber.onError(FluxPeek.java:222)
		at reactor.core.publisher.MonoNext$NextSubscriber.onError(MonoNext.java:93)
		at reactor.core.publisher.MonoFlatMapMany$FlatMapManyMain.onError(MonoFlatMapMany.java:205)
		at reactor.core.publisher.SerializedSubscriber.onError(SerializedSubscriber.java:124)
		at reactor.core.publisher.FluxRetryWhen$RetryWhenMainSubscriber.whenError(FluxRetryWhen.java:229)
		at reactor.core.publisher.FluxRetryWhen$RetryWhenOtherSubscriber.onError(FluxRetryWhen.java:279)
		at reactor.core.publisher.FluxContextWrite$ContextWriteSubscriber.onError(FluxContextWrite.java:121)
		at reactor.core.publisher.FluxConcatMapNoPrefetch$FluxConcatMapNoPrefetchSubscriber.maybeOnError(FluxConcatMapNoPrefetch.java:327)
		at reactor.core.publisher.FluxConcatMapNoPrefetch$FluxConcatMapNoPrefetchSubscriber.onNext(FluxConcatMapNoPrefetch.java:212)
		at reactor.core.publisher.FluxContextWrite$ContextWriteSubscriber.onNext(FluxContextWrite.java:107)
		at reactor.core.publisher.SinkManyEmitterProcessor.drain(SinkManyEmitterProcessor.java:476)
		at reactor.core.publisher.SinkManyEmitterProcessor$EmitterInner.drainParent(SinkManyEmitterProcessor.java:620)
		at reactor.core.publisher.FluxPublish$PubSubInner.request(FluxPublish.java:874)
		at reactor.core.publisher.FluxContextWrite$ContextWriteSubscriber.request(FluxContextWrite.java:136)
		at reactor.core.publisher.FluxConcatMapNoPrefetch$FluxConcatMapNoPrefetchSubscriber.request(FluxConcatMapNoPrefetch.java:337)
		at reactor.core.publisher.FluxContextWrite$ContextWriteSubscriber.request(FluxContextWrite.java:136)
		at reactor.core.publisher.Operators$DeferredSubscription.request(Operators.java:1743)
		at reactor.core.publisher.FluxRetryWhen$RetryWhenMainSubscriber.onError(FluxRetryWhen.java:196)
		at reactor.core.publisher.MonoCreate$DefaultMonoSink.error(MonoCreate.java:205)
		at reactor.netty.http.client.HttpClientConnect$MonoHttpConnect$ClientTransportSubscriber.onError(HttpClientConnect.java:311)
		at reactor.core.publisher.MonoCreate$DefaultMonoSink.error(MonoCreate.java:205)
		at reactor.netty.resources.DefaultPooledConnectionProvider$DisposableAcquire.onError(DefaultPooledConnectionProvider.java:172)
		at reactor.netty.internal.shaded.reactor.pool.AbstractPool$Borrower.fail(AbstractPool.java:488)
		at reactor.netty.internal.shaded.reactor.pool.SimpleDequePool.lambda$drainLoop$9(SimpleDequePool.java:436)
		at reactor.core.publisher.FluxDoOnEach$DoOnEachSubscriber.onError(FluxDoOnEach.java:186)
		at reactor.core.publisher.MonoCreate$DefaultMonoSink.error(MonoCreate.java:205)
		at reactor.netty.resources.DefaultPooledConnectionProvider$PooledConnectionAllocator$PooledConnectionInitializer.onError(DefaultPooledConnectionProvider.java:583)
		at reactor.core.publisher.MonoFlatMap$FlatMapMain.secondError(MonoFlatMap.java:241)
		at reactor.core.publisher.MonoFlatMap$FlatMapInner.onError(MonoFlatMap.java:315)
		at reactor.core.publisher.FluxOnErrorResume$ResumeSubscriber.onError(FluxOnErrorResume.java:106)
		at reactor.core.publisher.Operators.error(Operators.java:198)
		at reactor.core.publisher.MonoError.subscribe(MonoError.java:53)
		at reactor.core.publisher.Mono.subscribe(Mono.java:4568)
		at reactor.core.publisher.FluxOnErrorResume$ResumeSubscriber.onError(FluxOnErrorResume.java:103)
		at reactor.netty.transport.TransportConnector$MonoChannelPromise.tryFailure(TransportConnector.java:576)
		at reactor.netty.transport.TransportConnector$MonoChannelPromise.setFailure(TransportConnector.java:522)
		at reactor.netty.transport.TransportConnector.lambda$doConnect$7(TransportConnector.java:261)
		at io.netty.util.concurrent.DefaultPromise.notifyListener0(DefaultPromise.java:590)
		at io.netty.util.concurrent.DefaultPromise.notifyListeners0(DefaultPromise.java:583)
		at io.netty.util.concurrent.DefaultPromise.notifyListenersNow(DefaultPromise.java:559)
		at io.netty.util.concurrent.DefaultPromise.notifyListeners(DefaultPromise.java:492)
		at io.netty.util.concurrent.DefaultPromise.setValue0(DefaultPromise.java:636)
		at io.netty.util.concurrent.DefaultPromise.setFailure0(DefaultPromise.java:629)
		at io.netty.util.concurrent.DefaultPromise.tryFailure(DefaultPromise.java:118)
		at io.netty.channel.nio.AbstractNioChannel$AbstractNioUnsafe.fulfillConnectPromise(AbstractNioChannel.java:326)
		at io.netty.channel.nio.AbstractNioChannel$AbstractNioUnsafe.finishConnect(AbstractNioChannel.java:342)
		at io.netty.channel.nio.NioEventLoop.processSelectedKey(NioEventLoop.java:776)
		at io.netty.channel.nio.NioEventLoop.processSelectedKeysOptimized(NioEventLoop.java:724)
		at io.netty.channel.nio.NioEventLoop.processSelectedKeys(NioEventLoop.java:650)
		at io.netty.channel.nio.NioEventLoop.run(NioEventLoop.java:562)
		at io.netty.util.concurrent.SingleThreadEventExecutor$4.run(SingleThreadEventExecutor.java:997)
		at io.netty.util.internal.ThreadExecutorMap$2.run(ThreadExecutorMap.java:74)
		at io.netty.util.concurrent.FastThreadLocalRunnable.run(FastThreadLocalRunnable.java:30)
		at java.base/java.lang.Thread.run(Thread.java:840)
Caused by: io.netty.channel.AbstractChannel$AnnotatedConnectException: Connection refused: getsockopt: localhost/127.0.0.1:8080
Caused by: java.net.ConnectException: Connection refused: getsockopt
	at java.base/sun.nio.ch.Net.pollConnect(Native Method)
	at java.base/sun.nio.ch.Net.pollConnectNow(Net.java:672)
	at java.base/sun.nio.ch.SocketChannelImpl.finishConnect(SocketChannelImpl.java:946)
	at io.netty.channel.socket.nio.NioSocketChannel.doFinishConnect(NioSocketChannel.java:336)
	at io.netty.channel.nio.AbstractNioChannel$AbstractNioUnsafe.finishConnect(AbstractNioChannel.java:339)
	at io.netty.channel.nio.NioEventLoop.processSelectedKey(NioEventLoop.java:776)
	at io.netty.channel.nio.NioEventLoop.processSelectedKeysOptimized(NioEventLoop.java:724)
	at io.netty.channel.nio.NioEventLoop.processSelectedKeys(NioEventLoop.java:650)
	at io.netty.channel.nio.NioEventLoop.run(NioEventLoop.java:562)
	at io.netty.util.concurrent.SingleThreadEventExecutor$4.run(SingleThreadEventExecutor.java:997)
	at io.netty.util.internal.ThreadExecutorMap$2.run(ThreadExecutorMap.java:74)
	at io.netty.util.concurrent.FastThreadLocalRunnable.run(FastThreadLocalRunnable.java:30)
	at java.base/java.lang.Thread.run(Thread.java:840)
[32m2025-06-04 | 10:18:36.385[0;39m | [34mINFO [0;39m [[36mapp-(scheduled)-statsCollector-0        [0;39m] [33mo.t.t.s.s.StatsCollector[0;39m                        : Schedule:  Key waitForQuota count 1 duration 0 avg 0 ms 
[32m2025-06-04 | 10:18:36.920[0;39m | [34mINFO [0;39m [[36mapp-(scheduled)-rateLimitLogging-0      [0;39m] [33mo.t.t.s.p.RateLimitService[0;39m                      : total requests 1 in progress 0 queue size 0 
[32m2025-06-04 | 10:18:46.923[0;39m | [34mINFO [0;39m [[36mapp-(scheduled)-rateLimitLogging-0      [0;39m] [33mo.t.t.s.p.RateLimitService[0;39m                      : total requests 1 in progress 0 queue size 0 
[32m2025-06-04 | 10:18:56.915[0;39m | [34mINFO [0;39m [[36mapp-(scheduled)-rateLimitLogging-0      [0;39m] [33mo.t.t.s.p.RateLimitService[0;39m                      : total requests 1 in progress 0 queue size 0 
[32m2025-06-04 | 10:19:06.913[0;39m | [34mINFO [0;39m [[36mapp-(scheduled)-rateLimitLogging-0      [0;39m] [33mo.t.t.s.p.RateLimitService[0;39m                      : total requests 1 in progress 0 queue size 0 
[32m2025-06-04 | 10:19:16.918[0;39m | [34mINFO [0;39m [[36mapp-(scheduled)-rateLimitLogging-0      [0;39m] [33mo.t.t.s.p.RateLimitService[0;39m                      : total requests 1 in progress 0 queue size 0 
[32m2025-06-04 | 10:19:26.917[0;39m | [34mINFO [0;39m [[36mapp-(scheduled)-rateLimitLogging-0      [0;39m] [33mo.t.t.s.p.RateLimitService[0;39m                      : total requests 1 in progress 0 queue size 0 
[32m2025-06-04 | 10:19:36.392[0;39m | [34mINFO [0;39m [[36mapp-(scheduled)-statsCollector-0        [0;39m] [33mo.t.t.s.s.StatsCollector[0;39m                        : Schedule:  Key waitForQuota count 1 duration 0 avg 0 ms 
[32m2025-06-04 | 10:19:36.914[0;39m | [34mINFO [0;39m [[36mapp-(scheduled)-rateLimitLogging-0      [0;39m] [33mo.t.t.s.p.RateLimitService[0;39m                      : total requests 1 in progress 0 queue size 0 
[32m2025-06-04 | 10:19:46.916[0;39m | [34mINFO [0;39m [[36mapp-(scheduled)-rateLimitLogging-0      [0;39m] [33mo.t.t.s.p.RateLimitService[0;39m                      : total requests 1 in progress 0 queue size 0 
[32m2025-06-04 | 10:19:56.915[0;39m | [34mINFO [0;39m [[36mapp-(scheduled)-rateLimitLogging-0      [0;39m] [33mo.t.t.s.p.RateLimitService[0;39m                      : total requests 1 in progress 0 queue size 0 
[32m2025-06-04 | 10:20:06.920[0;39m | [34mINFO [0;39m [[36mapp-(scheduled)-rateLimitLogging-0      [0;39m] [33mo.t.t.s.p.RateLimitService[0;39m                      : total requests 1 in progress 0 queue size 0 
[32m2025-06-04 | 10:20:16.943[0;39m | [34mINFO [0;39m [[36mapp-(scheduled)-rateLimitLogging-0      [0;39m] [33mo.t.t.s.p.RateLimitService[0;39m                      : total requests 1 in progress 0 queue size 0 
[32m2025-06-04 | 10:20:26.914[0;39m | [34mINFO [0;39m [[36mapp-(scheduled)-rateLimitLogging-0      [0;39m] [33mo.t.t.s.p.RateLimitService[0;39m                      : total requests 1 in progress 0 queue size 0 
[32m2025-06-04 | 10:20:36.387[0;39m | [34mINFO [0;39m [[36mapp-(scheduled)-statsCollector-0        [0;39m] [33mo.t.t.s.s.StatsCollector[0;39m                        : Schedule:  Key waitForQuota count 1 duration 0 avg 0 ms 
[32m2025-06-04 | 10:20:36.926[0;39m | [34mINFO [0;39m [[36mapp-(scheduled)-rateLimitLogging-0      [0;39m] [33mo.t.t.s.p.RateLimitService[0;39m                      : total requests 1 in progress 0 queue size 0 
[32m2025-06-04 | 10:20:46.916[0;39m | [34mINFO [0;39m [[36mapp-(scheduled)-rateLimitLogging-0      [0;39m] [33mo.t.t.s.p.RateLimitService[0;39m                      : total requests 1 in progress 0 queue size 0 
[32m2025-06-04 | 10:20:56.917[0;39m | [34mINFO [0;39m [[36mapp-(scheduled)-rateLimitLogging-0      [0;39m] [33mo.t.t.s.p.RateLimitService[0;39m                      : total requests 1 in progress 0 queue size 0 
[32m2025-06-04 | 10:21:06.920[0;39m | [34mINFO [0;39m [[36mapp-(scheduled)-rateLimitLogging-0      [0;39m] [33mo.t.t.s.p.RateLimitService[0;39m                      : total requests 1 in progress 0 queue size 0 
[32m2025-06-04 | 10:21:16.920[0;39m | [34mINFO [0;39m [[36mapp-(scheduled)-rateLimitLogging-0      [0;39m] [33mo.t.t.s.p.RateLimitService[0;39m                      : total requests 1 in progress 0 queue size 0 
[32m2025-06-04 | 10:21:26.914[0;39m | [34mINFO [0;39m [[36mapp-(scheduled)-rateLimitLogging-0      [0;39m] [33mo.t.t.s.p.RateLimitService[0;39m                      : total requests 1 in progress 0 queue size 0 
[32m2025-06-04 | 10:21:36.388[0;39m | [34mINFO [0;39m [[36mapp-(scheduled)-statsCollector-0        [0;39m] [33mo.t.t.s.s.StatsCollector[0;39m                        : Schedule:  Key waitForQuota count 1 duration 0 avg 0 ms 
[32m2025-06-04 | 10:21:36.924[0;39m | [34mINFO [0;39m [[36mapp-(scheduled)-rateLimitLogging-0      [0;39m] [33mo.t.t.s.p.RateLimitService[0;39m                      : total requests 1 in progress 0 queue size 0 
[32m2025-06-04 | 10:21:46.939[0;39m | [34mINFO [0;39m [[36mapp-(scheduled)-rateLimitLogging-0      [0;39m] [33mo.t.t.s.p.RateLimitService[0;39m                      : total requests 1 in progress 0 queue size 0 
[32m2025-06-04 | 10:21:56.923[0;39m | [34mINFO [0;39m [[36mapp-(scheduled)-rateLimitLogging-0      [0;39m] [33mo.t.t.s.p.RateLimitService[0;39m                      : total requests 1 in progress 0 queue size 0 
[32m2025-06-04 | 10:22:06.945[0;39m | [34mINFO [0;39m [[36mapp-(scheduled)-rateLimitLogging-0      [0;39m] [33mo.t.t.s.p.RateLimitService[0;39m                      : total requests 1 in progress 0 queue size 0 
[32m2025-06-04 | 10:22:16.927[0;39m | [34mINFO [0;39m [[36mapp-(scheduled)-rateLimitLogging-0      [0;39m] [33mo.t.t.s.p.RateLimitService[0;39m                      : total requests 1 in progress 0 queue size 0 
[32m2025-06-04 | 10:22:26.915[0;39m | [34mINFO [0;39m [[36mapp-(scheduled)-rateLimitLogging-0      [0;39m] [33mo.t.t.s.p.RateLimitService[0;39m                      : total requests 1 in progress 0 queue size 0 
[32m2025-06-04 | 10:22:36.393[0;39m | [34mINFO [0;39m [[36mapp-(scheduled)-statsCollector-0        [0;39m] [33mo.t.t.s.s.StatsCollector[0;39m                        : Schedule:  Key waitForQuota count 1 duration 0 avg 0 ms 
[32m2025-06-04 | 10:22:36.913[0;39m | [34mINFO [0;39m [[36mapp-(scheduled)-rateLimitLogging-0      [0;39m] [33mo.t.t.s.p.RateLimitService[0;39m                      : total requests 1 in progress 0 queue size 0 
[32m2025-06-04 | 10:22:46.914[0;39m | [34mINFO [0;39m [[36mapp-(scheduled)-rateLimitLogging-0      [0;39m] [33mo.t.t.s.p.RateLimitService[0;39m                      : total requests 1 in progress 0 queue size 0 
[32m2025-06-04 | 10:22:56.927[0;39m | [34mINFO [0;39m [[36mapp-(scheduled)-rateLimitLogging-0      [0;39m] [33mo.t.t.s.p.RateLimitService[0;39m                      : total requests 1 in progress 0 queue size 0 
[32m2025-06-04 | 10:23:06.913[0;39m | [34mINFO [0;39m [[36mapp-(scheduled)-rateLimitLogging-0      [0;39m] [33mo.t.t.s.p.RateLimitService[0;39m                      : total requests 1 in progress 0 queue size 0 
[32m2025-06-04 | 10:23:16.920[0;39m | [34mINFO [0;39m [[36mapp-(scheduled)-rateLimitLogging-0      [0;39m] [33mo.t.t.s.p.RateLimitService[0;39m                      : total requests 1 in progress 0 queue size 0 
[32m2025-06-04 | 10:23:26.924[0;39m | [34mINFO [0;39m [[36mapp-(scheduled)-rateLimitLogging-0      [0;39m] [33mo.t.t.s.p.RateLimitService[0;39m                      : total requests 1 in progress 0 queue size 0 
[32m2025-06-04 | 10:23:36.389[0;39m | [34mINFO [0;39m [[36mapp-(scheduled)-statsCollector-0        [0;39m] [33mo.t.t.s.s.StatsCollector[0;39m                        : Schedule:  Key waitForQuota count 1 duration 0 avg 0 ms 
[32m2025-06-04 | 10:23:36.918[0;39m | [34mINFO [0;39m [[36mapp-(scheduled)-rateLimitLogging-0      [0;39m] [33mo.t.t.s.p.RateLimitService[0;39m                      : total requests 1 in progress 0 queue size 0 
[32m2025-06-04 | 10:23:46.926[0;39m | [34mINFO [0;39m [[36mapp-(scheduled)-rateLimitLogging-0      [0;39m] [33mo.t.t.s.p.RateLimitService[0;39m                      : total requests 1 in progress 0 queue size 0 
[32m2025-06-04 | 10:23:56.918[0;39m | [34mINFO [0;39m [[36mapp-(scheduled)-rateLimitLogging-0      [0;39m] [33mo.t.t.s.p.RateLimitService[0;39m                      : total requests 1 in progress 0 queue size 0 
[32m2025-06-04 | 10:24:06.920[0;39m | [34mINFO [0;39m [[36mapp-(scheduled)-rateLimitLogging-0      [0;39m] [33mo.t.t.s.p.RateLimitService[0;39m                      : total requests 1 in progress 0 queue size 0 
[32m2025-06-04 | 10:24:13.149[0;39m | [1;31mERROR[0;39m [[36mhttp-nio-0.0.0.0-8888-exec-3            [0;39m] [33mo.t.t.c.ExceptionHandlerController[0;39m              : The request to the Thingsboard was failed 
org.thingsboard.trendz.exception.service.provider.TbWebClientException: Error during execution request: 
url = /api/noauth/translation/login/en_US cause = Connection refused: getsockopt: localhost/127.0.0.1:8080

	at org.thingsboard.trendz.service.provider.TbWebClient.lambda$queryWrapper$23(TbWebClient.java:301)
	at reactor.core.publisher.FluxOnErrorResume$ResumeSubscriber.onError(FluxOnErrorResume.java:94)
	at reactor.core.publisher.FluxPeek$PeekSubscriber.onError(FluxPeek.java:222)
	at reactor.core.publisher.FluxMap$MapSubscriber.onError(FluxMap.java:134)
	at reactor.core.publisher.FluxOnErrorResume$ResumeSubscriber.onError(FluxOnErrorResume.java:106)
	at reactor.core.publisher.Operators.error(Operators.java:198)
	at reactor.core.publisher.MonoError.subscribe(MonoError.java:53)
	at reactor.core.publisher.Mono.subscribe(Mono.java:4568)
	at reactor.core.publisher.FluxOnErrorResume$ResumeSubscriber.onError(FluxOnErrorResume.java:103)
	at reactor.core.publisher.FluxPeek$PeekSubscriber.onError(FluxPeek.java:222)
	at reactor.core.publisher.FluxMap$MapSubscriber.onError(FluxMap.java:134)
	at reactor.core.publisher.Operators$MultiSubscriptionSubscriber.onError(Operators.java:2236)
	at reactor.core.publisher.MonoFlatMap$FlatMapMain.secondError(MonoFlatMap.java:241)
	at reactor.core.publisher.MonoFlatMap$FlatMapInner.onError(MonoFlatMap.java:315)
	at reactor.core.publisher.MonoPublishOn$PublishOnSubscriber.run(MonoPublishOn.java:187)
	at reactor.core.scheduler.SchedulerTask.call(SchedulerTask.java:68)
	at reactor.core.scheduler.SchedulerTask.call(SchedulerTask.java:28)
	at java.base/java.util.concurrent.FutureTask.run(FutureTask.java:264)
	at java.base/java.util.concurrent.ThreadPoolExecutor.runWorker(ThreadPoolExecutor.java:1136)
	at java.base/java.util.concurrent.ThreadPoolExecutor$Worker.run(ThreadPoolExecutor.java:635)
	at java.base/java.lang.Thread.run(Thread.java:840)
	Suppressed: [CIRCULAR REFERENCE: org.springframework.web.reactive.function.client.WebClientRequestException: Connection refused: getsockopt: localhost/127.0.0.1:8080]
	Suppressed: java.lang.Exception: #block terminated with an error
		at reactor.core.publisher.BlockingSingleSubscriber.blockingGet(BlockingSingleSubscriber.java:146)
		at reactor.core.publisher.Mono.block(Mono.java:1807)
		at org.thingsboard.trendz.service.translation.TranslationService.getTranslationsBeforeLogin(TranslationService.java:30)
		at org.thingsboard.trendz.controller.TranslationsController.getTranslationsBeforeLogin(TranslationsController.java:28)
		at java.base/jdk.internal.reflect.NativeMethodAccessorImpl.invoke0(Native Method)
		at java.base/jdk.internal.reflect.NativeMethodAccessorImpl.invoke(NativeMethodAccessorImpl.java:77)
		at java.base/jdk.internal.reflect.DelegatingMethodAccessorImpl.invoke(DelegatingMethodAccessorImpl.java:43)
		at java.base/java.lang.reflect.Method.invoke(Method.java:569)
		at org.springframework.aop.support.AopUtils.invokeJoinpointUsingReflection(AopUtils.java:351)
		at org.springframework.aop.framework.CglibAopProxy$DynamicAdvisedInterceptor.intercept(CglibAopProxy.java:713)
		at org.thingsboard.trendz.controller.TranslationsController$$SpringCGLIB$$0.getTranslationsBeforeLogin(<generated>)
		at java.base/jdk.internal.reflect.NativeMethodAccessorImpl.invoke0(Native Method)
		at java.base/jdk.internal.reflect.NativeMethodAccessorImpl.invoke(NativeMethodAccessorImpl.java:77)
		at java.base/jdk.internal.reflect.DelegatingMethodAccessorImpl.invoke(DelegatingMethodAccessorImpl.java:43)
		at java.base/java.lang.reflect.Method.invoke(Method.java:569)
		at org.springframework.web.method.support.InvocableHandlerMethod.doInvoke(InvocableHandlerMethod.java:255)
		at org.springframework.web.method.support.InvocableHandlerMethod.invokeForRequest(InvocableHandlerMethod.java:188)
		at org.springframework.web.servlet.mvc.method.annotation.ServletInvocableHandlerMethod.invokeAndHandle(ServletInvocableHandlerMethod.java:118)
		at org.springframework.web.servlet.mvc.method.annotation.RequestMappingHandlerAdapter.invokeHandlerMethod(RequestMappingHandlerAdapter.java:925)
		at org.springframework.web.servlet.mvc.method.annotation.RequestMappingHandlerAdapter.handleInternal(RequestMappingHandlerAdapter.java:830)
		at org.springframework.web.servlet.mvc.method.AbstractHandlerMethodAdapter.handle(AbstractHandlerMethodAdapter.java:87)
		at org.springframework.web.servlet.DispatcherServlet.doDispatch(DispatcherServlet.java:1089)
		at org.springframework.web.servlet.DispatcherServlet.doService(DispatcherServlet.java:979)
		at org.springframework.web.servlet.FrameworkServlet.processRequest(FrameworkServlet.java:1014)
		at org.springframework.web.servlet.FrameworkServlet.doGet(FrameworkServlet.java:903)
		at jakarta.servlet.http.HttpServlet.service(HttpServlet.java:564)
		at org.springframework.web.servlet.FrameworkServlet.service(FrameworkServlet.java:885)
		at jakarta.servlet.http.HttpServlet.service(HttpServlet.java:658)
		at org.apache.catalina.core.ApplicationFilterChain.internalDoFilter(ApplicationFilterChain.java:205)
		at org.apache.catalina.core.ApplicationFilterChain.doFilter(ApplicationFilterChain.java:149)
		at org.apache.tomcat.websocket.server.WsFilter.doFilter(WsFilter.java:51)
		at org.apache.catalina.core.ApplicationFilterChain.internalDoFilter(ApplicationFilterChain.java:174)
		at org.apache.catalina.core.ApplicationFilterChain.doFilter(ApplicationFilterChain.java:149)
		at org.springframework.security.web.authentication.AbstractAuthenticationProcessingFilter.doFilter(AbstractAuthenticationProcessingFilter.java:227)
		at org.springframework.security.web.authentication.AbstractAuthenticationProcessingFilter.doFilter(AbstractAuthenticationProcessingFilter.java:221)
		at org.apache.catalina.core.ApplicationFilterChain.internalDoFilter(ApplicationFilterChain.java:174)
		at org.apache.catalina.core.ApplicationFilterChain.doFilter(ApplicationFilterChain.java:149)
		at org.springframework.security.web.authentication.AbstractAuthenticationProcessingFilter.doFilter(AbstractAuthenticationProcessingFilter.java:227)
		at org.springframework.security.web.authentication.AbstractAuthenticationProcessingFilter.doFilter(AbstractAuthenticationProcessingFilter.java:221)
		at org.apache.catalina.core.ApplicationFilterChain.internalDoFilter(ApplicationFilterChain.java:174)
		at org.apache.catalina.core.ApplicationFilterChain.doFilter(ApplicationFilterChain.java:149)
		at org.springframework.security.web.authentication.AbstractAuthenticationProcessingFilter.doFilter(AbstractAuthenticationProcessingFilter.java:227)
		at org.springframework.security.web.authentication.AbstractAuthenticationProcessingFilter.doFilter(AbstractAuthenticationProcessingFilter.java:221)
		at org.apache.catalina.core.ApplicationFilterChain.internalDoFilter(ApplicationFilterChain.java:174)
		at org.apache.catalina.core.ApplicationFilterChain.doFilter(ApplicationFilterChain.java:149)
		at org.springframework.web.filter.CompositeFilter$VirtualFilterChain.doFilter(CompositeFilter.java:108)
		at org.springframework.security.web.FilterChainProxy.lambda$doFilterInternal$3(FilterChainProxy.java:231)
		at org.springframework.security.web.ObservationFilterChainDecorator$FilterObservation$SimpleFilterObservation.lambda$wrap$1(ObservationFilterChainDecorator.java:479)
		at org.springframework.security.web.ObservationFilterChainDecorator$AroundFilterObservation$SimpleAroundFilterObservation.lambda$wrap$1(ObservationFilterChainDecorator.java:340)
		at org.springframework.security.web.ObservationFilterChainDecorator.lambda$wrapSecured$0(ObservationFilterChainDecorator.java:82)
		at org.springframework.security.web.ObservationFilterChainDecorator$VirtualFilterChain.doFilter(ObservationFilterChainDecorator.java:128)
		at org.springframework.security.web.access.intercept.AuthorizationFilter.doFilter(AuthorizationFilter.java:100)
		at org.springframework.security.web.ObservationFilterChainDecorator$ObservationFilter.wrapFilter(ObservationFilterChainDecorator.java:240)
		at org.springframework.security.web.ObservationFilterChainDecorator$ObservationFilter.doFilter(ObservationFilterChainDecorator.java:227)
		at org.springframework.security.web.ObservationFilterChainDecorator$VirtualFilterChain.doFilter(ObservationFilterChainDecorator.java:137)
		at org.springframework.security.web.access.ExceptionTranslationFilter.doFilter(ExceptionTranslationFilter.java:126)
		at org.springframework.security.web.access.ExceptionTranslationFilter.doFilter(ExceptionTranslationFilter.java:120)
		at org.springframework.security.web.ObservationFilterChainDecorator$ObservationFilter.wrapFilter(ObservationFilterChainDecorator.java:240)
		at org.springframework.security.web.ObservationFilterChainDecorator$ObservationFilter.doFilter(ObservationFilterChainDecorator.java:227)
		at org.springframework.security.web.ObservationFilterChainDecorator$VirtualFilterChain.doFilter(ObservationFilterChainDecorator.java:137)
		at org.springframework.security.web.session.SessionManagementFilter.doFilter(SessionManagementFilter.java:131)
		at org.springframework.security.web.session.SessionManagementFilter.doFilter(SessionManagementFilter.java:85)
		at org.springframework.security.web.ObservationFilterChainDecorator$ObservationFilter.wrapFilter(ObservationFilterChainDecorator.java:240)
		at org.springframework.security.web.ObservationFilterChainDecorator$ObservationFilter.doFilter(ObservationFilterChainDecorator.java:227)
		at org.springframework.security.web.ObservationFilterChainDecorator$VirtualFilterChain.doFilter(ObservationFilterChainDecorator.java:137)
		at org.springframework.security.web.authentication.AnonymousAuthenticationFilter.doFilter(AnonymousAuthenticationFilter.java:100)
		at org.springframework.security.web.ObservationFilterChainDecorator$ObservationFilter.wrapFilter(ObservationFilterChainDecorator.java:240)
		at org.springframework.security.web.ObservationFilterChainDecorator$ObservationFilter.doFilter(ObservationFilterChainDecorator.java:227)
		at org.springframework.security.web.ObservationFilterChainDecorator$VirtualFilterChain.doFilter(ObservationFilterChainDecorator.java:137)
		at org.springframework.security.web.servletapi.SecurityContextHolderAwareRequestFilter.doFilter(SecurityContextHolderAwareRequestFilter.java:179)
		at org.springframework.security.web.ObservationFilterChainDecorator$ObservationFilter.wrapFilter(ObservationFilterChainDecorator.java:240)
		at org.springframework.security.web.ObservationFilterChainDecorator$ObservationFilter.doFilter(ObservationFilterChainDecorator.java:227)
		at org.springframework.security.web.ObservationFilterChainDecorator$VirtualFilterChain.doFilter(ObservationFilterChainDecorator.java:137)
		at org.springframework.security.web.savedrequest.RequestCacheAwareFilter.doFilter(RequestCacheAwareFilter.java:63)
		at org.springframework.security.web.ObservationFilterChainDecorator$ObservationFilter.wrapFilter(ObservationFilterChainDecorator.java:240)
		at org.springframework.security.web.ObservationFilterChainDecorator$ObservationFilter.doFilter(ObservationFilterChainDecorator.java:227)
		at org.springframework.security.web.ObservationFilterChainDecorator$VirtualFilterChain.doFilter(ObservationFilterChainDecorator.java:137)
		at org.springframework.security.web.authentication.AbstractAuthenticationProcessingFilter.doFilter(AbstractAuthenticationProcessingFilter.java:227)
		at org.springframework.security.web.authentication.AbstractAuthenticationProcessingFilter.doFilter(AbstractAuthenticationProcessingFilter.java:221)
		at org.springframework.security.web.ObservationFilterChainDecorator$ObservationFilter.wrapFilter(ObservationFilterChainDecorator.java:240)
		at org.springframework.security.web.ObservationFilterChainDecorator$ObservationFilter.doFilter(ObservationFilterChainDecorator.java:227)
		at org.springframework.security.web.ObservationFilterChainDecorator$VirtualFilterChain.doFilter(ObservationFilterChainDecorator.java:137)
		at org.springframework.security.web.authentication.AbstractAuthenticationProcessingFilter.doFilter(AbstractAuthenticationProcessingFilter.java:227)
		at org.springframework.security.web.authentication.AbstractAuthenticationProcessingFilter.doFilter(AbstractAuthenticationProcessingFilter.java:221)
		at org.springframework.security.web.ObservationFilterChainDecorator$ObservationFilter.wrapFilter(ObservationFilterChainDecorator.java:240)
		at org.springframework.security.web.ObservationFilterChainDecorator$ObservationFilter.doFilter(ObservationFilterChainDecorator.java:227)
		at org.springframework.security.web.ObservationFilterChainDecorator$VirtualFilterChain.doFilter(ObservationFilterChainDecorator.java:137)
		at org.springframework.security.web.authentication.AbstractAuthenticationProcessingFilter.doFilter(AbstractAuthenticationProcessingFilter.java:227)
		at org.springframework.security.web.authentication.AbstractAuthenticationProcessingFilter.doFilter(AbstractAuthenticationProcessingFilter.java:221)
		at org.springframework.security.web.ObservationFilterChainDecorator$ObservationFilter.wrapFilter(ObservationFilterChainDecorator.java:240)
		at org.springframework.security.web.ObservationFilterChainDecorator$ObservationFilter.doFilter(ObservationFilterChainDecorator.java:227)
		at org.springframework.security.web.ObservationFilterChainDecorator$VirtualFilterChain.doFilter(ObservationFilterChainDecorator.java:137)
		at org.springframework.security.web.authentication.logout.LogoutFilter.doFilter(LogoutFilter.java:107)
		at org.springframework.security.web.authentication.logout.LogoutFilter.doFilter(LogoutFilter.java:93)
		at org.springframework.security.web.ObservationFilterChainDecorator$ObservationFilter.wrapFilter(ObservationFilterChainDecorator.java:240)
		at org.springframework.security.web.ObservationFilterChainDecorator$ObservationFilter.doFilter(ObservationFilterChainDecorator.java:227)
		at org.springframework.security.web.ObservationFilterChainDecorator$VirtualFilterChain.doFilter(ObservationFilterChainDecorator.java:137)
		at org.springframework.web.filter.CorsFilter.doFilterInternal(CorsFilter.java:91)
		at org.springframework.web.filter.OncePerRequestFilter.doFilter(OncePerRequestFilter.java:116)
		at org.springframework.security.web.ObservationFilterChainDecorator$ObservationFilter.wrapFilter(ObservationFilterChainDecorator.java:240)
		at org.springframework.security.web.ObservationFilterChainDecorator$ObservationFilter.doFilter(ObservationFilterChainDecorator.java:227)
		at org.springframework.security.web.ObservationFilterChainDecorator$VirtualFilterChain.doFilter(ObservationFilterChainDecorator.java:137)
		at org.springframework.security.web.header.HeaderWriterFilter.doHeadersAfter(HeaderWriterFilter.java:90)
		at org.springframework.security.web.header.HeaderWriterFilter.doFilterInternal(HeaderWriterFilter.java:75)
		at org.springframework.web.filter.OncePerRequestFilter.doFilter(OncePerRequestFilter.java:116)
		at org.springframework.security.web.ObservationFilterChainDecorator$ObservationFilter.wrapFilter(ObservationFilterChainDecorator.java:240)
		at org.springframework.security.web.ObservationFilterChainDecorator$ObservationFilter.doFilter(ObservationFilterChainDecorator.java:227)
		at org.springframework.security.web.ObservationFilterChainDecorator$VirtualFilterChain.doFilter(ObservationFilterChainDecorator.java:137)
		at org.springframework.security.web.context.SecurityContextHolderFilter.doFilter(SecurityContextHolderFilter.java:82)
		at org.springframework.security.web.context.SecurityContextHolderFilter.doFilter(SecurityContextHolderFilter.java:69)
		at org.springframework.security.web.ObservationFilterChainDecorator$ObservationFilter.wrapFilter(ObservationFilterChainDecorator.java:240)
		at org.springframework.security.web.ObservationFilterChainDecorator$ObservationFilter.doFilter(ObservationFilterChainDecorator.java:227)
		at org.springframework.security.web.ObservationFilterChainDecorator$VirtualFilterChain.doFilter(ObservationFilterChainDecorator.java:137)
		at org.springframework.security.web.context.request.async.WebAsyncManagerIntegrationFilter.doFilterInternal(WebAsyncManagerIntegrationFilter.java:62)
		at org.springframework.web.filter.OncePerRequestFilter.doFilter(OncePerRequestFilter.java:116)
		at org.springframework.security.web.ObservationFilterChainDecorator$ObservationFilter.wrapFilter(ObservationFilterChainDecorator.java:240)
		at org.springframework.security.web.ObservationFilterChainDecorator$ObservationFilter.doFilter(ObservationFilterChainDecorator.java:227)
		at org.springframework.security.web.ObservationFilterChainDecorator$VirtualFilterChain.doFilter(ObservationFilterChainDecorator.java:137)
		at org.springframework.security.web.session.DisableEncodeUrlFilter.doFilterInternal(DisableEncodeUrlFilter.java:42)
		at org.springframework.web.filter.OncePerRequestFilter.doFilter(OncePerRequestFilter.java:116)
		at org.springframework.security.web.ObservationFilterChainDecorator$ObservationFilter.wrapFilter(ObservationFilterChainDecorator.java:240)
		at org.springframework.security.web.ObservationFilterChainDecorator$AroundFilterObservation$SimpleAroundFilterObservation.lambda$wrap$0(ObservationFilterChainDecorator.java:323)
		at org.springframework.security.web.ObservationFilterChainDecorator$ObservationFilter.doFilter(ObservationFilterChainDecorator.java:224)
		at org.springframework.security.web.ObservationFilterChainDecorator$VirtualFilterChain.doFilter(ObservationFilterChainDecorator.java:137)
		at org.springframework.security.web.FilterChainProxy.doFilterInternal(FilterChainProxy.java:233)
		at org.springframework.security.web.FilterChainProxy.doFilter(FilterChainProxy.java:191)
		at org.springframework.web.filter.CompositeFilter$VirtualFilterChain.doFilter(CompositeFilter.java:113)
		at org.springframework.web.servlet.handler.HandlerMappingIntrospector.lambda$createCacheFilter$3(HandlerMappingIntrospector.java:195)
		at org.springframework.web.filter.CompositeFilter$VirtualFilterChain.doFilter(CompositeFilter.java:113)
		at org.springframework.web.filter.CompositeFilter.doFilter(CompositeFilter.java:74)
		at org.springframework.security.config.annotation.web.configuration.WebMvcSecurityConfiguration$CompositeFilterChainProxy.doFilter(WebMvcSecurityConfiguration.java:230)
		at org.springframework.web.filter.DelegatingFilterProxy.invokeDelegate(DelegatingFilterProxy.java:352)
		at org.springframework.web.filter.DelegatingFilterProxy.doFilter(DelegatingFilterProxy.java:268)
		at org.apache.catalina.core.ApplicationFilterChain.internalDoFilter(ApplicationFilterChain.java:174)
		at org.apache.catalina.core.ApplicationFilterChain.doFilter(ApplicationFilterChain.java:149)
		at org.springframework.web.filter.RequestContextFilter.doFilterInternal(RequestContextFilter.java:100)
		at org.springframework.web.filter.OncePerRequestFilter.doFilter(OncePerRequestFilter.java:116)
		at org.apache.catalina.core.ApplicationFilterChain.internalDoFilter(ApplicationFilterChain.java:174)
		at org.apache.catalina.core.ApplicationFilterChain.doFilter(ApplicationFilterChain.java:149)
		at org.springframework.web.filter.FormContentFilter.doFilterInternal(FormContentFilter.java:93)
		at org.springframework.web.filter.OncePerRequestFilter.doFilter(OncePerRequestFilter.java:116)
		at org.apache.catalina.core.ApplicationFilterChain.internalDoFilter(ApplicationFilterChain.java:174)
		at org.apache.catalina.core.ApplicationFilterChain.doFilter(ApplicationFilterChain.java:149)
		at org.springframework.web.filter.ServerHttpObservationFilter.doFilterInternal(ServerHttpObservationFilter.java:109)
		at org.springframework.web.filter.OncePerRequestFilter.doFilter(OncePerRequestFilter.java:116)
		at org.apache.catalina.core.ApplicationFilterChain.internalDoFilter(ApplicationFilterChain.java:174)
		at org.apache.catalina.core.ApplicationFilterChain.doFilter(ApplicationFilterChain.java:149)
		at org.springframework.web.filter.CharacterEncodingFilter.doFilterInternal(CharacterEncodingFilter.java:201)
		at org.springframework.web.filter.OncePerRequestFilter.doFilter(OncePerRequestFilter.java:116)
		at org.apache.catalina.core.ApplicationFilterChain.internalDoFilter(ApplicationFilterChain.java:174)
		at org.apache.catalina.core.ApplicationFilterChain.doFilter(ApplicationFilterChain.java:149)
		at org.apache.catalina.core.StandardWrapperValve.invoke(StandardWrapperValve.java:167)
		at org.apache.catalina.core.StandardContextValve.invoke(StandardContextValve.java:90)
		at org.apache.catalina.authenticator.AuthenticatorBase.invoke(AuthenticatorBase.java:482)
		at org.apache.catalina.core.StandardHostValve.invoke(StandardHostValve.java:115)
		at org.apache.catalina.valves.ErrorReportValve.invoke(ErrorReportValve.java:93)
		at org.apache.catalina.core.StandardEngineValve.invoke(StandardEngineValve.java:74)
		at org.apache.catalina.connector.CoyoteAdapter.service(CoyoteAdapter.java:344)
		at org.apache.coyote.http11.Http11Processor.service(Http11Processor.java:391)
		at org.apache.coyote.AbstractProcessorLight.process(AbstractProcessorLight.java:63)
		at org.apache.coyote.AbstractProtocol$ConnectionHandler.process(AbstractProtocol.java:896)
		at org.apache.tomcat.util.net.NioEndpoint$SocketProcessor.doRun(NioEndpoint.java:1744)
		at org.apache.tomcat.util.net.SocketProcessorBase.run(SocketProcessorBase.java:52)
		at org.apache.tomcat.util.threads.ThreadPoolExecutor.runWorker(ThreadPoolExecutor.java:1191)
		at org.apache.tomcat.util.threads.ThreadPoolExecutor$Worker.run(ThreadPoolExecutor.java:659)
		at org.apache.tomcat.util.threads.TaskThread$WrappingRunnable.run(TaskThread.java:63)
		... 1 common frames omitted
Caused by: org.springframework.web.reactive.function.client.WebClientRequestException: Connection refused: getsockopt: localhost/127.0.0.1:8080
	at org.springframework.web.reactive.function.client.ExchangeFunctions$DefaultExchangeFunction.lambda$wrapException$9(ExchangeFunctions.java:136)
	Suppressed: reactor.core.publisher.FluxOnAssembly$OnAssemblyException: 
Error has been observed at the following site(s):
	*__checkpoint ? Request to GET http://localhost:8080/api/noauth/translation/login/en_US [DefaultWebClient]
Original Stack Trace:
		at org.springframework.web.reactive.function.client.ExchangeFunctions$DefaultExchangeFunction.lambda$wrapException$9(ExchangeFunctions.java:136)
		at reactor.core.publisher.MonoErrorSupplied.subscribe(MonoErrorSupplied.java:55)
		at reactor.core.publisher.Mono.subscribe(Mono.java:4568)
		at reactor.core.publisher.FluxOnErrorResume$ResumeSubscriber.onError(FluxOnErrorResume.java:103)
		at reactor.core.publisher.FluxPeek$PeekSubscriber.onError(FluxPeek.java:222)
		at reactor.core.publisher.FluxPeek$PeekSubscriber.onError(FluxPeek.java:222)
		at reactor.core.publisher.FluxPeek$PeekSubscriber.onError(FluxPeek.java:222)
		at reactor.core.publisher.MonoNext$NextSubscriber.onError(MonoNext.java:93)
		at reactor.core.publisher.MonoFlatMapMany$FlatMapManyMain.onError(MonoFlatMapMany.java:205)
		at reactor.core.publisher.SerializedSubscriber.onError(SerializedSubscriber.java:124)
		at reactor.core.publisher.FluxRetryWhen$RetryWhenMainSubscriber.whenError(FluxRetryWhen.java:229)
		at reactor.core.publisher.FluxRetryWhen$RetryWhenOtherSubscriber.onError(FluxRetryWhen.java:279)
		at reactor.core.publisher.FluxContextWrite$ContextWriteSubscriber.onError(FluxContextWrite.java:121)
		at reactor.core.publisher.FluxConcatMapNoPrefetch$FluxConcatMapNoPrefetchSubscriber.maybeOnError(FluxConcatMapNoPrefetch.java:327)
		at reactor.core.publisher.FluxConcatMapNoPrefetch$FluxConcatMapNoPrefetchSubscriber.onNext(FluxConcatMapNoPrefetch.java:212)
		at reactor.core.publisher.FluxContextWrite$ContextWriteSubscriber.onNext(FluxContextWrite.java:107)
		at reactor.core.publisher.SinkManyEmitterProcessor.drain(SinkManyEmitterProcessor.java:476)
		at reactor.core.publisher.SinkManyEmitterProcessor$EmitterInner.drainParent(SinkManyEmitterProcessor.java:620)
		at reactor.core.publisher.FluxPublish$PubSubInner.request(FluxPublish.java:874)
		at reactor.core.publisher.FluxContextWrite$ContextWriteSubscriber.request(FluxContextWrite.java:136)
		at reactor.core.publisher.FluxConcatMapNoPrefetch$FluxConcatMapNoPrefetchSubscriber.request(FluxConcatMapNoPrefetch.java:337)
		at reactor.core.publisher.FluxContextWrite$ContextWriteSubscriber.request(FluxContextWrite.java:136)
		at reactor.core.publisher.Operators$DeferredSubscription.request(Operators.java:1743)
		at reactor.core.publisher.FluxRetryWhen$RetryWhenMainSubscriber.onError(FluxRetryWhen.java:196)
		at reactor.core.publisher.MonoCreate$DefaultMonoSink.error(MonoCreate.java:205)
		at reactor.netty.http.client.HttpClientConnect$MonoHttpConnect$ClientTransportSubscriber.onError(HttpClientConnect.java:311)
		at reactor.core.publisher.MonoCreate$DefaultMonoSink.error(MonoCreate.java:205)
		at reactor.netty.resources.DefaultPooledConnectionProvider$DisposableAcquire.onError(DefaultPooledConnectionProvider.java:172)
		at reactor.netty.internal.shaded.reactor.pool.AbstractPool$Borrower.fail(AbstractPool.java:488)
		at reactor.netty.internal.shaded.reactor.pool.SimpleDequePool.lambda$drainLoop$9(SimpleDequePool.java:436)
		at reactor.core.publisher.FluxDoOnEach$DoOnEachSubscriber.onError(FluxDoOnEach.java:186)
		at reactor.core.publisher.MonoCreate$DefaultMonoSink.error(MonoCreate.java:205)
		at reactor.netty.resources.DefaultPooledConnectionProvider$PooledConnectionAllocator$PooledConnectionInitializer.onError(DefaultPooledConnectionProvider.java:583)
		at reactor.core.publisher.MonoFlatMap$FlatMapMain.secondError(MonoFlatMap.java:241)
		at reactor.core.publisher.MonoFlatMap$FlatMapInner.onError(MonoFlatMap.java:315)
		at reactor.core.publisher.FluxOnErrorResume$ResumeSubscriber.onError(FluxOnErrorResume.java:106)
		at reactor.core.publisher.Operators.error(Operators.java:198)
		at reactor.core.publisher.MonoError.subscribe(MonoError.java:53)
		at reactor.core.publisher.Mono.subscribe(Mono.java:4568)
		at reactor.core.publisher.FluxOnErrorResume$ResumeSubscriber.onError(FluxOnErrorResume.java:103)
		at reactor.netty.transport.TransportConnector$MonoChannelPromise.tryFailure(TransportConnector.java:576)
		at reactor.netty.transport.TransportConnector$MonoChannelPromise.setFailure(TransportConnector.java:522)
		at reactor.netty.transport.TransportConnector.lambda$doConnect$7(TransportConnector.java:261)
		at io.netty.util.concurrent.DefaultPromise.notifyListener0(DefaultPromise.java:590)
		at io.netty.util.concurrent.DefaultPromise.notifyListeners0(DefaultPromise.java:583)
		at io.netty.util.concurrent.DefaultPromise.notifyListenersNow(DefaultPromise.java:559)
		at io.netty.util.concurrent.DefaultPromise.notifyListeners(DefaultPromise.java:492)
		at io.netty.util.concurrent.DefaultPromise.setValue0(DefaultPromise.java:636)
		at io.netty.util.concurrent.DefaultPromise.setFailure0(DefaultPromise.java:629)
		at io.netty.util.concurrent.DefaultPromise.tryFailure(DefaultPromise.java:118)
		at io.netty.channel.nio.AbstractNioChannel$AbstractNioUnsafe.fulfillConnectPromise(AbstractNioChannel.java:326)
		at io.netty.channel.nio.AbstractNioChannel$AbstractNioUnsafe.finishConnect(AbstractNioChannel.java:342)
		at io.netty.channel.nio.NioEventLoop.processSelectedKey(NioEventLoop.java:776)
		at io.netty.channel.nio.NioEventLoop.processSelectedKeysOptimized(NioEventLoop.java:724)
		at io.netty.channel.nio.NioEventLoop.processSelectedKeys(NioEventLoop.java:650)
		at io.netty.channel.nio.NioEventLoop.run(NioEventLoop.java:562)
		at io.netty.util.concurrent.SingleThreadEventExecutor$4.run(SingleThreadEventExecutor.java:997)
		at io.netty.util.internal.ThreadExecutorMap$2.run(ThreadExecutorMap.java:74)
		at io.netty.util.concurrent.FastThreadLocalRunnable.run(FastThreadLocalRunnable.java:30)
		at java.base/java.lang.Thread.run(Thread.java:840)
Caused by: io.netty.channel.AbstractChannel$AnnotatedConnectException: Connection refused: getsockopt: localhost/127.0.0.1:8080
Caused by: java.net.ConnectException: Connection refused: getsockopt
	at java.base/sun.nio.ch.Net.pollConnect(Native Method)
	at java.base/sun.nio.ch.Net.pollConnectNow(Net.java:672)
	at java.base/sun.nio.ch.SocketChannelImpl.finishConnect(SocketChannelImpl.java:946)
	at io.netty.channel.socket.nio.NioSocketChannel.doFinishConnect(NioSocketChannel.java:336)
	at io.netty.channel.nio.AbstractNioChannel$AbstractNioUnsafe.finishConnect(AbstractNioChannel.java:339)
	at io.netty.channel.nio.NioEventLoop.processSelectedKey(NioEventLoop.java:776)
	at io.netty.channel.nio.NioEventLoop.processSelectedKeysOptimized(NioEventLoop.java:724)
	at io.netty.channel.nio.NioEventLoop.processSelectedKeys(NioEventLoop.java:650)
	at io.netty.channel.nio.NioEventLoop.run(NioEventLoop.java:562)
	at io.netty.util.concurrent.SingleThreadEventExecutor$4.run(SingleThreadEventExecutor.java:997)
	at io.netty.util.internal.ThreadExecutorMap$2.run(ThreadExecutorMap.java:74)
	at io.netty.util.concurrent.FastThreadLocalRunnable.run(FastThreadLocalRunnable.java:30)
	at java.base/java.lang.Thread.run(Thread.java:840)
[32m2025-06-04 | 10:24:16.913[0;39m | [34mINFO [0;39m [[36mapp-(scheduled)-rateLimitLogging-0      [0;39m] [33mo.t.t.s.p.RateLimitService[0;39m                      : total requests 2 in progress 0 queue size 0 
[32m2025-06-04 | 10:24:24.776[0;39m | [1;31mERROR[0;39m [[36mhttp-nio-0.0.0.0-8888-exec-6            [0;39m] [33mo.t.t.c.ExceptionHandlerController[0;39m              : The request to the Thingsboard was failed 
org.thingsboard.trendz.exception.service.provider.TbWebClientException: Error during execution request: 
url = /api/noauth/translation/login/en_US cause = Connection refused: getsockopt: localhost/127.0.0.1:8080

	at org.thingsboard.trendz.service.provider.TbWebClient.lambda$queryWrapper$23(TbWebClient.java:301)
	at reactor.core.publisher.FluxOnErrorResume$ResumeSubscriber.onError(FluxOnErrorResume.java:94)
	at reactor.core.publisher.FluxPeek$PeekSubscriber.onError(FluxPeek.java:222)
	at reactor.core.publisher.FluxMap$MapSubscriber.onError(FluxMap.java:134)
	at reactor.core.publisher.FluxOnErrorResume$ResumeSubscriber.onError(FluxOnErrorResume.java:106)
	at reactor.core.publisher.Operators.error(Operators.java:198)
	at reactor.core.publisher.MonoError.subscribe(MonoError.java:53)
	at reactor.core.publisher.Mono.subscribe(Mono.java:4568)
	at reactor.core.publisher.FluxOnErrorResume$ResumeSubscriber.onError(FluxOnErrorResume.java:103)
	at reactor.core.publisher.FluxPeek$PeekSubscriber.onError(FluxPeek.java:222)
	at reactor.core.publisher.FluxMap$MapSubscriber.onError(FluxMap.java:134)
	at reactor.core.publisher.Operators$MultiSubscriptionSubscriber.onError(Operators.java:2236)
	at reactor.core.publisher.MonoFlatMap$FlatMapMain.secondError(MonoFlatMap.java:241)
	at reactor.core.publisher.MonoFlatMap$FlatMapInner.onError(MonoFlatMap.java:315)
	at reactor.core.publisher.MonoPublishOn$PublishOnSubscriber.run(MonoPublishOn.java:187)
	at reactor.core.scheduler.SchedulerTask.call(SchedulerTask.java:68)
	at reactor.core.scheduler.SchedulerTask.call(SchedulerTask.java:28)
	at java.base/java.util.concurrent.FutureTask.run(FutureTask.java:264)
	at java.base/java.util.concurrent.ThreadPoolExecutor.runWorker(ThreadPoolExecutor.java:1136)
	at java.base/java.util.concurrent.ThreadPoolExecutor$Worker.run(ThreadPoolExecutor.java:635)
	at java.base/java.lang.Thread.run(Thread.java:840)
	Suppressed: [CIRCULAR REFERENCE: org.springframework.web.reactive.function.client.WebClientRequestException: Connection refused: getsockopt: localhost/127.0.0.1:8080]
	Suppressed: java.lang.Exception: #block terminated with an error
		at reactor.core.publisher.BlockingSingleSubscriber.blockingGet(BlockingSingleSubscriber.java:146)
		at reactor.core.publisher.Mono.block(Mono.java:1807)
		at org.thingsboard.trendz.service.translation.TranslationService.getTranslationsBeforeLogin(TranslationService.java:30)
		at org.thingsboard.trendz.controller.TranslationsController.getTranslationsBeforeLogin(TranslationsController.java:28)
		at java.base/jdk.internal.reflect.NativeMethodAccessorImpl.invoke0(Native Method)
		at java.base/jdk.internal.reflect.NativeMethodAccessorImpl.invoke(NativeMethodAccessorImpl.java:77)
		at java.base/jdk.internal.reflect.DelegatingMethodAccessorImpl.invoke(DelegatingMethodAccessorImpl.java:43)
		at java.base/java.lang.reflect.Method.invoke(Method.java:569)
		at org.springframework.aop.support.AopUtils.invokeJoinpointUsingReflection(AopUtils.java:351)
		at org.springframework.aop.framework.CglibAopProxy$DynamicAdvisedInterceptor.intercept(CglibAopProxy.java:713)
		at org.thingsboard.trendz.controller.TranslationsController$$SpringCGLIB$$0.getTranslationsBeforeLogin(<generated>)
		at java.base/jdk.internal.reflect.NativeMethodAccessorImpl.invoke0(Native Method)
		at java.base/jdk.internal.reflect.NativeMethodAccessorImpl.invoke(NativeMethodAccessorImpl.java:77)
		at java.base/jdk.internal.reflect.DelegatingMethodAccessorImpl.invoke(DelegatingMethodAccessorImpl.java:43)
		at java.base/java.lang.reflect.Method.invoke(Method.java:569)
		at org.springframework.web.method.support.InvocableHandlerMethod.doInvoke(InvocableHandlerMethod.java:255)
		at org.springframework.web.method.support.InvocableHandlerMethod.invokeForRequest(InvocableHandlerMethod.java:188)
		at org.springframework.web.servlet.mvc.method.annotation.ServletInvocableHandlerMethod.invokeAndHandle(ServletInvocableHandlerMethod.java:118)
		at org.springframework.web.servlet.mvc.method.annotation.RequestMappingHandlerAdapter.invokeHandlerMethod(RequestMappingHandlerAdapter.java:925)
		at org.springframework.web.servlet.mvc.method.annotation.RequestMappingHandlerAdapter.handleInternal(RequestMappingHandlerAdapter.java:830)
		at org.springframework.web.servlet.mvc.method.AbstractHandlerMethodAdapter.handle(AbstractHandlerMethodAdapter.java:87)
		at org.springframework.web.servlet.DispatcherServlet.doDispatch(DispatcherServlet.java:1089)
		at org.springframework.web.servlet.DispatcherServlet.doService(DispatcherServlet.java:979)
		at org.springframework.web.servlet.FrameworkServlet.processRequest(FrameworkServlet.java:1014)
		at org.springframework.web.servlet.FrameworkServlet.doGet(FrameworkServlet.java:903)
		at jakarta.servlet.http.HttpServlet.service(HttpServlet.java:564)
		at org.springframework.web.servlet.FrameworkServlet.service(FrameworkServlet.java:885)
		at jakarta.servlet.http.HttpServlet.service(HttpServlet.java:658)
		at org.apache.catalina.core.ApplicationFilterChain.internalDoFilter(ApplicationFilterChain.java:205)
		at org.apache.catalina.core.ApplicationFilterChain.doFilter(ApplicationFilterChain.java:149)
		at org.apache.tomcat.websocket.server.WsFilter.doFilter(WsFilter.java:51)
		at org.apache.catalina.core.ApplicationFilterChain.internalDoFilter(ApplicationFilterChain.java:174)
		at org.apache.catalina.core.ApplicationFilterChain.doFilter(ApplicationFilterChain.java:149)
		at org.springframework.security.web.authentication.AbstractAuthenticationProcessingFilter.doFilter(AbstractAuthenticationProcessingFilter.java:227)
		at org.springframework.security.web.authentication.AbstractAuthenticationProcessingFilter.doFilter(AbstractAuthenticationProcessingFilter.java:221)
		at org.apache.catalina.core.ApplicationFilterChain.internalDoFilter(ApplicationFilterChain.java:174)
		at org.apache.catalina.core.ApplicationFilterChain.doFilter(ApplicationFilterChain.java:149)
		at org.springframework.security.web.authentication.AbstractAuthenticationProcessingFilter.doFilter(AbstractAuthenticationProcessingFilter.java:227)
		at org.springframework.security.web.authentication.AbstractAuthenticationProcessingFilter.doFilter(AbstractAuthenticationProcessingFilter.java:221)
		at org.apache.catalina.core.ApplicationFilterChain.internalDoFilter(ApplicationFilterChain.java:174)
		at org.apache.catalina.core.ApplicationFilterChain.doFilter(ApplicationFilterChain.java:149)
		at org.springframework.security.web.authentication.AbstractAuthenticationProcessingFilter.doFilter(AbstractAuthenticationProcessingFilter.java:227)
		at org.springframework.security.web.authentication.AbstractAuthenticationProcessingFilter.doFilter(AbstractAuthenticationProcessingFilter.java:221)
		at org.apache.catalina.core.ApplicationFilterChain.internalDoFilter(ApplicationFilterChain.java:174)
		at org.apache.catalina.core.ApplicationFilterChain.doFilter(ApplicationFilterChain.java:149)
		at org.springframework.web.filter.CompositeFilter$VirtualFilterChain.doFilter(CompositeFilter.java:108)
		at org.springframework.security.web.FilterChainProxy.lambda$doFilterInternal$3(FilterChainProxy.java:231)
		at org.springframework.security.web.ObservationFilterChainDecorator$FilterObservation$SimpleFilterObservation.lambda$wrap$1(ObservationFilterChainDecorator.java:479)
		at org.springframework.security.web.ObservationFilterChainDecorator$AroundFilterObservation$SimpleAroundFilterObservation.lambda$wrap$1(ObservationFilterChainDecorator.java:340)
		at org.springframework.security.web.ObservationFilterChainDecorator.lambda$wrapSecured$0(ObservationFilterChainDecorator.java:82)
		at org.springframework.security.web.ObservationFilterChainDecorator$VirtualFilterChain.doFilter(ObservationFilterChainDecorator.java:128)
		at org.springframework.security.web.access.intercept.AuthorizationFilter.doFilter(AuthorizationFilter.java:100)
		at org.springframework.security.web.ObservationFilterChainDecorator$ObservationFilter.wrapFilter(ObservationFilterChainDecorator.java:240)
		at org.springframework.security.web.ObservationFilterChainDecorator$ObservationFilter.doFilter(ObservationFilterChainDecorator.java:227)
		at org.springframework.security.web.ObservationFilterChainDecorator$VirtualFilterChain.doFilter(ObservationFilterChainDecorator.java:137)
		at org.springframework.security.web.access.ExceptionTranslationFilter.doFilter(ExceptionTranslationFilter.java:126)
		at org.springframework.security.web.access.ExceptionTranslationFilter.doFilter(ExceptionTranslationFilter.java:120)
		at org.springframework.security.web.ObservationFilterChainDecorator$ObservationFilter.wrapFilter(ObservationFilterChainDecorator.java:240)
		at org.springframework.security.web.ObservationFilterChainDecorator$ObservationFilter.doFilter(ObservationFilterChainDecorator.java:227)
		at org.springframework.security.web.ObservationFilterChainDecorator$VirtualFilterChain.doFilter(ObservationFilterChainDecorator.java:137)
		at org.springframework.security.web.session.SessionManagementFilter.doFilter(SessionManagementFilter.java:131)
		at org.springframework.security.web.session.SessionManagementFilter.doFilter(SessionManagementFilter.java:85)
		at org.springframework.security.web.ObservationFilterChainDecorator$ObservationFilter.wrapFilter(ObservationFilterChainDecorator.java:240)
		at org.springframework.security.web.ObservationFilterChainDecorator$ObservationFilter.doFilter(ObservationFilterChainDecorator.java:227)
		at org.springframework.security.web.ObservationFilterChainDecorator$VirtualFilterChain.doFilter(ObservationFilterChainDecorator.java:137)
		at org.springframework.security.web.authentication.AnonymousAuthenticationFilter.doFilter(AnonymousAuthenticationFilter.java:100)
		at org.springframework.security.web.ObservationFilterChainDecorator$ObservationFilter.wrapFilter(ObservationFilterChainDecorator.java:240)
		at org.springframework.security.web.ObservationFilterChainDecorator$ObservationFilter.doFilter(ObservationFilterChainDecorator.java:227)
		at org.springframework.security.web.ObservationFilterChainDecorator$VirtualFilterChain.doFilter(ObservationFilterChainDecorator.java:137)
		at org.springframework.security.web.servletapi.SecurityContextHolderAwareRequestFilter.doFilter(SecurityContextHolderAwareRequestFilter.java:179)
		at org.springframework.security.web.ObservationFilterChainDecorator$ObservationFilter.wrapFilter(ObservationFilterChainDecorator.java:240)
		at org.springframework.security.web.ObservationFilterChainDecorator$ObservationFilter.doFilter(ObservationFilterChainDecorator.java:227)
		at org.springframework.security.web.ObservationFilterChainDecorator$VirtualFilterChain.doFilter(ObservationFilterChainDecorator.java:137)
		at org.springframework.security.web.savedrequest.RequestCacheAwareFilter.doFilter(RequestCacheAwareFilter.java:63)
		at org.springframework.security.web.ObservationFilterChainDecorator$ObservationFilter.wrapFilter(ObservationFilterChainDecorator.java:240)
		at org.springframework.security.web.ObservationFilterChainDecorator$ObservationFilter.doFilter(ObservationFilterChainDecorator.java:227)
		at org.springframework.security.web.ObservationFilterChainDecorator$VirtualFilterChain.doFilter(ObservationFilterChainDecorator.java:137)
		at org.springframework.security.web.authentication.AbstractAuthenticationProcessingFilter.doFilter(AbstractAuthenticationProcessingFilter.java:227)
		at org.springframework.security.web.authentication.AbstractAuthenticationProcessingFilter.doFilter(AbstractAuthenticationProcessingFilter.java:221)
		at org.springframework.security.web.ObservationFilterChainDecorator$ObservationFilter.wrapFilter(ObservationFilterChainDecorator.java:240)
		at org.springframework.security.web.ObservationFilterChainDecorator$ObservationFilter.doFilter(ObservationFilterChainDecorator.java:227)
		at org.springframework.security.web.ObservationFilterChainDecorator$VirtualFilterChain.doFilter(ObservationFilterChainDecorator.java:137)
		at org.springframework.security.web.authentication.AbstractAuthenticationProcessingFilter.doFilter(AbstractAuthenticationProcessingFilter.java:227)
		at org.springframework.security.web.authentication.AbstractAuthenticationProcessingFilter.doFilter(AbstractAuthenticationProcessingFilter.java:221)
		at org.springframework.security.web.ObservationFilterChainDecorator$ObservationFilter.wrapFilter(ObservationFilterChainDecorator.java:240)
		at org.springframework.security.web.ObservationFilterChainDecorator$ObservationFilter.doFilter(ObservationFilterChainDecorator.java:227)
		at org.springframework.security.web.ObservationFilterChainDecorator$VirtualFilterChain.doFilter(ObservationFilterChainDecorator.java:137)
		at org.springframework.security.web.authentication.AbstractAuthenticationProcessingFilter.doFilter(AbstractAuthenticationProcessingFilter.java:227)
		at org.springframework.security.web.authentication.AbstractAuthenticationProcessingFilter.doFilter(AbstractAuthenticationProcessingFilter.java:221)
		at org.springframework.security.web.ObservationFilterChainDecorator$ObservationFilter.wrapFilter(ObservationFilterChainDecorator.java:240)
		at org.springframework.security.web.ObservationFilterChainDecorator$ObservationFilter.doFilter(ObservationFilterChainDecorator.java:227)
		at org.springframework.security.web.ObservationFilterChainDecorator$VirtualFilterChain.doFilter(ObservationFilterChainDecorator.java:137)
		at org.springframework.security.web.authentication.logout.LogoutFilter.doFilter(LogoutFilter.java:107)
		at org.springframework.security.web.authentication.logout.LogoutFilter.doFilter(LogoutFilter.java:93)
		at org.springframework.security.web.ObservationFilterChainDecorator$ObservationFilter.wrapFilter(ObservationFilterChainDecorator.java:240)
		at org.springframework.security.web.ObservationFilterChainDecorator$ObservationFilter.doFilter(ObservationFilterChainDecorator.java:227)
		at org.springframework.security.web.ObservationFilterChainDecorator$VirtualFilterChain.doFilter(ObservationFilterChainDecorator.java:137)
		at org.springframework.web.filter.CorsFilter.doFilterInternal(CorsFilter.java:91)
		at org.springframework.web.filter.OncePerRequestFilter.doFilter(OncePerRequestFilter.java:116)
		at org.springframework.security.web.ObservationFilterChainDecorator$ObservationFilter.wrapFilter(ObservationFilterChainDecorator.java:240)
		at org.springframework.security.web.ObservationFilterChainDecorator$ObservationFilter.doFilter(ObservationFilterChainDecorator.java:227)
		at org.springframework.security.web.ObservationFilterChainDecorator$VirtualFilterChain.doFilter(ObservationFilterChainDecorator.java:137)
		at org.springframework.security.web.header.HeaderWriterFilter.doHeadersAfter(HeaderWriterFilter.java:90)
		at org.springframework.security.web.header.HeaderWriterFilter.doFilterInternal(HeaderWriterFilter.java:75)
		at org.springframework.web.filter.OncePerRequestFilter.doFilter(OncePerRequestFilter.java:116)
		at org.springframework.security.web.ObservationFilterChainDecorator$ObservationFilter.wrapFilter(ObservationFilterChainDecorator.java:240)
		at org.springframework.security.web.ObservationFilterChainDecorator$ObservationFilter.doFilter(ObservationFilterChainDecorator.java:227)
		at org.springframework.security.web.ObservationFilterChainDecorator$VirtualFilterChain.doFilter(ObservationFilterChainDecorator.java:137)
		at org.springframework.security.web.context.SecurityContextHolderFilter.doFilter(SecurityContextHolderFilter.java:82)
		at org.springframework.security.web.context.SecurityContextHolderFilter.doFilter(SecurityContextHolderFilter.java:69)
		at org.springframework.security.web.ObservationFilterChainDecorator$ObservationFilter.wrapFilter(ObservationFilterChainDecorator.java:240)
		at org.springframework.security.web.ObservationFilterChainDecorator$ObservationFilter.doFilter(ObservationFilterChainDecorator.java:227)
		at org.springframework.security.web.ObservationFilterChainDecorator$VirtualFilterChain.doFilter(ObservationFilterChainDecorator.java:137)
		at org.springframework.security.web.context.request.async.WebAsyncManagerIntegrationFilter.doFilterInternal(WebAsyncManagerIntegrationFilter.java:62)
		at org.springframework.web.filter.OncePerRequestFilter.doFilter(OncePerRequestFilter.java:116)
		at org.springframework.security.web.ObservationFilterChainDecorator$ObservationFilter.wrapFilter(ObservationFilterChainDecorator.java:240)
		at org.springframework.security.web.ObservationFilterChainDecorator$ObservationFilter.doFilter(ObservationFilterChainDecorator.java:227)
		at org.springframework.security.web.ObservationFilterChainDecorator$VirtualFilterChain.doFilter(ObservationFilterChainDecorator.java:137)
		at org.springframework.security.web.session.DisableEncodeUrlFilter.doFilterInternal(DisableEncodeUrlFilter.java:42)
		at org.springframework.web.filter.OncePerRequestFilter.doFilter(OncePerRequestFilter.java:116)
		at org.springframework.security.web.ObservationFilterChainDecorator$ObservationFilter.wrapFilter(ObservationFilterChainDecorator.java:240)
		at org.springframework.security.web.ObservationFilterChainDecorator$AroundFilterObservation$SimpleAroundFilterObservation.lambda$wrap$0(ObservationFilterChainDecorator.java:323)
		at org.springframework.security.web.ObservationFilterChainDecorator$ObservationFilter.doFilter(ObservationFilterChainDecorator.java:224)
		at org.springframework.security.web.ObservationFilterChainDecorator$VirtualFilterChain.doFilter(ObservationFilterChainDecorator.java:137)
		at org.springframework.security.web.FilterChainProxy.doFilterInternal(FilterChainProxy.java:233)
		at org.springframework.security.web.FilterChainProxy.doFilter(FilterChainProxy.java:191)
		at org.springframework.web.filter.CompositeFilter$VirtualFilterChain.doFilter(CompositeFilter.java:113)
		at org.springframework.web.servlet.handler.HandlerMappingIntrospector.lambda$createCacheFilter$3(HandlerMappingIntrospector.java:195)
		at org.springframework.web.filter.CompositeFilter$VirtualFilterChain.doFilter(CompositeFilter.java:113)
		at org.springframework.web.filter.CompositeFilter.doFilter(CompositeFilter.java:74)
		at org.springframework.security.config.annotation.web.configuration.WebMvcSecurityConfiguration$CompositeFilterChainProxy.doFilter(WebMvcSecurityConfiguration.java:230)
		at org.springframework.web.filter.DelegatingFilterProxy.invokeDelegate(DelegatingFilterProxy.java:352)
		at org.springframework.web.filter.DelegatingFilterProxy.doFilter(DelegatingFilterProxy.java:268)
		at org.apache.catalina.core.ApplicationFilterChain.internalDoFilter(ApplicationFilterChain.java:174)
		at org.apache.catalina.core.ApplicationFilterChain.doFilter(ApplicationFilterChain.java:149)
		at org.springframework.web.filter.RequestContextFilter.doFilterInternal(RequestContextFilter.java:100)
		at org.springframework.web.filter.OncePerRequestFilter.doFilter(OncePerRequestFilter.java:116)
		at org.apache.catalina.core.ApplicationFilterChain.internalDoFilter(ApplicationFilterChain.java:174)
		at org.apache.catalina.core.ApplicationFilterChain.doFilter(ApplicationFilterChain.java:149)
		at org.springframework.web.filter.FormContentFilter.doFilterInternal(FormContentFilter.java:93)
		at org.springframework.web.filter.OncePerRequestFilter.doFilter(OncePerRequestFilter.java:116)
		at org.apache.catalina.core.ApplicationFilterChain.internalDoFilter(ApplicationFilterChain.java:174)
		at org.apache.catalina.core.ApplicationFilterChain.doFilter(ApplicationFilterChain.java:149)
		at org.springframework.web.filter.ServerHttpObservationFilter.doFilterInternal(ServerHttpObservationFilter.java:109)
		at org.springframework.web.filter.OncePerRequestFilter.doFilter(OncePerRequestFilter.java:116)
		at org.apache.catalina.core.ApplicationFilterChain.internalDoFilter(ApplicationFilterChain.java:174)
		at org.apache.catalina.core.ApplicationFilterChain.doFilter(ApplicationFilterChain.java:149)
		at org.springframework.web.filter.CharacterEncodingFilter.doFilterInternal(CharacterEncodingFilter.java:201)
		at org.springframework.web.filter.OncePerRequestFilter.doFilter(OncePerRequestFilter.java:116)
		at org.apache.catalina.core.ApplicationFilterChain.internalDoFilter(ApplicationFilterChain.java:174)
		at org.apache.catalina.core.ApplicationFilterChain.doFilter(ApplicationFilterChain.java:149)
		at org.apache.catalina.core.StandardWrapperValve.invoke(StandardWrapperValve.java:167)
		at org.apache.catalina.core.StandardContextValve.invoke(StandardContextValve.java:90)
		at org.apache.catalina.authenticator.AuthenticatorBase.invoke(AuthenticatorBase.java:482)
		at org.apache.catalina.core.StandardHostValve.invoke(StandardHostValve.java:115)
		at org.apache.catalina.valves.ErrorReportValve.invoke(ErrorReportValve.java:93)
		at org.apache.catalina.core.StandardEngineValve.invoke(StandardEngineValve.java:74)
		at org.apache.catalina.connector.CoyoteAdapter.service(CoyoteAdapter.java:344)
		at org.apache.coyote.http11.Http11Processor.service(Http11Processor.java:391)
		at org.apache.coyote.AbstractProcessorLight.process(AbstractProcessorLight.java:63)
		at org.apache.coyote.AbstractProtocol$ConnectionHandler.process(AbstractProtocol.java:896)
		at org.apache.tomcat.util.net.NioEndpoint$SocketProcessor.doRun(NioEndpoint.java:1744)
		at org.apache.tomcat.util.net.SocketProcessorBase.run(SocketProcessorBase.java:52)
		at org.apache.tomcat.util.threads.ThreadPoolExecutor.runWorker(ThreadPoolExecutor.java:1191)
		at org.apache.tomcat.util.threads.ThreadPoolExecutor$Worker.run(ThreadPoolExecutor.java:659)
		at org.apache.tomcat.util.threads.TaskThread$WrappingRunnable.run(TaskThread.java:63)
		... 1 common frames omitted
Caused by: org.springframework.web.reactive.function.client.WebClientRequestException: Connection refused: getsockopt: localhost/127.0.0.1:8080
	at org.springframework.web.reactive.function.client.ExchangeFunctions$DefaultExchangeFunction.lambda$wrapException$9(ExchangeFunctions.java:136)
	Suppressed: reactor.core.publisher.FluxOnAssembly$OnAssemblyException: 
Error has been observed at the following site(s):
	*__checkpoint ? Request to GET http://localhost:8080/api/noauth/translation/login/en_US [DefaultWebClient]
Original Stack Trace:
		at org.springframework.web.reactive.function.client.ExchangeFunctions$DefaultExchangeFunction.lambda$wrapException$9(ExchangeFunctions.java:136)
		at reactor.core.publisher.MonoErrorSupplied.subscribe(MonoErrorSupplied.java:55)
		at reactor.core.publisher.Mono.subscribe(Mono.java:4568)
		at reactor.core.publisher.FluxOnErrorResume$ResumeSubscriber.onError(FluxOnErrorResume.java:103)
		at reactor.core.publisher.FluxPeek$PeekSubscriber.onError(FluxPeek.java:222)
		at reactor.core.publisher.FluxPeek$PeekSubscriber.onError(FluxPeek.java:222)
		at reactor.core.publisher.FluxPeek$PeekSubscriber.onError(FluxPeek.java:222)
		at reactor.core.publisher.MonoNext$NextSubscriber.onError(MonoNext.java:93)
		at reactor.core.publisher.MonoFlatMapMany$FlatMapManyMain.onError(MonoFlatMapMany.java:205)
		at reactor.core.publisher.SerializedSubscriber.onError(SerializedSubscriber.java:124)
		at reactor.core.publisher.FluxRetryWhen$RetryWhenMainSubscriber.whenError(FluxRetryWhen.java:229)
		at reactor.core.publisher.FluxRetryWhen$RetryWhenOtherSubscriber.onError(FluxRetryWhen.java:279)
		at reactor.core.publisher.FluxContextWrite$ContextWriteSubscriber.onError(FluxContextWrite.java:121)
		at reactor.core.publisher.FluxConcatMapNoPrefetch$FluxConcatMapNoPrefetchSubscriber.maybeOnError(FluxConcatMapNoPrefetch.java:327)
		at reactor.core.publisher.FluxConcatMapNoPrefetch$FluxConcatMapNoPrefetchSubscriber.onNext(FluxConcatMapNoPrefetch.java:212)
		at reactor.core.publisher.FluxContextWrite$ContextWriteSubscriber.onNext(FluxContextWrite.java:107)
		at reactor.core.publisher.SinkManyEmitterProcessor.drain(SinkManyEmitterProcessor.java:476)
		at reactor.core.publisher.SinkManyEmitterProcessor$EmitterInner.drainParent(SinkManyEmitterProcessor.java:620)
		at reactor.core.publisher.FluxPublish$PubSubInner.request(FluxPublish.java:874)
		at reactor.core.publisher.FluxContextWrite$ContextWriteSubscriber.request(FluxContextWrite.java:136)
		at reactor.core.publisher.FluxConcatMapNoPrefetch$FluxConcatMapNoPrefetchSubscriber.request(FluxConcatMapNoPrefetch.java:337)
		at reactor.core.publisher.FluxContextWrite$ContextWriteSubscriber.request(FluxContextWrite.java:136)
		at reactor.core.publisher.Operators$DeferredSubscription.request(Operators.java:1743)
		at reactor.core.publisher.FluxRetryWhen$RetryWhenMainSubscriber.onError(FluxRetryWhen.java:196)
		at reactor.core.publisher.MonoCreate$DefaultMonoSink.error(MonoCreate.java:205)
		at reactor.netty.http.client.HttpClientConnect$MonoHttpConnect$ClientTransportSubscriber.onError(HttpClientConnect.java:311)
		at reactor.core.publisher.MonoCreate$DefaultMonoSink.error(MonoCreate.java:205)
		at reactor.netty.resources.DefaultPooledConnectionProvider$DisposableAcquire.onError(DefaultPooledConnectionProvider.java:172)
		at reactor.netty.internal.shaded.reactor.pool.AbstractPool$Borrower.fail(AbstractPool.java:488)
		at reactor.netty.internal.shaded.reactor.pool.SimpleDequePool.lambda$drainLoop$9(SimpleDequePool.java:436)
		at reactor.core.publisher.FluxDoOnEach$DoOnEachSubscriber.onError(FluxDoOnEach.java:186)
		at reactor.core.publisher.MonoCreate$DefaultMonoSink.error(MonoCreate.java:205)
		at reactor.netty.resources.DefaultPooledConnectionProvider$PooledConnectionAllocator$PooledConnectionInitializer.onError(DefaultPooledConnectionProvider.java:583)
		at reactor.core.publisher.MonoFlatMap$FlatMapMain.secondError(MonoFlatMap.java:241)
		at reactor.core.publisher.MonoFlatMap$FlatMapInner.onError(MonoFlatMap.java:315)
		at reactor.core.publisher.FluxOnErrorResume$ResumeSubscriber.onError(FluxOnErrorResume.java:106)
		at reactor.core.publisher.Operators.error(Operators.java:198)
		at reactor.core.publisher.MonoError.subscribe(MonoError.java:53)
		at reactor.core.publisher.Mono.subscribe(Mono.java:4568)
		at reactor.core.publisher.FluxOnErrorResume$ResumeSubscriber.onError(FluxOnErrorResume.java:103)
		at reactor.netty.transport.TransportConnector$MonoChannelPromise.tryFailure(TransportConnector.java:576)
		at reactor.netty.transport.TransportConnector$MonoChannelPromise.setFailure(TransportConnector.java:522)
		at reactor.netty.transport.TransportConnector.lambda$doConnect$7(TransportConnector.java:261)
		at io.netty.util.concurrent.DefaultPromise.notifyListener0(DefaultPromise.java:590)
		at io.netty.util.concurrent.DefaultPromise.notifyListeners0(DefaultPromise.java:583)
		at io.netty.util.concurrent.DefaultPromise.notifyListenersNow(DefaultPromise.java:559)
		at io.netty.util.concurrent.DefaultPromise.notifyListeners(DefaultPromise.java:492)
		at io.netty.util.concurrent.DefaultPromise.setValue0(DefaultPromise.java:636)
		at io.netty.util.concurrent.DefaultPromise.setFailure0(DefaultPromise.java:629)
		at io.netty.util.concurrent.DefaultPromise.tryFailure(DefaultPromise.java:118)
		at io.netty.channel.nio.AbstractNioChannel$AbstractNioUnsafe.fulfillConnectPromise(AbstractNioChannel.java:326)
		at io.netty.channel.nio.AbstractNioChannel$AbstractNioUnsafe.finishConnect(AbstractNioChannel.java:342)
		at io.netty.channel.nio.NioEventLoop.processSelectedKey(NioEventLoop.java:776)
		at io.netty.channel.nio.NioEventLoop.processSelectedKeysOptimized(NioEventLoop.java:724)
		at io.netty.channel.nio.NioEventLoop.processSelectedKeys(NioEventLoop.java:650)
		at io.netty.channel.nio.NioEventLoop.run(NioEventLoop.java:562)
		at io.netty.util.concurrent.SingleThreadEventExecutor$4.run(SingleThreadEventExecutor.java:997)
		at io.netty.util.internal.ThreadExecutorMap$2.run(ThreadExecutorMap.java:74)
		at io.netty.util.concurrent.FastThreadLocalRunnable.run(FastThreadLocalRunnable.java:30)
		at java.base/java.lang.Thread.run(Thread.java:840)
Caused by: io.netty.channel.AbstractChannel$AnnotatedConnectException: Connection refused: getsockopt: localhost/127.0.0.1:8080
Caused by: java.net.ConnectException: Connection refused: getsockopt
	at java.base/sun.nio.ch.Net.pollConnect(Native Method)
	at java.base/sun.nio.ch.Net.pollConnectNow(Net.java:672)
	at java.base/sun.nio.ch.SocketChannelImpl.finishConnect(SocketChannelImpl.java:946)
	at io.netty.channel.socket.nio.NioSocketChannel.doFinishConnect(NioSocketChannel.java:336)
	at io.netty.channel.nio.AbstractNioChannel$AbstractNioUnsafe.finishConnect(AbstractNioChannel.java:339)
	at io.netty.channel.nio.NioEventLoop.processSelectedKey(NioEventLoop.java:776)
	at io.netty.channel.nio.NioEventLoop.processSelectedKeysOptimized(NioEventLoop.java:724)
	at io.netty.channel.nio.NioEventLoop.processSelectedKeys(NioEventLoop.java:650)
	at io.netty.channel.nio.NioEventLoop.run(NioEventLoop.java:562)
	at io.netty.util.concurrent.SingleThreadEventExecutor$4.run(SingleThreadEventExecutor.java:997)
	at io.netty.util.internal.ThreadExecutorMap$2.run(ThreadExecutorMap.java:74)
	at io.netty.util.concurrent.FastThreadLocalRunnable.run(FastThreadLocalRunnable.java:30)
	at java.base/java.lang.Thread.run(Thread.java:840)
[32m2025-06-04 | 10:24:26.911[0;39m | [34mINFO [0;39m [[36mapp-(scheduled)-rateLimitLogging-0      [0;39m] [33mo.t.t.s.p.RateLimitService[0;39m                      : total requests 3 in progress 0 queue size 0 
[32m2025-06-04 | 10:24:36.387[0;39m | [34mINFO [0;39m [[36mapp-(scheduled)-statsCollector-0        [0;39m] [33mo.t.t.s.s.StatsCollector[0;39m                        : Schedule:  Key waitForQuota count 3 duration 0 avg 0 ms 
[32m2025-06-04 | 10:24:36.915[0;39m | [34mINFO [0;39m [[36mapp-(scheduled)-rateLimitLogging-0      [0;39m] [33mo.t.t.s.p.RateLimitService[0;39m                      : total requests 3 in progress 0 queue size 0 
[32m2025-06-04 | 10:24:46.920[0;39m | [34mINFO [0;39m [[36mapp-(scheduled)-rateLimitLogging-0      [0;39m] [33mo.t.t.s.p.RateLimitService[0;39m                      : total requests 3 in progress 0 queue size 0 
[32m2025-06-04 | 10:24:56.921[0;39m | [34mINFO [0;39m [[36mapp-(scheduled)-rateLimitLogging-0      [0;39m] [33mo.t.t.s.p.RateLimitService[0;39m                      : total requests 3 in progress 0 queue size 0 
[32m2025-06-04 | 10:25:06.919[0;39m | [34mINFO [0;39m [[36mapp-(scheduled)-rateLimitLogging-0      [0;39m] [33mo.t.t.s.p.RateLimitService[0;39m                      : total requests 3 in progress 0 queue size 0 
[32m2025-06-04 | 10:25:16.922[0;39m | [34mINFO [0;39m [[36mapp-(scheduled)-rateLimitLogging-0      [0;39m] [33mo.t.t.s.p.RateLimitService[0;39m                      : total requests 3 in progress 0 queue size 0 
[32m2025-06-04 | 10:25:26.920[0;39m | [34mINFO [0;39m [[36mapp-(scheduled)-rateLimitLogging-0      [0;39m] [33mo.t.t.s.p.RateLimitService[0;39m                      : total requests 3 in progress 0 queue size 0 
[32m2025-06-04 | 10:25:36.391[0;39m | [34mINFO [0;39m [[36mapp-(scheduled)-statsCollector-0        [0;39m] [33mo.t.t.s.s.StatsCollector[0;39m                        : Schedule:  Key waitForQuota count 3 duration 0 avg 0 ms 
[32m2025-06-04 | 10:25:36.926[0;39m | [34mINFO [0;39m [[36mapp-(scheduled)-rateLimitLogging-0      [0;39m] [33mo.t.t.s.p.RateLimitService[0;39m                      : total requests 3 in progress 0 queue size 0 
[32m2025-06-04 | 10:25:46.919[0;39m | [34mINFO [0;39m [[36mapp-(scheduled)-rateLimitLogging-0      [0;39m] [33mo.t.t.s.p.RateLimitService[0;39m                      : total requests 3 in progress 0 queue size 0 
[32m2025-06-04 | 10:25:56.926[0;39m | [34mINFO [0;39m [[36mapp-(scheduled)-rateLimitLogging-0      [0;39m] [33mo.t.t.s.p.RateLimitService[0;39m                      : total requests 3 in progress 0 queue size 0 
[32m2025-06-04 | 10:26:06.912[0;39m | [34mINFO [0;39m [[36mapp-(scheduled)-rateLimitLogging-0      [0;39m] [33mo.t.t.s.p.RateLimitService[0;39m                      : total requests 3 in progress 0 queue size 0 
[32m2025-06-04 | 10:26:16.916[0;39m | [34mINFO [0;39m [[36mapp-(scheduled)-rateLimitLogging-0      [0;39m] [33mo.t.t.s.p.RateLimitService[0;39m                      : total requests 3 in progress 0 queue size 0 
[32m2025-06-04 | 10:26:20.841[0;39m | [1;31mERROR[0;39m [[36mhttp-nio-0.0.0.0-8888-exec-5            [0;39m] [33mo.t.t.c.ExceptionHandlerController[0;39m              : The request to the Thingsboard was failed 
org.thingsboard.trendz.exception.service.provider.TbWebClientException: Error during execution request: 
url = /api/noauth/translation/login/en_US cause = Connection refused: getsockopt: localhost/127.0.0.1:8080

	at org.thingsboard.trendz.service.provider.TbWebClient.lambda$queryWrapper$23(TbWebClient.java:301)
	at reactor.core.publisher.FluxOnErrorResume$ResumeSubscriber.onError(FluxOnErrorResume.java:94)
	at reactor.core.publisher.FluxPeek$PeekSubscriber.onError(FluxPeek.java:222)
	at reactor.core.publisher.FluxMap$MapSubscriber.onError(FluxMap.java:134)
	at reactor.core.publisher.FluxOnErrorResume$ResumeSubscriber.onError(FluxOnErrorResume.java:106)
	at reactor.core.publisher.Operators.error(Operators.java:198)
	at reactor.core.publisher.MonoError.subscribe(MonoError.java:53)
	at reactor.core.publisher.Mono.subscribe(Mono.java:4568)
	at reactor.core.publisher.FluxOnErrorResume$ResumeSubscriber.onError(FluxOnErrorResume.java:103)
	at reactor.core.publisher.FluxPeek$PeekSubscriber.onError(FluxPeek.java:222)
	at reactor.core.publisher.FluxMap$MapSubscriber.onError(FluxMap.java:134)
	at reactor.core.publisher.Operators$MultiSubscriptionSubscriber.onError(Operators.java:2236)
	at reactor.core.publisher.MonoFlatMap$FlatMapMain.secondError(MonoFlatMap.java:241)
	at reactor.core.publisher.MonoFlatMap$FlatMapInner.onError(MonoFlatMap.java:315)
	at reactor.core.publisher.MonoPublishOn$PublishOnSubscriber.run(MonoPublishOn.java:187)
	at reactor.core.scheduler.SchedulerTask.call(SchedulerTask.java:68)
	at reactor.core.scheduler.SchedulerTask.call(SchedulerTask.java:28)
	at java.base/java.util.concurrent.FutureTask.run(FutureTask.java:264)
	at java.base/java.util.concurrent.ThreadPoolExecutor.runWorker(ThreadPoolExecutor.java:1136)
	at java.base/java.util.concurrent.ThreadPoolExecutor$Worker.run(ThreadPoolExecutor.java:635)
	at java.base/java.lang.Thread.run(Thread.java:840)
	Suppressed: [CIRCULAR REFERENCE: org.springframework.web.reactive.function.client.WebClientRequestException: Connection refused: getsockopt: localhost/127.0.0.1:8080]
	Suppressed: java.lang.Exception: #block terminated with an error
		at reactor.core.publisher.BlockingSingleSubscriber.blockingGet(BlockingSingleSubscriber.java:146)
		at reactor.core.publisher.Mono.block(Mono.java:1807)
		at org.thingsboard.trendz.service.translation.TranslationService.getTranslationsBeforeLogin(TranslationService.java:30)
		at org.thingsboard.trendz.controller.TranslationsController.getTranslationsBeforeLogin(TranslationsController.java:28)
		at java.base/jdk.internal.reflect.NativeMethodAccessorImpl.invoke0(Native Method)
		at java.base/jdk.internal.reflect.NativeMethodAccessorImpl.invoke(NativeMethodAccessorImpl.java:77)
		at java.base/jdk.internal.reflect.DelegatingMethodAccessorImpl.invoke(DelegatingMethodAccessorImpl.java:43)
		at java.base/java.lang.reflect.Method.invoke(Method.java:569)
		at org.springframework.aop.support.AopUtils.invokeJoinpointUsingReflection(AopUtils.java:351)
		at org.springframework.aop.framework.CglibAopProxy$DynamicAdvisedInterceptor.intercept(CglibAopProxy.java:713)
		at org.thingsboard.trendz.controller.TranslationsController$$SpringCGLIB$$0.getTranslationsBeforeLogin(<generated>)
		at java.base/jdk.internal.reflect.NativeMethodAccessorImpl.invoke0(Native Method)
		at java.base/jdk.internal.reflect.NativeMethodAccessorImpl.invoke(NativeMethodAccessorImpl.java:77)
		at java.base/jdk.internal.reflect.DelegatingMethodAccessorImpl.invoke(DelegatingMethodAccessorImpl.java:43)
		at java.base/java.lang.reflect.Method.invoke(Method.java:569)
		at org.springframework.web.method.support.InvocableHandlerMethod.doInvoke(InvocableHandlerMethod.java:255)
		at org.springframework.web.method.support.InvocableHandlerMethod.invokeForRequest(InvocableHandlerMethod.java:188)
		at org.springframework.web.servlet.mvc.method.annotation.ServletInvocableHandlerMethod.invokeAndHandle(ServletInvocableHandlerMethod.java:118)
		at org.springframework.web.servlet.mvc.method.annotation.RequestMappingHandlerAdapter.invokeHandlerMethod(RequestMappingHandlerAdapter.java:925)
		at org.springframework.web.servlet.mvc.method.annotation.RequestMappingHandlerAdapter.handleInternal(RequestMappingHandlerAdapter.java:830)
		at org.springframework.web.servlet.mvc.method.AbstractHandlerMethodAdapter.handle(AbstractHandlerMethodAdapter.java:87)
		at org.springframework.web.servlet.DispatcherServlet.doDispatch(DispatcherServlet.java:1089)
		at org.springframework.web.servlet.DispatcherServlet.doService(DispatcherServlet.java:979)
		at org.springframework.web.servlet.FrameworkServlet.processRequest(FrameworkServlet.java:1014)
		at org.springframework.web.servlet.FrameworkServlet.doGet(FrameworkServlet.java:903)
		at jakarta.servlet.http.HttpServlet.service(HttpServlet.java:564)
		at org.springframework.web.servlet.FrameworkServlet.service(FrameworkServlet.java:885)
		at jakarta.servlet.http.HttpServlet.service(HttpServlet.java:658)
		at org.apache.catalina.core.ApplicationFilterChain.internalDoFilter(ApplicationFilterChain.java:205)
		at org.apache.catalina.core.ApplicationFilterChain.doFilter(ApplicationFilterChain.java:149)
		at org.apache.tomcat.websocket.server.WsFilter.doFilter(WsFilter.java:51)
		at org.apache.catalina.core.ApplicationFilterChain.internalDoFilter(ApplicationFilterChain.java:174)
		at org.apache.catalina.core.ApplicationFilterChain.doFilter(ApplicationFilterChain.java:149)
		at org.springframework.security.web.authentication.AbstractAuthenticationProcessingFilter.doFilter(AbstractAuthenticationProcessingFilter.java:227)
		at org.springframework.security.web.authentication.AbstractAuthenticationProcessingFilter.doFilter(AbstractAuthenticationProcessingFilter.java:221)
		at org.apache.catalina.core.ApplicationFilterChain.internalDoFilter(ApplicationFilterChain.java:174)
		at org.apache.catalina.core.ApplicationFilterChain.doFilter(ApplicationFilterChain.java:149)
		at org.springframework.security.web.authentication.AbstractAuthenticationProcessingFilter.doFilter(AbstractAuthenticationProcessingFilter.java:227)
		at org.springframework.security.web.authentication.AbstractAuthenticationProcessingFilter.doFilter(AbstractAuthenticationProcessingFilter.java:221)
		at org.apache.catalina.core.ApplicationFilterChain.internalDoFilter(ApplicationFilterChain.java:174)
		at org.apache.catalina.core.ApplicationFilterChain.doFilter(ApplicationFilterChain.java:149)
		at org.springframework.security.web.authentication.AbstractAuthenticationProcessingFilter.doFilter(AbstractAuthenticationProcessingFilter.java:227)
		at org.springframework.security.web.authentication.AbstractAuthenticationProcessingFilter.doFilter(AbstractAuthenticationProcessingFilter.java:221)
		at org.apache.catalina.core.ApplicationFilterChain.internalDoFilter(ApplicationFilterChain.java:174)
		at org.apache.catalina.core.ApplicationFilterChain.doFilter(ApplicationFilterChain.java:149)
		at org.springframework.web.filter.CompositeFilter$VirtualFilterChain.doFilter(CompositeFilter.java:108)
		at org.springframework.security.web.FilterChainProxy.lambda$doFilterInternal$3(FilterChainProxy.java:231)
		at org.springframework.security.web.ObservationFilterChainDecorator$FilterObservation$SimpleFilterObservation.lambda$wrap$1(ObservationFilterChainDecorator.java:479)
		at org.springframework.security.web.ObservationFilterChainDecorator$AroundFilterObservation$SimpleAroundFilterObservation.lambda$wrap$1(ObservationFilterChainDecorator.java:340)
		at org.springframework.security.web.ObservationFilterChainDecorator.lambda$wrapSecured$0(ObservationFilterChainDecorator.java:82)
		at org.springframework.security.web.ObservationFilterChainDecorator$VirtualFilterChain.doFilter(ObservationFilterChainDecorator.java:128)
		at org.springframework.security.web.access.intercept.AuthorizationFilter.doFilter(AuthorizationFilter.java:100)
		at org.springframework.security.web.ObservationFilterChainDecorator$ObservationFilter.wrapFilter(ObservationFilterChainDecorator.java:240)
		at org.springframework.security.web.ObservationFilterChainDecorator$ObservationFilter.doFilter(ObservationFilterChainDecorator.java:227)
		at org.springframework.security.web.ObservationFilterChainDecorator$VirtualFilterChain.doFilter(ObservationFilterChainDecorator.java:137)
		at org.springframework.security.web.access.ExceptionTranslationFilter.doFilter(ExceptionTranslationFilter.java:126)
		at org.springframework.security.web.access.ExceptionTranslationFilter.doFilter(ExceptionTranslationFilter.java:120)
		at org.springframework.security.web.ObservationFilterChainDecorator$ObservationFilter.wrapFilter(ObservationFilterChainDecorator.java:240)
		at org.springframework.security.web.ObservationFilterChainDecorator$ObservationFilter.doFilter(ObservationFilterChainDecorator.java:227)
		at org.springframework.security.web.ObservationFilterChainDecorator$VirtualFilterChain.doFilter(ObservationFilterChainDecorator.java:137)
		at org.springframework.security.web.session.SessionManagementFilter.doFilter(SessionManagementFilter.java:131)
		at org.springframework.security.web.session.SessionManagementFilter.doFilter(SessionManagementFilter.java:85)
		at org.springframework.security.web.ObservationFilterChainDecorator$ObservationFilter.wrapFilter(ObservationFilterChainDecorator.java:240)
		at org.springframework.security.web.ObservationFilterChainDecorator$ObservationFilter.doFilter(ObservationFilterChainDecorator.java:227)
		at org.springframework.security.web.ObservationFilterChainDecorator$VirtualFilterChain.doFilter(ObservationFilterChainDecorator.java:137)
		at org.springframework.security.web.authentication.AnonymousAuthenticationFilter.doFilter(AnonymousAuthenticationFilter.java:100)
		at org.springframework.security.web.ObservationFilterChainDecorator$ObservationFilter.wrapFilter(ObservationFilterChainDecorator.java:240)
		at org.springframework.security.web.ObservationFilterChainDecorator$ObservationFilter.doFilter(ObservationFilterChainDecorator.java:227)
		at org.springframework.security.web.ObservationFilterChainDecorator$VirtualFilterChain.doFilter(ObservationFilterChainDecorator.java:137)
		at org.springframework.security.web.servletapi.SecurityContextHolderAwareRequestFilter.doFilter(SecurityContextHolderAwareRequestFilter.java:179)
		at org.springframework.security.web.ObservationFilterChainDecorator$ObservationFilter.wrapFilter(ObservationFilterChainDecorator.java:240)
		at org.springframework.security.web.ObservationFilterChainDecorator$ObservationFilter.doFilter(ObservationFilterChainDecorator.java:227)
		at org.springframework.security.web.ObservationFilterChainDecorator$VirtualFilterChain.doFilter(ObservationFilterChainDecorator.java:137)
		at org.springframework.security.web.savedrequest.RequestCacheAwareFilter.doFilter(RequestCacheAwareFilter.java:63)
		at org.springframework.security.web.ObservationFilterChainDecorator$ObservationFilter.wrapFilter(ObservationFilterChainDecorator.java:240)
		at org.springframework.security.web.ObservationFilterChainDecorator$ObservationFilter.doFilter(ObservationFilterChainDecorator.java:227)
		at org.springframework.security.web.ObservationFilterChainDecorator$VirtualFilterChain.doFilter(ObservationFilterChainDecorator.java:137)
		at org.springframework.security.web.authentication.AbstractAuthenticationProcessingFilter.doFilter(AbstractAuthenticationProcessingFilter.java:227)
		at org.springframework.security.web.authentication.AbstractAuthenticationProcessingFilter.doFilter(AbstractAuthenticationProcessingFilter.java:221)
		at org.springframework.security.web.ObservationFilterChainDecorator$ObservationFilter.wrapFilter(ObservationFilterChainDecorator.java:240)
		at org.springframework.security.web.ObservationFilterChainDecorator$ObservationFilter.doFilter(ObservationFilterChainDecorator.java:227)
		at org.springframework.security.web.ObservationFilterChainDecorator$VirtualFilterChain.doFilter(ObservationFilterChainDecorator.java:137)
		at org.springframework.security.web.authentication.AbstractAuthenticationProcessingFilter.doFilter(AbstractAuthenticationProcessingFilter.java:227)
		at org.springframework.security.web.authentication.AbstractAuthenticationProcessingFilter.doFilter(AbstractAuthenticationProcessingFilter.java:221)
		at org.springframework.security.web.ObservationFilterChainDecorator$ObservationFilter.wrapFilter(ObservationFilterChainDecorator.java:240)
		at org.springframework.security.web.ObservationFilterChainDecorator$ObservationFilter.doFilter(ObservationFilterChainDecorator.java:227)
		at org.springframework.security.web.ObservationFilterChainDecorator$VirtualFilterChain.doFilter(ObservationFilterChainDecorator.java:137)
		at org.springframework.security.web.authentication.AbstractAuthenticationProcessingFilter.doFilter(AbstractAuthenticationProcessingFilter.java:227)
		at org.springframework.security.web.authentication.AbstractAuthenticationProcessingFilter.doFilter(AbstractAuthenticationProcessingFilter.java:221)
		at org.springframework.security.web.ObservationFilterChainDecorator$ObservationFilter.wrapFilter(ObservationFilterChainDecorator.java:240)
		at org.springframework.security.web.ObservationFilterChainDecorator$ObservationFilter.doFilter(ObservationFilterChainDecorator.java:227)
		at org.springframework.security.web.ObservationFilterChainDecorator$VirtualFilterChain.doFilter(ObservationFilterChainDecorator.java:137)
		at org.springframework.security.web.authentication.logout.LogoutFilter.doFilter(LogoutFilter.java:107)
		at org.springframework.security.web.authentication.logout.LogoutFilter.doFilter(LogoutFilter.java:93)
		at org.springframework.security.web.ObservationFilterChainDecorator$ObservationFilter.wrapFilter(ObservationFilterChainDecorator.java:240)
		at org.springframework.security.web.ObservationFilterChainDecorator$ObservationFilter.doFilter(ObservationFilterChainDecorator.java:227)
		at org.springframework.security.web.ObservationFilterChainDecorator$VirtualFilterChain.doFilter(ObservationFilterChainDecorator.java:137)
		at org.springframework.web.filter.CorsFilter.doFilterInternal(CorsFilter.java:91)
		at org.springframework.web.filter.OncePerRequestFilter.doFilter(OncePerRequestFilter.java:116)
		at org.springframework.security.web.ObservationFilterChainDecorator$ObservationFilter.wrapFilter(ObservationFilterChainDecorator.java:240)
		at org.springframework.security.web.ObservationFilterChainDecorator$ObservationFilter.doFilter(ObservationFilterChainDecorator.java:227)
		at org.springframework.security.web.ObservationFilterChainDecorator$VirtualFilterChain.doFilter(ObservationFilterChainDecorator.java:137)
		at org.springframework.security.web.header.HeaderWriterFilter.doHeadersAfter(HeaderWriterFilter.java:90)
		at org.springframework.security.web.header.HeaderWriterFilter.doFilterInternal(HeaderWriterFilter.java:75)
		at org.springframework.web.filter.OncePerRequestFilter.doFilter(OncePerRequestFilter.java:116)
		at org.springframework.security.web.ObservationFilterChainDecorator$ObservationFilter.wrapFilter(ObservationFilterChainDecorator.java:240)
		at org.springframework.security.web.ObservationFilterChainDecorator$ObservationFilter.doFilter(ObservationFilterChainDecorator.java:227)
		at org.springframework.security.web.ObservationFilterChainDecorator$VirtualFilterChain.doFilter(ObservationFilterChainDecorator.java:137)
		at org.springframework.security.web.context.SecurityContextHolderFilter.doFilter(SecurityContextHolderFilter.java:82)
		at org.springframework.security.web.context.SecurityContextHolderFilter.doFilter(SecurityContextHolderFilter.java:69)
		at org.springframework.security.web.ObservationFilterChainDecorator$ObservationFilter.wrapFilter(ObservationFilterChainDecorator.java:240)
		at org.springframework.security.web.ObservationFilterChainDecorator$ObservationFilter.doFilter(ObservationFilterChainDecorator.java:227)
		at org.springframework.security.web.ObservationFilterChainDecorator$VirtualFilterChain.doFilter(ObservationFilterChainDecorator.java:137)
		at org.springframework.security.web.context.request.async.WebAsyncManagerIntegrationFilter.doFilterInternal(WebAsyncManagerIntegrationFilter.java:62)
		at org.springframework.web.filter.OncePerRequestFilter.doFilter(OncePerRequestFilter.java:116)
		at org.springframework.security.web.ObservationFilterChainDecorator$ObservationFilter.wrapFilter(ObservationFilterChainDecorator.java:240)
		at org.springframework.security.web.ObservationFilterChainDecorator$ObservationFilter.doFilter(ObservationFilterChainDecorator.java:227)
		at org.springframework.security.web.ObservationFilterChainDecorator$VirtualFilterChain.doFilter(ObservationFilterChainDecorator.java:137)
		at org.springframework.security.web.session.DisableEncodeUrlFilter.doFilterInternal(DisableEncodeUrlFilter.java:42)
		at org.springframework.web.filter.OncePerRequestFilter.doFilter(OncePerRequestFilter.java:116)
		at org.springframework.security.web.ObservationFilterChainDecorator$ObservationFilter.wrapFilter(ObservationFilterChainDecorator.java:240)
		at org.springframework.security.web.ObservationFilterChainDecorator$AroundFilterObservation$SimpleAroundFilterObservation.lambda$wrap$0(ObservationFilterChainDecorator.java:323)
		at org.springframework.security.web.ObservationFilterChainDecorator$ObservationFilter.doFilter(ObservationFilterChainDecorator.java:224)
		at org.springframework.security.web.ObservationFilterChainDecorator$VirtualFilterChain.doFilter(ObservationFilterChainDecorator.java:137)
		at org.springframework.security.web.FilterChainProxy.doFilterInternal(FilterChainProxy.java:233)
		at org.springframework.security.web.FilterChainProxy.doFilter(FilterChainProxy.java:191)
		at org.springframework.web.filter.CompositeFilter$VirtualFilterChain.doFilter(CompositeFilter.java:113)
		at org.springframework.web.servlet.handler.HandlerMappingIntrospector.lambda$createCacheFilter$3(HandlerMappingIntrospector.java:195)
		at org.springframework.web.filter.CompositeFilter$VirtualFilterChain.doFilter(CompositeFilter.java:113)
		at org.springframework.web.filter.CompositeFilter.doFilter(CompositeFilter.java:74)
		at org.springframework.security.config.annotation.web.configuration.WebMvcSecurityConfiguration$CompositeFilterChainProxy.doFilter(WebMvcSecurityConfiguration.java:230)
		at org.springframework.web.filter.DelegatingFilterProxy.invokeDelegate(DelegatingFilterProxy.java:352)
		at org.springframework.web.filter.DelegatingFilterProxy.doFilter(DelegatingFilterProxy.java:268)
		at org.apache.catalina.core.ApplicationFilterChain.internalDoFilter(ApplicationFilterChain.java:174)
		at org.apache.catalina.core.ApplicationFilterChain.doFilter(ApplicationFilterChain.java:149)
		at org.springframework.web.filter.RequestContextFilter.doFilterInternal(RequestContextFilter.java:100)
		at org.springframework.web.filter.OncePerRequestFilter.doFilter(OncePerRequestFilter.java:116)
		at org.apache.catalina.core.ApplicationFilterChain.internalDoFilter(ApplicationFilterChain.java:174)
		at org.apache.catalina.core.ApplicationFilterChain.doFilter(ApplicationFilterChain.java:149)
		at org.springframework.web.filter.FormContentFilter.doFilterInternal(FormContentFilter.java:93)
		at org.springframework.web.filter.OncePerRequestFilter.doFilter(OncePerRequestFilter.java:116)
		at org.apache.catalina.core.ApplicationFilterChain.internalDoFilter(ApplicationFilterChain.java:174)
		at org.apache.catalina.core.ApplicationFilterChain.doFilter(ApplicationFilterChain.java:149)
		at org.springframework.web.filter.ServerHttpObservationFilter.doFilterInternal(ServerHttpObservationFilter.java:109)
		at org.springframework.web.filter.OncePerRequestFilter.doFilter(OncePerRequestFilter.java:116)
		at org.apache.catalina.core.ApplicationFilterChain.internalDoFilter(ApplicationFilterChain.java:174)
		at org.apache.catalina.core.ApplicationFilterChain.doFilter(ApplicationFilterChain.java:149)
		at org.springframework.web.filter.CharacterEncodingFilter.doFilterInternal(CharacterEncodingFilter.java:201)
		at org.springframework.web.filter.OncePerRequestFilter.doFilter(OncePerRequestFilter.java:116)
		at org.apache.catalina.core.ApplicationFilterChain.internalDoFilter(ApplicationFilterChain.java:174)
		at org.apache.catalina.core.ApplicationFilterChain.doFilter(ApplicationFilterChain.java:149)
		at org.apache.catalina.core.StandardWrapperValve.invoke(StandardWrapperValve.java:167)
		at org.apache.catalina.core.StandardContextValve.invoke(StandardContextValve.java:90)
		at org.apache.catalina.authenticator.AuthenticatorBase.invoke(AuthenticatorBase.java:482)
		at org.apache.catalina.core.StandardHostValve.invoke(StandardHostValve.java:115)
		at org.apache.catalina.valves.ErrorReportValve.invoke(ErrorReportValve.java:93)
		at org.apache.catalina.core.StandardEngineValve.invoke(StandardEngineValve.java:74)
		at org.apache.catalina.connector.CoyoteAdapter.service(CoyoteAdapter.java:344)
		at org.apache.coyote.http11.Http11Processor.service(Http11Processor.java:391)
		at org.apache.coyote.AbstractProcessorLight.process(AbstractProcessorLight.java:63)
		at org.apache.coyote.AbstractProtocol$ConnectionHandler.process(AbstractProtocol.java:896)
		at org.apache.tomcat.util.net.NioEndpoint$SocketProcessor.doRun(NioEndpoint.java:1744)
		at org.apache.tomcat.util.net.SocketProcessorBase.run(SocketProcessorBase.java:52)
		at org.apache.tomcat.util.threads.ThreadPoolExecutor.runWorker(ThreadPoolExecutor.java:1191)
		at org.apache.tomcat.util.threads.ThreadPoolExecutor$Worker.run(ThreadPoolExecutor.java:659)
		at org.apache.tomcat.util.threads.TaskThread$WrappingRunnable.run(TaskThread.java:63)
		... 1 common frames omitted
Caused by: org.springframework.web.reactive.function.client.WebClientRequestException: Connection refused: getsockopt: localhost/127.0.0.1:8080
	at org.springframework.web.reactive.function.client.ExchangeFunctions$DefaultExchangeFunction.lambda$wrapException$9(ExchangeFunctions.java:136)
	Suppressed: reactor.core.publisher.FluxOnAssembly$OnAssemblyException: 
Error has been observed at the following site(s):
	*__checkpoint ? Request to GET http://localhost:8080/api/noauth/translation/login/en_US [DefaultWebClient]
Original Stack Trace:
		at org.springframework.web.reactive.function.client.ExchangeFunctions$DefaultExchangeFunction.lambda$wrapException$9(ExchangeFunctions.java:136)
		at reactor.core.publisher.MonoErrorSupplied.subscribe(MonoErrorSupplied.java:55)
		at reactor.core.publisher.Mono.subscribe(Mono.java:4568)
		at reactor.core.publisher.FluxOnErrorResume$ResumeSubscriber.onError(FluxOnErrorResume.java:103)
		at reactor.core.publisher.FluxPeek$PeekSubscriber.onError(FluxPeek.java:222)
		at reactor.core.publisher.FluxPeek$PeekSubscriber.onError(FluxPeek.java:222)
		at reactor.core.publisher.FluxPeek$PeekSubscriber.onError(FluxPeek.java:222)
		at reactor.core.publisher.MonoNext$NextSubscriber.onError(MonoNext.java:93)
		at reactor.core.publisher.MonoFlatMapMany$FlatMapManyMain.onError(MonoFlatMapMany.java:205)
		at reactor.core.publisher.SerializedSubscriber.onError(SerializedSubscriber.java:124)
		at reactor.core.publisher.FluxRetryWhen$RetryWhenMainSubscriber.whenError(FluxRetryWhen.java:229)
		at reactor.core.publisher.FluxRetryWhen$RetryWhenOtherSubscriber.onError(FluxRetryWhen.java:279)
		at reactor.core.publisher.FluxContextWrite$ContextWriteSubscriber.onError(FluxContextWrite.java:121)
		at reactor.core.publisher.FluxConcatMapNoPrefetch$FluxConcatMapNoPrefetchSubscriber.maybeOnError(FluxConcatMapNoPrefetch.java:327)
		at reactor.core.publisher.FluxConcatMapNoPrefetch$FluxConcatMapNoPrefetchSubscriber.onNext(FluxConcatMapNoPrefetch.java:212)
		at reactor.core.publisher.FluxContextWrite$ContextWriteSubscriber.onNext(FluxContextWrite.java:107)
		at reactor.core.publisher.SinkManyEmitterProcessor.drain(SinkManyEmitterProcessor.java:476)
		at reactor.core.publisher.SinkManyEmitterProcessor$EmitterInner.drainParent(SinkManyEmitterProcessor.java:620)
		at reactor.core.publisher.FluxPublish$PubSubInner.request(FluxPublish.java:874)
		at reactor.core.publisher.FluxContextWrite$ContextWriteSubscriber.request(FluxContextWrite.java:136)
		at reactor.core.publisher.FluxConcatMapNoPrefetch$FluxConcatMapNoPrefetchSubscriber.request(FluxConcatMapNoPrefetch.java:337)
		at reactor.core.publisher.FluxContextWrite$ContextWriteSubscriber.request(FluxContextWrite.java:136)
		at reactor.core.publisher.Operators$DeferredSubscription.request(Operators.java:1743)
		at reactor.core.publisher.FluxRetryWhen$RetryWhenMainSubscriber.onError(FluxRetryWhen.java:196)
		at reactor.core.publisher.MonoCreate$DefaultMonoSink.error(MonoCreate.java:205)
		at reactor.netty.http.client.HttpClientConnect$MonoHttpConnect$ClientTransportSubscriber.onError(HttpClientConnect.java:311)
		at reactor.core.publisher.MonoCreate$DefaultMonoSink.error(MonoCreate.java:205)
		at reactor.netty.resources.DefaultPooledConnectionProvider$DisposableAcquire.onError(DefaultPooledConnectionProvider.java:172)
		at reactor.netty.internal.shaded.reactor.pool.AbstractPool$Borrower.fail(AbstractPool.java:488)
		at reactor.netty.internal.shaded.reactor.pool.SimpleDequePool.lambda$drainLoop$9(SimpleDequePool.java:436)
		at reactor.core.publisher.FluxDoOnEach$DoOnEachSubscriber.onError(FluxDoOnEach.java:186)
		at reactor.core.publisher.MonoCreate$DefaultMonoSink.error(MonoCreate.java:205)
		at reactor.netty.resources.DefaultPooledConnectionProvider$PooledConnectionAllocator$PooledConnectionInitializer.onError(DefaultPooledConnectionProvider.java:583)
		at reactor.core.publisher.MonoFlatMap$FlatMapMain.secondError(MonoFlatMap.java:241)
		at reactor.core.publisher.MonoFlatMap$FlatMapInner.onError(MonoFlatMap.java:315)
		at reactor.core.publisher.FluxOnErrorResume$ResumeSubscriber.onError(FluxOnErrorResume.java:106)
		at reactor.core.publisher.Operators.error(Operators.java:198)
		at reactor.core.publisher.MonoError.subscribe(MonoError.java:53)
		at reactor.core.publisher.Mono.subscribe(Mono.java:4568)
		at reactor.core.publisher.FluxOnErrorResume$ResumeSubscriber.onError(FluxOnErrorResume.java:103)
		at reactor.netty.transport.TransportConnector$MonoChannelPromise.tryFailure(TransportConnector.java:576)
		at reactor.netty.transport.TransportConnector$MonoChannelPromise.setFailure(TransportConnector.java:522)
		at reactor.netty.transport.TransportConnector.lambda$doConnect$7(TransportConnector.java:261)
		at io.netty.util.concurrent.DefaultPromise.notifyListener0(DefaultPromise.java:590)
		at io.netty.util.concurrent.DefaultPromise.notifyListeners0(DefaultPromise.java:583)
		at io.netty.util.concurrent.DefaultPromise.notifyListenersNow(DefaultPromise.java:559)
		at io.netty.util.concurrent.DefaultPromise.notifyListeners(DefaultPromise.java:492)
		at io.netty.util.concurrent.DefaultPromise.setValue0(DefaultPromise.java:636)
		at io.netty.util.concurrent.DefaultPromise.setFailure0(DefaultPromise.java:629)
		at io.netty.util.concurrent.DefaultPromise.tryFailure(DefaultPromise.java:118)
		at io.netty.channel.nio.AbstractNioChannel$AbstractNioUnsafe.fulfillConnectPromise(AbstractNioChannel.java:326)
		at io.netty.channel.nio.AbstractNioChannel$AbstractNioUnsafe.finishConnect(AbstractNioChannel.java:342)
		at io.netty.channel.nio.NioEventLoop.processSelectedKey(NioEventLoop.java:776)
		at io.netty.channel.nio.NioEventLoop.processSelectedKeysOptimized(NioEventLoop.java:724)
		at io.netty.channel.nio.NioEventLoop.processSelectedKeys(NioEventLoop.java:650)
		at io.netty.channel.nio.NioEventLoop.run(NioEventLoop.java:562)
		at io.netty.util.concurrent.SingleThreadEventExecutor$4.run(SingleThreadEventExecutor.java:997)
		at io.netty.util.internal.ThreadExecutorMap$2.run(ThreadExecutorMap.java:74)
		at io.netty.util.concurrent.FastThreadLocalRunnable.run(FastThreadLocalRunnable.java:30)
		at java.base/java.lang.Thread.run(Thread.java:840)
Caused by: io.netty.channel.AbstractChannel$AnnotatedConnectException: Connection refused: getsockopt: localhost/127.0.0.1:8080
Caused by: java.net.ConnectException: Connection refused: getsockopt
	at java.base/sun.nio.ch.Net.pollConnect(Native Method)
	at java.base/sun.nio.ch.Net.pollConnectNow(Net.java:672)
	at java.base/sun.nio.ch.SocketChannelImpl.finishConnect(SocketChannelImpl.java:946)
	at io.netty.channel.socket.nio.NioSocketChannel.doFinishConnect(NioSocketChannel.java:336)
	at io.netty.channel.nio.AbstractNioChannel$AbstractNioUnsafe.finishConnect(AbstractNioChannel.java:339)
	at io.netty.channel.nio.NioEventLoop.processSelectedKey(NioEventLoop.java:776)
	at io.netty.channel.nio.NioEventLoop.processSelectedKeysOptimized(NioEventLoop.java:724)
	at io.netty.channel.nio.NioEventLoop.processSelectedKeys(NioEventLoop.java:650)
	at io.netty.channel.nio.NioEventLoop.run(NioEventLoop.java:562)
	at io.netty.util.concurrent.SingleThreadEventExecutor$4.run(SingleThreadEventExecutor.java:997)
	at io.netty.util.internal.ThreadExecutorMap$2.run(ThreadExecutorMap.java:74)
	at io.netty.util.concurrent.FastThreadLocalRunnable.run(FastThreadLocalRunnable.java:30)
	at java.base/java.lang.Thread.run(Thread.java:840)
[32m2025-06-04 | 10:26:26.917[0;39m | [34mINFO [0;39m [[36mapp-(scheduled)-rateLimitLogging-0      [0;39m] [33mo.t.t.s.p.RateLimitService[0;39m                      : total requests 4 in progress 0 queue size 0 
[32m2025-06-04 | 10:26:36.387[0;39m | [34mINFO [0;39m [[36mapp-(scheduled)-statsCollector-0        [0;39m] [33mo.t.t.s.s.StatsCollector[0;39m                        : Schedule:  Key waitForQuota count 4 duration 0 avg 0 ms 
[32m2025-06-04 | 10:26:36.914[0;39m | [34mINFO [0;39m [[36mapp-(scheduled)-rateLimitLogging-0      [0;39m] [33mo.t.t.s.p.RateLimitService[0;39m                      : total requests 4 in progress 0 queue size 0 
[32m2025-06-04 | 10:26:46.914[0;39m | [34mINFO [0;39m [[36mapp-(scheduled)-rateLimitLogging-0      [0;39m] [33mo.t.t.s.p.RateLimitService[0;39m                      : total requests 4 in progress 0 queue size 0 
[32m2025-06-04 | 10:26:56.917[0;39m | [34mINFO [0;39m [[36mapp-(scheduled)-rateLimitLogging-0      [0;39m] [33mo.t.t.s.p.RateLimitService[0;39m                      : total requests 4 in progress 0 queue size 0 
[32m2025-06-04 | 10:27:06.926[0;39m | [34mINFO [0;39m [[36mapp-(scheduled)-rateLimitLogging-0      [0;39m] [33mo.t.t.s.p.RateLimitService[0;39m                      : total requests 4 in progress 0 queue size 0 
[32m2025-06-04 | 10:27:16.924[0;39m | [34mINFO [0;39m [[36mapp-(scheduled)-rateLimitLogging-0      [0;39m] [33mo.t.t.s.p.RateLimitService[0;39m                      : total requests 4 in progress 0 queue size 0 
[32m2025-06-04 | 10:27:26.916[0;39m | [34mINFO [0;39m [[36mapp-(scheduled)-rateLimitLogging-0      [0;39m] [33mo.t.t.s.p.RateLimitService[0;39m                      : total requests 4 in progress 0 queue size 0 
[32m2025-06-04 | 10:27:36.384[0;39m | [34mINFO [0;39m [[36mapp-(scheduled)-statsCollector-0        [0;39m] [33mo.t.t.s.s.StatsCollector[0;39m                        : Schedule:  Key waitForQuota count 4 duration 0 avg 0 ms 
[32m2025-06-04 | 10:27:36.917[0;39m | [34mINFO [0;39m [[36mapp-(scheduled)-rateLimitLogging-0      [0;39m] [33mo.t.t.s.p.RateLimitService[0;39m                      : total requests 4 in progress 0 queue size 0 
[32m2025-06-04 | 10:27:46.925[0;39m | [34mINFO [0;39m [[36mapp-(scheduled)-rateLimitLogging-0      [0;39m] [33mo.t.t.s.p.RateLimitService[0;39m                      : total requests 4 in progress 0 queue size 0 
[32m2025-06-04 | 10:27:56.921[0;39m | [34mINFO [0;39m [[36mapp-(scheduled)-rateLimitLogging-0      [0;39m] [33mo.t.t.s.p.RateLimitService[0;39m                      : total requests 4 in progress 0 queue size 0 
[32m2025-06-04 | 10:28:06.926[0;39m | [34mINFO [0;39m [[36mapp-(scheduled)-rateLimitLogging-0      [0;39m] [33mo.t.t.s.p.RateLimitService[0;39m                      : total requests 4 in progress 0 queue size 0 
[32m2025-06-04 | 10:28:16.913[0;39m | [34mINFO [0;39m [[36mapp-(scheduled)-rateLimitLogging-0      [0;39m] [33mo.t.t.s.p.RateLimitService[0;39m                      : total requests 4 in progress 0 queue size 0 
[32m2025-06-04 | 10:28:38.237[0;39m | [34mINFO [0;39m [[36mbackground-preinit                      [0;39m] [33mo.h.v.i.u.Version[0;39m                               : HV000001: Hibernate Validator 8.0.1.Final 
[32m2025-06-04 | 10:28:38.333[0;39m | [34mINFO [0;39m [[36mmain                                    [0;39m] [33mo.s.b.StartupInfoLogger[0;39m                         : Starting TrendzApplication v1.13.1-SNAPSHOT using Java 17.0.15 with PID 17320 (C:\Program Files (x86)\trendz\lib\trendz.jar started by DESKTOP-FEGLDB1$ in C:\Program Files (x86)\trendz\conf) 
[32m2025-06-04 | 10:28:38.333[0;39m | [34mINFO [0;39m [[36mmain                                    [0;39m] [33mo.s.b.SpringApplication[0;39m                         : No active profile set, falling back to 1 default profile: "default" 
[32m2025-06-04 | 10:28:40.798[0;39m | [34mINFO [0;39m [[36mmain                                    [0;39m] [33mo.s.d.r.c.RepositoryConfigurationDelegate[0;39m       : Multiple Spring Data modules found, entering strict repository configuration mode 
[32m2025-06-04 | 10:28:40.798[0;39m | [34mINFO [0;39m [[36mmain                                    [0;39m] [33mo.s.d.r.c.RepositoryConfigurationDelegate[0;39m       : Bootstrapping Spring Data JPA repositories in DEFAULT mode. 
[32m2025-06-04 | 10:28:42.214[0;39m | [34mINFO [0;39m [[36mmain                                    [0;39m] [33mo.s.d.r.c.RepositoryConfigurationDelegate[0;39m       : Finished Spring Data repository scanning in 1403 ms. Found 45 JPA repository interfaces. 
[32m2025-06-04 | 10:28:48.343[0;39m | [34mINFO [0;39m [[36mmain                                    [0;39m] [33mo.s.b.w.e.t.TomcatWebServer[0;39m                     : Tomcat initialized with port 8888 (http) 
[32m2025-06-04 | 10:28:48.372[0;39m | [34mINFO [0;39m [[36mmain                                    [0;39m] [33mo.a.j.l.DirectJDKLog[0;39m                            : Initializing ProtocolHandler ["http-nio-0.0.0.0-8888"] 
[32m2025-06-04 | 10:28:48.376[0;39m | [34mINFO [0;39m [[36mmain                                    [0;39m] [33mo.a.j.l.DirectJDKLog[0;39m                            : Starting service [Tomcat] 
[32m2025-06-04 | 10:28:48.377[0;39m | [34mINFO [0;39m [[36mmain                                    [0;39m] [33mo.a.j.l.DirectJDKLog[0;39m                            : Starting Servlet engine: [Apache Tomcat/10.1.19] 
[32m2025-06-04 | 10:28:48.487[0;39m | [34mINFO [0;39m [[36mmain                                    [0;39m] [33mo.a.j.l.DirectJDKLog[0;39m                            : Initializing Spring embedded WebApplicationContext 
[32m2025-06-04 | 10:28:48.488[0;39m | [34mINFO [0;39m [[36mmain                                    [0;39m] [33mo.s.b.w.s.c.ServletWebServerApplicationContext[0;39m  : Root WebApplicationContext: initialization completed in 10079 ms 
[32m2025-06-04 | 10:28:50.677[0;39m | [34mINFO [0;39m [[36mmain                                    [0;39m] [33mo.t.t.s.p.c.CaffeineCacheConfiguration[0;39m          : Used cache tool: Caffeine 
[32m2025-06-04 | 10:28:50.899[0;39m | [34mINFO [0;39m [[36mmain                                    [0;39m] [33mo.t.t.s.p.BucketConfiguration[0;39m                   : Cloud Rate Limiting status: DISABLED 
[32m2025-06-04 | 10:28:50.961[0;39m | [34mINFO [0;39m [[36mmain                                    [0;39m] [33mo.t.t.s.p.CloudRateLimitService[0;39m                 : Cloud Rate Limiting status: DISABLED 
[32m2025-06-04 | 10:28:50.993[0;39m | [34mINFO [0;39m [[36mmain                                    [0;39m] [33mo.t.t.s.p.TbWebClient[0;39m                           : Default DNS resolver is used 
[32m2025-06-04 | 10:28:52.240[0;39m | [34mINFO [0;39m [[36mmain                                    [0;39m] [33mo.h.j.i.u.LogHelper[0;39m                             : HHH000204: Processing PersistenceUnitInfo [name: default] 
[32m2025-06-04 | 10:28:52.503[0;39m | [34mINFO [0;39m [[36mmain                                    [0;39m] [33mo.h.Version[0;39m                                     : HHH000412: Hibernate ORM core version 6.4.4.Final 
[32m2025-06-04 | 10:28:52.674[0;39m | [34mINFO [0;39m [[36mmain                                    [0;39m] [33mo.h.c.i.RegionFactoryInitiator[0;39m                  : HHH000026: Second-level cache disabled 
[32m2025-06-04 | 10:28:53.551[0;39m | [34mINFO [0;39m [[36mmain                                    [0;39m] [33mo.s.o.j.p.SpringPersistenceUnitInfo[0;39m             : No LoadTimeWeaver setup: ignoring JPA class transformer 
[32m2025-06-04 | 10:28:53.658[0;39m | [34mINFO [0;39m [[36mmain                                    [0;39m] [33mc.z.h.HikariDataSource[0;39m                          : HikariPool-1 - Starting... 
[32m2025-06-04 | 10:28:54.066[0;39m | [34mINFO [0;39m [[36mmain                                    [0;39m] [33mc.z.h.p.HikariPool[0;39m                              : HikariPool-1 - Added connection org.postgresql.jdbc.PgConnection@65d28ad4 
[32m2025-06-04 | 10:28:54.072[0;39m | [34mINFO [0;39m [[36mmain                                    [0;39m] [33mc.z.h.HikariDataSource[0;39m                          : HikariPool-1 - Start completed. 
[32m2025-06-04 | 10:28:54.169[0;39m | [31mWARN [0;39m [[36mmain                                    [0;39m] [33mo.h.e.j.d.i.DialectFactoryImpl[0;39m                  : HHH90000025: PostgreSQLDialect does not need to be specified explicitly using 'hibernate.dialect' (remove the property setting and it will be selected by default) 
[32m2025-06-04 | 10:28:59.813[0;39m | [34mINFO [0;39m [[36mmain                                    [0;39m] [33mo.h.e.t.j.p.i.JtaPlatformInitiator[0;39m              : HHH000489: No JTA platform available (set 'hibernate.transaction.jta.platform' to enable JTA platform integration) 
[32m2025-06-04 | 10:28:59.938[0;39m | [34mINFO [0;39m [[36mmain                                    [0;39m] [33mo.s.o.j.AbstractEntityManagerFactoryBean[0;39m        : Initialized JPA EntityManagerFactory for persistence unit 'default' 
[32m2025-06-04 | 10:29:00.989[0;39m | [34mINFO [0;39m [[36mapp-(scheduled)-rateLimitLogging-0      [0;39m] [33mo.t.t.s.p.RateLimitService[0;39m                      : total requests 0 in progress 0 queue size 0 
[32m2025-06-04 | 10:29:01.036[0;39m | [34mINFO [0;39m [[36mmain                                    [0;39m] [33mo.s.d.j.r.q.QueryEnhancerFactory[0;39m                : Hibernate is in classpath; If applicable, HQL parser will be used. 
[32m2025-06-04 | 10:29:02.631[0;39m | [34mINFO [0;39m [[36mmain                                    [0;39m] [33mo.t.l.c.TbLicenseClient[0;39m                         : Initializing ThingsBoard License Client, Release Date [2025-05-02] 
[32m2025-06-04 | 10:29:03.129[0;39m | [34mINFO [0;39m [[36mmain                                    [0;39m] [33mo.t.l.c.TbLicenseClient[0;39m                         : Obtained instance data from file. 
[32m2025-06-04 | 10:29:03.129[0;39m | [34mINFO [0;39m [[36mmain                                    [0;39m] [33mo.t.l.c.TbLicenseClient[0;39m                         : instanceId: [I8XPdcC3hX4YpeAjrHtd] 
[32m2025-06-04 | 10:29:03.160[0;39m | [34mINFO [0;39m [[36mmain                                    [0;39m] [33mo.t.l.c.TbLicenseClient[0;39m                         : planData: {
  "asset_count" : {
    "value" : 10,
    "description" : "The maximum number of assets"
  },
  "device_count" : {
    "value" : 10,
    "description" : "The maximum number of devices"
  }
} 
[32m2025-06-04 | 10:29:04.708[0;39m | [34mINFO [0;39m [[36mmain                                    [0;39m] [33mo.t.l.c.TbLicenseClient[0;39m                         : Executed checkInstance method. 
[32m2025-06-04 | 10:29:04.709[0;39m | [34mINFO [0;39m [[36mmain                                    [0;39m] [33mo.t.l.c.TbLicenseClient[0;39m                         : instanceId: [I8XPdcC3hX4YpeAjrHtd] 
[32m2025-06-04 | 10:29:04.713[0;39m | [34mINFO [0;39m [[36mmain                                    [0;39m] [33mo.t.l.c.TbLicenseClient[0;39m                         : planData: {
  "asset_count" : {
    "value" : 10,
    "description" : "The maximum number of assets"
  },
  "device_count" : {
    "value" : 10,
    "description" : "The maximum number of devices"
  }
} 
[32m2025-06-04 | 10:29:04.713[0;39m | [34mINFO [0;39m [[36mmain                                    [0;39m] [33mo.t.l.c.TbLicenseClient[0;39m                         : Initialized ThingsBoard License Client with instanceId [I8XPdcC3hX4YpeAjrHtd] 
[32m2025-06-04 | 10:29:10.986[0;39m | [34mINFO [0;39m [[36mapp-(scheduled)-rateLimitLogging-0      [0;39m] [33mo.t.t.s.p.RateLimitService[0;39m                      : total requests 0 in progress 0 queue size 0 
[32m2025-06-04 | 10:29:11.683[0;39m | [34mINFO [0;39m [[36mmain                                    [0;39m] [33mo.t.t.StartupValidationService[0;39m                  : The version of database is matching to Trendz version [1.13.1] 
[32m2025-06-04 | 10:29:11.914[0;39m | [34mINFO [0;39m [[36mmain                                    [0;39m] [33mo.t.t.c.PublicApiController[0;39m                     : application 1.13.1-SNAPSHOT ThingsBoard Trendz Server Application 2025-05-02T08:21:36.700Z 
[32m2025-06-04 | 10:29:12.544[0;39m | [34mINFO [0;39m [[36mmain                                    [0;39m] [33mo.s.b.a.w.s.WelcomePageHandlerMapping[0;39m           : Adding welcome page: class path resource [resources/index.html] 
[32m2025-06-04 | 10:29:12.764[0;39m | [34mINFO [0;39m [[36mmain                                    [0;39m] [33mo.s.b.a.e.w.EndpointLinksResolver[0;39m               : Exposing 0 endpoint(s) beneath base path '/actuator' 
[32m2025-06-04 | 10:29:12.842[0;39m | [34mINFO [0;39m [[36mmain                                    [0;39m] [33mo.s.s.w.DefaultSecurityFilterChain[0;39m              : Will secure any request with [org.springframework.security.web.session.DisableEncodeUrlFilter@67deee49, org.springframework.security.web.context.request.async.WebAsyncManagerIntegrationFilter@7b38de96, org.springframework.security.web.context.SecurityContextHolderFilter@4def0d0b, org.springframework.security.web.header.HeaderWriterFilter@43c9cbf0, org.springframework.web.filter.CorsFilter@1f331c49, org.springframework.security.web.authentication.logout.LogoutFilter@194d1b75, org.thingsboard.trendz.security.RestLoginProcessingFilter@45295bed, org.thingsboard.trendz.security.JwtTokenAuthenticationProcessingFilter@452e0a94, org.thingsboard.trendz.security.RefreshTokenProcessingFilter@d6d88b1, org.springframework.security.web.savedrequest.RequestCacheAwareFilter@2c2a4b8c, org.springframework.security.web.servletapi.SecurityContextHolderAwareRequestFilter@47fbbfd7, org.springframework.security.web.authentication.AnonymousAuthenticationFilter@50572c85, org.springframework.security.web.session.SessionManagementFilter@447c62e, org.springframework.security.web.access.ExceptionTranslationFilter@1b97c7d0, org.springframework.security.web.access.intercept.AuthorizationFilter@6ad47564] 
[32m2025-06-04 | 10:29:14.609[0;39m | [34mINFO [0;39m [[36mmain                                    [0;39m] [33mo.a.j.l.DirectJDKLog[0;39m                            : Starting ProtocolHandler ["http-nio-0.0.0.0-8888"] 
[32m2025-06-04 | 10:29:14.665[0;39m | [34mINFO [0;39m [[36mmain                                    [0;39m] [33mo.s.b.w.e.t.TomcatWebServer[0;39m                     : Tomcat started on port 8888 (http) with context path '' 
[32m2025-06-04 | 10:29:14.665[0;39m | [34mINFO [0;39m [[36mmain                                    [0;39m] [33mo.s.c.l.CompositeLog[0;39m                            : Starting... 
[32m2025-06-04 | 10:29:14.665[0;39m | [34mINFO [0;39m [[36mmain                                    [0;39m] [33mo.s.c.l.CompositeLog[0;39m                            : BrokerAvailabilityEvent[available=true, SimpleBrokerMessageHandler [org.springframework.messaging.simp.broker.DefaultSubscriptionRegistry@2936294c]] 
[32m2025-06-04 | 10:29:14.665[0;39m | [34mINFO [0;39m [[36mmain                                    [0;39m] [33mo.s.c.l.CompositeLog[0;39m                            : Started. 
[32m2025-06-04 | 10:29:14.737[0;39m | [34mINFO [0;39m [[36mMessageBroker-1                         [0;39m] [33mo.t.t.s.t.InitializationServiceImpl[0;39m             : Scheduled user validation: started 
[32m2025-06-04 | 10:29:14.880[0;39m | [34mINFO [0;39m [[36mmain                                    [0;39m] [33mo.t.t.s.t.InitializationServiceImpl[0;39m             : Defined statuses for 0 tenants 
[32m2025-06-04 | 10:29:14.880[0;39m | [34mINFO [0;39m [[36mmain                                    [0;39m] [33mo.t.t.s.t.TaskRuntimeService[0;39m                    : The task runtime scheduler is enabled! 
[32m2025-06-04 | 10:29:14.889[0;39m | [34mINFO [0;39m [[36mmain                                    [0;39m] [33mo.s.b.StartupInfoLogger[0;39m                         : Started TrendzApplication in 37.168 seconds (process running for 38.171) 
[32m2025-06-04 | 10:29:14.903[0;39m | [34mINFO [0;39m [[36mMessageBroker-1                         [0;39m] [33mo.t.t.s.t.InitializationServiceImpl[0;39m             : Scheduled user validation: finished 
[32m2025-06-04 | 10:29:21.011[0;39m | [34mINFO [0;39m [[36mapp-(scheduled)-rateLimitLogging-0      [0;39m] [33mo.t.t.s.p.RateLimitService[0;39m                      : total requests 0 in progress 0 queue size 0 
[32m2025-06-04 | 10:29:30.986[0;39m | [34mINFO [0;39m [[36mapp-(scheduled)-rateLimitLogging-0      [0;39m] [33mo.t.t.s.p.RateLimitService[0;39m                      : total requests 0 in progress 0 queue size 0 
[32m2025-06-04 | 10:29:40.990[0;39m | [34mINFO [0;39m [[36mapp-(scheduled)-rateLimitLogging-0      [0;39m] [33mo.t.t.s.p.RateLimitService[0;39m                      : total requests 0 in progress 0 queue size 0 
[32m2025-06-04 | 10:29:50.990[0;39m | [34mINFO [0;39m [[36mapp-(scheduled)-rateLimitLogging-0      [0;39m] [33mo.t.t.s.p.RateLimitService[0;39m                      : total requests 0 in progress 0 queue size 0 
[32m2025-06-04 | 10:30:04.157[0;39m | [34mINFO [0;39m [[36mbackground-preinit                      [0;39m] [33mo.h.v.i.u.Version[0;39m                               : HV000001: Hibernate Validator 8.0.1.Final 
[32m2025-06-04 | 10:30:04.250[0;39m | [34mINFO [0;39m [[36mmain                                    [0;39m] [33mo.s.b.StartupInfoLogger[0;39m                         : Starting TrendzApplication v1.13.1-SNAPSHOT using Java 17.0.15 with PID 14968 (C:\Program Files (x86)\trendz\lib\trendz.jar started by DESKTOP-FEGLDB1$ in C:\Program Files (x86)\trendz\conf) 
[32m2025-06-04 | 10:30:04.250[0;39m | [34mINFO [0;39m [[36mmain                                    [0;39m] [33mo.s.b.SpringApplication[0;39m                         : No active profile set, falling back to 1 default profile: "default" 
[32m2025-06-04 | 10:30:05.784[0;39m | [34mINFO [0;39m [[36mmain                                    [0;39m] [33mo.s.d.r.c.RepositoryConfigurationDelegate[0;39m       : Multiple Spring Data modules found, entering strict repository configuration mode 
[32m2025-06-04 | 10:30:05.784[0;39m | [34mINFO [0;39m [[36mmain                                    [0;39m] [33mo.s.d.r.c.RepositoryConfigurationDelegate[0;39m       : Bootstrapping Spring Data JPA repositories in DEFAULT mode. 
[32m2025-06-04 | 10:30:06.949[0;39m | [34mINFO [0;39m [[36mmain                                    [0;39m] [33mo.s.d.r.c.RepositoryConfigurationDelegate[0;39m       : Finished Spring Data repository scanning in 1150 ms. Found 45 JPA repository interfaces. 
[32m2025-06-04 | 10:30:12.955[0;39m | [34mINFO [0;39m [[36mmain                                    [0;39m] [33mo.s.b.w.e.t.TomcatWebServer[0;39m                     : Tomcat initialized with port 8888 (http) 
[32m2025-06-04 | 10:30:12.997[0;39m | [34mINFO [0;39m [[36mmain                                    [0;39m] [33mo.a.j.l.DirectJDKLog[0;39m                            : Initializing ProtocolHandler ["http-nio-0.0.0.0-8888"] 
[32m2025-06-04 | 10:30:13.001[0;39m | [34mINFO [0;39m [[36mmain                                    [0;39m] [33mo.a.j.l.DirectJDKLog[0;39m                            : Starting service [Tomcat] 
[32m2025-06-04 | 10:30:13.002[0;39m | [34mINFO [0;39m [[36mmain                                    [0;39m] [33mo.a.j.l.DirectJDKLog[0;39m                            : Starting Servlet engine: [Apache Tomcat/10.1.19] 
[32m2025-06-04 | 10:30:13.104[0;39m | [34mINFO [0;39m [[36mmain                                    [0;39m] [33mo.a.j.l.DirectJDKLog[0;39m                            : Initializing Spring embedded WebApplicationContext 
[32m2025-06-04 | 10:30:13.104[0;39m | [34mINFO [0;39m [[36mmain                                    [0;39m] [33mo.s.b.w.s.c.ServletWebServerApplicationContext[0;39m  : Root WebApplicationContext: initialization completed in 8757 ms 
[32m2025-06-04 | 10:30:15.102[0;39m | [34mINFO [0;39m [[36mmain                                    [0;39m] [33mo.t.t.s.p.c.CaffeineCacheConfiguration[0;39m          : Used cache tool: Caffeine 
[32m2025-06-04 | 10:30:15.333[0;39m | [34mINFO [0;39m [[36mmain                                    [0;39m] [33mo.t.t.s.p.BucketConfiguration[0;39m                   : Cloud Rate Limiting status: DISABLED 
[32m2025-06-04 | 10:30:15.390[0;39m | [34mINFO [0;39m [[36mmain                                    [0;39m] [33mo.t.t.s.p.CloudRateLimitService[0;39m                 : Cloud Rate Limiting status: DISABLED 
[32m2025-06-04 | 10:30:15.438[0;39m | [34mINFO [0;39m [[36mmain                                    [0;39m] [33mo.t.t.s.p.TbWebClient[0;39m                           : Default DNS resolver is used 
[32m2025-06-04 | 10:30:16.392[0;39m | [34mINFO [0;39m [[36mmain                                    [0;39m] [33mo.h.j.i.u.LogHelper[0;39m                             : HHH000204: Processing PersistenceUnitInfo [name: default] 
[32m2025-06-04 | 10:30:16.600[0;39m | [34mINFO [0;39m [[36mmain                                    [0;39m] [33mo.h.Version[0;39m                                     : HHH000412: Hibernate ORM core version 6.4.4.Final 
[32m2025-06-04 | 10:30:16.753[0;39m | [34mINFO [0;39m [[36mmain                                    [0;39m] [33mo.h.c.i.RegionFactoryInitiator[0;39m                  : HHH000026: Second-level cache disabled 
[32m2025-06-04 | 10:30:17.674[0;39m | [34mINFO [0;39m [[36mmain                                    [0;39m] [33mo.s.o.j.p.SpringPersistenceUnitInfo[0;39m             : No LoadTimeWeaver setup: ignoring JPA class transformer 
[32m2025-06-04 | 10:30:17.857[0;39m | [34mINFO [0;39m [[36mmain                                    [0;39m] [33mc.z.h.HikariDataSource[0;39m                          : HikariPool-1 - Starting... 
[32m2025-06-04 | 10:30:18.326[0;39m | [34mINFO [0;39m [[36mmain                                    [0;39m] [33mc.z.h.p.HikariPool[0;39m                              : HikariPool-1 - Added connection org.postgresql.jdbc.PgConnection@2d260f2a 
[32m2025-06-04 | 10:30:18.328[0;39m | [34mINFO [0;39m [[36mmain                                    [0;39m] [33mc.z.h.HikariDataSource[0;39m                          : HikariPool-1 - Start completed. 
[32m2025-06-04 | 10:30:18.374[0;39m | [31mWARN [0;39m [[36mmain                                    [0;39m] [33mo.h.e.j.d.i.DialectFactoryImpl[0;39m                  : HHH90000025: PostgreSQLDialect does not need to be specified explicitly using 'hibernate.dialect' (remove the property setting and it will be selected by default) 
[32m2025-06-04 | 10:30:23.921[0;39m | [34mINFO [0;39m [[36mmain                                    [0;39m] [33mo.h.e.t.j.p.i.JtaPlatformInitiator[0;39m              : HHH000489: No JTA platform available (set 'hibernate.transaction.jta.platform' to enable JTA platform integration) 
[32m2025-06-04 | 10:30:24.059[0;39m | [34mINFO [0;39m [[36mmain                                    [0;39m] [33mo.s.o.j.AbstractEntityManagerFactoryBean[0;39m        : Initialized JPA EntityManagerFactory for persistence unit 'default' 
[32m2025-06-04 | 10:30:25.120[0;39m | [34mINFO [0;39m [[36mmain                                    [0;39m] [33mo.s.d.j.r.q.QueryEnhancerFactory[0;39m                : Hibernate is in classpath; If applicable, HQL parser will be used. 
[32m2025-06-04 | 10:30:25.442[0;39m | [34mINFO [0;39m [[36mapp-(scheduled)-rateLimitLogging-0      [0;39m] [33mo.t.t.s.p.RateLimitService[0;39m                      : total requests 0 in progress 0 queue size 0 
[32m2025-06-04 | 10:30:26.716[0;39m | [34mINFO [0;39m [[36mmain                                    [0;39m] [33mo.t.l.c.TbLicenseClient[0;39m                         : Initializing ThingsBoard License Client, Release Date [2025-05-02] 
[32m2025-06-04 | 10:30:27.201[0;39m | [34mINFO [0;39m [[36mmain                                    [0;39m] [33mo.t.l.c.TbLicenseClient[0;39m                         : Obtained instance data from file. 
[32m2025-06-04 | 10:30:27.201[0;39m | [34mINFO [0;39m [[36mmain                                    [0;39m] [33mo.t.l.c.TbLicenseClient[0;39m                         : instanceId: [I8XPdcC3hX4YpeAjrHtd] 
[32m2025-06-04 | 10:30:27.233[0;39m | [34mINFO [0;39m [[36mmain                                    [0;39m] [33mo.t.l.c.TbLicenseClient[0;39m                         : planData: {
  "asset_count" : {
    "value" : 10,
    "description" : "The maximum number of assets"
  },
  "device_count" : {
    "value" : 10,
    "description" : "The maximum number of devices"
  }
} 
[32m2025-06-04 | 10:30:28.279[0;39m | [34mINFO [0;39m [[36mmain                                    [0;39m] [33mo.t.l.c.TbLicenseClient[0;39m                         : Executed checkInstance method. 
[32m2025-06-04 | 10:30:28.279[0;39m | [34mINFO [0;39m [[36mmain                                    [0;39m] [33mo.t.l.c.TbLicenseClient[0;39m                         : instanceId: [I8XPdcC3hX4YpeAjrHtd] 
[32m2025-06-04 | 10:30:28.287[0;39m | [34mINFO [0;39m [[36mmain                                    [0;39m] [33mo.t.l.c.TbLicenseClient[0;39m                         : planData: {
  "asset_count" : {
    "value" : 10,
    "description" : "The maximum number of assets"
  },
  "device_count" : {
    "value" : 10,
    "description" : "The maximum number of devices"
  }
} 
[32m2025-06-04 | 10:30:28.288[0;39m | [34mINFO [0;39m [[36mmain                                    [0;39m] [33mo.t.l.c.TbLicenseClient[0;39m                         : Initialized ThingsBoard License Client with instanceId [I8XPdcC3hX4YpeAjrHtd] 
[32m2025-06-04 | 10:30:35.369[0;39m | [34mINFO [0;39m [[36mmain                                    [0;39m] [33mo.t.t.StartupValidationService[0;39m                  : The version of database is matching to Trendz version [1.13.1] 
[32m2025-06-04 | 10:30:35.446[0;39m | [34mINFO [0;39m [[36mapp-(scheduled)-rateLimitLogging-0      [0;39m] [33mo.t.t.s.p.RateLimitService[0;39m                      : total requests 0 in progress 0 queue size 0 
[32m2025-06-04 | 10:30:35.983[0;39m | [34mINFO [0;39m [[36mmain                                    [0;39m] [33mo.t.t.c.PublicApiController[0;39m                     : application 1.13.1-SNAPSHOT ThingsBoard Trendz Server Application 2025-05-02T08:21:36.700Z 
[32m2025-06-04 | 10:30:37.311[0;39m | [34mINFO [0;39m [[36mmain                                    [0;39m] [33mo.s.b.a.w.s.WelcomePageHandlerMapping[0;39m           : Adding welcome page: class path resource [resources/index.html] 
[32m2025-06-04 | 10:30:37.912[0;39m | [34mINFO [0;39m [[36mmain                                    [0;39m] [33mo.s.b.a.e.w.EndpointLinksResolver[0;39m               : Exposing 0 endpoint(s) beneath base path '/actuator' 
[32m2025-06-04 | 10:30:38.102[0;39m | [34mINFO [0;39m [[36mmain                                    [0;39m] [33mo.s.s.w.DefaultSecurityFilterChain[0;39m              : Will secure any request with [org.springframework.security.web.session.DisableEncodeUrlFilter@690b87d0, org.springframework.security.web.context.request.async.WebAsyncManagerIntegrationFilter@33185e7f, org.springframework.security.web.context.SecurityContextHolderFilter@53b6b28c, org.springframework.security.web.header.HeaderWriterFilter@6e208659, org.springframework.web.filter.CorsFilter@77c326bd, org.springframework.security.web.authentication.logout.LogoutFilter@6ad7e237, org.thingsboard.trendz.security.RestLoginProcessingFilter@b7e53b1, org.thingsboard.trendz.security.JwtTokenAuthenticationProcessingFilter@6ecf239d, org.thingsboard.trendz.security.RefreshTokenProcessingFilter@6e87556f, org.springframework.security.web.savedrequest.RequestCacheAwareFilter@517c7b0, org.springframework.security.web.servletapi.SecurityContextHolderAwareRequestFilter@15f40cd6, org.springframework.security.web.authentication.AnonymousAuthenticationFilter@28dd7655, org.springframework.security.web.session.SessionManagementFilter@7bfa6b82, org.springframework.security.web.access.ExceptionTranslationFilter@5725a005, org.springframework.security.web.access.intercept.AuthorizationFilter@1bd4c3ac] 
[32m2025-06-04 | 10:30:40.419[0;39m | [34mINFO [0;39m [[36mmain                                    [0;39m] [33mo.a.j.l.DirectJDKLog[0;39m                            : Starting ProtocolHandler ["http-nio-0.0.0.0-8888"] 
[32m2025-06-04 | 10:30:40.481[0;39m | [34mINFO [0;39m [[36mmain                                    [0;39m] [33mo.s.b.w.e.t.TomcatWebServer[0;39m                     : Tomcat started on port 8888 (http) with context path '' 
[32m2025-06-04 | 10:30:40.481[0;39m | [34mINFO [0;39m [[36mmain                                    [0;39m] [33mo.s.c.l.CompositeLog[0;39m                            : Starting... 
[32m2025-06-04 | 10:30:40.481[0;39m | [34mINFO [0;39m [[36mmain                                    [0;39m] [33mo.s.c.l.CompositeLog[0;39m                            : BrokerAvailabilityEvent[available=true, SimpleBrokerMessageHandler [org.springframework.messaging.simp.broker.DefaultSubscriptionRegistry@4e908a36]] 
[32m2025-06-04 | 10:30:40.481[0;39m | [34mINFO [0;39m [[36mmain                                    [0;39m] [33mo.s.c.l.CompositeLog[0;39m                            : Started. 
[32m2025-06-04 | 10:30:40.723[0;39m | [34mINFO [0;39m [[36mMessageBroker-1                         [0;39m] [33mo.t.t.s.t.InitializationServiceImpl[0;39m             : Scheduled user validation: started 
[32m2025-06-04 | 10:30:40.919[0;39m | [34mINFO [0;39m [[36mmain                                    [0;39m] [33mo.t.t.s.t.InitializationServiceImpl[0;39m             : Defined statuses for 0 tenants 
[32m2025-06-04 | 10:30:40.919[0;39m | [34mINFO [0;39m [[36mmain                                    [0;39m] [33mo.t.t.s.t.TaskRuntimeService[0;39m                    : The task runtime scheduler is enabled! 
[32m2025-06-04 | 10:30:40.966[0;39m | [34mINFO [0;39m [[36mmain                                    [0;39m] [33mo.s.b.StartupInfoLogger[0;39m                         : Started TrendzApplication in 37.226 seconds (process running for 38.149) 
[32m2025-06-04 | 10:30:40.968[0;39m | [34mINFO [0;39m [[36mMessageBroker-1                         [0;39m] [33mo.t.t.s.t.InitializationServiceImpl[0;39m             : Scheduled user validation: finished 
[32m2025-06-04 | 10:30:45.425[0;39m | [34mINFO [0;39m [[36mapp-(scheduled)-rateLimitLogging-0      [0;39m] [33mo.t.t.s.p.RateLimitService[0;39m                      : total requests 0 in progress 0 queue size 0 
[32m2025-06-04 | 10:30:55.434[0;39m | [34mINFO [0;39m [[36mapp-(scheduled)-rateLimitLogging-0      [0;39m] [33mo.t.t.s.p.RateLimitService[0;39m                      : total requests 0 in progress 0 queue size 0 
[32m2025-06-04 | 10:31:05.426[0;39m | [34mINFO [0;39m [[36mapp-(scheduled)-rateLimitLogging-0      [0;39m] [33mo.t.t.s.p.RateLimitService[0;39m                      : total requests 0 in progress 0 queue size 0 
[32m2025-06-04 | 10:31:06.014[0;39m | [34mINFO [0;39m [[36mhttp-nio-0.0.0.0-8888-exec-1            [0;39m] [33mo.a.j.l.DirectJDKLog[0;39m                            : Initializing Spring DispatcherServlet 'dispatcherServlet' 
[32m2025-06-04 | 10:31:06.014[0;39m | [34mINFO [0;39m [[36mhttp-nio-0.0.0.0-8888-exec-1            [0;39m] [33mo.s.w.s.FrameworkServlet[0;39m                        : Initializing Servlet 'dispatcherServlet' 
[32m2025-06-04 | 10:31:06.021[0;39m | [34mINFO [0;39m [[36mhttp-nio-0.0.0.0-8888-exec-1            [0;39m] [33mo.s.w.s.FrameworkServlet[0;39m                        : Completed initialization in 6 ms 
[32m2025-06-04 | 10:31:07.985[0;39m | [1;31mERROR[0;39m [[36mhttp-nio-0.0.0.0-8888-exec-8            [0;39m] [33mo.t.t.c.ExceptionHandlerController[0;39m              : The request to the Thingsboard was failed 
org.thingsboard.trendz.exception.service.provider.TbWebClientException: Error during execution request: 
url = /api/noauth/translation/login/en_US cause = Connection refused: getsockopt: localhost/127.0.0.1:8080

	at org.thingsboard.trendz.service.provider.TbWebClient.lambda$queryWrapper$23(TbWebClient.java:301)
	at reactor.core.publisher.FluxOnErrorResume$ResumeSubscriber.onError(FluxOnErrorResume.java:94)
	at reactor.core.publisher.FluxPeek$PeekSubscriber.onError(FluxPeek.java:222)
	at reactor.core.publisher.FluxMap$MapSubscriber.onError(FluxMap.java:134)
	at reactor.core.publisher.FluxOnErrorResume$ResumeSubscriber.onError(FluxOnErrorResume.java:106)
	at reactor.core.publisher.Operators.error(Operators.java:198)
	at reactor.core.publisher.MonoError.subscribe(MonoError.java:53)
	at reactor.core.publisher.Mono.subscribe(Mono.java:4568)
	at reactor.core.publisher.FluxOnErrorResume$ResumeSubscriber.onError(FluxOnErrorResume.java:103)
	at reactor.core.publisher.FluxPeek$PeekSubscriber.onError(FluxPeek.java:222)
	at reactor.core.publisher.FluxMap$MapSubscriber.onError(FluxMap.java:134)
	at reactor.core.publisher.Operators$MultiSubscriptionSubscriber.onError(Operators.java:2236)
	at reactor.core.publisher.MonoFlatMap$FlatMapMain.secondError(MonoFlatMap.java:241)
	at reactor.core.publisher.MonoFlatMap$FlatMapInner.onError(MonoFlatMap.java:315)
	at reactor.core.publisher.MonoPublishOn$PublishOnSubscriber.run(MonoPublishOn.java:187)
	at reactor.core.scheduler.SchedulerTask.call(SchedulerTask.java:68)
	at reactor.core.scheduler.SchedulerTask.call(SchedulerTask.java:28)
	at java.base/java.util.concurrent.FutureTask.run(FutureTask.java:264)
	at java.base/java.util.concurrent.ThreadPoolExecutor.runWorker(ThreadPoolExecutor.java:1136)
	at java.base/java.util.concurrent.ThreadPoolExecutor$Worker.run(ThreadPoolExecutor.java:635)
	at java.base/java.lang.Thread.run(Thread.java:840)
	Suppressed: [CIRCULAR REFERENCE: org.springframework.web.reactive.function.client.WebClientRequestException: Connection refused: getsockopt: localhost/127.0.0.1:8080]
	Suppressed: java.lang.Exception: #block terminated with an error
		at reactor.core.publisher.BlockingSingleSubscriber.blockingGet(BlockingSingleSubscriber.java:146)
		at reactor.core.publisher.Mono.block(Mono.java:1807)
		at org.thingsboard.trendz.service.translation.TranslationService.getTranslationsBeforeLogin(TranslationService.java:30)
		at org.thingsboard.trendz.controller.TranslationsController.getTranslationsBeforeLogin(TranslationsController.java:28)
		at java.base/jdk.internal.reflect.NativeMethodAccessorImpl.invoke0(Native Method)
		at java.base/jdk.internal.reflect.NativeMethodAccessorImpl.invoke(NativeMethodAccessorImpl.java:77)
		at java.base/jdk.internal.reflect.DelegatingMethodAccessorImpl.invoke(DelegatingMethodAccessorImpl.java:43)
		at java.base/java.lang.reflect.Method.invoke(Method.java:569)
		at org.springframework.aop.support.AopUtils.invokeJoinpointUsingReflection(AopUtils.java:351)
		at org.springframework.aop.framework.CglibAopProxy$DynamicAdvisedInterceptor.intercept(CglibAopProxy.java:713)
		at org.thingsboard.trendz.controller.TranslationsController$$SpringCGLIB$$0.getTranslationsBeforeLogin(<generated>)
		at java.base/jdk.internal.reflect.NativeMethodAccessorImpl.invoke0(Native Method)
		at java.base/jdk.internal.reflect.NativeMethodAccessorImpl.invoke(NativeMethodAccessorImpl.java:77)
		at java.base/jdk.internal.reflect.DelegatingMethodAccessorImpl.invoke(DelegatingMethodAccessorImpl.java:43)
		at java.base/java.lang.reflect.Method.invoke(Method.java:569)
		at org.springframework.web.method.support.InvocableHandlerMethod.doInvoke(InvocableHandlerMethod.java:255)
		at org.springframework.web.method.support.InvocableHandlerMethod.invokeForRequest(InvocableHandlerMethod.java:188)
		at org.springframework.web.servlet.mvc.method.annotation.ServletInvocableHandlerMethod.invokeAndHandle(ServletInvocableHandlerMethod.java:118)
		at org.springframework.web.servlet.mvc.method.annotation.RequestMappingHandlerAdapter.invokeHandlerMethod(RequestMappingHandlerAdapter.java:925)
		at org.springframework.web.servlet.mvc.method.annotation.RequestMappingHandlerAdapter.handleInternal(RequestMappingHandlerAdapter.java:830)
		at org.springframework.web.servlet.mvc.method.AbstractHandlerMethodAdapter.handle(AbstractHandlerMethodAdapter.java:87)
		at org.springframework.web.servlet.DispatcherServlet.doDispatch(DispatcherServlet.java:1089)
		at org.springframework.web.servlet.DispatcherServlet.doService(DispatcherServlet.java:979)
		at org.springframework.web.servlet.FrameworkServlet.processRequest(FrameworkServlet.java:1014)
		at org.springframework.web.servlet.FrameworkServlet.doGet(FrameworkServlet.java:903)
		at jakarta.servlet.http.HttpServlet.service(HttpServlet.java:564)
		at org.springframework.web.servlet.FrameworkServlet.service(FrameworkServlet.java:885)
		at jakarta.servlet.http.HttpServlet.service(HttpServlet.java:658)
		at org.apache.catalina.core.ApplicationFilterChain.internalDoFilter(ApplicationFilterChain.java:205)
		at org.apache.catalina.core.ApplicationFilterChain.doFilter(ApplicationFilterChain.java:149)
		at org.apache.tomcat.websocket.server.WsFilter.doFilter(WsFilter.java:51)
		at org.apache.catalina.core.ApplicationFilterChain.internalDoFilter(ApplicationFilterChain.java:174)
		at org.apache.catalina.core.ApplicationFilterChain.doFilter(ApplicationFilterChain.java:149)
		at org.springframework.security.web.authentication.AbstractAuthenticationProcessingFilter.doFilter(AbstractAuthenticationProcessingFilter.java:227)
		at org.springframework.security.web.authentication.AbstractAuthenticationProcessingFilter.doFilter(AbstractAuthenticationProcessingFilter.java:221)
		at org.apache.catalina.core.ApplicationFilterChain.internalDoFilter(ApplicationFilterChain.java:174)
		at org.apache.catalina.core.ApplicationFilterChain.doFilter(ApplicationFilterChain.java:149)
		at org.springframework.security.web.authentication.AbstractAuthenticationProcessingFilter.doFilter(AbstractAuthenticationProcessingFilter.java:227)
		at org.springframework.security.web.authentication.AbstractAuthenticationProcessingFilter.doFilter(AbstractAuthenticationProcessingFilter.java:221)
		at org.apache.catalina.core.ApplicationFilterChain.internalDoFilter(ApplicationFilterChain.java:174)
		at org.apache.catalina.core.ApplicationFilterChain.doFilter(ApplicationFilterChain.java:149)
		at org.springframework.security.web.authentication.AbstractAuthenticationProcessingFilter.doFilter(AbstractAuthenticationProcessingFilter.java:227)
		at org.springframework.security.web.authentication.AbstractAuthenticationProcessingFilter.doFilter(AbstractAuthenticationProcessingFilter.java:221)
		at org.apache.catalina.core.ApplicationFilterChain.internalDoFilter(ApplicationFilterChain.java:174)
		at org.apache.catalina.core.ApplicationFilterChain.doFilter(ApplicationFilterChain.java:149)
		at org.springframework.web.filter.CompositeFilter$VirtualFilterChain.doFilter(CompositeFilter.java:108)
		at org.springframework.security.web.FilterChainProxy.lambda$doFilterInternal$3(FilterChainProxy.java:231)
		at org.springframework.security.web.ObservationFilterChainDecorator$FilterObservation$SimpleFilterObservation.lambda$wrap$1(ObservationFilterChainDecorator.java:479)
		at org.springframework.security.web.ObservationFilterChainDecorator$AroundFilterObservation$SimpleAroundFilterObservation.lambda$wrap$1(ObservationFilterChainDecorator.java:340)
		at org.springframework.security.web.ObservationFilterChainDecorator.lambda$wrapSecured$0(ObservationFilterChainDecorator.java:82)
		at org.springframework.security.web.ObservationFilterChainDecorator$VirtualFilterChain.doFilter(ObservationFilterChainDecorator.java:128)
		at org.springframework.security.web.access.intercept.AuthorizationFilter.doFilter(AuthorizationFilter.java:100)
		at org.springframework.security.web.ObservationFilterChainDecorator$ObservationFilter.wrapFilter(ObservationFilterChainDecorator.java:240)
		at org.springframework.security.web.ObservationFilterChainDecorator$ObservationFilter.doFilter(ObservationFilterChainDecorator.java:227)
		at org.springframework.security.web.ObservationFilterChainDecorator$VirtualFilterChain.doFilter(ObservationFilterChainDecorator.java:137)
		at org.springframework.security.web.access.ExceptionTranslationFilter.doFilter(ExceptionTranslationFilter.java:126)
		at org.springframework.security.web.access.ExceptionTranslationFilter.doFilter(ExceptionTranslationFilter.java:120)
		at org.springframework.security.web.ObservationFilterChainDecorator$ObservationFilter.wrapFilter(ObservationFilterChainDecorator.java:240)
		at org.springframework.security.web.ObservationFilterChainDecorator$ObservationFilter.doFilter(ObservationFilterChainDecorator.java:227)
		at org.springframework.security.web.ObservationFilterChainDecorator$VirtualFilterChain.doFilter(ObservationFilterChainDecorator.java:137)
		at org.springframework.security.web.session.SessionManagementFilter.doFilter(SessionManagementFilter.java:131)
		at org.springframework.security.web.session.SessionManagementFilter.doFilter(SessionManagementFilter.java:85)
		at org.springframework.security.web.ObservationFilterChainDecorator$ObservationFilter.wrapFilter(ObservationFilterChainDecorator.java:240)
		at org.springframework.security.web.ObservationFilterChainDecorator$ObservationFilter.doFilter(ObservationFilterChainDecorator.java:227)
		at org.springframework.security.web.ObservationFilterChainDecorator$VirtualFilterChain.doFilter(ObservationFilterChainDecorator.java:137)
		at org.springframework.security.web.authentication.AnonymousAuthenticationFilter.doFilter(AnonymousAuthenticationFilter.java:100)
		at org.springframework.security.web.ObservationFilterChainDecorator$ObservationFilter.wrapFilter(ObservationFilterChainDecorator.java:240)
		at org.springframework.security.web.ObservationFilterChainDecorator$ObservationFilter.doFilter(ObservationFilterChainDecorator.java:227)
		at org.springframework.security.web.ObservationFilterChainDecorator$VirtualFilterChain.doFilter(ObservationFilterChainDecorator.java:137)
		at org.springframework.security.web.servletapi.SecurityContextHolderAwareRequestFilter.doFilter(SecurityContextHolderAwareRequestFilter.java:179)
		at org.springframework.security.web.ObservationFilterChainDecorator$ObservationFilter.wrapFilter(ObservationFilterChainDecorator.java:240)
		at org.springframework.security.web.ObservationFilterChainDecorator$ObservationFilter.doFilter(ObservationFilterChainDecorator.java:227)
		at org.springframework.security.web.ObservationFilterChainDecorator$VirtualFilterChain.doFilter(ObservationFilterChainDecorator.java:137)
		at org.springframework.security.web.savedrequest.RequestCacheAwareFilter.doFilter(RequestCacheAwareFilter.java:63)
		at org.springframework.security.web.ObservationFilterChainDecorator$ObservationFilter.wrapFilter(ObservationFilterChainDecorator.java:240)
		at org.springframework.security.web.ObservationFilterChainDecorator$ObservationFilter.doFilter(ObservationFilterChainDecorator.java:227)
		at org.springframework.security.web.ObservationFilterChainDecorator$VirtualFilterChain.doFilter(ObservationFilterChainDecorator.java:137)
		at org.springframework.security.web.authentication.AbstractAuthenticationProcessingFilter.doFilter(AbstractAuthenticationProcessingFilter.java:227)
		at org.springframework.security.web.authentication.AbstractAuthenticationProcessingFilter.doFilter(AbstractAuthenticationProcessingFilter.java:221)
		at org.springframework.security.web.ObservationFilterChainDecorator$ObservationFilter.wrapFilter(ObservationFilterChainDecorator.java:240)
		at org.springframework.security.web.ObservationFilterChainDecorator$ObservationFilter.doFilter(ObservationFilterChainDecorator.java:227)
		at org.springframework.security.web.ObservationFilterChainDecorator$VirtualFilterChain.doFilter(ObservationFilterChainDecorator.java:137)
		at org.springframework.security.web.authentication.AbstractAuthenticationProcessingFilter.doFilter(AbstractAuthenticationProcessingFilter.java:227)
		at org.springframework.security.web.authentication.AbstractAuthenticationProcessingFilter.doFilter(AbstractAuthenticationProcessingFilter.java:221)
		at org.springframework.security.web.ObservationFilterChainDecorator$ObservationFilter.wrapFilter(ObservationFilterChainDecorator.java:240)
		at org.springframework.security.web.ObservationFilterChainDecorator$ObservationFilter.doFilter(ObservationFilterChainDecorator.java:227)
		at org.springframework.security.web.ObservationFilterChainDecorator$VirtualFilterChain.doFilter(ObservationFilterChainDecorator.java:137)
		at org.springframework.security.web.authentication.AbstractAuthenticationProcessingFilter.doFilter(AbstractAuthenticationProcessingFilter.java:227)
		at org.springframework.security.web.authentication.AbstractAuthenticationProcessingFilter.doFilter(AbstractAuthenticationProcessingFilter.java:221)
		at org.springframework.security.web.ObservationFilterChainDecorator$ObservationFilter.wrapFilter(ObservationFilterChainDecorator.java:240)
		at org.springframework.security.web.ObservationFilterChainDecorator$ObservationFilter.doFilter(ObservationFilterChainDecorator.java:227)
		at org.springframework.security.web.ObservationFilterChainDecorator$VirtualFilterChain.doFilter(ObservationFilterChainDecorator.java:137)
		at org.springframework.security.web.authentication.logout.LogoutFilter.doFilter(LogoutFilter.java:107)
		at org.springframework.security.web.authentication.logout.LogoutFilter.doFilter(LogoutFilter.java:93)
		at org.springframework.security.web.ObservationFilterChainDecorator$ObservationFilter.wrapFilter(ObservationFilterChainDecorator.java:240)
		at org.springframework.security.web.ObservationFilterChainDecorator$ObservationFilter.doFilter(ObservationFilterChainDecorator.java:227)
		at org.springframework.security.web.ObservationFilterChainDecorator$VirtualFilterChain.doFilter(ObservationFilterChainDecorator.java:137)
		at org.springframework.web.filter.CorsFilter.doFilterInternal(CorsFilter.java:91)
		at org.springframework.web.filter.OncePerRequestFilter.doFilter(OncePerRequestFilter.java:116)
		at org.springframework.security.web.ObservationFilterChainDecorator$ObservationFilter.wrapFilter(ObservationFilterChainDecorator.java:240)
		at org.springframework.security.web.ObservationFilterChainDecorator$ObservationFilter.doFilter(ObservationFilterChainDecorator.java:227)
		at org.springframework.security.web.ObservationFilterChainDecorator$VirtualFilterChain.doFilter(ObservationFilterChainDecorator.java:137)
		at org.springframework.security.web.header.HeaderWriterFilter.doHeadersAfter(HeaderWriterFilter.java:90)
		at org.springframework.security.web.header.HeaderWriterFilter.doFilterInternal(HeaderWriterFilter.java:75)
		at org.springframework.web.filter.OncePerRequestFilter.doFilter(OncePerRequestFilter.java:116)
		at org.springframework.security.web.ObservationFilterChainDecorator$ObservationFilter.wrapFilter(ObservationFilterChainDecorator.java:240)
		at org.springframework.security.web.ObservationFilterChainDecorator$ObservationFilter.doFilter(ObservationFilterChainDecorator.java:227)
		at org.springframework.security.web.ObservationFilterChainDecorator$VirtualFilterChain.doFilter(ObservationFilterChainDecorator.java:137)
		at org.springframework.security.web.context.SecurityContextHolderFilter.doFilter(SecurityContextHolderFilter.java:82)
		at org.springframework.security.web.context.SecurityContextHolderFilter.doFilter(SecurityContextHolderFilter.java:69)
		at org.springframework.security.web.ObservationFilterChainDecorator$ObservationFilter.wrapFilter(ObservationFilterChainDecorator.java:240)
		at org.springframework.security.web.ObservationFilterChainDecorator$ObservationFilter.doFilter(ObservationFilterChainDecorator.java:227)
		at org.springframework.security.web.ObservationFilterChainDecorator$VirtualFilterChain.doFilter(ObservationFilterChainDecorator.java:137)
		at org.springframework.security.web.context.request.async.WebAsyncManagerIntegrationFilter.doFilterInternal(WebAsyncManagerIntegrationFilter.java:62)
		at org.springframework.web.filter.OncePerRequestFilter.doFilter(OncePerRequestFilter.java:116)
		at org.springframework.security.web.ObservationFilterChainDecorator$ObservationFilter.wrapFilter(ObservationFilterChainDecorator.java:240)
		at org.springframework.security.web.ObservationFilterChainDecorator$ObservationFilter.doFilter(ObservationFilterChainDecorator.java:227)
		at org.springframework.security.web.ObservationFilterChainDecorator$VirtualFilterChain.doFilter(ObservationFilterChainDecorator.java:137)
		at org.springframework.security.web.session.DisableEncodeUrlFilter.doFilterInternal(DisableEncodeUrlFilter.java:42)
		at org.springframework.web.filter.OncePerRequestFilter.doFilter(OncePerRequestFilter.java:116)
		at org.springframework.security.web.ObservationFilterChainDecorator$ObservationFilter.wrapFilter(ObservationFilterChainDecorator.java:240)
		at org.springframework.security.web.ObservationFilterChainDecorator$AroundFilterObservation$SimpleAroundFilterObservation.lambda$wrap$0(ObservationFilterChainDecorator.java:323)
		at org.springframework.security.web.ObservationFilterChainDecorator$ObservationFilter.doFilter(ObservationFilterChainDecorator.java:224)
		at org.springframework.security.web.ObservationFilterChainDecorator$VirtualFilterChain.doFilter(ObservationFilterChainDecorator.java:137)
		at org.springframework.security.web.FilterChainProxy.doFilterInternal(FilterChainProxy.java:233)
		at org.springframework.security.web.FilterChainProxy.doFilter(FilterChainProxy.java:191)
		at org.springframework.web.filter.CompositeFilter$VirtualFilterChain.doFilter(CompositeFilter.java:113)
		at org.springframework.web.servlet.handler.HandlerMappingIntrospector.lambda$createCacheFilter$3(HandlerMappingIntrospector.java:195)
		at org.springframework.web.filter.CompositeFilter$VirtualFilterChain.doFilter(CompositeFilter.java:113)
		at org.springframework.web.filter.CompositeFilter.doFilter(CompositeFilter.java:74)
		at org.springframework.security.config.annotation.web.configuration.WebMvcSecurityConfiguration$CompositeFilterChainProxy.doFilter(WebMvcSecurityConfiguration.java:230)
		at org.springframework.web.filter.DelegatingFilterProxy.invokeDelegate(DelegatingFilterProxy.java:352)
		at org.springframework.web.filter.DelegatingFilterProxy.doFilter(DelegatingFilterProxy.java:268)
		at org.apache.catalina.core.ApplicationFilterChain.internalDoFilter(ApplicationFilterChain.java:174)
		at org.apache.catalina.core.ApplicationFilterChain.doFilter(ApplicationFilterChain.java:149)
		at org.springframework.web.filter.RequestContextFilter.doFilterInternal(RequestContextFilter.java:100)
		at org.springframework.web.filter.OncePerRequestFilter.doFilter(OncePerRequestFilter.java:116)
		at org.apache.catalina.core.ApplicationFilterChain.internalDoFilter(ApplicationFilterChain.java:174)
		at org.apache.catalina.core.ApplicationFilterChain.doFilter(ApplicationFilterChain.java:149)
		at org.springframework.web.filter.FormContentFilter.doFilterInternal(FormContentFilter.java:93)
		at org.springframework.web.filter.OncePerRequestFilter.doFilter(OncePerRequestFilter.java:116)
		at org.apache.catalina.core.ApplicationFilterChain.internalDoFilter(ApplicationFilterChain.java:174)
		at org.apache.catalina.core.ApplicationFilterChain.doFilter(ApplicationFilterChain.java:149)
		at org.springframework.web.filter.ServerHttpObservationFilter.doFilterInternal(ServerHttpObservationFilter.java:109)
		at org.springframework.web.filter.OncePerRequestFilter.doFilter(OncePerRequestFilter.java:116)
		at org.apache.catalina.core.ApplicationFilterChain.internalDoFilter(ApplicationFilterChain.java:174)
		at org.apache.catalina.core.ApplicationFilterChain.doFilter(ApplicationFilterChain.java:149)
		at org.springframework.web.filter.CharacterEncodingFilter.doFilterInternal(CharacterEncodingFilter.java:201)
		at org.springframework.web.filter.OncePerRequestFilter.doFilter(OncePerRequestFilter.java:116)
		at org.apache.catalina.core.ApplicationFilterChain.internalDoFilter(ApplicationFilterChain.java:174)
		at org.apache.catalina.core.ApplicationFilterChain.doFilter(ApplicationFilterChain.java:149)
		at org.apache.catalina.core.StandardWrapperValve.invoke(StandardWrapperValve.java:167)
		at org.apache.catalina.core.StandardContextValve.invoke(StandardContextValve.java:90)
		at org.apache.catalina.authenticator.AuthenticatorBase.invoke(AuthenticatorBase.java:482)
		at org.apache.catalina.core.StandardHostValve.invoke(StandardHostValve.java:115)
		at org.apache.catalina.valves.ErrorReportValve.invoke(ErrorReportValve.java:93)
		at org.apache.catalina.core.StandardEngineValve.invoke(StandardEngineValve.java:74)
		at org.apache.catalina.connector.CoyoteAdapter.service(CoyoteAdapter.java:344)
		at org.apache.coyote.http11.Http11Processor.service(Http11Processor.java:391)
		at org.apache.coyote.AbstractProcessorLight.process(AbstractProcessorLight.java:63)
		at org.apache.coyote.AbstractProtocol$ConnectionHandler.process(AbstractProtocol.java:896)
		at org.apache.tomcat.util.net.NioEndpoint$SocketProcessor.doRun(NioEndpoint.java:1744)
		at org.apache.tomcat.util.net.SocketProcessorBase.run(SocketProcessorBase.java:52)
		at org.apache.tomcat.util.threads.ThreadPoolExecutor.runWorker(ThreadPoolExecutor.java:1191)
		at org.apache.tomcat.util.threads.ThreadPoolExecutor$Worker.run(ThreadPoolExecutor.java:659)
		at org.apache.tomcat.util.threads.TaskThread$WrappingRunnable.run(TaskThread.java:63)
		... 1 common frames omitted
Caused by: org.springframework.web.reactive.function.client.WebClientRequestException: Connection refused: getsockopt: localhost/127.0.0.1:8080
	at org.springframework.web.reactive.function.client.ExchangeFunctions$DefaultExchangeFunction.lambda$wrapException$9(ExchangeFunctions.java:136)
	Suppressed: reactor.core.publisher.FluxOnAssembly$OnAssemblyException: 
Error has been observed at the following site(s):
	*__checkpoint ? Request to GET http://localhost:8080/api/noauth/translation/login/en_US [DefaultWebClient]
Original Stack Trace:
		at org.springframework.web.reactive.function.client.ExchangeFunctions$DefaultExchangeFunction.lambda$wrapException$9(ExchangeFunctions.java:136)
		at reactor.core.publisher.MonoErrorSupplied.subscribe(MonoErrorSupplied.java:55)
		at reactor.core.publisher.Mono.subscribe(Mono.java:4568)
		at reactor.core.publisher.FluxOnErrorResume$ResumeSubscriber.onError(FluxOnErrorResume.java:103)
		at reactor.core.publisher.FluxPeek$PeekSubscriber.onError(FluxPeek.java:222)
		at reactor.core.publisher.FluxPeek$PeekSubscriber.onError(FluxPeek.java:222)
		at reactor.core.publisher.FluxPeek$PeekSubscriber.onError(FluxPeek.java:222)
		at reactor.core.publisher.MonoNext$NextSubscriber.onError(MonoNext.java:93)
		at reactor.core.publisher.MonoFlatMapMany$FlatMapManyMain.onError(MonoFlatMapMany.java:205)
		at reactor.core.publisher.SerializedSubscriber.onError(SerializedSubscriber.java:124)
		at reactor.core.publisher.FluxRetryWhen$RetryWhenMainSubscriber.whenError(FluxRetryWhen.java:229)
		at reactor.core.publisher.FluxRetryWhen$RetryWhenOtherSubscriber.onError(FluxRetryWhen.java:279)
		at reactor.core.publisher.FluxContextWrite$ContextWriteSubscriber.onError(FluxContextWrite.java:121)
		at reactor.core.publisher.FluxConcatMapNoPrefetch$FluxConcatMapNoPrefetchSubscriber.maybeOnError(FluxConcatMapNoPrefetch.java:327)
		at reactor.core.publisher.FluxConcatMapNoPrefetch$FluxConcatMapNoPrefetchSubscriber.onNext(FluxConcatMapNoPrefetch.java:212)
		at reactor.core.publisher.FluxContextWrite$ContextWriteSubscriber.onNext(FluxContextWrite.java:107)
		at reactor.core.publisher.SinkManyEmitterProcessor.drain(SinkManyEmitterProcessor.java:476)
		at reactor.core.publisher.SinkManyEmitterProcessor$EmitterInner.drainParent(SinkManyEmitterProcessor.java:620)
		at reactor.core.publisher.FluxPublish$PubSubInner.request(FluxPublish.java:874)
		at reactor.core.publisher.FluxContextWrite$ContextWriteSubscriber.request(FluxContextWrite.java:136)
		at reactor.core.publisher.FluxConcatMapNoPrefetch$FluxConcatMapNoPrefetchSubscriber.request(FluxConcatMapNoPrefetch.java:337)
		at reactor.core.publisher.FluxContextWrite$ContextWriteSubscriber.request(FluxContextWrite.java:136)
		at reactor.core.publisher.Operators$DeferredSubscription.request(Operators.java:1743)
		at reactor.core.publisher.FluxRetryWhen$RetryWhenMainSubscriber.onError(FluxRetryWhen.java:196)
		at reactor.core.publisher.MonoCreate$DefaultMonoSink.error(MonoCreate.java:205)
		at reactor.netty.http.client.HttpClientConnect$MonoHttpConnect$ClientTransportSubscriber.onError(HttpClientConnect.java:311)
		at reactor.core.publisher.MonoCreate$DefaultMonoSink.error(MonoCreate.java:205)
		at reactor.netty.resources.DefaultPooledConnectionProvider$DisposableAcquire.onError(DefaultPooledConnectionProvider.java:172)
		at reactor.netty.internal.shaded.reactor.pool.AbstractPool$Borrower.fail(AbstractPool.java:488)
		at reactor.netty.internal.shaded.reactor.pool.SimpleDequePool.lambda$drainLoop$9(SimpleDequePool.java:436)
		at reactor.core.publisher.FluxDoOnEach$DoOnEachSubscriber.onError(FluxDoOnEach.java:186)
		at reactor.core.publisher.MonoCreate$DefaultMonoSink.error(MonoCreate.java:205)
		at reactor.netty.resources.DefaultPooledConnectionProvider$PooledConnectionAllocator$PooledConnectionInitializer.onError(DefaultPooledConnectionProvider.java:583)
		at reactor.core.publisher.MonoFlatMap$FlatMapMain.secondError(MonoFlatMap.java:241)
		at reactor.core.publisher.MonoFlatMap$FlatMapInner.onError(MonoFlatMap.java:315)
		at reactor.core.publisher.FluxOnErrorResume$ResumeSubscriber.onError(FluxOnErrorResume.java:106)
		at reactor.core.publisher.Operators.error(Operators.java:198)
		at reactor.core.publisher.MonoError.subscribe(MonoError.java:53)
		at reactor.core.publisher.Mono.subscribe(Mono.java:4568)
		at reactor.core.publisher.FluxOnErrorResume$ResumeSubscriber.onError(FluxOnErrorResume.java:103)
		at reactor.netty.transport.TransportConnector$MonoChannelPromise.tryFailure(TransportConnector.java:576)
		at reactor.netty.transport.TransportConnector$MonoChannelPromise.setFailure(TransportConnector.java:522)
		at reactor.netty.transport.TransportConnector.lambda$doConnect$7(TransportConnector.java:261)
		at io.netty.util.concurrent.DefaultPromise.notifyListener0(DefaultPromise.java:590)
		at io.netty.util.concurrent.DefaultPromise.notifyListeners0(DefaultPromise.java:583)
		at io.netty.util.concurrent.DefaultPromise.notifyListenersNow(DefaultPromise.java:559)
		at io.netty.util.concurrent.DefaultPromise.notifyListeners(DefaultPromise.java:492)
		at io.netty.util.concurrent.DefaultPromise.setValue0(DefaultPromise.java:636)
		at io.netty.util.concurrent.DefaultPromise.setFailure0(DefaultPromise.java:629)
		at io.netty.util.concurrent.DefaultPromise.tryFailure(DefaultPromise.java:118)
		at io.netty.channel.nio.AbstractNioChannel$AbstractNioUnsafe.fulfillConnectPromise(AbstractNioChannel.java:326)
		at io.netty.channel.nio.AbstractNioChannel$AbstractNioUnsafe.finishConnect(AbstractNioChannel.java:342)
		at io.netty.channel.nio.NioEventLoop.processSelectedKey(NioEventLoop.java:776)
		at io.netty.channel.nio.NioEventLoop.processSelectedKeysOptimized(NioEventLoop.java:724)
		at io.netty.channel.nio.NioEventLoop.processSelectedKeys(NioEventLoop.java:650)
		at io.netty.channel.nio.NioEventLoop.run(NioEventLoop.java:562)
		at io.netty.util.concurrent.SingleThreadEventExecutor$4.run(SingleThreadEventExecutor.java:997)
		at io.netty.util.internal.ThreadExecutorMap$2.run(ThreadExecutorMap.java:74)
		at io.netty.util.concurrent.FastThreadLocalRunnable.run(FastThreadLocalRunnable.java:30)
		at java.base/java.lang.Thread.run(Thread.java:840)
Caused by: io.netty.channel.AbstractChannel$AnnotatedConnectException: Connection refused: getsockopt: localhost/127.0.0.1:8080
Caused by: java.net.ConnectException: Connection refused: getsockopt
	at java.base/sun.nio.ch.Net.pollConnect(Native Method)
	at java.base/sun.nio.ch.Net.pollConnectNow(Net.java:672)
	at java.base/sun.nio.ch.SocketChannelImpl.finishConnect(SocketChannelImpl.java:946)
	at io.netty.channel.socket.nio.NioSocketChannel.doFinishConnect(NioSocketChannel.java:336)
	at io.netty.channel.nio.AbstractNioChannel$AbstractNioUnsafe.finishConnect(AbstractNioChannel.java:339)
	at io.netty.channel.nio.NioEventLoop.processSelectedKey(NioEventLoop.java:776)
	at io.netty.channel.nio.NioEventLoop.processSelectedKeysOptimized(NioEventLoop.java:724)
	at io.netty.channel.nio.NioEventLoop.processSelectedKeys(NioEventLoop.java:650)
	at io.netty.channel.nio.NioEventLoop.run(NioEventLoop.java:562)
	at io.netty.util.concurrent.SingleThreadEventExecutor$4.run(SingleThreadEventExecutor.java:997)
	at io.netty.util.internal.ThreadExecutorMap$2.run(ThreadExecutorMap.java:74)
	at io.netty.util.concurrent.FastThreadLocalRunnable.run(FastThreadLocalRunnable.java:30)
	at java.base/java.lang.Thread.run(Thread.java:840)
[32m2025-06-04 | 10:31:15.058[0;39m | [34mINFO [0;39m [[36mapp-(scheduled)-statsCollector-0        [0;39m] [33mo.t.t.s.s.StatsCollector[0;39m                        : Schedule:  Key waitForQuota count 1 duration 0 avg 0 ms 
[32m2025-06-04 | 10:31:15.425[0;39m | [34mINFO [0;39m [[36mapp-(scheduled)-rateLimitLogging-0      [0;39m] [33mo.t.t.s.p.RateLimitService[0;39m                      : total requests 1 in progress 0 queue size 0 
[32m2025-06-04 | 10:31:25.430[0;39m | [34mINFO [0;39m [[36mapp-(scheduled)-rateLimitLogging-0      [0;39m] [33mo.t.t.s.p.RateLimitService[0;39m                      : total requests 1 in progress 0 queue size 0 
[32m2025-06-04 | 10:31:35.425[0;39m | [34mINFO [0;39m [[36mapp-(scheduled)-rateLimitLogging-0      [0;39m] [33mo.t.t.s.p.RateLimitService[0;39m                      : total requests 1 in progress 0 queue size 0 
[32m2025-06-04 | 10:31:40.334[0;39m | [34mINFO [0;39m [[36mMessageBroker-2                         [0;39m] [33mo.s.w.s.c.WebSocketMessageBrokerStats[0;39m           : WebSocketSession[0 current WS(0)-HttpStream(0)-HttpPoll(0), 0 total, 0 closed abnormally (0 connect failure, 0 send limit, 0 transport error)], stompSubProtocol[processed CONNECT(0)-CONNECTED(0)-DISCONNECT(0)], stompBrokerRelay[null], inboundChannel[pool size = 0, active threads = 0, queued tasks = 0, completed tasks = 0], outboundChannel[pool size = 0, active threads = 0, queued tasks = 0, completed tasks = 0], sockJsScheduler[pool size = 3, active threads = 1, queued tasks = 1, completed tasks = 1] 
[32m2025-06-04 | 10:31:45.436[0;39m | [34mINFO [0;39m [[36mapp-(scheduled)-rateLimitLogging-0      [0;39m] [33mo.t.t.s.p.RateLimitService[0;39m                      : total requests 1 in progress 0 queue size 0 
[32m2025-06-04 | 10:31:55.428[0;39m | [34mINFO [0;39m [[36mapp-(scheduled)-rateLimitLogging-0      [0;39m] [33mo.t.t.s.p.RateLimitService[0;39m                      : total requests 1 in progress 0 queue size 0 
[32m2025-06-04 | 10:32:05.435[0;39m | [34mINFO [0;39m [[36mapp-(scheduled)-rateLimitLogging-0      [0;39m] [33mo.t.t.s.p.RateLimitService[0;39m                      : total requests 1 in progress 0 queue size 0 
[32m2025-06-04 | 10:32:15.057[0;39m | [34mINFO [0;39m [[36mapp-(scheduled)-statsCollector-0        [0;39m] [33mo.t.t.s.s.StatsCollector[0;39m                        : Schedule:  Key waitForQuota count 1 duration 0 avg 0 ms 
[32m2025-06-04 | 10:32:15.438[0;39m | [34mINFO [0;39m [[36mapp-(scheduled)-rateLimitLogging-0      [0;39m] [33mo.t.t.s.p.RateLimitService[0;39m                      : total requests 1 in progress 0 queue size 0 
[32m2025-06-04 | 10:32:25.427[0;39m | [34mINFO [0;39m [[36mapp-(scheduled)-rateLimitLogging-0      [0;39m] [33mo.t.t.s.p.RateLimitService[0;39m                      : total requests 1 in progress 0 queue size 0 
[32m2025-06-04 | 10:32:35.435[0;39m | [34mINFO [0;39m [[36mapp-(scheduled)-rateLimitLogging-0      [0;39m] [33mo.t.t.s.p.RateLimitService[0;39m                      : total requests 1 in progress 0 queue size 0 
[32m2025-06-04 | 10:32:45.435[0;39m | [34mINFO [0;39m [[36mapp-(scheduled)-rateLimitLogging-0      [0;39m] [33mo.t.t.s.p.RateLimitService[0;39m                      : total requests 1 in progress 0 queue size 0 
[32m2025-06-04 | 10:32:55.429[0;39m | [34mINFO [0;39m [[36mapp-(scheduled)-rateLimitLogging-0      [0;39m] [33mo.t.t.s.p.RateLimitService[0;39m                      : total requests 1 in progress 0 queue size 0 
[32m2025-06-04 | 10:33:05.434[0;39m | [34mINFO [0;39m [[36mapp-(scheduled)-rateLimitLogging-0      [0;39m] [33mo.t.t.s.p.RateLimitService[0;39m                      : total requests 1 in progress 0 queue size 0 
[32m2025-06-04 | 10:33:15.057[0;39m | [34mINFO [0;39m [[36mapp-(scheduled)-statsCollector-0        [0;39m] [33mo.t.t.s.s.StatsCollector[0;39m                        : Schedule:  Key waitForQuota count 1 duration 0 avg 0 ms 
[32m2025-06-04 | 10:33:15.435[0;39m | [34mINFO [0;39m [[36mapp-(scheduled)-rateLimitLogging-0      [0;39m] [33mo.t.t.s.p.RateLimitService[0;39m                      : total requests 1 in progress 0 queue size 0 
[32m2025-06-04 | 10:33:25.438[0;39m | [34mINFO [0;39m [[36mapp-(scheduled)-rateLimitLogging-0      [0;39m] [33mo.t.t.s.p.RateLimitService[0;39m                      : total requests 1 in progress 0 queue size 0 
[32m2025-06-04 | 10:33:35.430[0;39m | [34mINFO [0;39m [[36mapp-(scheduled)-rateLimitLogging-0      [0;39m] [33mo.t.t.s.p.RateLimitService[0;39m                      : total requests 1 in progress 0 queue size 0 
[32m2025-06-04 | 10:33:45.441[0;39m | [34mINFO [0;39m [[36mapp-(scheduled)-rateLimitLogging-0      [0;39m] [33mo.t.t.s.p.RateLimitService[0;39m                      : total requests 1 in progress 0 queue size 0 
[32m2025-06-04 | 10:33:55.437[0;39m | [34mINFO [0;39m [[36mapp-(scheduled)-rateLimitLogging-0      [0;39m] [33mo.t.t.s.p.RateLimitService[0;39m                      : total requests 1 in progress 0 queue size 0 
[32m2025-06-04 | 10:34:05.423[0;39m | [34mINFO [0;39m [[36mapp-(scheduled)-rateLimitLogging-0      [0;39m] [33mo.t.t.s.p.RateLimitService[0;39m                      : total requests 1 in progress 0 queue size 0 
[32m2025-06-04 | 10:34:15.061[0;39m | [34mINFO [0;39m [[36mapp-(scheduled)-statsCollector-0        [0;39m] [33mo.t.t.s.s.StatsCollector[0;39m                        : Schedule:  Key waitForQuota count 1 duration 0 avg 0 ms 
[32m2025-06-04 | 10:34:15.439[0;39m | [34mINFO [0;39m [[36mapp-(scheduled)-rateLimitLogging-0      [0;39m] [33mo.t.t.s.p.RateLimitService[0;39m                      : total requests 1 in progress 0 queue size 0 
[32m2025-06-04 | 10:34:25.433[0;39m | [34mINFO [0;39m [[36mapp-(scheduled)-rateLimitLogging-0      [0;39m] [33mo.t.t.s.p.RateLimitService[0;39m                      : total requests 1 in progress 0 queue size 0 
[32m2025-06-04 | 10:34:35.436[0;39m | [34mINFO [0;39m [[36mapp-(scheduled)-rateLimitLogging-0      [0;39m] [33mo.t.t.s.p.RateLimitService[0;39m                      : total requests 1 in progress 0 queue size 0 
[32m2025-06-04 | 10:34:45.426[0;39m | [34mINFO [0;39m [[36mapp-(scheduled)-rateLimitLogging-0      [0;39m] [33mo.t.t.s.p.RateLimitService[0;39m                      : total requests 1 in progress 0 queue size 0 
[32m2025-06-04 | 10:34:55.439[0;39m | [34mINFO [0;39m [[36mapp-(scheduled)-rateLimitLogging-0      [0;39m] [33mo.t.t.s.p.RateLimitService[0;39m                      : total requests 1 in progress 0 queue size 0 
[32m2025-06-04 | 10:35:05.425[0;39m | [34mINFO [0;39m [[36mapp-(scheduled)-rateLimitLogging-0      [0;39m] [33mo.t.t.s.p.RateLimitService[0;39m                      : total requests 1 in progress 0 queue size 0 
[32m2025-06-04 | 10:35:15.061[0;39m | [34mINFO [0;39m [[36mapp-(scheduled)-statsCollector-0        [0;39m] [33mo.t.t.s.s.StatsCollector[0;39m                        : Schedule:  Key waitForQuota count 1 duration 0 avg 0 ms 
[32m2025-06-04 | 10:35:15.438[0;39m | [34mINFO [0;39m [[36mapp-(scheduled)-rateLimitLogging-0      [0;39m] [33mo.t.t.s.p.RateLimitService[0;39m                      : total requests 1 in progress 0 queue size 0 
[32m2025-06-04 | 10:35:25.439[0;39m | [34mINFO [0;39m [[36mapp-(scheduled)-rateLimitLogging-0      [0;39m] [33mo.t.t.s.p.RateLimitService[0;39m                      : total requests 1 in progress 0 queue size 0 
[32m2025-06-04 | 10:35:35.437[0;39m | [34mINFO [0;39m [[36mapp-(scheduled)-rateLimitLogging-0      [0;39m] [33mo.t.t.s.p.RateLimitService[0;39m                      : total requests 1 in progress 0 queue size 0 
[32m2025-06-04 | 10:35:45.433[0;39m | [34mINFO [0;39m [[36mapp-(scheduled)-rateLimitLogging-0      [0;39m] [33mo.t.t.s.p.RateLimitService[0;39m                      : total requests 1 in progress 0 queue size 0 
[32m2025-06-04 | 10:35:55.435[0;39m | [34mINFO [0;39m [[36mapp-(scheduled)-rateLimitLogging-0      [0;39m] [33mo.t.t.s.p.RateLimitService[0;39m                      : total requests 1 in progress 0 queue size 0 
[32m2025-06-04 | 10:36:05.425[0;39m | [34mINFO [0;39m [[36mapp-(scheduled)-rateLimitLogging-0      [0;39m] [33mo.t.t.s.p.RateLimitService[0;39m                      : total requests 1 in progress 0 queue size 0 
[32m2025-06-04 | 10:36:15.060[0;39m | [34mINFO [0;39m [[36mapp-(scheduled)-statsCollector-0        [0;39m] [33mo.t.t.s.s.StatsCollector[0;39m                        : Schedule:  Key waitForQuota count 1 duration 0 avg 0 ms 
[32m2025-06-04 | 10:36:15.423[0;39m | [34mINFO [0;39m [[36mapp-(scheduled)-rateLimitLogging-0      [0;39m] [33mo.t.t.s.p.RateLimitService[0;39m                      : total requests 1 in progress 0 queue size 0 
[32m2025-06-04 | 10:36:25.438[0;39m | [34mINFO [0;39m [[36mapp-(scheduled)-rateLimitLogging-0      [0;39m] [33mo.t.t.s.p.RateLimitService[0;39m                      : total requests 1 in progress 0 queue size 0 
[32m2025-06-04 | 10:36:35.436[0;39m | [34mINFO [0;39m [[36mapp-(scheduled)-rateLimitLogging-0      [0;39m] [33mo.t.t.s.p.RateLimitService[0;39m                      : total requests 1 in progress 0 queue size 0 
[32m2025-06-04 | 10:36:45.424[0;39m | [34mINFO [0;39m [[36mapp-(scheduled)-rateLimitLogging-0      [0;39m] [33mo.t.t.s.p.RateLimitService[0;39m                      : total requests 1 in progress 0 queue size 0 
[32m2025-06-04 | 10:36:55.429[0;39m | [34mINFO [0;39m [[36mapp-(scheduled)-rateLimitLogging-0      [0;39m] [33mo.t.t.s.p.RateLimitService[0;39m                      : total requests 1 in progress 0 queue size 0 
[32m2025-06-04 | 10:37:05.423[0;39m | [34mINFO [0;39m [[36mapp-(scheduled)-rateLimitLogging-0      [0;39m] [33mo.t.t.s.p.RateLimitService[0;39m                      : total requests 1 in progress 0 queue size 0 
[32m2025-06-04 | 10:37:15.061[0;39m | [34mINFO [0;39m [[36mapp-(scheduled)-statsCollector-0        [0;39m] [33mo.t.t.s.s.StatsCollector[0;39m                        : Schedule:  Key waitForQuota count 1 duration 0 avg 0 ms 
[32m2025-06-04 | 10:37:15.438[0;39m | [34mINFO [0;39m [[36mapp-(scheduled)-rateLimitLogging-0      [0;39m] [33mo.t.t.s.p.RateLimitService[0;39m                      : total requests 1 in progress 0 queue size 0 
[32m2025-06-04 | 10:37:25.429[0;39m | [34mINFO [0;39m [[36mapp-(scheduled)-rateLimitLogging-0      [0;39m] [33mo.t.t.s.p.RateLimitService[0;39m                      : total requests 1 in progress 0 queue size 0 
[32m2025-06-04 | 10:37:35.434[0;39m | [34mINFO [0;39m [[36mapp-(scheduled)-rateLimitLogging-0      [0;39m] [33mo.t.t.s.p.RateLimitService[0;39m                      : total requests 1 in progress 0 queue size 0 
[32m2025-06-04 | 10:37:45.427[0;39m | [34mINFO [0;39m [[36mapp-(scheduled)-rateLimitLogging-0      [0;39m] [33mo.t.t.s.p.RateLimitService[0;39m                      : total requests 1 in progress 0 queue size 0 
[32m2025-06-04 | 10:37:55.429[0;39m | [34mINFO [0;39m [[36mapp-(scheduled)-rateLimitLogging-0      [0;39m] [33mo.t.t.s.p.RateLimitService[0;39m                      : total requests 1 in progress 0 queue size 0 
[32m2025-06-04 | 10:38:05.438[0;39m | [34mINFO [0;39m [[36mapp-(scheduled)-rateLimitLogging-0      [0;39m] [33mo.t.t.s.p.RateLimitService[0;39m                      : total requests 1 in progress 0 queue size 0 
[32m2025-06-04 | 10:38:15.055[0;39m | [34mINFO [0;39m [[36mapp-(scheduled)-statsCollector-0        [0;39m] [33mo.t.t.s.s.StatsCollector[0;39m                        : Schedule:  Key waitForQuota count 1 duration 0 avg 0 ms 
[32m2025-06-04 | 10:38:15.452[0;39m | [34mINFO [0;39m [[36mapp-(scheduled)-rateLimitLogging-0      [0;39m] [33mo.t.t.s.p.RateLimitService[0;39m                      : total requests 1 in progress 0 queue size 0 
[32m2025-06-04 | 10:38:25.435[0;39m | [34mINFO [0;39m [[36mapp-(scheduled)-rateLimitLogging-0      [0;39m] [33mo.t.t.s.p.RateLimitService[0;39m                      : total requests 1 in progress 0 queue size 0 
[32m2025-06-04 | 10:38:35.434[0;39m | [34mINFO [0;39m [[36mapp-(scheduled)-rateLimitLogging-0      [0;39m] [33mo.t.t.s.p.RateLimitService[0;39m                      : total requests 1 in progress 0 queue size 0 
[32m2025-06-04 | 10:38:45.425[0;39m | [34mINFO [0;39m [[36mapp-(scheduled)-rateLimitLogging-0      [0;39m] [33mo.t.t.s.p.RateLimitService[0;39m                      : total requests 1 in progress 0 queue size 0 
[32m2025-06-04 | 10:38:55.435[0;39m | [34mINFO [0;39m [[36mapp-(scheduled)-rateLimitLogging-0      [0;39m] [33mo.t.t.s.p.RateLimitService[0;39m                      : total requests 1 in progress 0 queue size 0 
[32m2025-06-04 | 10:39:05.434[0;39m | [34mINFO [0;39m [[36mapp-(scheduled)-rateLimitLogging-0      [0;39m] [33mo.t.t.s.p.RateLimitService[0;39m                      : total requests 1 in progress 0 queue size 0 
[32m2025-06-04 | 10:39:15.092[0;39m | [34mINFO [0;39m [[36mapp-(scheduled)-statsCollector-0        [0;39m] [33mo.t.t.s.s.StatsCollector[0;39m                        : Schedule:  Key waitForQuota count 1 duration 0 avg 0 ms 
[32m2025-06-04 | 10:39:15.438[0;39m | [34mINFO [0;39m [[36mapp-(scheduled)-rateLimitLogging-0      [0;39m] [33mo.t.t.s.p.RateLimitService[0;39m                      : total requests 1 in progress 0 queue size 0 
[32m2025-06-04 | 10:39:25.452[0;39m | [34mINFO [0;39m [[36mapp-(scheduled)-rateLimitLogging-0      [0;39m] [33mo.t.t.s.p.RateLimitService[0;39m                      : total requests 1 in progress 0 queue size 0 
[32m2025-06-04 | 10:39:35.428[0;39m | [34mINFO [0;39m [[36mapp-(scheduled)-rateLimitLogging-0      [0;39m] [33mo.t.t.s.p.RateLimitService[0;39m                      : total requests 1 in progress 0 queue size 0 
[32m2025-06-04 | 10:39:45.434[0;39m | [34mINFO [0;39m [[36mapp-(scheduled)-rateLimitLogging-0      [0;39m] [33mo.t.t.s.p.RateLimitService[0;39m                      : total requests 1 in progress 0 queue size 0 
[32m2025-06-04 | 13:13:33.562[0;39m | [34mINFO [0;39m [[36mbackground-preinit                      [0;39m] [33mo.h.v.i.u.Version[0;39m                               : HV000001: Hibernate Validator 8.0.1.Final 
[32m2025-06-04 | 13:13:34.157[0;39m | [34mINFO [0;39m [[36mmain                                    [0;39m] [33mo.s.b.StartupInfoLogger[0;39m                         : Starting TrendzApplication v1.13.1-SNAPSHOT using Java 17.0.15 with PID 19120 (C:\Program Files (x86)\trendz\lib\trendz.jar started by DESKTOP-FEGLDB1$ in C:\Program Files (x86)\trendz\conf) 
[32m2025-06-04 | 13:13:34.161[0;39m | [34mINFO [0;39m [[36mmain                                    [0;39m] [33mo.s.b.SpringApplication[0;39m                         : No active profile set, falling back to 1 default profile: "default" 
[32m2025-06-04 | 13:13:41.370[0;39m | [34mINFO [0;39m [[36mmain                                    [0;39m] [33mo.s.d.r.c.RepositoryConfigurationDelegate[0;39m       : Multiple Spring Data modules found, entering strict repository configuration mode 
[32m2025-06-04 | 13:13:41.370[0;39m | [34mINFO [0;39m [[36mmain                                    [0;39m] [33mo.s.d.r.c.RepositoryConfigurationDelegate[0;39m       : Bootstrapping Spring Data JPA repositories in DEFAULT mode. 
[32m2025-06-04 | 13:13:42.823[0;39m | [34mINFO [0;39m [[36mmain                                    [0;39m] [33mo.s.d.r.c.RepositoryConfigurationDelegate[0;39m       : Finished Spring Data repository scanning in 1403 ms. Found 45 JPA repository interfaces. 
[32m2025-06-04 | 13:54:36.272[0;39m | [34mINFO [0;39m [[36mbackground-preinit                      [0;39m] [33mo.h.v.i.u.Version[0;39m                               : HV000001: Hibernate Validator 8.0.1.Final 
[32m2025-06-04 | 13:54:36.595[0;39m | [34mINFO [0;39m [[36mmain                                    [0;39m] [33mo.s.b.StartupInfoLogger[0;39m                         : Starting TrendzApplication v1.13.1-SNAPSHOT using Java 17.0.15 with PID 9640 (C:\Program Files (x86)\trendz\lib\trendz.jar started by DESKTOP-FEGLDB1$ in C:\Program Files (x86)\trendz\conf) 
[32m2025-06-04 | 13:54:36.595[0;39m | [34mINFO [0;39m [[36mmain                                    [0;39m] [33mo.s.b.SpringApplication[0;39m                         : No active profile set, falling back to 1 default profile: "default" 
[32m2025-06-04 | 13:54:40.673[0;39m | [34mINFO [0;39m [[36mmain                                    [0;39m] [33mo.s.d.r.c.RepositoryConfigurationDelegate[0;39m       : Multiple Spring Data modules found, entering strict repository configuration mode 
[32m2025-06-04 | 13:54:40.673[0;39m | [34mINFO [0;39m [[36mmain                                    [0;39m] [33mo.s.d.r.c.RepositoryConfigurationDelegate[0;39m       : Bootstrapping Spring Data JPA repositories in DEFAULT mode. 
[32m2025-06-04 | 13:54:41.238[0;39m | [34mINFO [0;39m [[36mmain                                    [0;39m] [33mo.s.d.r.c.RepositoryConfigurationDelegate[0;39m       : Finished Spring Data repository scanning in 541 ms. Found 45 JPA repository interfaces. 
[32m2025-06-04 | 13:54:47.174[0;39m | [34mINFO [0;39m [[36mmain                                    [0;39m] [33mo.s.b.w.e.t.TomcatWebServer[0;39m                     : Tomcat initialized with port 8888 (http) 
[32m2025-06-04 | 13:54:47.379[0;39m | [34mINFO [0;39m [[36mmain                                    [0;39m] [33mo.a.j.l.DirectJDKLog[0;39m                            : Initializing ProtocolHandler ["http-nio-0.0.0.0-8888"] 
[32m2025-06-04 | 13:54:47.410[0;39m | [34mINFO [0;39m [[36mmain                                    [0;39m] [33mo.a.j.l.DirectJDKLog[0;39m                            : Starting service [Tomcat] 
[32m2025-06-04 | 13:54:47.425[0;39m | [34mINFO [0;39m [[36mmain                                    [0;39m] [33mo.a.j.l.DirectJDKLog[0;39m                            : Starting Servlet engine: [Apache Tomcat/10.1.19] 
[32m2025-06-04 | 13:54:48.210[0;39m | [34mINFO [0;39m [[36mmain                                    [0;39m] [33mo.a.j.l.DirectJDKLog[0;39m                            : Initializing Spring embedded WebApplicationContext 
[32m2025-06-04 | 13:54:48.210[0;39m | [34mINFO [0;39m [[36mmain                                    [0;39m] [33mo.s.b.w.s.c.ServletWebServerApplicationContext[0;39m  : Root WebApplicationContext: initialization completed in 11409 ms 
[32m2025-06-04 | 13:54:54.899[0;39m | [34mINFO [0;39m [[36mmain                                    [0;39m] [33mo.t.t.s.p.c.CaffeineCacheConfiguration[0;39m          : Used cache tool: Caffeine 
[32m2025-06-04 | 13:54:55.228[0;39m | [34mINFO [0;39m [[36mmain                                    [0;39m] [33mo.t.t.s.p.BucketConfiguration[0;39m                   : Cloud Rate Limiting status: DISABLED 
[32m2025-06-04 | 13:54:55.291[0;39m | [34mINFO [0;39m [[36mmain                                    [0;39m] [33mo.t.t.s.p.CloudRateLimitService[0;39m                 : Cloud Rate Limiting status: DISABLED 
[32m2025-06-04 | 13:54:55.322[0;39m | [34mINFO [0;39m [[36mmain                                    [0;39m] [33mo.t.t.s.p.TbWebClient[0;39m                           : Default DNS resolver is used 
[32m2025-06-04 | 13:54:56.461[0;39m | [34mINFO [0;39m [[36mmain                                    [0;39m] [33mo.h.j.i.u.LogHelper[0;39m                             : HHH000204: Processing PersistenceUnitInfo [name: default] 
[32m2025-06-04 | 13:54:56.816[0;39m | [34mINFO [0;39m [[36mmain                                    [0;39m] [33mo.h.Version[0;39m                                     : HHH000412: Hibernate ORM core version 6.4.4.Final 
[32m2025-06-04 | 13:54:56.942[0;39m | [34mINFO [0;39m [[36mmain                                    [0;39m] [33mo.h.c.i.RegionFactoryInitiator[0;39m                  : HHH000026: Second-level cache disabled 
[32m2025-06-04 | 13:54:57.729[0;39m | [34mINFO [0;39m [[36mmain                                    [0;39m] [33mo.s.o.j.p.SpringPersistenceUnitInfo[0;39m             : No LoadTimeWeaver setup: ignoring JPA class transformer 
[32m2025-06-04 | 13:54:57.782[0;39m | [34mINFO [0;39m [[36mmain                                    [0;39m] [33mc.z.h.HikariDataSource[0;39m                          : HikariPool-1 - Starting... 
[32m2025-06-04 | 13:54:58.310[0;39m | [34mINFO [0;39m [[36mmain                                    [0;39m] [33mc.z.h.p.HikariPool[0;39m                              : HikariPool-1 - Added connection org.postgresql.jdbc.PgConnection@3ac60eeb 
[32m2025-06-04 | 13:54:58.310[0;39m | [34mINFO [0;39m [[36mmain                                    [0;39m] [33mc.z.h.HikariDataSource[0;39m                          : HikariPool-1 - Start completed. 
[32m2025-06-04 | 13:54:58.389[0;39m | [31mWARN [0;39m [[36mmain                                    [0;39m] [33mo.h.e.j.d.i.DialectFactoryImpl[0;39m                  : HHH90000025: PostgreSQLDialect does not need to be specified explicitly using 'hibernate.dialect' (remove the property setting and it will be selected by default) 
[32m2025-06-04 | 13:55:01.867[0;39m | [34mINFO [0;39m [[36mmain                                    [0;39m] [33mo.h.e.t.j.p.i.JtaPlatformInitiator[0;39m              : HHH000489: No JTA platform available (set 'hibernate.transaction.jta.platform' to enable JTA platform integration) 
[32m2025-06-04 | 13:55:02.055[0;39m | [34mINFO [0;39m [[36mmain                                    [0;39m] [33mo.s.o.j.AbstractEntityManagerFactoryBean[0;39m        : Initialized JPA EntityManagerFactory for persistence unit 'default' 
[32m2025-06-04 | 13:55:03.627[0;39m | [34mINFO [0;39m [[36mmain                                    [0;39m] [33mo.s.d.j.r.q.QueryEnhancerFactory[0;39m                : Hibernate is in classpath; If applicable, HQL parser will be used. 
[32m2025-06-04 | 13:55:04.865[0;39m | [34mINFO [0;39m [[36mmain                                    [0;39m] [33mo.t.l.c.TbLicenseClient[0;39m                         : Initializing ThingsBoard License Client, Release Date [2025-05-02] 
[32m2025-06-04 | 13:55:05.242[0;39m | [34mINFO [0;39m [[36mmain                                    [0;39m] [33mo.t.l.c.TbLicenseClient[0;39m                         : Obtained instance data from file. 
[32m2025-06-04 | 13:55:05.242[0;39m | [34mINFO [0;39m [[36mmain                                    [0;39m] [33mo.t.l.c.TbLicenseClient[0;39m                         : instanceId: [I8XPdcC3hX4YpeAjrHtd] 
[32m2025-06-04 | 13:55:05.258[0;39m | [34mINFO [0;39m [[36mmain                                    [0;39m] [33mo.t.l.c.TbLicenseClient[0;39m                         : planData: {
  "asset_count" : {
    "value" : 10,
    "description" : "The maximum number of assets"
  },
  "device_count" : {
    "value" : 10,
    "description" : "The maximum number of devices"
  }
} 
[32m2025-06-04 | 13:55:05.321[0;39m | [34mINFO [0;39m [[36mapp-(scheduled)-rateLimitLogging-0      [0;39m] [33mo.t.t.s.p.RateLimitService[0;39m                      : total requests 0 in progress 0 queue size 0 
[32m2025-06-04 | 13:55:07.410[0;39m | [34mINFO [0;39m [[36mmain                                    [0;39m] [33mo.t.l.c.TbLicenseClient[0;39m                         : Executed checkInstance method. 
[32m2025-06-04 | 13:55:07.410[0;39m | [34mINFO [0;39m [[36mmain                                    [0;39m] [33mo.t.l.c.TbLicenseClient[0;39m                         : instanceId: [I8XPdcC3hX4YpeAjrHtd] 
[32m2025-06-04 | 13:55:07.425[0;39m | [34mINFO [0;39m [[36mmain                                    [0;39m] [33mo.t.l.c.TbLicenseClient[0;39m                         : planData: {
  "asset_count" : {
    "value" : 10,
    "description" : "The maximum number of assets"
  },
  "device_count" : {
    "value" : 10,
    "description" : "The maximum number of devices"
  }
} 
[32m2025-06-04 | 13:55:07.425[0;39m | [34mINFO [0;39m [[36mmain                                    [0;39m] [33mo.t.l.c.TbLicenseClient[0;39m                         : Initialized ThingsBoard License Client with instanceId [I8XPdcC3hX4YpeAjrHtd] 
[32m2025-06-04 | 13:55:12.687[0;39m | [34mINFO [0;39m [[36mmain                                    [0;39m] [33mo.t.t.StartupValidationService[0;39m                  : The version of database is matching to Trendz version [1.13.1] 
[32m2025-06-04 | 13:55:13.006[0;39m | [34mINFO [0;39m [[36mmain                                    [0;39m] [33mo.t.t.c.PublicApiController[0;39m                     : application 1.13.1-SNAPSHOT ThingsBoard Trendz Server Application 2025-05-02T08:21:36.700Z 
[32m2025-06-04 | 13:55:13.940[0;39m | [34mINFO [0;39m [[36mmain                                    [0;39m] [33mo.s.b.a.w.s.WelcomePageHandlerMapping[0;39m           : Adding welcome page: class path resource [resources/index.html] 
[32m2025-06-04 | 13:55:14.199[0;39m | [34mINFO [0;39m [[36mmain                                    [0;39m] [33mo.s.b.a.e.w.EndpointLinksResolver[0;39m               : Exposing 0 endpoint(s) beneath base path '/actuator' 
[32m2025-06-04 | 13:55:14.297[0;39m | [34mINFO [0;39m [[36mmain                                    [0;39m] [33mo.s.s.w.DefaultSecurityFilterChain[0;39m              : Will secure any request with [org.springframework.security.web.session.DisableEncodeUrlFilter@724dd6e2, org.springframework.security.web.context.request.async.WebAsyncManagerIntegrationFilter@3b7bf29a, org.springframework.security.web.context.SecurityContextHolderFilter@4fff2c5, org.springframework.security.web.header.HeaderWriterFilter@48ee57ad, org.springframework.web.filter.CorsFilter@3b6e98a2, org.springframework.security.web.authentication.logout.LogoutFilter@41738bd0, org.thingsboard.trendz.security.RestLoginProcessingFilter@75c8855e, org.thingsboard.trendz.security.JwtTokenAuthenticationProcessingFilter@1b61a646, org.thingsboard.trendz.security.RefreshTokenProcessingFilter@77c66ac2, org.springframework.security.web.savedrequest.RequestCacheAwareFilter@53717c98, org.springframework.security.web.servletapi.SecurityContextHolderAwareRequestFilter@ffa7bed, org.springframework.security.web.authentication.AnonymousAuthenticationFilter@67deee49, org.springframework.security.web.session.SessionManagementFilter@3a0bcb94, org.springframework.security.web.access.ExceptionTranslationFilter@1da73c9d, org.springframework.security.web.access.intercept.AuthorizationFilter@87cdad3] 
[32m2025-06-04 | 13:55:15.328[0;39m | [34mINFO [0;39m [[36mapp-(scheduled)-rateLimitLogging-0      [0;39m] [33mo.t.t.s.p.RateLimitService[0;39m                      : total requests 0 in progress 0 queue size 0 
[32m2025-06-04 | 13:55:15.510[0;39m | [34mINFO [0;39m [[36mmain                                    [0;39m] [33mo.a.j.l.DirectJDKLog[0;39m                            : Starting ProtocolHandler ["http-nio-0.0.0.0-8888"] 
[32m2025-06-04 | 13:55:15.532[0;39m | [34mINFO [0;39m [[36mmain                                    [0;39m] [33mo.s.b.w.e.t.TomcatWebServer[0;39m                     : Tomcat started on port 8888 (http) with context path '' 
[32m2025-06-04 | 13:55:15.532[0;39m | [34mINFO [0;39m [[36mmain                                    [0;39m] [33mo.s.c.l.CompositeLog[0;39m                            : Starting... 
[32m2025-06-04 | 13:55:15.532[0;39m | [34mINFO [0;39m [[36mmain                                    [0;39m] [33mo.s.c.l.CompositeLog[0;39m                            : BrokerAvailabilityEvent[available=true, SimpleBrokerMessageHandler [org.springframework.messaging.simp.broker.DefaultSubscriptionRegistry@26980ef5]] 
[32m2025-06-04 | 13:55:15.532[0;39m | [34mINFO [0;39m [[36mmain                                    [0;39m] [33mo.s.c.l.CompositeLog[0;39m                            : Started. 
[32m2025-06-04 | 13:55:15.586[0;39m | [34mINFO [0;39m [[36mMessageBroker-1                         [0;39m] [33mo.t.t.s.t.InitializationServiceImpl[0;39m             : Scheduled user validation: started 
[32m2025-06-04 | 13:55:15.672[0;39m | [34mINFO [0;39m [[36mmain                                    [0;39m] [33mo.t.t.s.t.InitializationServiceImpl[0;39m             : Defined statuses for 0 tenants 
[32m2025-06-04 | 13:55:15.672[0;39m | [34mINFO [0;39m [[36mmain                                    [0;39m] [33mo.t.t.s.t.TaskRuntimeService[0;39m                    : The task runtime scheduler is enabled! 
[32m2025-06-04 | 13:55:15.678[0;39m | [34mINFO [0;39m [[36mMessageBroker-1                         [0;39m] [33mo.t.t.s.t.InitializationServiceImpl[0;39m             : Scheduled user validation: finished 
[32m2025-06-04 | 13:55:15.679[0;39m | [34mINFO [0;39m [[36mmain                                    [0;39m] [33mo.s.b.StartupInfoLogger[0;39m                         : Started TrendzApplication in 40.845 seconds (process running for 42.85) 
[32m2025-06-04 | 13:55:25.325[0;39m | [34mINFO [0;39m [[36mapp-(scheduled)-rateLimitLogging-0      [0;39m] [33mo.t.t.s.p.RateLimitService[0;39m                      : total requests 0 in progress 0 queue size 0 
[32m2025-06-04 | 13:55:35.323[0;39m | [34mINFO [0;39m [[36mapp-(scheduled)-rateLimitLogging-0      [0;39m] [33mo.t.t.s.p.RateLimitService[0;39m                      : total requests 0 in progress 0 queue size 0 
[32m2025-06-04 | 13:55:45.332[0;39m | [34mINFO [0;39m [[36mapp-(scheduled)-rateLimitLogging-0      [0;39m] [33mo.t.t.s.p.RateLimitService[0;39m                      : total requests 0 in progress 0 queue size 0 
[32m2025-06-04 | 13:55:55.327[0;39m | [34mINFO [0;39m [[36mapp-(scheduled)-rateLimitLogging-0      [0;39m] [33mo.t.t.s.p.RateLimitService[0;39m                      : total requests 0 in progress 0 queue size 0 
[32m2025-06-04 | 13:56:05.328[0;39m | [34mINFO [0;39m [[36mapp-(scheduled)-rateLimitLogging-0      [0;39m] [33mo.t.t.s.p.RateLimitService[0;39m                      : total requests 0 in progress 0 queue size 0 
[32m2025-06-04 | 13:56:15.323[0;39m | [34mINFO [0;39m [[36mapp-(scheduled)-rateLimitLogging-0      [0;39m] [33mo.t.t.s.p.RateLimitService[0;39m                      : total requests 0 in progress 0 queue size 0 
[32m2025-06-04 | 13:56:15.474[0;39m | [34mINFO [0;39m [[36mMessageBroker-2                         [0;39m] [33mo.s.w.s.c.WebSocketMessageBrokerStats[0;39m           : WebSocketSession[0 current WS(0)-HttpStream(0)-HttpPoll(0), 0 total, 0 closed abnormally (0 connect failure, 0 send limit, 0 transport error)], stompSubProtocol[processed CONNECT(0)-CONNECTED(0)-DISCONNECT(0)], stompBrokerRelay[null], inboundChannel[pool size = 0, active threads = 0, queued tasks = 0, completed tasks = 0], outboundChannel[pool size = 0, active threads = 0, queued tasks = 0, completed tasks = 0], sockJsScheduler[pool size = 3, active threads = 1, queued tasks = 1, completed tasks = 1] 
[32m2025-06-04 | 13:56:25.324[0;39m | [34mINFO [0;39m [[36mapp-(scheduled)-rateLimitLogging-0      [0;39m] [33mo.t.t.s.p.RateLimitService[0;39m                      : total requests 0 in progress 0 queue size 0 
[32m2025-06-04 | 13:56:35.334[0;39m | [34mINFO [0;39m [[36mapp-(scheduled)-rateLimitLogging-0      [0;39m] [33mo.t.t.s.p.RateLimitService[0;39m                      : total requests 0 in progress 0 queue size 0 
[32m2025-06-04 | 13:56:45.320[0;39m | [34mINFO [0;39m [[36mapp-(scheduled)-rateLimitLogging-0      [0;39m] [33mo.t.t.s.p.RateLimitService[0;39m                      : total requests 0 in progress 0 queue size 0 
[32m2025-06-04 | 13:56:55.352[0;39m | [34mINFO [0;39m [[36mapp-(scheduled)-rateLimitLogging-0      [0;39m] [33mo.t.t.s.p.RateLimitService[0;39m                      : total requests 0 in progress 0 queue size 0 
[32m2025-06-04 | 13:57:05.363[0;39m | [34mINFO [0;39m [[36mapp-(scheduled)-rateLimitLogging-0      [0;39m] [33mo.t.t.s.p.RateLimitService[0;39m                      : total requests 0 in progress 0 queue size 0 
[32m2025-06-04 | 13:57:15.584[0;39m | [34mINFO [0;39m [[36mapp-(scheduled)-rateLimitLogging-0      [0;39m] [33mo.t.t.s.p.RateLimitService[0;39m                      : total requests 0 in progress 0 queue size 0 
[32m2025-06-04 | 13:57:25.330[0;39m | [34mINFO [0;39m [[36mapp-(scheduled)-rateLimitLogging-0      [0;39m] [33mo.t.t.s.p.RateLimitService[0;39m                      : total requests 0 in progress 0 queue size 0 
[32m2025-06-04 | 13:57:35.329[0;39m | [34mINFO [0;39m [[36mapp-(scheduled)-rateLimitLogging-0      [0;39m] [33mo.t.t.s.p.RateLimitService[0;39m                      : total requests 0 in progress 0 queue size 0 
[32m2025-06-04 | 13:57:45.325[0;39m | [34mINFO [0;39m [[36mapp-(scheduled)-rateLimitLogging-0      [0;39m] [33mo.t.t.s.p.RateLimitService[0;39m                      : total requests 0 in progress 0 queue size 0 
[32m2025-06-04 | 13:57:55.383[0;39m | [34mINFO [0;39m [[36mapp-(scheduled)-rateLimitLogging-0      [0;39m] [33mo.t.t.s.p.RateLimitService[0;39m                      : total requests 0 in progress 0 queue size 0 
[32m2025-06-04 | 13:58:05.557[0;39m | [34mINFO [0;39m [[36mapp-(scheduled)-rateLimitLogging-0      [0;39m] [33mo.t.t.s.p.RateLimitService[0;39m                      : total requests 0 in progress 0 queue size 0 
[32m2025-06-04 | 13:58:15.500[0;39m | [34mINFO [0;39m [[36mapp-(scheduled)-rateLimitLogging-0      [0;39m] [33mo.t.t.s.p.RateLimitService[0;39m                      : total requests 0 in progress 0 queue size 0 
[32m2025-06-04 | 13:58:25.329[0;39m | [34mINFO [0;39m [[36mapp-(scheduled)-rateLimitLogging-0      [0;39m] [33mo.t.t.s.p.RateLimitService[0;39m                      : total requests 0 in progress 0 queue size 0 
[32m2025-06-04 | 13:58:35.328[0;39m | [34mINFO [0;39m [[36mapp-(scheduled)-rateLimitLogging-0      [0;39m] [33mo.t.t.s.p.RateLimitService[0;39m                      : total requests 0 in progress 0 queue size 0 
[32m2025-06-04 | 13:58:45.327[0;39m | [34mINFO [0;39m [[36mapp-(scheduled)-rateLimitLogging-0      [0;39m] [33mo.t.t.s.p.RateLimitService[0;39m                      : total requests 0 in progress 0 queue size 0 
[32m2025-06-04 | 13:58:55.334[0;39m | [34mINFO [0;39m [[36mapp-(scheduled)-rateLimitLogging-0      [0;39m] [33mo.t.t.s.p.RateLimitService[0;39m                      : total requests 0 in progress 0 queue size 0 
[32m2025-06-04 | 13:59:05.330[0;39m | [34mINFO [0;39m [[36mapp-(scheduled)-rateLimitLogging-0      [0;39m] [33mo.t.t.s.p.RateLimitService[0;39m                      : total requests 0 in progress 0 queue size 0 
[32m2025-06-04 | 13:59:15.334[0;39m | [34mINFO [0;39m [[36mapp-(scheduled)-rateLimitLogging-0      [0;39m] [33mo.t.t.s.p.RateLimitService[0;39m                      : total requests 0 in progress 0 queue size 0 
[32m2025-06-04 | 13:59:25.323[0;39m | [34mINFO [0;39m [[36mapp-(scheduled)-rateLimitLogging-0      [0;39m] [33mo.t.t.s.p.RateLimitService[0;39m                      : total requests 0 in progress 0 queue size 0 
[32m2025-06-04 | 13:59:35.326[0;39m | [34mINFO [0;39m [[36mapp-(scheduled)-rateLimitLogging-0      [0;39m] [33mo.t.t.s.p.RateLimitService[0;39m                      : total requests 0 in progress 0 queue size 0 
[32m2025-06-04 | 13:59:45.327[0;39m | [34mINFO [0;39m [[36mapp-(scheduled)-rateLimitLogging-0      [0;39m] [33mo.t.t.s.p.RateLimitService[0;39m                      : total requests 0 in progress 0 queue size 0 
[32m2025-06-04 | 13:59:55.330[0;39m | [34mINFO [0;39m [[36mapp-(scheduled)-rateLimitLogging-0      [0;39m] [33mo.t.t.s.p.RateLimitService[0;39m                      : total requests 0 in progress 0 queue size 0 
[32m2025-06-04 | 14:00:05.328[0;39m | [34mINFO [0;39m [[36mapp-(scheduled)-rateLimitLogging-0      [0;39m] [33mo.t.t.s.p.RateLimitService[0;39m                      : total requests 0 in progress 0 queue size 0 
[32m2025-06-04 | 14:00:15.321[0;39m | [34mINFO [0;39m [[36mapp-(scheduled)-rateLimitLogging-0      [0;39m] [33mo.t.t.s.p.RateLimitService[0;39m                      : total requests 0 in progress 0 queue size 0 
[32m2025-06-04 | 14:00:25.319[0;39m | [34mINFO [0;39m [[36mapp-(scheduled)-rateLimitLogging-0      [0;39m] [33mo.t.t.s.p.RateLimitService[0;39m                      : total requests 0 in progress 0 queue size 0 
[32m2025-06-04 | 14:00:35.332[0;39m | [34mINFO [0;39m [[36mapp-(scheduled)-rateLimitLogging-0      [0;39m] [33mo.t.t.s.p.RateLimitService[0;39m                      : total requests 0 in progress 0 queue size 0 
[32m2025-06-04 | 14:00:45.327[0;39m | [34mINFO [0;39m [[36mapp-(scheduled)-rateLimitLogging-0      [0;39m] [33mo.t.t.s.p.RateLimitService[0;39m                      : total requests 0 in progress 0 queue size 0 
[32m2025-06-04 | 14:00:55.326[0;39m | [34mINFO [0;39m [[36mapp-(scheduled)-rateLimitLogging-0      [0;39m] [33mo.t.t.s.p.RateLimitService[0;39m                      : total requests 0 in progress 0 queue size 0 
[32m2025-06-04 | 14:01:05.328[0;39m | [34mINFO [0;39m [[36mapp-(scheduled)-rateLimitLogging-0      [0;39m] [33mo.t.t.s.p.RateLimitService[0;39m                      : total requests 0 in progress 0 queue size 0 
[32m2025-06-04 | 14:01:15.332[0;39m | [34mINFO [0;39m [[36mapp-(scheduled)-rateLimitLogging-0      [0;39m] [33mo.t.t.s.p.RateLimitService[0;39m                      : total requests 0 in progress 0 queue size 0 
[32m2025-06-04 | 14:01:25.327[0;39m | [34mINFO [0;39m [[36mapp-(scheduled)-rateLimitLogging-0      [0;39m] [33mo.t.t.s.p.RateLimitService[0;39m                      : total requests 0 in progress 0 queue size 0 
[32m2025-06-04 | 14:01:35.322[0;39m | [34mINFO [0;39m [[36mapp-(scheduled)-rateLimitLogging-0      [0;39m] [33mo.t.t.s.p.RateLimitService[0;39m                      : total requests 0 in progress 0 queue size 0 
[32m2025-06-04 | 14:01:45.324[0;39m | [34mINFO [0;39m [[36mapp-(scheduled)-rateLimitLogging-0      [0;39m] [33mo.t.t.s.p.RateLimitService[0;39m                      : total requests 0 in progress 0 queue size 0 
[32m2025-06-04 | 14:01:55.325[0;39m | [34mINFO [0;39m [[36mapp-(scheduled)-rateLimitLogging-0      [0;39m] [33mo.t.t.s.p.RateLimitService[0;39m                      : total requests 0 in progress 0 queue size 0 
[32m2025-06-04 | 14:02:05.327[0;39m | [34mINFO [0;39m [[36mapp-(scheduled)-rateLimitLogging-0      [0;39m] [33mo.t.t.s.p.RateLimitService[0;39m                      : total requests 0 in progress 0 queue size 0 
[32m2025-06-04 | 14:02:15.321[0;39m | [34mINFO [0;39m [[36mapp-(scheduled)-rateLimitLogging-0      [0;39m] [33mo.t.t.s.p.RateLimitService[0;39m                      : total requests 0 in progress 0 queue size 0 
[32m2025-06-04 | 14:02:25.329[0;39m | [34mINFO [0;39m [[36mapp-(scheduled)-rateLimitLogging-0      [0;39m] [33mo.t.t.s.p.RateLimitService[0;39m                      : total requests 0 in progress 0 queue size 0 
[32m2025-06-04 | 14:02:35.321[0;39m | [34mINFO [0;39m [[36mapp-(scheduled)-rateLimitLogging-0      [0;39m] [33mo.t.t.s.p.RateLimitService[0;39m                      : total requests 0 in progress 0 queue size 0 
[32m2025-06-04 | 14:02:45.319[0;39m | [34mINFO [0;39m [[36mapp-(scheduled)-rateLimitLogging-0      [0;39m] [33mo.t.t.s.p.RateLimitService[0;39m                      : total requests 0 in progress 0 queue size 0 
[32m2025-06-04 | 14:02:55.323[0;39m | [34mINFO [0;39m [[36mapp-(scheduled)-rateLimitLogging-0      [0;39m] [33mo.t.t.s.p.RateLimitService[0;39m                      : total requests 0 in progress 0 queue size 0 
[32m2025-06-04 | 14:03:05.327[0;39m | [34mINFO [0;39m [[36mapp-(scheduled)-rateLimitLogging-0      [0;39m] [33mo.t.t.s.p.RateLimitService[0;39m                      : total requests 0 in progress 0 queue size 0 
[32m2025-06-04 | 14:03:15.324[0;39m | [34mINFO [0;39m [[36mapp-(scheduled)-rateLimitLogging-0      [0;39m] [33mo.t.t.s.p.RateLimitService[0;39m                      : total requests 0 in progress 0 queue size 0 
[32m2025-06-04 | 14:03:25.329[0;39m | [34mINFO [0;39m [[36mapp-(scheduled)-rateLimitLogging-0      [0;39m] [33mo.t.t.s.p.RateLimitService[0;39m                      : total requests 0 in progress 0 queue size 0 
[32m2025-06-04 | 14:03:35.323[0;39m | [34mINFO [0;39m [[36mapp-(scheduled)-rateLimitLogging-0      [0;39m] [33mo.t.t.s.p.RateLimitService[0;39m                      : total requests 0 in progress 0 queue size 0 
[32m2025-06-04 | 14:03:45.324[0;39m | [34mINFO [0;39m [[36mapp-(scheduled)-rateLimitLogging-0      [0;39m] [33mo.t.t.s.p.RateLimitService[0;39m                      : total requests 0 in progress 0 queue size 0 
[32m2025-06-04 | 14:03:55.322[0;39m | [34mINFO [0;39m [[36mapp-(scheduled)-rateLimitLogging-0      [0;39m] [33mo.t.t.s.p.RateLimitService[0;39m                      : total requests 0 in progress 0 queue size 0 
[32m2025-06-04 | 14:04:05.324[0;39m | [34mINFO [0;39m [[36mapp-(scheduled)-rateLimitLogging-0      [0;39m] [33mo.t.t.s.p.RateLimitService[0;39m                      : total requests 0 in progress 0 queue size 0 
[32m2025-06-04 | 14:04:15.334[0;39m | [34mINFO [0;39m [[36mapp-(scheduled)-rateLimitLogging-0      [0;39m] [33mo.t.t.s.p.RateLimitService[0;39m                      : total requests 0 in progress 0 queue size 0 
[32m2025-06-04 | 14:04:25.322[0;39m | [34mINFO [0;39m [[36mapp-(scheduled)-rateLimitLogging-0      [0;39m] [33mo.t.t.s.p.RateLimitService[0;39m                      : total requests 0 in progress 0 queue size 0 
[32m2025-06-04 | 14:04:35.325[0;39m | [34mINFO [0;39m [[36mapp-(scheduled)-rateLimitLogging-0      [0;39m] [33mo.t.t.s.p.RateLimitService[0;39m                      : total requests 0 in progress 0 queue size 0 
[32m2025-06-04 | 14:04:45.329[0;39m | [34mINFO [0;39m [[36mapp-(scheduled)-rateLimitLogging-0      [0;39m] [33mo.t.t.s.p.RateLimitService[0;39m                      : total requests 0 in progress 0 queue size 0 
[32m2025-06-04 | 14:04:55.328[0;39m | [34mINFO [0;39m [[36mapp-(scheduled)-rateLimitLogging-0      [0;39m] [33mo.t.t.s.p.RateLimitService[0;39m                      : total requests 0 in progress 0 queue size 0 
[32m2025-06-04 | 14:05:05.320[0;39m | [34mINFO [0;39m [[36mapp-(scheduled)-rateLimitLogging-0      [0;39m] [33mo.t.t.s.p.RateLimitService[0;39m                      : total requests 0 in progress 0 queue size 0 
[32m2025-06-04 | 14:05:15.333[0;39m | [34mINFO [0;39m [[36mapp-(scheduled)-rateLimitLogging-0      [0;39m] [33mo.t.t.s.p.RateLimitService[0;39m                      : total requests 0 in progress 0 queue size 0 
[32m2025-06-04 | 14:05:25.334[0;39m | [34mINFO [0;39m [[36mapp-(scheduled)-rateLimitLogging-0      [0;39m] [33mo.t.t.s.p.RateLimitService[0;39m                      : total requests 0 in progress 0 queue size 0 
[32m2025-06-04 | 14:05:35.322[0;39m | [34mINFO [0;39m [[36mapp-(scheduled)-rateLimitLogging-0      [0;39m] [33mo.t.t.s.p.RateLimitService[0;39m                      : total requests 0 in progress 0 queue size 0 
[32m2025-06-04 | 14:05:45.327[0;39m | [34mINFO [0;39m [[36mapp-(scheduled)-rateLimitLogging-0      [0;39m] [33mo.t.t.s.p.RateLimitService[0;39m                      : total requests 0 in progress 0 queue size 0 
[32m2025-06-04 | 14:05:55.325[0;39m | [34mINFO [0;39m [[36mapp-(scheduled)-rateLimitLogging-0      [0;39m] [33mo.t.t.s.p.RateLimitService[0;39m                      : total requests 0 in progress 0 queue size 0 
[32m2025-06-04 | 14:06:05.322[0;39m | [34mINFO [0;39m [[36mapp-(scheduled)-rateLimitLogging-0      [0;39m] [33mo.t.t.s.p.RateLimitService[0;39m                      : total requests 0 in progress 0 queue size 0 
[32m2025-06-04 | 14:06:15.322[0;39m | [34mINFO [0;39m [[36mapp-(scheduled)-rateLimitLogging-0      [0;39m] [33mo.t.t.s.p.RateLimitService[0;39m                      : total requests 0 in progress 0 queue size 0 
[32m2025-06-04 | 14:06:25.322[0;39m | [34mINFO [0;39m [[36mapp-(scheduled)-rateLimitLogging-0      [0;39m] [33mo.t.t.s.p.RateLimitService[0;39m                      : total requests 0 in progress 0 queue size 0 
[32m2025-06-04 | 14:06:35.330[0;39m | [34mINFO [0;39m [[36mapp-(scheduled)-rateLimitLogging-0      [0;39m] [33mo.t.t.s.p.RateLimitService[0;39m                      : total requests 0 in progress 0 queue size 0 
[32m2025-06-04 | 14:06:45.317[0;39m | [34mINFO [0;39m [[36mapp-(scheduled)-rateLimitLogging-0      [0;39m] [33mo.t.t.s.p.RateLimitService[0;39m                      : total requests 0 in progress 0 queue size 0 
[32m2025-06-04 | 14:06:55.325[0;39m | [34mINFO [0;39m [[36mapp-(scheduled)-rateLimitLogging-0      [0;39m] [33mo.t.t.s.p.RateLimitService[0;39m                      : total requests 0 in progress 0 queue size 0 
[32m2025-06-04 | 14:07:05.317[0;39m | [34mINFO [0;39m [[36mapp-(scheduled)-rateLimitLogging-0      [0;39m] [33mo.t.t.s.p.RateLimitService[0;39m                      : total requests 0 in progress 0 queue size 0 
[32m2025-06-04 | 14:07:15.330[0;39m | [34mINFO [0;39m [[36mapp-(scheduled)-rateLimitLogging-0      [0;39m] [33mo.t.t.s.p.RateLimitService[0;39m                      : total requests 0 in progress 0 queue size 0 
[32m2025-06-04 | 14:07:25.332[0;39m | [34mINFO [0;39m [[36mapp-(scheduled)-rateLimitLogging-0      [0;39m] [33mo.t.t.s.p.RateLimitService[0;39m                      : total requests 0 in progress 0 queue size 0 
[32m2025-06-04 | 14:07:35.331[0;39m | [34mINFO [0;39m [[36mapp-(scheduled)-rateLimitLogging-0      [0;39m] [33mo.t.t.s.p.RateLimitService[0;39m                      : total requests 0 in progress 0 queue size 0 
[32m2025-06-04 | 14:07:45.333[0;39m | [34mINFO [0;39m [[36mapp-(scheduled)-rateLimitLogging-0      [0;39m] [33mo.t.t.s.p.RateLimitService[0;39m                      : total requests 0 in progress 0 queue size 0 
[32m2025-06-04 | 14:07:55.333[0;39m | [34mINFO [0;39m [[36mapp-(scheduled)-rateLimitLogging-0      [0;39m] [33mo.t.t.s.p.RateLimitService[0;39m                      : total requests 0 in progress 0 queue size 0 
[32m2025-06-04 | 14:08:05.333[0;39m | [34mINFO [0;39m [[36mapp-(scheduled)-rateLimitLogging-0      [0;39m] [33mo.t.t.s.p.RateLimitService[0;39m                      : total requests 0 in progress 0 queue size 0 
[32m2025-06-04 | 14:08:15.326[0;39m | [34mINFO [0;39m [[36mapp-(scheduled)-rateLimitLogging-0      [0;39m] [33mo.t.t.s.p.RateLimitService[0;39m                      : total requests 0 in progress 0 queue size 0 
[32m2025-06-04 | 14:08:25.319[0;39m | [34mINFO [0;39m [[36mapp-(scheduled)-rateLimitLogging-0      [0;39m] [33mo.t.t.s.p.RateLimitService[0;39m                      : total requests 0 in progress 0 queue size 0 
[32m2025-06-04 | 14:08:35.329[0;39m | [34mINFO [0;39m [[36mapp-(scheduled)-rateLimitLogging-0      [0;39m] [33mo.t.t.s.p.RateLimitService[0;39m                      : total requests 0 in progress 0 queue size 0 
[32m2025-06-04 | 14:08:45.319[0;39m | [34mINFO [0;39m [[36mapp-(scheduled)-rateLimitLogging-0      [0;39m] [33mo.t.t.s.p.RateLimitService[0;39m                      : total requests 0 in progress 0 queue size 0 
[32m2025-06-04 | 14:08:55.322[0;39m | [34mINFO [0;39m [[36mapp-(scheduled)-rateLimitLogging-0      [0;39m] [33mo.t.t.s.p.RateLimitService[0;39m                      : total requests 0 in progress 0 queue size 0 
[32m2025-06-04 | 14:09:05.329[0;39m | [34mINFO [0;39m [[36mapp-(scheduled)-rateLimitLogging-0      [0;39m] [33mo.t.t.s.p.RateLimitService[0;39m                      : total requests 0 in progress 0 queue size 0 
[32m2025-06-04 | 14:09:15.328[0;39m | [34mINFO [0;39m [[36mapp-(scheduled)-rateLimitLogging-0      [0;39m] [33mo.t.t.s.p.RateLimitService[0;39m                      : total requests 0 in progress 0 queue size 0 
[32m2025-06-04 | 14:09:25.329[0;39m | [34mINFO [0;39m [[36mapp-(scheduled)-rateLimitLogging-0      [0;39m] [33mo.t.t.s.p.RateLimitService[0;39m                      : total requests 0 in progress 0 queue size 0 
[32m2025-06-04 | 14:09:35.322[0;39m | [34mINFO [0;39m [[36mapp-(scheduled)-rateLimitLogging-0      [0;39m] [33mo.t.t.s.p.RateLimitService[0;39m                      : total requests 0 in progress 0 queue size 0 
[32m2025-06-04 | 14:09:45.322[0;39m | [34mINFO [0;39m [[36mapp-(scheduled)-rateLimitLogging-0      [0;39m] [33mo.t.t.s.p.RateLimitService[0;39m                      : total requests 0 in progress 0 queue size 0 
[32m2025-06-04 | 14:09:55.329[0;39m | [34mINFO [0;39m [[36mapp-(scheduled)-rateLimitLogging-0      [0;39m] [33mo.t.t.s.p.RateLimitService[0;39m                      : total requests 0 in progress 0 queue size 0 
[32m2025-06-04 | 14:10:05.328[0;39m | [34mINFO [0;39m [[36mapp-(scheduled)-rateLimitLogging-0      [0;39m] [33mo.t.t.s.p.RateLimitService[0;39m                      : total requests 0 in progress 0 queue size 0 
[32m2025-06-04 | 14:10:15.326[0;39m | [34mINFO [0;39m [[36mapp-(scheduled)-rateLimitLogging-0      [0;39m] [33mo.t.t.s.p.RateLimitService[0;39m                      : total requests 0 in progress 0 queue size 0 
[32m2025-06-04 | 14:10:25.323[0;39m | [34mINFO [0;39m [[36mapp-(scheduled)-rateLimitLogging-0      [0;39m] [33mo.t.t.s.p.RateLimitService[0;39m                      : total requests 0 in progress 0 queue size 0 
[32m2025-06-04 | 14:10:35.322[0;39m | [34mINFO [0;39m [[36mapp-(scheduled)-rateLimitLogging-0      [0;39m] [33mo.t.t.s.p.RateLimitService[0;39m                      : total requests 0 in progress 0 queue size 0 
[32m2025-06-04 | 14:10:45.325[0;39m | [34mINFO [0;39m [[36mapp-(scheduled)-rateLimitLogging-0      [0;39m] [33mo.t.t.s.p.RateLimitService[0;39m                      : total requests 0 in progress 0 queue size 0 
[32m2025-06-04 | 14:10:55.323[0;39m | [34mINFO [0;39m [[36mapp-(scheduled)-rateLimitLogging-0      [0;39m] [33mo.t.t.s.p.RateLimitService[0;39m                      : total requests 0 in progress 0 queue size 0 
[32m2025-06-04 | 14:11:05.334[0;39m | [34mINFO [0;39m [[36mapp-(scheduled)-rateLimitLogging-0      [0;39m] [33mo.t.t.s.p.RateLimitService[0;39m                      : total requests 0 in progress 0 queue size 0 
[32m2025-06-04 | 14:11:15.319[0;39m | [34mINFO [0;39m [[36mapp-(scheduled)-rateLimitLogging-0      [0;39m] [33mo.t.t.s.p.RateLimitService[0;39m                      : total requests 0 in progress 0 queue size 0 
[32m2025-06-04 | 14:11:25.327[0;39m | [34mINFO [0;39m [[36mapp-(scheduled)-rateLimitLogging-0      [0;39m] [33mo.t.t.s.p.RateLimitService[0;39m                      : total requests 0 in progress 0 queue size 0 
[32m2025-06-04 | 14:11:35.321[0;39m | [34mINFO [0;39m [[36mapp-(scheduled)-rateLimitLogging-0      [0;39m] [33mo.t.t.s.p.RateLimitService[0;39m                      : total requests 0 in progress 0 queue size 0 
[32m2025-06-04 | 14:11:45.320[0;39m | [34mINFO [0;39m [[36mapp-(scheduled)-rateLimitLogging-0      [0;39m] [33mo.t.t.s.p.RateLimitService[0;39m                      : total requests 0 in progress 0 queue size 0 
[32m2025-06-04 | 14:11:55.331[0;39m | [34mINFO [0;39m [[36mapp-(scheduled)-rateLimitLogging-0      [0;39m] [33mo.t.t.s.p.RateLimitService[0;39m                      : total requests 0 in progress 0 queue size 0 
[32m2025-06-04 | 14:12:05.323[0;39m | [34mINFO [0;39m [[36mapp-(scheduled)-rateLimitLogging-0      [0;39m] [33mo.t.t.s.p.RateLimitService[0;39m                      : total requests 0 in progress 0 queue size 0 
[32m2025-06-04 | 14:12:15.333[0;39m | [34mINFO [0;39m [[36mapp-(scheduled)-rateLimitLogging-0      [0;39m] [33mo.t.t.s.p.RateLimitService[0;39m                      : total requests 0 in progress 0 queue size 0 
[32m2025-06-04 | 14:12:25.333[0;39m | [34mINFO [0;39m [[36mapp-(scheduled)-rateLimitLogging-0      [0;39m] [33mo.t.t.s.p.RateLimitService[0;39m                      : total requests 0 in progress 0 queue size 0 
[32m2025-06-04 | 14:12:35.319[0;39m | [34mINFO [0;39m [[36mapp-(scheduled)-rateLimitLogging-0      [0;39m] [33mo.t.t.s.p.RateLimitService[0;39m                      : total requests 0 in progress 0 queue size 0 
[32m2025-06-04 | 14:12:45.329[0;39m | [34mINFO [0;39m [[36mapp-(scheduled)-rateLimitLogging-0      [0;39m] [33mo.t.t.s.p.RateLimitService[0;39m                      : total requests 0 in progress 0 queue size 0 
[32m2025-06-04 | 14:12:55.319[0;39m | [34mINFO [0;39m [[36mapp-(scheduled)-rateLimitLogging-0      [0;39m] [33mo.t.t.s.p.RateLimitService[0;39m                      : total requests 0 in progress 0 queue size 0 
[32m2025-06-04 | 14:13:05.333[0;39m | [34mINFO [0;39m [[36mapp-(scheduled)-rateLimitLogging-0      [0;39m] [33mo.t.t.s.p.RateLimitService[0;39m                      : total requests 0 in progress 0 queue size 0 
[32m2025-06-04 | 14:13:15.333[0;39m | [34mINFO [0;39m [[36mapp-(scheduled)-rateLimitLogging-0      [0;39m] [33mo.t.t.s.p.RateLimitService[0;39m                      : total requests 0 in progress 0 queue size 0 
[32m2025-06-04 | 14:13:25.325[0;39m | [34mINFO [0;39m [[36mapp-(scheduled)-rateLimitLogging-0      [0;39m] [33mo.t.t.s.p.RateLimitService[0;39m                      : total requests 0 in progress 0 queue size 0 
[32m2025-06-04 | 14:13:35.328[0;39m | [34mINFO [0;39m [[36mapp-(scheduled)-rateLimitLogging-0      [0;39m] [33mo.t.t.s.p.RateLimitService[0;39m                      : total requests 0 in progress 0 queue size 0 
[32m2025-06-04 | 14:13:45.394[0;39m | [34mINFO [0;39m [[36mapp-(scheduled)-rateLimitLogging-0      [0;39m] [33mo.t.t.s.p.RateLimitService[0;39m                      : total requests 0 in progress 0 queue size 0 
[32m2025-06-04 | 14:13:55.325[0;39m | [34mINFO [0;39m [[36mapp-(scheduled)-rateLimitLogging-0      [0;39m] [33mo.t.t.s.p.RateLimitService[0;39m                      : total requests 0 in progress 0 queue size 0 
[32m2025-06-04 | 14:14:05.325[0;39m | [34mINFO [0;39m [[36mapp-(scheduled)-rateLimitLogging-0      [0;39m] [33mo.t.t.s.p.RateLimitService[0;39m                      : total requests 0 in progress 0 queue size 0 
[32m2025-06-04 | 14:14:15.321[0;39m | [34mINFO [0;39m [[36mapp-(scheduled)-rateLimitLogging-0      [0;39m] [33mo.t.t.s.p.RateLimitService[0;39m                      : total requests 0 in progress 0 queue size 0 
[32m2025-06-04 | 14:14:25.319[0;39m | [34mINFO [0;39m [[36mapp-(scheduled)-rateLimitLogging-0      [0;39m] [33mo.t.t.s.p.RateLimitService[0;39m                      : total requests 0 in progress 0 queue size 0 
[32m2025-06-04 | 14:14:35.333[0;39m | [34mINFO [0;39m [[36mapp-(scheduled)-rateLimitLogging-0      [0;39m] [33mo.t.t.s.p.RateLimitService[0;39m                      : total requests 0 in progress 0 queue size 0 
[32m2025-06-04 | 14:14:45.332[0;39m | [34mINFO [0;39m [[36mapp-(scheduled)-rateLimitLogging-0      [0;39m] [33mo.t.t.s.p.RateLimitService[0;39m                      : total requests 0 in progress 0 queue size 0 
[32m2025-06-04 | 14:14:55.328[0;39m | [34mINFO [0;39m [[36mapp-(scheduled)-rateLimitLogging-0      [0;39m] [33mo.t.t.s.p.RateLimitService[0;39m                      : total requests 0 in progress 0 queue size 0 
[32m2025-06-04 | 14:15:05.329[0;39m | [34mINFO [0;39m [[36mapp-(scheduled)-rateLimitLogging-0      [0;39m] [33mo.t.t.s.p.RateLimitService[0;39m                      : total requests 0 in progress 0 queue size 0 
[32m2025-06-04 | 14:15:15.329[0;39m | [34mINFO [0;39m [[36mapp-(scheduled)-rateLimitLogging-0      [0;39m] [33mo.t.t.s.p.RateLimitService[0;39m                      : total requests 0 in progress 0 queue size 0 
[32m2025-06-04 | 14:15:25.327[0;39m | [34mINFO [0;39m [[36mapp-(scheduled)-rateLimitLogging-0      [0;39m] [33mo.t.t.s.p.RateLimitService[0;39m                      : total requests 0 in progress 0 queue size 0 
[32m2025-06-04 | 14:15:35.328[0;39m | [34mINFO [0;39m [[36mapp-(scheduled)-rateLimitLogging-0      [0;39m] [33mo.t.t.s.p.RateLimitService[0;39m                      : total requests 0 in progress 0 queue size 0 
[32m2025-06-04 | 14:15:45.326[0;39m | [34mINFO [0;39m [[36mapp-(scheduled)-rateLimitLogging-0      [0;39m] [33mo.t.t.s.p.RateLimitService[0;39m                      : total requests 0 in progress 0 queue size 0 
[32m2025-06-04 | 14:15:55.324[0;39m | [34mINFO [0;39m [[36mapp-(scheduled)-rateLimitLogging-0      [0;39m] [33mo.t.t.s.p.RateLimitService[0;39m                      : total requests 0 in progress 0 queue size 0 
[32m2025-06-04 | 14:16:05.323[0;39m | [34mINFO [0;39m [[36mapp-(scheduled)-rateLimitLogging-0      [0;39m] [33mo.t.t.s.p.RateLimitService[0;39m                      : total requests 0 in progress 0 queue size 0 
[32m2025-06-04 | 14:16:15.320[0;39m | [34mINFO [0;39m [[36mapp-(scheduled)-rateLimitLogging-0      [0;39m] [33mo.t.t.s.p.RateLimitService[0;39m                      : total requests 0 in progress 0 queue size 0 
[32m2025-06-04 | 14:16:25.325[0;39m | [34mINFO [0;39m [[36mapp-(scheduled)-rateLimitLogging-0      [0;39m] [33mo.t.t.s.p.RateLimitService[0;39m                      : total requests 0 in progress 0 queue size 0 
[32m2025-06-04 | 14:16:35.333[0;39m | [34mINFO [0;39m [[36mapp-(scheduled)-rateLimitLogging-0      [0;39m] [33mo.t.t.s.p.RateLimitService[0;39m                      : total requests 0 in progress 0 queue size 0 
[32m2025-06-04 | 14:16:45.334[0;39m | [34mINFO [0;39m [[36mapp-(scheduled)-rateLimitLogging-0      [0;39m] [33mo.t.t.s.p.RateLimitService[0;39m                      : total requests 0 in progress 0 queue size 0 
[32m2025-06-04 | 14:16:55.329[0;39m | [34mINFO [0;39m [[36mapp-(scheduled)-rateLimitLogging-0      [0;39m] [33mo.t.t.s.p.RateLimitService[0;39m                      : total requests 0 in progress 0 queue size 0 
[32m2025-06-04 | 14:17:05.323[0;39m | [34mINFO [0;39m [[36mapp-(scheduled)-rateLimitLogging-0      [0;39m] [33mo.t.t.s.p.RateLimitService[0;39m                      : total requests 0 in progress 0 queue size 0 
[32m2025-06-04 | 14:17:15.320[0;39m | [34mINFO [0;39m [[36mapp-(scheduled)-rateLimitLogging-0      [0;39m] [33mo.t.t.s.p.RateLimitService[0;39m                      : total requests 0 in progress 0 queue size 0 
[32m2025-06-04 | 14:17:25.340[0;39m | [34mINFO [0;39m [[36mapp-(scheduled)-rateLimitLogging-0      [0;39m] [33mo.t.t.s.p.RateLimitService[0;39m                      : total requests 0 in progress 0 queue size 0 
[32m2025-06-04 | 14:17:35.327[0;39m | [34mINFO [0;39m [[36mapp-(scheduled)-rateLimitLogging-0      [0;39m] [33mo.t.t.s.p.RateLimitService[0;39m                      : total requests 0 in progress 0 queue size 0 
[32m2025-06-04 | 14:17:45.321[0;39m | [34mINFO [0;39m [[36mapp-(scheduled)-rateLimitLogging-0      [0;39m] [33mo.t.t.s.p.RateLimitService[0;39m                      : total requests 0 in progress 0 queue size 0 
[32m2025-06-04 | 14:17:55.324[0;39m | [34mINFO [0;39m [[36mapp-(scheduled)-rateLimitLogging-0      [0;39m] [33mo.t.t.s.p.RateLimitService[0;39m                      : total requests 0 in progress 0 queue size 0 
[32m2025-06-04 | 14:18:05.330[0;39m | [34mINFO [0;39m [[36mapp-(scheduled)-rateLimitLogging-0      [0;39m] [33mo.t.t.s.p.RateLimitService[0;39m                      : total requests 0 in progress 0 queue size 0 
[32m2025-06-04 | 14:18:15.325[0;39m | [34mINFO [0;39m [[36mapp-(scheduled)-rateLimitLogging-0      [0;39m] [33mo.t.t.s.p.RateLimitService[0;39m                      : total requests 0 in progress 0 queue size 0 
[32m2025-06-04 | 14:18:25.319[0;39m | [34mINFO [0;39m [[36mapp-(scheduled)-rateLimitLogging-0      [0;39m] [33mo.t.t.s.p.RateLimitService[0;39m                      : total requests 0 in progress 0 queue size 0 
[32m2025-06-04 | 14:18:35.330[0;39m | [34mINFO [0;39m [[36mapp-(scheduled)-rateLimitLogging-0      [0;39m] [33mo.t.t.s.p.RateLimitService[0;39m                      : total requests 0 in progress 0 queue size 0 
[32m2025-06-04 | 15:52:09.866[0;39m | [34mINFO [0;39m [[36mapp-(scheduled)-rateLimitLogging-0      [0;39m] [33mo.t.t.s.p.RateLimitService[0;39m                      : total requests 0 in progress 0 queue size 0 
[32m2025-06-04 | 15:52:09.866[0;39m | [34mINFO [0;39m [[36mapp-(scheduled)-rateLimitLogging-0      [0;39m] [33mo.t.t.s.p.RateLimitService[0;39m                      : total requests 0 in progress 0 queue size 0 
[32m2025-06-04 | 15:52:09.866[0;39m | [34mINFO [0;39m [[36mapp-(scheduled)-rateLimitLogging-0      [0;39m] [33mo.t.t.s.p.RateLimitService[0;39m                      : total requests 0 in progress 0 queue size 0 
[32m2025-06-04 | 15:52:09.866[0;39m | [34mINFO [0;39m [[36mapp-(scheduled)-rateLimitLogging-0      [0;39m] [33mo.t.t.s.p.RateLimitService[0;39m                      : total requests 0 in progress 0 queue size 0 
[32m2025-06-04 | 15:52:09.866[0;39m | [34mINFO [0;39m [[36mapp-(scheduled)-rateLimitLogging-0      [0;39m] [33mo.t.t.s.p.RateLimitService[0;39m                      : total requests 0 in progress 0 queue size 0 
[32m2025-06-04 | 15:52:09.866[0;39m | [34mINFO [0;39m [[36mapp-(scheduled)-rateLimitLogging-0      [0;39m] [33mo.t.t.s.p.RateLimitService[0;39m                      : total requests 0 in progress 0 queue size 0 
[32m2025-06-04 | 15:52:09.866[0;39m | [34mINFO [0;39m [[36mapp-(scheduled)-rateLimitLogging-0      [0;39m] [33mo.t.t.s.p.RateLimitService[0;39m                      : total requests 0 in progress 0 queue size 0 
[32m2025-06-04 | 15:52:09.866[0;39m | [34mINFO [0;39m [[36mapp-(scheduled)-rateLimitLogging-0      [0;39m] [33mo.t.t.s.p.RateLimitService[0;39m                      : total requests 0 in progress 0 queue size 0 
[32m2025-06-04 | 15:52:09.866[0;39m | [34mINFO [0;39m [[36mapp-(scheduled)-rateLimitLogging-0      [0;39m] [33mo.t.t.s.p.RateLimitService[0;39m                      : total requests 0 in progress 0 queue size 0 
[32m2025-06-04 | 15:52:09.866[0;39m | [34mINFO [0;39m [[36mapp-(scheduled)-rateLimitLogging-0      [0;39m] [33mo.t.t.s.p.RateLimitService[0;39m                      : total requests 0 in progress 0 queue size 0 
[32m2025-06-04 | 15:52:09.866[0;39m | [34mINFO [0;39m [[36mapp-(scheduled)-rateLimitLogging-0      [0;39m] [33mo.t.t.s.p.RateLimitService[0;39m                      : total requests 0 in progress 0 queue size 0 
[32m2025-06-04 | 15:52:09.867[0;39m | [34mINFO [0;39m [[36mapp-(scheduled)-rateLimitLogging-0      [0;39m] [33mo.t.t.s.p.RateLimitService[0;39m                      : total requests 0 in progress 0 queue size 0 
[32m2025-06-04 | 15:52:09.867[0;39m | [34mINFO [0;39m [[36mapp-(scheduled)-rateLimitLogging-0      [0;39m] [33mo.t.t.s.p.RateLimitService[0;39m                      : total requests 0 in progress 0 queue size 0 
[32m2025-06-04 | 15:52:09.867[0;39m | [34mINFO [0;39m [[36mapp-(scheduled)-rateLimitLogging-0      [0;39m] [33mo.t.t.s.p.RateLimitService[0;39m                      : total requests 0 in progress 0 queue size 0 
[32m2025-06-04 | 15:52:09.867[0;39m | [34mINFO [0;39m [[36mapp-(scheduled)-rateLimitLogging-0      [0;39m] [33mo.t.t.s.p.RateLimitService[0;39m                      : total requests 0 in progress 0 queue size 0 
[32m2025-06-04 | 15:52:09.867[0;39m | [34mINFO [0;39m [[36mapp-(scheduled)-rateLimitLogging-0      [0;39m] [33mo.t.t.s.p.RateLimitService[0;39m                      : total requests 0 in progress 0 queue size 0 
[32m2025-06-04 | 15:52:09.867[0;39m | [34mINFO [0;39m [[36mapp-(scheduled)-rateLimitLogging-0      [0;39m] [33mo.t.t.s.p.RateLimitService[0;39m                      : total requests 0 in progress 0 queue size 0 
[32m2025-06-04 | 15:52:09.867[0;39m | [34mINFO [0;39m [[36mapp-(scheduled)-rateLimitLogging-0      [0;39m] [33mo.t.t.s.p.RateLimitService[0;39m                      : total requests 0 in progress 0 queue size 0 
[32m2025-06-04 | 15:52:09.867[0;39m | [34mINFO [0;39m [[36mapp-(scheduled)-rateLimitLogging-0      [0;39m] [33mo.t.t.s.p.RateLimitService[0;39m                      : total requests 0 in progress 0 queue size 0 
[32m2025-06-04 | 15:52:09.867[0;39m | [34mINFO [0;39m [[36mapp-(scheduled)-rateLimitLogging-0      [0;39m] [33mo.t.t.s.p.RateLimitService[0;39m                      : total requests 0 in progress 0 queue size 0 
[32m2025-06-04 | 15:52:09.877[0;39m | [34mINFO [0;39m [[36mapp-(scheduled)-rateLimitLogging-0      [0;39m] [33mo.t.t.s.p.RateLimitService[0;39m                      : total requests 0 in progress 0 queue size 0 
[32m2025-06-04 | 15:52:09.887[0;39m | [34mINFO [0;39m [[36mapp-(scheduled)-rateLimitLogging-0      [0;39m] [33mo.t.t.s.p.RateLimitService[0;39m                      : total requests 0 in progress 0 queue size 0 
[32m2025-06-04 | 15:52:09.918[0;39m | [34mINFO [0;39m [[36mapp-(scheduled)-rateLimitLogging-0      [0;39m] [33mo.t.t.s.p.RateLimitService[0;39m                      : total requests 0 in progress 0 queue size 0 
[32m2025-06-04 | 15:52:09.918[0;39m | [34mINFO [0;39m [[36mapp-(scheduled)-rateLimitLogging-0      [0;39m] [33mo.t.t.s.p.RateLimitService[0;39m                      : total requests 0 in progress 0 queue size 0 
[32m2025-06-04 | 15:52:09.918[0;39m | [34mINFO [0;39m [[36mapp-(scheduled)-rateLimitLogging-0      [0;39m] [33mo.t.t.s.p.RateLimitService[0;39m                      : total requests 0 in progress 0 queue size 0 
[32m2025-06-04 | 15:52:09.918[0;39m | [34mINFO [0;39m [[36mapp-(scheduled)-rateLimitLogging-0      [0;39m] [33mo.t.t.s.p.RateLimitService[0;39m                      : total requests 0 in progress 0 queue size 0 
[32m2025-06-04 | 15:52:09.918[0;39m | [34mINFO [0;39m [[36mapp-(scheduled)-rateLimitLogging-0      [0;39m] [33mo.t.t.s.p.RateLimitService[0;39m                      : total requests 0 in progress 0 queue size 0 
[32m2025-06-04 | 15:52:09.918[0;39m | [34mINFO [0;39m [[36mapp-(scheduled)-rateLimitLogging-0      [0;39m] [33mo.t.t.s.p.RateLimitService[0;39m                      : total requests 0 in progress 0 queue size 0 
[32m2025-06-04 | 15:52:09.918[0;39m | [34mINFO [0;39m [[36mapp-(scheduled)-rateLimitLogging-0      [0;39m] [33mo.t.t.s.p.RateLimitService[0;39m                      : total requests 0 in progress 0 queue size 0 
[32m2025-06-04 | 15:52:09.918[0;39m | [34mINFO [0;39m [[36mapp-(scheduled)-rateLimitLogging-0      [0;39m] [33mo.t.t.s.p.RateLimitService[0;39m                      : total requests 0 in progress 0 queue size 0 
[32m2025-06-04 | 15:52:09.918[0;39m | [34mINFO [0;39m [[36mapp-(scheduled)-rateLimitLogging-0      [0;39m] [33mo.t.t.s.p.RateLimitService[0;39m                      : total requests 0 in progress 0 queue size 0 
[32m2025-06-04 | 15:52:09.918[0;39m | [34mINFO [0;39m [[36mapp-(scheduled)-rateLimitLogging-0      [0;39m] [33mo.t.t.s.p.RateLimitService[0;39m                      : total requests 0 in progress 0 queue size 0 
[32m2025-06-04 | 15:52:09.918[0;39m | [34mINFO [0;39m [[36mapp-(scheduled)-rateLimitLogging-0      [0;39m] [33mo.t.t.s.p.RateLimitService[0;39m                      : total requests 0 in progress 0 queue size 0 
[32m2025-06-04 | 15:52:09.918[0;39m | [34mINFO [0;39m [[36mapp-(scheduled)-rateLimitLogging-0      [0;39m] [33mo.t.t.s.p.RateLimitService[0;39m                      : total requests 0 in progress 0 queue size 0 
[32m2025-06-04 | 15:52:09.918[0;39m | [34mINFO [0;39m [[36mapp-(scheduled)-rateLimitLogging-0      [0;39m] [33mo.t.t.s.p.RateLimitService[0;39m                      : total requests 0 in progress 0 queue size 0 
[32m2025-06-04 | 15:52:09.918[0;39m | [34mINFO [0;39m [[36mapp-(scheduled)-rateLimitLogging-0      [0;39m] [33mo.t.t.s.p.RateLimitService[0;39m                      : total requests 0 in progress 0 queue size 0 
[32m2025-06-04 | 15:52:09.918[0;39m | [34mINFO [0;39m [[36mapp-(scheduled)-rateLimitLogging-0      [0;39m] [33mo.t.t.s.p.RateLimitService[0;39m                      : total requests 0 in progress 0 queue size 0 
[32m2025-06-04 | 15:52:09.918[0;39m | [34mINFO [0;39m [[36mapp-(scheduled)-rateLimitLogging-0      [0;39m] [33mo.t.t.s.p.RateLimitService[0;39m                      : total requests 0 in progress 0 queue size 0 
[32m2025-06-04 | 15:52:09.918[0;39m | [34mINFO [0;39m [[36mapp-(scheduled)-rateLimitLogging-0      [0;39m] [33mo.t.t.s.p.RateLimitService[0;39m                      : total requests 0 in progress 0 queue size 0 
[32m2025-06-04 | 15:52:09.918[0;39m | [34mINFO [0;39m [[36mapp-(scheduled)-rateLimitLogging-0      [0;39m] [33mo.t.t.s.p.RateLimitService[0;39m                      : total requests 0 in progress 0 queue size 0 
[32m2025-06-04 | 15:52:09.918[0;39m | [34mINFO [0;39m [[36mapp-(scheduled)-rateLimitLogging-0      [0;39m] [33mo.t.t.s.p.RateLimitService[0;39m                      : total requests 0 in progress 0 queue size 0 
[32m2025-06-04 | 15:52:09.918[0;39m | [34mINFO [0;39m [[36mapp-(scheduled)-rateLimitLogging-0      [0;39m] [33mo.t.t.s.p.RateLimitService[0;39m                      : total requests 0 in progress 0 queue size 0 
[32m2025-06-04 | 15:52:09.918[0;39m | [34mINFO [0;39m [[36mapp-(scheduled)-rateLimitLogging-0      [0;39m] [33mo.t.t.s.p.RateLimitService[0;39m                      : total requests 0 in progress 0 queue size 0 
[32m2025-06-04 | 15:52:09.918[0;39m | [34mINFO [0;39m [[36mapp-(scheduled)-rateLimitLogging-0      [0;39m] [33mo.t.t.s.p.RateLimitService[0;39m                      : total requests 0 in progress 0 queue size 0 
[32m2025-06-04 | 15:52:09.918[0;39m | [34mINFO [0;39m [[36mapp-(scheduled)-rateLimitLogging-0      [0;39m] [33mo.t.t.s.p.RateLimitService[0;39m                      : total requests 0 in progress 0 queue size 0 
[32m2025-06-04 | 15:52:09.918[0;39m | [34mINFO [0;39m [[36mapp-(scheduled)-rateLimitLogging-0      [0;39m] [33mo.t.t.s.p.RateLimitService[0;39m                      : total requests 0 in progress 0 queue size 0 
[32m2025-06-04 | 15:52:09.928[0;39m | [34mINFO [0;39m [[36mapp-(scheduled)-rateLimitLogging-0      [0;39m] [33mo.t.t.s.p.RateLimitService[0;39m                      : total requests 0 in progress 0 queue size 0 
[32m2025-06-04 | 15:52:09.928[0;39m | [34mINFO [0;39m [[36mapp-(scheduled)-rateLimitLogging-0      [0;39m] [33mo.t.t.s.p.RateLimitService[0;39m                      : total requests 0 in progress 0 queue size 0 
[32m2025-06-04 | 15:52:09.928[0;39m | [34mINFO [0;39m [[36mapp-(scheduled)-rateLimitLogging-0      [0;39m] [33mo.t.t.s.p.RateLimitService[0;39m                      : total requests 0 in progress 0 queue size 0 
[32m2025-06-04 | 15:52:09.928[0;39m | [34mINFO [0;39m [[36mapp-(scheduled)-rateLimitLogging-0      [0;39m] [33mo.t.t.s.p.RateLimitService[0;39m                      : total requests 0 in progress 0 queue size 0 
[32m2025-06-04 | 15:52:09.928[0;39m | [34mINFO [0;39m [[36mapp-(scheduled)-rateLimitLogging-0      [0;39m] [33mo.t.t.s.p.RateLimitService[0;39m                      : total requests 0 in progress 0 queue size 0 
[32m2025-06-04 | 15:52:09.928[0;39m | [34mINFO [0;39m [[36mapp-(scheduled)-rateLimitLogging-0      [0;39m] [33mo.t.t.s.p.RateLimitService[0;39m                      : total requests 0 in progress 0 queue size 0 
[32m2025-06-04 | 15:52:09.928[0;39m | [34mINFO [0;39m [[36mapp-(scheduled)-rateLimitLogging-0      [0;39m] [33mo.t.t.s.p.RateLimitService[0;39m                      : total requests 0 in progress 0 queue size 0 
[32m2025-06-04 | 15:52:09.928[0;39m | [34mINFO [0;39m [[36mapp-(scheduled)-rateLimitLogging-0      [0;39m] [33mo.t.t.s.p.RateLimitService[0;39m                      : total requests 0 in progress 0 queue size 0 
[32m2025-06-04 | 15:52:09.928[0;39m | [34mINFO [0;39m [[36mapp-(scheduled)-rateLimitLogging-0      [0;39m] [33mo.t.t.s.p.RateLimitService[0;39m                      : total requests 0 in progress 0 queue size 0 
[32m2025-06-04 | 15:52:09.928[0;39m | [34mINFO [0;39m [[36mapp-(scheduled)-rateLimitLogging-0      [0;39m] [33mo.t.t.s.p.RateLimitService[0;39m                      : total requests 0 in progress 0 queue size 0 
[32m2025-06-04 | 15:52:09.929[0;39m | [34mINFO [0;39m [[36mapp-(scheduled)-rateLimitLogging-0      [0;39m] [33mo.t.t.s.p.RateLimitService[0;39m                      : total requests 0 in progress 0 queue size 0 
[32m2025-06-04 | 15:52:09.929[0;39m | [34mINFO [0;39m [[36mapp-(scheduled)-rateLimitLogging-0      [0;39m] [33mo.t.t.s.p.RateLimitService[0;39m                      : total requests 0 in progress 0 queue size 0 
[32m2025-06-04 | 15:52:09.938[0;39m | [34mINFO [0;39m [[36mapp-(scheduled)-rateLimitLogging-0      [0;39m] [33mo.t.t.s.p.RateLimitService[0;39m                      : total requests 0 in progress 0 queue size 0 
[32m2025-06-04 | 15:52:09.938[0;39m | [34mINFO [0;39m [[36mapp-(scheduled)-rateLimitLogging-0      [0;39m] [33mo.t.t.s.p.RateLimitService[0;39m                      : total requests 0 in progress 0 queue size 0 
[32m2025-06-04 | 15:52:09.938[0;39m | [34mINFO [0;39m [[36mapp-(scheduled)-rateLimitLogging-0      [0;39m] [33mo.t.t.s.p.RateLimitService[0;39m                      : total requests 0 in progress 0 queue size 0 
[32m2025-06-04 | 15:52:09.938[0;39m | [34mINFO [0;39m [[36mapp-(scheduled)-rateLimitLogging-0      [0;39m] [33mo.t.t.s.p.RateLimitService[0;39m                      : total requests 0 in progress 0 queue size 0 
[32m2025-06-04 | 15:52:09.938[0;39m | [34mINFO [0;39m [[36mapp-(scheduled)-rateLimitLogging-0      [0;39m] [33mo.t.t.s.p.RateLimitService[0;39m                      : total requests 0 in progress 0 queue size 0 
[32m2025-06-04 | 15:52:09.938[0;39m | [34mINFO [0;39m [[36mapp-(scheduled)-rateLimitLogging-0      [0;39m] [33mo.t.t.s.p.RateLimitService[0;39m                      : total requests 0 in progress 0 queue size 0 
[32m2025-06-04 | 15:52:09.938[0;39m | [34mINFO [0;39m [[36mapp-(scheduled)-rateLimitLogging-0      [0;39m] [33mo.t.t.s.p.RateLimitService[0;39m                      : total requests 0 in progress 0 queue size 0 
[32m2025-06-04 | 15:52:09.938[0;39m | [34mINFO [0;39m [[36mapp-(scheduled)-rateLimitLogging-0      [0;39m] [33mo.t.t.s.p.RateLimitService[0;39m                      : total requests 0 in progress 0 queue size 0 
[32m2025-06-04 | 15:52:09.938[0;39m | [34mINFO [0;39m [[36mapp-(scheduled)-rateLimitLogging-0      [0;39m] [33mo.t.t.s.p.RateLimitService[0;39m                      : total requests 0 in progress 0 queue size 0 
[32m2025-06-04 | 15:52:09.938[0;39m | [34mINFO [0;39m [[36mapp-(scheduled)-rateLimitLogging-0      [0;39m] [33mo.t.t.s.p.RateLimitService[0;39m                      : total requests 0 in progress 0 queue size 0 
[32m2025-06-04 | 15:52:09.938[0;39m | [34mINFO [0;39m [[36mapp-(scheduled)-rateLimitLogging-0      [0;39m] [33mo.t.t.s.p.RateLimitService[0;39m                      : total requests 0 in progress 0 queue size 0 
[32m2025-06-04 | 15:52:09.938[0;39m | [34mINFO [0;39m [[36mapp-(scheduled)-rateLimitLogging-0      [0;39m] [33mo.t.t.s.p.RateLimitService[0;39m                      : total requests 0 in progress 0 queue size 0 
[32m2025-06-04 | 15:52:09.938[0;39m | [34mINFO [0;39m [[36mapp-(scheduled)-rateLimitLogging-0      [0;39m] [33mo.t.t.s.p.RateLimitService[0;39m                      : total requests 0 in progress 0 queue size 0 
[32m2025-06-04 | 15:52:09.938[0;39m | [34mINFO [0;39m [[36mapp-(scheduled)-rateLimitLogging-0      [0;39m] [33mo.t.t.s.p.RateLimitService[0;39m                      : total requests 0 in progress 0 queue size 0 
[32m2025-06-04 | 15:52:09.938[0;39m | [34mINFO [0;39m [[36mapp-(scheduled)-rateLimitLogging-0      [0;39m] [33mo.t.t.s.p.RateLimitService[0;39m                      : total requests 0 in progress 0 queue size 0 
[32m2025-06-04 | 15:52:09.938[0;39m | [34mINFO [0;39m [[36mapp-(scheduled)-rateLimitLogging-0      [0;39m] [33mo.t.t.s.p.RateLimitService[0;39m                      : total requests 0 in progress 0 queue size 0 
[32m2025-06-04 | 15:52:09.948[0;39m | [34mINFO [0;39m [[36mapp-(scheduled)-rateLimitLogging-0      [0;39m] [33mo.t.t.s.p.RateLimitService[0;39m                      : total requests 0 in progress 0 queue size 0 
[32m2025-06-04 | 15:52:09.948[0;39m | [34mINFO [0;39m [[36mapp-(scheduled)-rateLimitLogging-0      [0;39m] [33mo.t.t.s.p.RateLimitService[0;39m                      : total requests 0 in progress 0 queue size 0 
[32m2025-06-04 | 15:52:09.948[0;39m | [34mINFO [0;39m [[36mapp-(scheduled)-rateLimitLogging-0      [0;39m] [33mo.t.t.s.p.RateLimitService[0;39m                      : total requests 0 in progress 0 queue size 0 
[32m2025-06-04 | 15:52:09.948[0;39m | [34mINFO [0;39m [[36mapp-(scheduled)-rateLimitLogging-0      [0;39m] [33mo.t.t.s.p.RateLimitService[0;39m                      : total requests 0 in progress 0 queue size 0 
[32m2025-06-04 | 15:52:09.948[0;39m | [34mINFO [0;39m [[36mapp-(scheduled)-rateLimitLogging-0      [0;39m] [33mo.t.t.s.p.RateLimitService[0;39m                      : total requests 0 in progress 0 queue size 0 
[32m2025-06-04 | 15:52:09.948[0;39m | [34mINFO [0;39m [[36mapp-(scheduled)-rateLimitLogging-0      [0;39m] [33mo.t.t.s.p.RateLimitService[0;39m                      : total requests 0 in progress 0 queue size 0 
[32m2025-06-04 | 15:52:09.948[0;39m | [34mINFO [0;39m [[36mapp-(scheduled)-rateLimitLogging-0      [0;39m] [33mo.t.t.s.p.RateLimitService[0;39m                      : total requests 0 in progress 0 queue size 0 
[32m2025-06-04 | 15:52:09.948[0;39m | [34mINFO [0;39m [[36mapp-(scheduled)-rateLimitLogging-0      [0;39m] [33mo.t.t.s.p.RateLimitService[0;39m                      : total requests 0 in progress 0 queue size 0 
[32m2025-06-04 | 15:52:09.948[0;39m | [34mINFO [0;39m [[36mapp-(scheduled)-rateLimitLogging-0      [0;39m] [33mo.t.t.s.p.RateLimitService[0;39m                      : total requests 0 in progress 0 queue size 0 
[32m2025-06-04 | 15:52:09.948[0;39m | [34mINFO [0;39m [[36mapp-(scheduled)-rateLimitLogging-0      [0;39m] [33mo.t.t.s.p.RateLimitService[0;39m                      : total requests 0 in progress 0 queue size 0 
[32m2025-06-04 | 15:52:09.948[0;39m | [34mINFO [0;39m [[36mapp-(scheduled)-rateLimitLogging-0      [0;39m] [33mo.t.t.s.p.RateLimitService[0;39m                      : total requests 0 in progress 0 queue size 0 
[32m2025-06-04 | 15:52:09.948[0;39m | [34mINFO [0;39m [[36mapp-(scheduled)-rateLimitLogging-0      [0;39m] [33mo.t.t.s.p.RateLimitService[0;39m                      : total requests 0 in progress 0 queue size 0 
[32m2025-06-04 | 15:52:09.948[0;39m | [34mINFO [0;39m [[36mapp-(scheduled)-rateLimitLogging-0      [0;39m] [33mo.t.t.s.p.RateLimitService[0;39m                      : total requests 0 in progress 0 queue size 0 
[32m2025-06-04 | 15:52:09.948[0;39m | [34mINFO [0;39m [[36mapp-(scheduled)-rateLimitLogging-0      [0;39m] [33mo.t.t.s.p.RateLimitService[0;39m                      : total requests 0 in progress 0 queue size 0 
[32m2025-06-04 | 15:52:09.948[0;39m | [34mINFO [0;39m [[36mapp-(scheduled)-rateLimitLogging-0      [0;39m] [33mo.t.t.s.p.RateLimitService[0;39m                      : total requests 0 in progress 0 queue size 0 
[32m2025-06-04 | 15:52:09.948[0;39m | [34mINFO [0;39m [[36mapp-(scheduled)-rateLimitLogging-0      [0;39m] [33mo.t.t.s.p.RateLimitService[0;39m                      : total requests 0 in progress 0 queue size 0 
[32m2025-06-04 | 15:52:09.948[0;39m | [34mINFO [0;39m [[36mapp-(scheduled)-rateLimitLogging-0      [0;39m] [33mo.t.t.s.p.RateLimitService[0;39m                      : total requests 0 in progress 0 queue size 0 
[32m2025-06-04 | 15:52:09.948[0;39m | [34mINFO [0;39m [[36mapp-(scheduled)-rateLimitLogging-0      [0;39m] [33mo.t.t.s.p.RateLimitService[0;39m                      : total requests 0 in progress 0 queue size 0 
[32m2025-06-04 | 15:52:09.948[0;39m | [34mINFO [0;39m [[36mapp-(scheduled)-rateLimitLogging-0      [0;39m] [33mo.t.t.s.p.RateLimitService[0;39m                      : total requests 0 in progress 0 queue size 0 
[32m2025-06-04 | 15:52:09.948[0;39m | [34mINFO [0;39m [[36mapp-(scheduled)-rateLimitLogging-0      [0;39m] [33mo.t.t.s.p.RateLimitService[0;39m                      : total requests 0 in progress 0 queue size 0 
[32m2025-06-04 | 15:52:09.948[0;39m | [34mINFO [0;39m [[36mapp-(scheduled)-rateLimitLogging-0      [0;39m] [33mo.t.t.s.p.RateLimitService[0;39m                      : total requests 0 in progress 0 queue size 0 
[32m2025-06-04 | 15:52:09.948[0;39m | [34mINFO [0;39m [[36mapp-(scheduled)-rateLimitLogging-0      [0;39m] [33mo.t.t.s.p.RateLimitService[0;39m                      : total requests 0 in progress 0 queue size 0 
[32m2025-06-04 | 15:52:09.971[0;39m | [34mINFO [0;39m [[36mapp-(scheduled)-rateLimitLogging-0      [0;39m] [33mo.t.t.s.p.RateLimitService[0;39m                      : total requests 0 in progress 0 queue size 0 
[32m2025-06-04 | 15:52:09.971[0;39m | [34mINFO [0;39m [[36mapp-(scheduled)-rateLimitLogging-0      [0;39m] [33mo.t.t.s.p.RateLimitService[0;39m                      : total requests 0 in progress 0 queue size 0 
[32m2025-06-04 | 15:52:09.971[0;39m | [34mINFO [0;39m [[36mapp-(scheduled)-rateLimitLogging-0      [0;39m] [33mo.t.t.s.p.RateLimitService[0;39m                      : total requests 0 in progress 0 queue size 0 
[32m2025-06-04 | 15:52:09.971[0;39m | [34mINFO [0;39m [[36mapp-(scheduled)-rateLimitLogging-0      [0;39m] [33mo.t.t.s.p.RateLimitService[0;39m                      : total requests 0 in progress 0 queue size 0 
[32m2025-06-04 | 15:52:09.971[0;39m | [34mINFO [0;39m [[36mapp-(scheduled)-rateLimitLogging-0      [0;39m] [33mo.t.t.s.p.RateLimitService[0;39m                      : total requests 0 in progress 0 queue size 0 
[32m2025-06-04 | 15:52:09.971[0;39m | [34mINFO [0;39m [[36mapp-(scheduled)-rateLimitLogging-0      [0;39m] [33mo.t.t.s.p.RateLimitService[0;39m                      : total requests 0 in progress 0 queue size 0 
[32m2025-06-04 | 15:52:09.971[0;39m | [34mINFO [0;39m [[36mapp-(scheduled)-rateLimitLogging-0      [0;39m] [33mo.t.t.s.p.RateLimitService[0;39m                      : total requests 0 in progress 0 queue size 0 
[32m2025-06-04 | 15:52:09.989[0;39m | [34mINFO [0;39m [[36mapp-(scheduled)-rateLimitLogging-0      [0;39m] [33mo.t.t.s.p.RateLimitService[0;39m                      : total requests 0 in progress 0 queue size 0 
[32m2025-06-04 | 15:52:09.989[0;39m | [34mINFO [0;39m [[36mapp-(scheduled)-rateLimitLogging-0      [0;39m] [33mo.t.t.s.p.RateLimitService[0;39m                      : total requests 0 in progress 0 queue size 0 
[32m2025-06-04 | 15:52:09.989[0;39m | [34mINFO [0;39m [[36mapp-(scheduled)-rateLimitLogging-0      [0;39m] [33mo.t.t.s.p.RateLimitService[0;39m                      : total requests 0 in progress 0 queue size 0 
[32m2025-06-04 | 15:52:10.000[0;39m | [34mINFO [0;39m [[36mapp-(scheduled)-rateLimitLogging-0      [0;39m] [33mo.t.t.s.p.RateLimitService[0;39m                      : total requests 0 in progress 0 queue size 0 
[32m2025-06-04 | 15:52:10.000[0;39m | [34mINFO [0;39m [[36mapp-(scheduled)-rateLimitLogging-0      [0;39m] [33mo.t.t.s.p.RateLimitService[0;39m                      : total requests 0 in progress 0 queue size 0 
[32m2025-06-04 | 15:52:10.000[0;39m | [34mINFO [0;39m [[36mapp-(scheduled)-rateLimitLogging-0      [0;39m] [33mo.t.t.s.p.RateLimitService[0;39m                      : total requests 0 in progress 0 queue size 0 
[32m2025-06-04 | 15:52:10.000[0;39m | [34mINFO [0;39m [[36mapp-(scheduled)-rateLimitLogging-0      [0;39m] [33mo.t.t.s.p.RateLimitService[0;39m                      : total requests 0 in progress 0 queue size 0 
[32m2025-06-04 | 15:52:10.000[0;39m | [34mINFO [0;39m [[36mapp-(scheduled)-rateLimitLogging-0      [0;39m] [33mo.t.t.s.p.RateLimitService[0;39m                      : total requests 0 in progress 0 queue size 0 
[32m2025-06-04 | 15:52:10.000[0;39m | [34mINFO [0;39m [[36mapp-(scheduled)-rateLimitLogging-0      [0;39m] [33mo.t.t.s.p.RateLimitService[0;39m                      : total requests 0 in progress 0 queue size 0 
[32m2025-06-04 | 15:52:10.000[0;39m | [34mINFO [0;39m [[36mapp-(scheduled)-rateLimitLogging-0      [0;39m] [33mo.t.t.s.p.RateLimitService[0;39m                      : total requests 0 in progress 0 queue size 0 
[32m2025-06-04 | 15:52:10.000[0;39m | [34mINFO [0;39m [[36mapp-(scheduled)-rateLimitLogging-0      [0;39m] [33mo.t.t.s.p.RateLimitService[0;39m                      : total requests 0 in progress 0 queue size 0 
[32m2025-06-04 | 15:52:10.000[0;39m | [34mINFO [0;39m [[36mapp-(scheduled)-rateLimitLogging-0      [0;39m] [33mo.t.t.s.p.RateLimitService[0;39m                      : total requests 0 in progress 0 queue size 0 
[32m2025-06-04 | 15:52:10.000[0;39m | [34mINFO [0;39m [[36mapp-(scheduled)-rateLimitLogging-0      [0;39m] [33mo.t.t.s.p.RateLimitService[0;39m                      : total requests 0 in progress 0 queue size 0 
[32m2025-06-04 | 15:52:10.000[0;39m | [34mINFO [0;39m [[36mapp-(scheduled)-rateLimitLogging-0      [0;39m] [33mo.t.t.s.p.RateLimitService[0;39m                      : total requests 0 in progress 0 queue size 0 
[32m2025-06-04 | 15:52:10.000[0;39m | [34mINFO [0;39m [[36mapp-(scheduled)-rateLimitLogging-0      [0;39m] [33mo.t.t.s.p.RateLimitService[0;39m                      : total requests 0 in progress 0 queue size 0 
[32m2025-06-04 | 15:52:10.000[0;39m | [34mINFO [0;39m [[36mapp-(scheduled)-rateLimitLogging-0      [0;39m] [33mo.t.t.s.p.RateLimitService[0;39m                      : total requests 0 in progress 0 queue size 0 
[32m2025-06-04 | 15:52:10.000[0;39m | [34mINFO [0;39m [[36mapp-(scheduled)-rateLimitLogging-0      [0;39m] [33mo.t.t.s.p.RateLimitService[0;39m                      : total requests 0 in progress 0 queue size 0 
[32m2025-06-04 | 15:52:10.000[0;39m | [34mINFO [0;39m [[36mapp-(scheduled)-rateLimitLogging-0      [0;39m] [33mo.t.t.s.p.RateLimitService[0;39m                      : total requests 0 in progress 0 queue size 0 
[32m2025-06-04 | 15:52:10.000[0;39m | [34mINFO [0;39m [[36mapp-(scheduled)-rateLimitLogging-0      [0;39m] [33mo.t.t.s.p.RateLimitService[0;39m                      : total requests 0 in progress 0 queue size 0 
[32m2025-06-04 | 15:52:10.000[0;39m | [34mINFO [0;39m [[36mapp-(scheduled)-rateLimitLogging-0      [0;39m] [33mo.t.t.s.p.RateLimitService[0;39m                      : total requests 0 in progress 0 queue size 0 
[32m2025-06-04 | 15:52:10.000[0;39m | [34mINFO [0;39m [[36mapp-(scheduled)-rateLimitLogging-0      [0;39m] [33mo.t.t.s.p.RateLimitService[0;39m                      : total requests 0 in progress 0 queue size 0 
[32m2025-06-04 | 15:52:10.000[0;39m | [34mINFO [0;39m [[36mapp-(scheduled)-rateLimitLogging-0      [0;39m] [33mo.t.t.s.p.RateLimitService[0;39m                      : total requests 0 in progress 0 queue size 0 
[32m2025-06-04 | 15:52:10.000[0;39m | [34mINFO [0;39m [[36mapp-(scheduled)-rateLimitLogging-0      [0;39m] [33mo.t.t.s.p.RateLimitService[0;39m                      : total requests 0 in progress 0 queue size 0 
[32m2025-06-04 | 15:52:10.000[0;39m | [34mINFO [0;39m [[36mapp-(scheduled)-rateLimitLogging-0      [0;39m] [33mo.t.t.s.p.RateLimitService[0;39m                      : total requests 0 in progress 0 queue size 0 
[32m2025-06-04 | 15:52:10.000[0;39m | [34mINFO [0;39m [[36mapp-(scheduled)-rateLimitLogging-0      [0;39m] [33mo.t.t.s.p.RateLimitService[0;39m                      : total requests 0 in progress 0 queue size 0 
[32m2025-06-04 | 15:52:10.000[0;39m | [34mINFO [0;39m [[36mapp-(scheduled)-rateLimitLogging-0      [0;39m] [33mo.t.t.s.p.RateLimitService[0;39m                      : total requests 0 in progress 0 queue size 0 
[32m2025-06-04 | 15:52:10.000[0;39m | [34mINFO [0;39m [[36mapp-(scheduled)-rateLimitLogging-0      [0;39m] [33mo.t.t.s.p.RateLimitService[0;39m                      : total requests 0 in progress 0 queue size 0 
[32m2025-06-04 | 15:52:10.000[0;39m | [34mINFO [0;39m [[36mapp-(scheduled)-rateLimitLogging-0      [0;39m] [33mo.t.t.s.p.RateLimitService[0;39m                      : total requests 0 in progress 0 queue size 0 
[32m2025-06-04 | 15:52:10.000[0;39m | [34mINFO [0;39m [[36mapp-(scheduled)-rateLimitLogging-0      [0;39m] [33mo.t.t.s.p.RateLimitService[0;39m                      : total requests 0 in progress 0 queue size 0 
[32m2025-06-04 | 15:52:10.000[0;39m | [34mINFO [0;39m [[36mapp-(scheduled)-rateLimitLogging-0      [0;39m] [33mo.t.t.s.p.RateLimitService[0;39m                      : total requests 0 in progress 0 queue size 0 
[32m2025-06-04 | 15:52:10.010[0;39m | [34mINFO [0;39m [[36mapp-(scheduled)-rateLimitLogging-0      [0;39m] [33mo.t.t.s.p.RateLimitService[0;39m                      : total requests 0 in progress 0 queue size 0 
[32m2025-06-04 | 15:52:10.010[0;39m | [34mINFO [0;39m [[36mapp-(scheduled)-rateLimitLogging-0      [0;39m] [33mo.t.t.s.p.RateLimitService[0;39m                      : total requests 0 in progress 0 queue size 0 
[32m2025-06-04 | 15:52:10.010[0;39m | [34mINFO [0;39m [[36mapp-(scheduled)-rateLimitLogging-0      [0;39m] [33mo.t.t.s.p.RateLimitService[0;39m                      : total requests 0 in progress 0 queue size 0 
[32m2025-06-04 | 15:52:10.010[0;39m | [34mINFO [0;39m [[36mapp-(scheduled)-rateLimitLogging-0      [0;39m] [33mo.t.t.s.p.RateLimitService[0;39m                      : total requests 0 in progress 0 queue size 0 
[32m2025-06-04 | 15:52:10.010[0;39m | [34mINFO [0;39m [[36mapp-(scheduled)-rateLimitLogging-0      [0;39m] [33mo.t.t.s.p.RateLimitService[0;39m                      : total requests 0 in progress 0 queue size 0 
[32m2025-06-04 | 15:52:10.010[0;39m | [34mINFO [0;39m [[36mapp-(scheduled)-rateLimitLogging-0      [0;39m] [33mo.t.t.s.p.RateLimitService[0;39m                      : total requests 0 in progress 0 queue size 0 
[32m2025-06-04 | 15:52:10.010[0;39m | [34mINFO [0;39m [[36mapp-(scheduled)-rateLimitLogging-0      [0;39m] [33mo.t.t.s.p.RateLimitService[0;39m                      : total requests 0 in progress 0 queue size 0 
[32m2025-06-04 | 15:52:10.010[0;39m | [34mINFO [0;39m [[36mapp-(scheduled)-rateLimitLogging-0      [0;39m] [33mo.t.t.s.p.RateLimitService[0;39m                      : total requests 0 in progress 0 queue size 0 
[32m2025-06-04 | 15:52:10.010[0;39m | [34mINFO [0;39m [[36mapp-(scheduled)-rateLimitLogging-0      [0;39m] [33mo.t.t.s.p.RateLimitService[0;39m                      : total requests 0 in progress 0 queue size 0 
[32m2025-06-04 | 15:52:10.010[0;39m | [34mINFO [0;39m [[36mapp-(scheduled)-rateLimitLogging-0      [0;39m] [33mo.t.t.s.p.RateLimitService[0;39m                      : total requests 0 in progress 0 queue size 0 
[32m2025-06-04 | 15:52:10.010[0;39m | [34mINFO [0;39m [[36mapp-(scheduled)-rateLimitLogging-0      [0;39m] [33mo.t.t.s.p.RateLimitService[0;39m                      : total requests 0 in progress 0 queue size 0 
[32m2025-06-04 | 15:52:10.010[0;39m | [34mINFO [0;39m [[36mapp-(scheduled)-rateLimitLogging-0      [0;39m] [33mo.t.t.s.p.RateLimitService[0;39m                      : total requests 0 in progress 0 queue size 0 
[32m2025-06-04 | 15:52:10.010[0;39m | [34mINFO [0;39m [[36mapp-(scheduled)-rateLimitLogging-0      [0;39m] [33mo.t.t.s.p.RateLimitService[0;39m                      : total requests 0 in progress 0 queue size 0 
[32m2025-06-04 | 15:52:10.010[0;39m | [34mINFO [0;39m [[36mapp-(scheduled)-rateLimitLogging-0      [0;39m] [33mo.t.t.s.p.RateLimitService[0;39m                      : total requests 0 in progress 0 queue size 0 
[32m2025-06-04 | 15:52:10.010[0;39m | [34mINFO [0;39m [[36mapp-(scheduled)-rateLimitLogging-0      [0;39m] [33mo.t.t.s.p.RateLimitService[0;39m                      : total requests 0 in progress 0 queue size 0 
[32m2025-06-04 | 15:52:10.010[0;39m | [34mINFO [0;39m [[36mapp-(scheduled)-rateLimitLogging-0      [0;39m] [33mo.t.t.s.p.RateLimitService[0;39m                      : total requests 0 in progress 0 queue size 0 
[32m2025-06-04 | 15:52:10.010[0;39m | [34mINFO [0;39m [[36mapp-(scheduled)-rateLimitLogging-0      [0;39m] [33mo.t.t.s.p.RateLimitService[0;39m                      : total requests 0 in progress 0 queue size 0 
[32m2025-06-04 | 15:52:10.010[0;39m | [34mINFO [0;39m [[36mapp-(scheduled)-rateLimitLogging-0      [0;39m] [33mo.t.t.s.p.RateLimitService[0;39m                      : total requests 0 in progress 0 queue size 0 
[32m2025-06-04 | 15:52:10.010[0;39m | [34mINFO [0;39m [[36mapp-(scheduled)-rateLimitLogging-0      [0;39m] [33mo.t.t.s.p.RateLimitService[0;39m                      : total requests 0 in progress 0 queue size 0 
[32m2025-06-04 | 15:52:10.010[0;39m | [34mINFO [0;39m [[36mapp-(scheduled)-rateLimitLogging-0      [0;39m] [33mo.t.t.s.p.RateLimitService[0;39m                      : total requests 0 in progress 0 queue size 0 
[32m2025-06-04 | 15:52:10.010[0;39m | [34mINFO [0;39m [[36mapp-(scheduled)-rateLimitLogging-0      [0;39m] [33mo.t.t.s.p.RateLimitService[0;39m                      : total requests 0 in progress 0 queue size 0 
[32m2025-06-04 | 15:52:10.010[0;39m | [34mINFO [0;39m [[36mapp-(scheduled)-rateLimitLogging-0      [0;39m] [33mo.t.t.s.p.RateLimitService[0;39m                      : total requests 0 in progress 0 queue size 0 
[32m2025-06-04 | 15:52:10.010[0;39m | [34mINFO [0;39m [[36mapp-(scheduled)-rateLimitLogging-0      [0;39m] [33mo.t.t.s.p.RateLimitService[0;39m                      : total requests 0 in progress 0 queue size 0 
[32m2025-06-04 | 15:52:10.010[0;39m | [34mINFO [0;39m [[36mapp-(scheduled)-rateLimitLogging-0      [0;39m] [33mo.t.t.s.p.RateLimitService[0;39m                      : total requests 0 in progress 0 queue size 0 
[32m2025-06-04 | 15:52:10.010[0;39m | [34mINFO [0;39m [[36mapp-(scheduled)-rateLimitLogging-0      [0;39m] [33mo.t.t.s.p.RateLimitService[0;39m                      : total requests 0 in progress 0 queue size 0 
[32m2025-06-04 | 15:52:10.010[0;39m | [34mINFO [0;39m [[36mapp-(scheduled)-rateLimitLogging-0      [0;39m] [33mo.t.t.s.p.RateLimitService[0;39m                      : total requests 0 in progress 0 queue size 0 
[32m2025-06-04 | 15:52:10.010[0;39m | [34mINFO [0;39m [[36mapp-(scheduled)-rateLimitLogging-0      [0;39m] [33mo.t.t.s.p.RateLimitService[0;39m                      : total requests 0 in progress 0 queue size 0 
[32m2025-06-04 | 15:52:10.010[0;39m | [34mINFO [0;39m [[36mapp-(scheduled)-rateLimitLogging-0      [0;39m] [33mo.t.t.s.p.RateLimitService[0;39m                      : total requests 0 in progress 0 queue size 0 
[32m2025-06-04 | 15:52:10.020[0;39m | [34mINFO [0;39m [[36mapp-(scheduled)-rateLimitLogging-0      [0;39m] [33mo.t.t.s.p.RateLimitService[0;39m                      : total requests 0 in progress 0 queue size 0 
[32m2025-06-04 | 15:52:10.020[0;39m | [34mINFO [0;39m [[36mapp-(scheduled)-rateLimitLogging-0      [0;39m] [33mo.t.t.s.p.RateLimitService[0;39m                      : total requests 0 in progress 0 queue size 0 
[32m2025-06-04 | 15:52:10.020[0;39m | [34mINFO [0;39m [[36mapp-(scheduled)-rateLimitLogging-0      [0;39m] [33mo.t.t.s.p.RateLimitService[0;39m                      : total requests 0 in progress 0 queue size 0 
[32m2025-06-04 | 15:52:10.020[0;39m | [34mINFO [0;39m [[36mapp-(scheduled)-rateLimitLogging-0      [0;39m] [33mo.t.t.s.p.RateLimitService[0;39m                      : total requests 0 in progress 0 queue size 0 
[32m2025-06-04 | 15:52:10.020[0;39m | [34mINFO [0;39m [[36mapp-(scheduled)-rateLimitLogging-0      [0;39m] [33mo.t.t.s.p.RateLimitService[0;39m                      : total requests 0 in progress 0 queue size 0 
[32m2025-06-04 | 15:52:10.020[0;39m | [34mINFO [0;39m [[36mapp-(scheduled)-rateLimitLogging-0      [0;39m] [33mo.t.t.s.p.RateLimitService[0;39m                      : total requests 0 in progress 0 queue size 0 
[32m2025-06-04 | 15:52:10.020[0;39m | [34mINFO [0;39m [[36mapp-(scheduled)-rateLimitLogging-0      [0;39m] [33mo.t.t.s.p.RateLimitService[0;39m                      : total requests 0 in progress 0 queue size 0 
[32m2025-06-04 | 15:52:10.020[0;39m | [34mINFO [0;39m [[36mapp-(scheduled)-rateLimitLogging-0      [0;39m] [33mo.t.t.s.p.RateLimitService[0;39m                      : total requests 0 in progress 0 queue size 0 
[32m2025-06-04 | 15:52:10.020[0;39m | [34mINFO [0;39m [[36mapp-(scheduled)-rateLimitLogging-0      [0;39m] [33mo.t.t.s.p.RateLimitService[0;39m                      : total requests 0 in progress 0 queue size 0 
[32m2025-06-04 | 15:52:10.020[0;39m | [34mINFO [0;39m [[36mapp-(scheduled)-rateLimitLogging-0      [0;39m] [33mo.t.t.s.p.RateLimitService[0;39m                      : total requests 0 in progress 0 queue size 0 
[32m2025-06-04 | 15:52:10.020[0;39m | [34mINFO [0;39m [[36mapp-(scheduled)-rateLimitLogging-0      [0;39m] [33mo.t.t.s.p.RateLimitService[0;39m                      : total requests 0 in progress 0 queue size 0 
[32m2025-06-04 | 15:52:10.020[0;39m | [34mINFO [0;39m [[36mapp-(scheduled)-rateLimitLogging-0      [0;39m] [33mo.t.t.s.p.RateLimitService[0;39m                      : total requests 0 in progress 0 queue size 0 
[32m2025-06-04 | 15:52:10.020[0;39m | [34mINFO [0;39m [[36mapp-(scheduled)-rateLimitLogging-0      [0;39m] [33mo.t.t.s.p.RateLimitService[0;39m                      : total requests 0 in progress 0 queue size 0 
[32m2025-06-04 | 15:52:10.020[0;39m | [34mINFO [0;39m [[36mapp-(scheduled)-rateLimitLogging-0      [0;39m] [33mo.t.t.s.p.RateLimitService[0;39m                      : total requests 0 in progress 0 queue size 0 
[32m2025-06-04 | 15:52:10.020[0;39m | [34mINFO [0;39m [[36mapp-(scheduled)-rateLimitLogging-0      [0;39m] [33mo.t.t.s.p.RateLimitService[0;39m                      : total requests 0 in progress 0 queue size 0 
[32m2025-06-04 | 15:52:10.020[0;39m | [34mINFO [0;39m [[36mapp-(scheduled)-rateLimitLogging-0      [0;39m] [33mo.t.t.s.p.RateLimitService[0;39m                      : total requests 0 in progress 0 queue size 0 
[32m2025-06-04 | 15:52:10.020[0;39m | [34mINFO [0;39m [[36mapp-(scheduled)-rateLimitLogging-0      [0;39m] [33mo.t.t.s.p.RateLimitService[0;39m                      : total requests 0 in progress 0 queue size 0 
[32m2025-06-04 | 15:52:10.020[0;39m | [34mINFO [0;39m [[36mapp-(scheduled)-rateLimitLogging-0      [0;39m] [33mo.t.t.s.p.RateLimitService[0;39m                      : total requests 0 in progress 0 queue size 0 
[32m2025-06-04 | 15:52:10.020[0;39m | [34mINFO [0;39m [[36mapp-(scheduled)-rateLimitLogging-0      [0;39m] [33mo.t.t.s.p.RateLimitService[0;39m                      : total requests 0 in progress 0 queue size 0 
[32m2025-06-04 | 15:52:10.020[0;39m | [34mINFO [0;39m [[36mapp-(scheduled)-rateLimitLogging-0      [0;39m] [33mo.t.t.s.p.RateLimitService[0;39m                      : total requests 0 in progress 0 queue size 0 
[32m2025-06-04 | 15:52:10.020[0;39m | [34mINFO [0;39m [[36mapp-(scheduled)-rateLimitLogging-0      [0;39m] [33mo.t.t.s.p.RateLimitService[0;39m                      : total requests 0 in progress 0 queue size 0 
[32m2025-06-04 | 15:52:10.020[0;39m | [34mINFO [0;39m [[36mapp-(scheduled)-rateLimitLogging-0      [0;39m] [33mo.t.t.s.p.RateLimitService[0;39m                      : total requests 0 in progress 0 queue size 0 
[32m2025-06-04 | 15:52:10.030[0;39m | [34mINFO [0;39m [[36mapp-(scheduled)-rateLimitLogging-0      [0;39m] [33mo.t.t.s.p.RateLimitService[0;39m                      : total requests 0 in progress 0 queue size 0 
[32m2025-06-04 | 15:52:10.035[0;39m | [34mINFO [0;39m [[36mapp-(scheduled)-rateLimitLogging-0      [0;39m] [33mo.t.t.s.p.RateLimitService[0;39m                      : total requests 0 in progress 0 queue size 0 
[32m2025-06-04 | 15:52:10.035[0;39m | [34mINFO [0;39m [[36mapp-(scheduled)-rateLimitLogging-0      [0;39m] [33mo.t.t.s.p.RateLimitService[0;39m                      : total requests 0 in progress 0 queue size 0 
[32m2025-06-04 | 15:52:10.035[0;39m | [34mINFO [0;39m [[36mapp-(scheduled)-rateLimitLogging-0      [0;39m] [33mo.t.t.s.p.RateLimitService[0;39m                      : total requests 0 in progress 0 queue size 0 
[32m2025-06-04 | 15:52:10.035[0;39m | [34mINFO [0;39m [[36mapp-(scheduled)-rateLimitLogging-0      [0;39m] [33mo.t.t.s.p.RateLimitService[0;39m                      : total requests 0 in progress 0 queue size 0 
[32m2025-06-04 | 15:52:10.035[0;39m | [34mINFO [0;39m [[36mapp-(scheduled)-rateLimitLogging-0      [0;39m] [33mo.t.t.s.p.RateLimitService[0;39m                      : total requests 0 in progress 0 queue size 0 
[32m2025-06-04 | 15:52:10.035[0;39m | [34mINFO [0;39m [[36mapp-(scheduled)-rateLimitLogging-0      [0;39m] [33mo.t.t.s.p.RateLimitService[0;39m                      : total requests 0 in progress 0 queue size 0 
[32m2025-06-04 | 15:52:10.035[0;39m | [34mINFO [0;39m [[36mapp-(scheduled)-rateLimitLogging-0      [0;39m] [33mo.t.t.s.p.RateLimitService[0;39m                      : total requests 0 in progress 0 queue size 0 
[32m2025-06-04 | 15:52:10.035[0;39m | [34mINFO [0;39m [[36mapp-(scheduled)-rateLimitLogging-0      [0;39m] [33mo.t.t.s.p.RateLimitService[0;39m                      : total requests 0 in progress 0 queue size 0 
[32m2025-06-04 | 15:52:10.035[0;39m | [34mINFO [0;39m [[36mapp-(scheduled)-rateLimitLogging-0      [0;39m] [33mo.t.t.s.p.RateLimitService[0;39m                      : total requests 0 in progress 0 queue size 0 
[32m2025-06-04 | 15:52:10.035[0;39m | [34mINFO [0;39m [[36mapp-(scheduled)-rateLimitLogging-0      [0;39m] [33mo.t.t.s.p.RateLimitService[0;39m                      : total requests 0 in progress 0 queue size 0 
[32m2025-06-04 | 15:52:10.035[0;39m | [34mINFO [0;39m [[36mapp-(scheduled)-rateLimitLogging-0      [0;39m] [33mo.t.t.s.p.RateLimitService[0;39m                      : total requests 0 in progress 0 queue size 0 
[32m2025-06-04 | 15:52:10.035[0;39m | [34mINFO [0;39m [[36mapp-(scheduled)-rateLimitLogging-0      [0;39m] [33mo.t.t.s.p.RateLimitService[0;39m                      : total requests 0 in progress 0 queue size 0 
[32m2025-06-04 | 15:52:10.035[0;39m | [34mINFO [0;39m [[36mapp-(scheduled)-rateLimitLogging-0      [0;39m] [33mo.t.t.s.p.RateLimitService[0;39m                      : total requests 0 in progress 0 queue size 0 
[32m2025-06-04 | 15:52:10.035[0;39m | [34mINFO [0;39m [[36mapp-(scheduled)-rateLimitLogging-0      [0;39m] [33mo.t.t.s.p.RateLimitService[0;39m                      : total requests 0 in progress 0 queue size 0 
[32m2025-06-04 | 15:52:10.035[0;39m | [34mINFO [0;39m [[36mapp-(scheduled)-rateLimitLogging-0      [0;39m] [33mo.t.t.s.p.RateLimitService[0;39m                      : total requests 0 in progress 0 queue size 0 
[32m2025-06-04 | 15:52:10.035[0;39m | [34mINFO [0;39m [[36mapp-(scheduled)-rateLimitLogging-0      [0;39m] [33mo.t.t.s.p.RateLimitService[0;39m                      : total requests 0 in progress 0 queue size 0 
[32m2025-06-04 | 15:52:10.035[0;39m | [34mINFO [0;39m [[36mapp-(scheduled)-rateLimitLogging-0      [0;39m] [33mo.t.t.s.p.RateLimitService[0;39m                      : total requests 0 in progress 0 queue size 0 
[32m2025-06-04 | 15:52:10.035[0;39m | [34mINFO [0;39m [[36mapp-(scheduled)-rateLimitLogging-0      [0;39m] [33mo.t.t.s.p.RateLimitService[0;39m                      : total requests 0 in progress 0 queue size 0 
[32m2025-06-04 | 15:52:10.035[0;39m | [34mINFO [0;39m [[36mapp-(scheduled)-rateLimitLogging-0      [0;39m] [33mo.t.t.s.p.RateLimitService[0;39m                      : total requests 0 in progress 0 queue size 0 
[32m2025-06-04 | 15:52:10.040[0;39m | [34mINFO [0;39m [[36mapp-(scheduled)-rateLimitLogging-0      [0;39m] [33mo.t.t.s.p.RateLimitService[0;39m                      : total requests 0 in progress 0 queue size 0 
[32m2025-06-04 | 15:52:10.040[0;39m | [34mINFO [0;39m [[36mapp-(scheduled)-rateLimitLogging-0      [0;39m] [33mo.t.t.s.p.RateLimitService[0;39m                      : total requests 0 in progress 0 queue size 0 
[32m2025-06-04 | 15:52:10.040[0;39m | [34mINFO [0;39m [[36mapp-(scheduled)-rateLimitLogging-0      [0;39m] [33mo.t.t.s.p.RateLimitService[0;39m                      : total requests 0 in progress 0 queue size 0 
[32m2025-06-04 | 15:52:10.040[0;39m | [34mINFO [0;39m [[36mapp-(scheduled)-rateLimitLogging-0      [0;39m] [33mo.t.t.s.p.RateLimitService[0;39m                      : total requests 0 in progress 0 queue size 0 
[32m2025-06-04 | 15:52:10.040[0;39m | [34mINFO [0;39m [[36mapp-(scheduled)-rateLimitLogging-0      [0;39m] [33mo.t.t.s.p.RateLimitService[0;39m                      : total requests 0 in progress 0 queue size 0 
[32m2025-06-04 | 15:52:10.040[0;39m | [34mINFO [0;39m [[36mapp-(scheduled)-rateLimitLogging-0      [0;39m] [33mo.t.t.s.p.RateLimitService[0;39m                      : total requests 0 in progress 0 queue size 0 
[32m2025-06-04 | 15:52:10.040[0;39m | [34mINFO [0;39m [[36mapp-(scheduled)-rateLimitLogging-0      [0;39m] [33mo.t.t.s.p.RateLimitService[0;39m                      : total requests 0 in progress 0 queue size 0 
[32m2025-06-04 | 15:52:10.040[0;39m | [34mINFO [0;39m [[36mapp-(scheduled)-rateLimitLogging-0      [0;39m] [33mo.t.t.s.p.RateLimitService[0;39m                      : total requests 0 in progress 0 queue size 0 
[32m2025-06-04 | 15:52:10.040[0;39m | [34mINFO [0;39m [[36mapp-(scheduled)-rateLimitLogging-0      [0;39m] [33mo.t.t.s.p.RateLimitService[0;39m                      : total requests 0 in progress 0 queue size 0 
[32m2025-06-04 | 15:52:10.040[0;39m | [34mINFO [0;39m [[36mapp-(scheduled)-rateLimitLogging-0      [0;39m] [33mo.t.t.s.p.RateLimitService[0;39m                      : total requests 0 in progress 0 queue size 0 
[32m2025-06-04 | 15:52:10.051[0;39m | [34mINFO [0;39m [[36mapp-(scheduled)-rateLimitLogging-0      [0;39m] [33mo.t.t.s.p.RateLimitService[0;39m                      : total requests 0 in progress 0 queue size 0 
[32m2025-06-04 | 15:52:10.051[0;39m | [34mINFO [0;39m [[36mapp-(scheduled)-rateLimitLogging-0      [0;39m] [33mo.t.t.s.p.RateLimitService[0;39m                      : total requests 0 in progress 0 queue size 0 
[32m2025-06-04 | 15:52:10.051[0;39m | [34mINFO [0;39m [[36mapp-(scheduled)-rateLimitLogging-0      [0;39m] [33mo.t.t.s.p.RateLimitService[0;39m                      : total requests 0 in progress 0 queue size 0 
[32m2025-06-04 | 15:52:10.051[0;39m | [34mINFO [0;39m [[36mapp-(scheduled)-rateLimitLogging-0      [0;39m] [33mo.t.t.s.p.RateLimitService[0;39m                      : total requests 0 in progress 0 queue size 0 
[32m2025-06-04 | 15:52:10.051[0;39m | [34mINFO [0;39m [[36mapp-(scheduled)-rateLimitLogging-0      [0;39m] [33mo.t.t.s.p.RateLimitService[0;39m                      : total requests 0 in progress 0 queue size 0 
[32m2025-06-04 | 15:52:10.051[0;39m | [34mINFO [0;39m [[36mapp-(scheduled)-rateLimitLogging-0      [0;39m] [33mo.t.t.s.p.RateLimitService[0;39m                      : total requests 0 in progress 0 queue size 0 
[32m2025-06-04 | 15:52:10.051[0;39m | [34mINFO [0;39m [[36mapp-(scheduled)-rateLimitLogging-0      [0;39m] [33mo.t.t.s.p.RateLimitService[0;39m                      : total requests 0 in progress 0 queue size 0 
[32m2025-06-04 | 15:52:10.051[0;39m | [34mINFO [0;39m [[36mapp-(scheduled)-rateLimitLogging-0      [0;39m] [33mo.t.t.s.p.RateLimitService[0;39m                      : total requests 0 in progress 0 queue size 0 
[32m2025-06-04 | 15:52:10.051[0;39m | [34mINFO [0;39m [[36mapp-(scheduled)-rateLimitLogging-0      [0;39m] [33mo.t.t.s.p.RateLimitService[0;39m                      : total requests 0 in progress 0 queue size 0 
[32m2025-06-04 | 15:52:10.051[0;39m | [34mINFO [0;39m [[36mapp-(scheduled)-rateLimitLogging-0      [0;39m] [33mo.t.t.s.p.RateLimitService[0;39m                      : total requests 0 in progress 0 queue size 0 
[32m2025-06-04 | 15:52:10.051[0;39m | [34mINFO [0;39m [[36mapp-(scheduled)-rateLimitLogging-0      [0;39m] [33mo.t.t.s.p.RateLimitService[0;39m                      : total requests 0 in progress 0 queue size 0 
[32m2025-06-04 | 15:52:10.051[0;39m | [34mINFO [0;39m [[36mapp-(scheduled)-rateLimitLogging-0      [0;39m] [33mo.t.t.s.p.RateLimitService[0;39m                      : total requests 0 in progress 0 queue size 0 
[32m2025-06-04 | 15:52:10.051[0;39m | [34mINFO [0;39m [[36mapp-(scheduled)-rateLimitLogging-0      [0;39m] [33mo.t.t.s.p.RateLimitService[0;39m                      : total requests 0 in progress 0 queue size 0 
[32m2025-06-04 | 15:52:10.051[0;39m | [34mINFO [0;39m [[36mapp-(scheduled)-rateLimitLogging-0      [0;39m] [33mo.t.t.s.p.RateLimitService[0;39m                      : total requests 0 in progress 0 queue size 0 
[32m2025-06-04 | 15:52:10.051[0;39m | [34mINFO [0;39m [[36mapp-(scheduled)-rateLimitLogging-0      [0;39m] [33mo.t.t.s.p.RateLimitService[0;39m                      : total requests 0 in progress 0 queue size 0 
[32m2025-06-04 | 15:52:10.051[0;39m | [34mINFO [0;39m [[36mapp-(scheduled)-rateLimitLogging-0      [0;39m] [33mo.t.t.s.p.RateLimitService[0;39m                      : total requests 0 in progress 0 queue size 0 
[32m2025-06-04 | 15:52:10.051[0;39m | [34mINFO [0;39m [[36mapp-(scheduled)-rateLimitLogging-0      [0;39m] [33mo.t.t.s.p.RateLimitService[0;39m                      : total requests 0 in progress 0 queue size 0 
[32m2025-06-04 | 15:52:10.051[0;39m | [34mINFO [0;39m [[36mapp-(scheduled)-rateLimitLogging-0      [0;39m] [33mo.t.t.s.p.RateLimitService[0;39m                      : total requests 0 in progress 0 queue size 0 
[32m2025-06-04 | 15:52:10.051[0;39m | [34mINFO [0;39m [[36mapp-(scheduled)-rateLimitLogging-0      [0;39m] [33mo.t.t.s.p.RateLimitService[0;39m                      : total requests 0 in progress 0 queue size 0 
[32m2025-06-04 | 15:52:10.051[0;39m | [34mINFO [0;39m [[36mapp-(scheduled)-rateLimitLogging-0      [0;39m] [33mo.t.t.s.p.RateLimitService[0;39m                      : total requests 0 in progress 0 queue size 0 
[32m2025-06-04 | 15:52:10.051[0;39m | [34mINFO [0;39m [[36mapp-(scheduled)-rateLimitLogging-0      [0;39m] [33mo.t.t.s.p.RateLimitService[0;39m                      : total requests 0 in progress 0 queue size 0 
[32m2025-06-04 | 15:52:10.051[0;39m | [34mINFO [0;39m [[36mapp-(scheduled)-rateLimitLogging-0      [0;39m] [33mo.t.t.s.p.RateLimitService[0;39m                      : total requests 0 in progress 0 queue size 0 
[32m2025-06-04 | 15:52:10.051[0;39m | [34mINFO [0;39m [[36mapp-(scheduled)-rateLimitLogging-0      [0;39m] [33mo.t.t.s.p.RateLimitService[0;39m                      : total requests 0 in progress 0 queue size 0 
[32m2025-06-04 | 15:52:10.051[0;39m | [34mINFO [0;39m [[36mapp-(scheduled)-rateLimitLogging-0      [0;39m] [33mo.t.t.s.p.RateLimitService[0;39m                      : total requests 0 in progress 0 queue size 0 
[32m2025-06-04 | 15:52:10.051[0;39m | [34mINFO [0;39m [[36mapp-(scheduled)-rateLimitLogging-0      [0;39m] [33mo.t.t.s.p.RateLimitService[0;39m                      : total requests 0 in progress 0 queue size 0 
[32m2025-06-04 | 15:52:10.061[0;39m | [34mINFO [0;39m [[36mapp-(scheduled)-rateLimitLogging-0      [0;39m] [33mo.t.t.s.p.RateLimitService[0;39m                      : total requests 0 in progress 0 queue size 0 
[32m2025-06-04 | 15:52:10.061[0;39m | [34mINFO [0;39m [[36mapp-(scheduled)-rateLimitLogging-0      [0;39m] [33mo.t.t.s.p.RateLimitService[0;39m                      : total requests 0 in progress 0 queue size 0 
[32m2025-06-04 | 15:52:10.061[0;39m | [34mINFO [0;39m [[36mapp-(scheduled)-rateLimitLogging-0      [0;39m] [33mo.t.t.s.p.RateLimitService[0;39m                      : total requests 0 in progress 0 queue size 0 
[32m2025-06-04 | 15:52:10.061[0;39m | [34mINFO [0;39m [[36mapp-(scheduled)-rateLimitLogging-0      [0;39m] [33mo.t.t.s.p.RateLimitService[0;39m                      : total requests 0 in progress 0 queue size 0 
[32m2025-06-04 | 15:52:10.071[0;39m | [34mINFO [0;39m [[36mapp-(scheduled)-rateLimitLogging-0      [0;39m] [33mo.t.t.s.p.RateLimitService[0;39m                      : total requests 0 in progress 0 queue size 0 
[32m2025-06-04 | 15:52:10.071[0;39m | [34mINFO [0;39m [[36mapp-(scheduled)-rateLimitLogging-0      [0;39m] [33mo.t.t.s.p.RateLimitService[0;39m                      : total requests 0 in progress 0 queue size 0 
[32m2025-06-04 | 15:52:10.071[0;39m | [34mINFO [0;39m [[36mapp-(scheduled)-rateLimitLogging-0      [0;39m] [33mo.t.t.s.p.RateLimitService[0;39m                      : total requests 0 in progress 0 queue size 0 
[32m2025-06-04 | 15:52:10.071[0;39m | [34mINFO [0;39m [[36mapp-(scheduled)-rateLimitLogging-0      [0;39m] [33mo.t.t.s.p.RateLimitService[0;39m                      : total requests 0 in progress 0 queue size 0 
[32m2025-06-04 | 15:52:10.071[0;39m | [34mINFO [0;39m [[36mapp-(scheduled)-rateLimitLogging-0      [0;39m] [33mo.t.t.s.p.RateLimitService[0;39m                      : total requests 0 in progress 0 queue size 0 
[32m2025-06-04 | 15:52:10.071[0;39m | [34mINFO [0;39m [[36mapp-(scheduled)-rateLimitLogging-0      [0;39m] [33mo.t.t.s.p.RateLimitService[0;39m                      : total requests 0 in progress 0 queue size 0 
[32m2025-06-04 | 15:52:10.071[0;39m | [34mINFO [0;39m [[36mapp-(scheduled)-rateLimitLogging-0      [0;39m] [33mo.t.t.s.p.RateLimitService[0;39m                      : total requests 0 in progress 0 queue size 0 
[32m2025-06-04 | 15:52:10.071[0;39m | [34mINFO [0;39m [[36mapp-(scheduled)-rateLimitLogging-0      [0;39m] [33mo.t.t.s.p.RateLimitService[0;39m                      : total requests 0 in progress 0 queue size 0 
[32m2025-06-04 | 15:52:10.071[0;39m | [34mINFO [0;39m [[36mapp-(scheduled)-rateLimitLogging-0      [0;39m] [33mo.t.t.s.p.RateLimitService[0;39m                      : total requests 0 in progress 0 queue size 0 
[32m2025-06-04 | 15:52:10.071[0;39m | [34mINFO [0;39m [[36mapp-(scheduled)-rateLimitLogging-0      [0;39m] [33mo.t.t.s.p.RateLimitService[0;39m                      : total requests 0 in progress 0 queue size 0 
[32m2025-06-04 | 15:52:10.071[0;39m | [34mINFO [0;39m [[36mapp-(scheduled)-rateLimitLogging-0      [0;39m] [33mo.t.t.s.p.RateLimitService[0;39m                      : total requests 0 in progress 0 queue size 0 
[32m2025-06-04 | 15:52:10.071[0;39m | [34mINFO [0;39m [[36mapp-(scheduled)-rateLimitLogging-0      [0;39m] [33mo.t.t.s.p.RateLimitService[0;39m                      : total requests 0 in progress 0 queue size 0 
[32m2025-06-04 | 15:52:10.071[0;39m | [34mINFO [0;39m [[36mapp-(scheduled)-rateLimitLogging-0      [0;39m] [33mo.t.t.s.p.RateLimitService[0;39m                      : total requests 0 in progress 0 queue size 0 
[32m2025-06-04 | 15:52:10.071[0;39m | [34mINFO [0;39m [[36mapp-(scheduled)-rateLimitLogging-0      [0;39m] [33mo.t.t.s.p.RateLimitService[0;39m                      : total requests 0 in progress 0 queue size 0 
[32m2025-06-04 | 15:52:10.071[0;39m | [34mINFO [0;39m [[36mapp-(scheduled)-rateLimitLogging-0      [0;39m] [33mo.t.t.s.p.RateLimitService[0;39m                      : total requests 0 in progress 0 queue size 0 
[32m2025-06-04 | 15:52:10.071[0;39m | [34mINFO [0;39m [[36mapp-(scheduled)-rateLimitLogging-0      [0;39m] [33mo.t.t.s.p.RateLimitService[0;39m                      : total requests 0 in progress 0 queue size 0 
[32m2025-06-04 | 15:52:10.071[0;39m | [34mINFO [0;39m [[36mapp-(scheduled)-rateLimitLogging-0      [0;39m] [33mo.t.t.s.p.RateLimitService[0;39m                      : total requests 0 in progress 0 queue size 0 
[32m2025-06-04 | 15:52:10.071[0;39m | [34mINFO [0;39m [[36mapp-(scheduled)-rateLimitLogging-0      [0;39m] [33mo.t.t.s.p.RateLimitService[0;39m                      : total requests 0 in progress 0 queue size 0 
[32m2025-06-04 | 15:52:10.071[0;39m | [34mINFO [0;39m [[36mapp-(scheduled)-rateLimitLogging-0      [0;39m] [33mo.t.t.s.p.RateLimitService[0;39m                      : total requests 0 in progress 0 queue size 0 
[32m2025-06-04 | 15:52:10.071[0;39m | [34mINFO [0;39m [[36mapp-(scheduled)-rateLimitLogging-0      [0;39m] [33mo.t.t.s.p.RateLimitService[0;39m                      : total requests 0 in progress 0 queue size 0 
[32m2025-06-04 | 15:52:10.071[0;39m | [34mINFO [0;39m [[36mapp-(scheduled)-rateLimitLogging-0      [0;39m] [33mo.t.t.s.p.RateLimitService[0;39m                      : total requests 0 in progress 0 queue size 0 
[32m2025-06-04 | 15:52:10.071[0;39m | [34mINFO [0;39m [[36mapp-(scheduled)-rateLimitLogging-0      [0;39m] [33mo.t.t.s.p.RateLimitService[0;39m                      : total requests 0 in progress 0 queue size 0 
[32m2025-06-04 | 15:52:10.071[0;39m | [34mINFO [0;39m [[36mapp-(scheduled)-rateLimitLogging-0      [0;39m] [33mo.t.t.s.p.RateLimitService[0;39m                      : total requests 0 in progress 0 queue size 0 
[32m2025-06-04 | 15:52:10.071[0;39m | [34mINFO [0;39m [[36mapp-(scheduled)-rateLimitLogging-0      [0;39m] [33mo.t.t.s.p.RateLimitService[0;39m                      : total requests 0 in progress 0 queue size 0 
[32m2025-06-04 | 15:52:10.071[0;39m | [34mINFO [0;39m [[36mapp-(scheduled)-rateLimitLogging-0      [0;39m] [33mo.t.t.s.p.RateLimitService[0;39m                      : total requests 0 in progress 0 queue size 0 
[32m2025-06-04 | 15:52:10.071[0;39m | [34mINFO [0;39m [[36mapp-(scheduled)-rateLimitLogging-0      [0;39m] [33mo.t.t.s.p.RateLimitService[0;39m                      : total requests 0 in progress 0 queue size 0 
[32m2025-06-04 | 15:52:10.071[0;39m | [34mINFO [0;39m [[36mapp-(scheduled)-rateLimitLogging-0      [0;39m] [33mo.t.t.s.p.RateLimitService[0;39m                      : total requests 0 in progress 0 queue size 0 
[32m2025-06-04 | 15:52:10.071[0;39m | [34mINFO [0;39m [[36mapp-(scheduled)-rateLimitLogging-0      [0;39m] [33mo.t.t.s.p.RateLimitService[0;39m                      : total requests 0 in progress 0 queue size 0 
[32m2025-06-04 | 15:52:10.071[0;39m | [34mINFO [0;39m [[36mapp-(scheduled)-rateLimitLogging-0      [0;39m] [33mo.t.t.s.p.RateLimitService[0;39m                      : total requests 0 in progress 0 queue size 0 
[32m2025-06-04 | 15:52:10.071[0;39m | [34mINFO [0;39m [[36mapp-(scheduled)-rateLimitLogging-0      [0;39m] [33mo.t.t.s.p.RateLimitService[0;39m                      : total requests 0 in progress 0 queue size 0 
[32m2025-06-04 | 15:52:10.082[0;39m | [34mINFO [0;39m [[36mapp-(scheduled)-rateLimitLogging-0      [0;39m] [33mo.t.t.s.p.RateLimitService[0;39m                      : total requests 0 in progress 0 queue size 0 
[32m2025-06-04 | 15:52:10.082[0;39m | [34mINFO [0;39m [[36mapp-(scheduled)-rateLimitLogging-0      [0;39m] [33mo.t.t.s.p.RateLimitService[0;39m                      : total requests 0 in progress 0 queue size 0 
[32m2025-06-04 | 15:52:10.082[0;39m | [34mINFO [0;39m [[36mapp-(scheduled)-rateLimitLogging-0      [0;39m] [33mo.t.t.s.p.RateLimitService[0;39m                      : total requests 0 in progress 0 queue size 0 
[32m2025-06-04 | 15:52:10.082[0;39m | [34mINFO [0;39m [[36mapp-(scheduled)-rateLimitLogging-0      [0;39m] [33mo.t.t.s.p.RateLimitService[0;39m                      : total requests 0 in progress 0 queue size 0 
[32m2025-06-04 | 15:52:10.082[0;39m | [34mINFO [0;39m [[36mapp-(scheduled)-rateLimitLogging-0      [0;39m] [33mo.t.t.s.p.RateLimitService[0;39m                      : total requests 0 in progress 0 queue size 0 
[32m2025-06-04 | 15:52:10.082[0;39m | [34mINFO [0;39m [[36mapp-(scheduled)-rateLimitLogging-0      [0;39m] [33mo.t.t.s.p.RateLimitService[0;39m                      : total requests 0 in progress 0 queue size 0 
[32m2025-06-04 | 15:52:10.082[0;39m | [34mINFO [0;39m [[36mapp-(scheduled)-rateLimitLogging-0      [0;39m] [33mo.t.t.s.p.RateLimitService[0;39m                      : total requests 0 in progress 0 queue size 0 
[32m2025-06-04 | 15:52:10.082[0;39m | [34mINFO [0;39m [[36mapp-(scheduled)-rateLimitLogging-0      [0;39m] [33mo.t.t.s.p.RateLimitService[0;39m                      : total requests 0 in progress 0 queue size 0 
[32m2025-06-04 | 15:52:10.082[0;39m | [34mINFO [0;39m [[36mapp-(scheduled)-rateLimitLogging-0      [0;39m] [33mo.t.t.s.p.RateLimitService[0;39m                      : total requests 0 in progress 0 queue size 0 
[32m2025-06-04 | 15:52:10.082[0;39m | [34mINFO [0;39m [[36mapp-(scheduled)-rateLimitLogging-0      [0;39m] [33mo.t.t.s.p.RateLimitService[0;39m                      : total requests 0 in progress 0 queue size 0 
[32m2025-06-04 | 15:52:10.082[0;39m | [34mINFO [0;39m [[36mapp-(scheduled)-rateLimitLogging-0      [0;39m] [33mo.t.t.s.p.RateLimitService[0;39m                      : total requests 0 in progress 0 queue size 0 
[32m2025-06-04 | 15:52:10.082[0;39m | [34mINFO [0;39m [[36mapp-(scheduled)-rateLimitLogging-0      [0;39m] [33mo.t.t.s.p.RateLimitService[0;39m                      : total requests 0 in progress 0 queue size 0 
[32m2025-06-04 | 15:52:10.082[0;39m | [34mINFO [0;39m [[36mapp-(scheduled)-rateLimitLogging-0      [0;39m] [33mo.t.t.s.p.RateLimitService[0;39m                      : total requests 0 in progress 0 queue size 0 
[32m2025-06-04 | 15:52:10.082[0;39m | [34mINFO [0;39m [[36mapp-(scheduled)-rateLimitLogging-0      [0;39m] [33mo.t.t.s.p.RateLimitService[0;39m                      : total requests 0 in progress 0 queue size 0 
[32m2025-06-04 | 15:52:10.082[0;39m | [34mINFO [0;39m [[36mapp-(scheduled)-rateLimitLogging-0      [0;39m] [33mo.t.t.s.p.RateLimitService[0;39m                      : total requests 0 in progress 0 queue size 0 
[32m2025-06-04 | 15:52:10.082[0;39m | [34mINFO [0;39m [[36mapp-(scheduled)-rateLimitLogging-0      [0;39m] [33mo.t.t.s.p.RateLimitService[0;39m                      : total requests 0 in progress 0 queue size 0 
[32m2025-06-04 | 15:52:10.082[0;39m | [34mINFO [0;39m [[36mapp-(scheduled)-rateLimitLogging-0      [0;39m] [33mo.t.t.s.p.RateLimitService[0;39m                      : total requests 0 in progress 0 queue size 0 
[32m2025-06-04 | 15:52:10.082[0;39m | [34mINFO [0;39m [[36mapp-(scheduled)-rateLimitLogging-0      [0;39m] [33mo.t.t.s.p.RateLimitService[0;39m                      : total requests 0 in progress 0 queue size 0 
[32m2025-06-04 | 15:52:10.082[0;39m | [34mINFO [0;39m [[36mapp-(scheduled)-rateLimitLogging-0      [0;39m] [33mo.t.t.s.p.RateLimitService[0;39m                      : total requests 0 in progress 0 queue size 0 
[32m2025-06-04 | 15:52:10.082[0;39m | [34mINFO [0;39m [[36mapp-(scheduled)-rateLimitLogging-0      [0;39m] [33mo.t.t.s.p.RateLimitService[0;39m                      : total requests 0 in progress 0 queue size 0 
[32m2025-06-04 | 15:52:10.082[0;39m | [34mINFO [0;39m [[36mapp-(scheduled)-rateLimitLogging-0      [0;39m] [33mo.t.t.s.p.RateLimitService[0;39m                      : total requests 0 in progress 0 queue size 0 
[32m2025-06-04 | 15:52:10.091[0;39m | [34mINFO [0;39m [[36mapp-(scheduled)-rateLimitLogging-0      [0;39m] [33mo.t.t.s.p.RateLimitService[0;39m                      : total requests 0 in progress 0 queue size 0 
[32m2025-06-04 | 15:52:10.101[0;39m | [34mINFO [0;39m [[36mapp-(scheduled)-rateLimitLogging-0      [0;39m] [33mo.t.t.s.p.RateLimitService[0;39m                      : total requests 0 in progress 0 queue size 0 
[32m2025-06-04 | 15:52:10.101[0;39m | [34mINFO [0;39m [[36mapp-(scheduled)-rateLimitLogging-0      [0;39m] [33mo.t.t.s.p.RateLimitService[0;39m                      : total requests 0 in progress 0 queue size 0 
[32m2025-06-04 | 15:52:10.101[0;39m | [34mINFO [0;39m [[36mapp-(scheduled)-rateLimitLogging-0      [0;39m] [33mo.t.t.s.p.RateLimitService[0;39m                      : total requests 0 in progress 0 queue size 0 
[32m2025-06-04 | 15:52:10.101[0;39m | [34mINFO [0;39m [[36mapp-(scheduled)-rateLimitLogging-0      [0;39m] [33mo.t.t.s.p.RateLimitService[0;39m                      : total requests 0 in progress 0 queue size 0 
[32m2025-06-04 | 15:52:10.101[0;39m | [34mINFO [0;39m [[36mapp-(scheduled)-rateLimitLogging-0      [0;39m] [33mo.t.t.s.p.RateLimitService[0;39m                      : total requests 0 in progress 0 queue size 0 
[32m2025-06-04 | 15:52:10.101[0;39m | [34mINFO [0;39m [[36mapp-(scheduled)-rateLimitLogging-0      [0;39m] [33mo.t.t.s.p.RateLimitService[0;39m                      : total requests 0 in progress 0 queue size 0 
[32m2025-06-04 | 15:52:10.101[0;39m | [34mINFO [0;39m [[36mapp-(scheduled)-rateLimitLogging-0      [0;39m] [33mo.t.t.s.p.RateLimitService[0;39m                      : total requests 0 in progress 0 queue size 0 
[32m2025-06-04 | 15:52:10.114[0;39m | [34mINFO [0;39m [[36mapp-(scheduled)-rateLimitLogging-0      [0;39m] [33mo.t.t.s.p.RateLimitService[0;39m                      : total requests 0 in progress 0 queue size 0 
[32m2025-06-04 | 15:52:10.114[0;39m | [34mINFO [0;39m [[36mapp-(scheduled)-rateLimitLogging-0      [0;39m] [33mo.t.t.s.p.RateLimitService[0;39m                      : total requests 0 in progress 0 queue size 0 
[32m2025-06-04 | 15:52:10.114[0;39m | [34mINFO [0;39m [[36mapp-(scheduled)-rateLimitLogging-0      [0;39m] [33mo.t.t.s.p.RateLimitService[0;39m                      : total requests 0 in progress 0 queue size 0 
[32m2025-06-04 | 15:52:10.114[0;39m | [34mINFO [0;39m [[36mapp-(scheduled)-rateLimitLogging-0      [0;39m] [33mo.t.t.s.p.RateLimitService[0;39m                      : total requests 0 in progress 0 queue size 0 
[32m2025-06-04 | 15:52:10.114[0;39m | [34mINFO [0;39m [[36mapp-(scheduled)-rateLimitLogging-0      [0;39m] [33mo.t.t.s.p.RateLimitService[0;39m                      : total requests 0 in progress 0 queue size 0 
[32m2025-06-04 | 15:52:10.114[0;39m | [34mINFO [0;39m [[36mapp-(scheduled)-rateLimitLogging-0      [0;39m] [33mo.t.t.s.p.RateLimitService[0;39m                      : total requests 0 in progress 0 queue size 0 
[32m2025-06-04 | 15:52:10.114[0;39m | [34mINFO [0;39m [[36mapp-(scheduled)-rateLimitLogging-0      [0;39m] [33mo.t.t.s.p.RateLimitService[0;39m                      : total requests 0 in progress 0 queue size 0 
[32m2025-06-04 | 15:52:10.114[0;39m | [34mINFO [0;39m [[36mapp-(scheduled)-rateLimitLogging-0      [0;39m] [33mo.t.t.s.p.RateLimitService[0;39m                      : total requests 0 in progress 0 queue size 0 
[32m2025-06-04 | 15:52:10.114[0;39m | [34mINFO [0;39m [[36mapp-(scheduled)-rateLimitLogging-0      [0;39m] [33mo.t.t.s.p.RateLimitService[0;39m                      : total requests 0 in progress 0 queue size 0 
[32m2025-06-04 | 15:52:10.114[0;39m | [34mINFO [0;39m [[36mapp-(scheduled)-rateLimitLogging-0      [0;39m] [33mo.t.t.s.p.RateLimitService[0;39m                      : total requests 0 in progress 0 queue size 0 
[32m2025-06-04 | 15:52:10.114[0;39m | [34mINFO [0;39m [[36mapp-(scheduled)-rateLimitLogging-0      [0;39m] [33mo.t.t.s.p.RateLimitService[0;39m                      : total requests 0 in progress 0 queue size 0 
[32m2025-06-04 | 15:52:10.114[0;39m | [34mINFO [0;39m [[36mapp-(scheduled)-rateLimitLogging-0      [0;39m] [33mo.t.t.s.p.RateLimitService[0;39m                      : total requests 0 in progress 0 queue size 0 
[32m2025-06-04 | 15:52:10.114[0;39m | [34mINFO [0;39m [[36mapp-(scheduled)-rateLimitLogging-0      [0;39m] [33mo.t.t.s.p.RateLimitService[0;39m                      : total requests 0 in progress 0 queue size 0 
[32m2025-06-04 | 15:52:10.114[0;39m | [34mINFO [0;39m [[36mapp-(scheduled)-rateLimitLogging-0      [0;39m] [33mo.t.t.s.p.RateLimitService[0;39m                      : total requests 0 in progress 0 queue size 0 
[32m2025-06-04 | 15:52:10.114[0;39m | [34mINFO [0;39m [[36mapp-(scheduled)-rateLimitLogging-0      [0;39m] [33mo.t.t.s.p.RateLimitService[0;39m                      : total requests 0 in progress 0 queue size 0 
[32m2025-06-04 | 15:52:10.114[0;39m | [34mINFO [0;39m [[36mapp-(scheduled)-rateLimitLogging-0      [0;39m] [33mo.t.t.s.p.RateLimitService[0;39m                      : total requests 0 in progress 0 queue size 0 
[32m2025-06-04 | 15:52:10.114[0;39m | [34mINFO [0;39m [[36mapp-(scheduled)-rateLimitLogging-0      [0;39m] [33mo.t.t.s.p.RateLimitService[0;39m                      : total requests 0 in progress 0 queue size 0 
[32m2025-06-04 | 15:52:10.114[0;39m | [34mINFO [0;39m [[36mapp-(scheduled)-rateLimitLogging-0      [0;39m] [33mo.t.t.s.p.RateLimitService[0;39m                      : total requests 0 in progress 0 queue size 0 
[32m2025-06-04 | 15:52:10.114[0;39m | [34mINFO [0;39m [[36mapp-(scheduled)-rateLimitLogging-0      [0;39m] [33mo.t.t.s.p.RateLimitService[0;39m                      : total requests 0 in progress 0 queue size 0 
[32m2025-06-04 | 15:52:10.114[0;39m | [34mINFO [0;39m [[36mapp-(scheduled)-rateLimitLogging-0      [0;39m] [33mo.t.t.s.p.RateLimitService[0;39m                      : total requests 0 in progress 0 queue size 0 
[32m2025-06-04 | 15:52:10.114[0;39m | [34mINFO [0;39m [[36mapp-(scheduled)-rateLimitLogging-0      [0;39m] [33mo.t.t.s.p.RateLimitService[0;39m                      : total requests 0 in progress 0 queue size 0 
[32m2025-06-04 | 15:52:10.114[0;39m | [34mINFO [0;39m [[36mapp-(scheduled)-rateLimitLogging-0      [0;39m] [33mo.t.t.s.p.RateLimitService[0;39m                      : total requests 0 in progress 0 queue size 0 
[32m2025-06-04 | 15:52:10.122[0;39m | [34mINFO [0;39m [[36mapp-(scheduled)-rateLimitLogging-0      [0;39m] [33mo.t.t.s.p.RateLimitService[0;39m                      : total requests 0 in progress 0 queue size 0 
[32m2025-06-04 | 15:52:10.122[0;39m | [34mINFO [0;39m [[36mapp-(scheduled)-rateLimitLogging-0      [0;39m] [33mo.t.t.s.p.RateLimitService[0;39m                      : total requests 0 in progress 0 queue size 0 
[32m2025-06-04 | 15:52:10.122[0;39m | [34mINFO [0;39m [[36mapp-(scheduled)-rateLimitLogging-0      [0;39m] [33mo.t.t.s.p.RateLimitService[0;39m                      : total requests 0 in progress 0 queue size 0 
[32m2025-06-04 | 15:52:10.122[0;39m | [34mINFO [0;39m [[36mapp-(scheduled)-rateLimitLogging-0      [0;39m] [33mo.t.t.s.p.RateLimitService[0;39m                      : total requests 0 in progress 0 queue size 0 
[32m2025-06-04 | 15:52:10.122[0;39m | [34mINFO [0;39m [[36mapp-(scheduled)-rateLimitLogging-0      [0;39m] [33mo.t.t.s.p.RateLimitService[0;39m                      : total requests 0 in progress 0 queue size 0 
[32m2025-06-04 | 15:52:10.122[0;39m | [34mINFO [0;39m [[36mapp-(scheduled)-rateLimitLogging-0      [0;39m] [33mo.t.t.s.p.RateLimitService[0;39m                      : total requests 0 in progress 0 queue size 0 
[32m2025-06-04 | 15:52:10.167[0;39m | [34mINFO [0;39m [[36mapp-(scheduled)-rateLimitLogging-0      [0;39m] [33mo.t.t.s.p.RateLimitService[0;39m                      : total requests 0 in progress 0 queue size 0 
[32m2025-06-04 | 15:52:10.167[0;39m | [34mINFO [0;39m [[36mapp-(scheduled)-rateLimitLogging-0      [0;39m] [33mo.t.t.s.p.RateLimitService[0;39m                      : total requests 0 in progress 0 queue size 0 
[32m2025-06-04 | 15:52:10.167[0;39m | [34mINFO [0;39m [[36mapp-(scheduled)-rateLimitLogging-0      [0;39m] [33mo.t.t.s.p.RateLimitService[0;39m                      : total requests 0 in progress 0 queue size 0 
[32m2025-06-04 | 15:52:10.167[0;39m | [34mINFO [0;39m [[36mapp-(scheduled)-rateLimitLogging-0      [0;39m] [33mo.t.t.s.p.RateLimitService[0;39m                      : total requests 0 in progress 0 queue size 0 
[32m2025-06-04 | 15:52:10.167[0;39m | [34mINFO [0;39m [[36mapp-(scheduled)-rateLimitLogging-0      [0;39m] [33mo.t.t.s.p.RateLimitService[0;39m                      : total requests 0 in progress 0 queue size 0 
[32m2025-06-04 | 15:52:10.167[0;39m | [34mINFO [0;39m [[36mapp-(scheduled)-rateLimitLogging-0      [0;39m] [33mo.t.t.s.p.RateLimitService[0;39m                      : total requests 0 in progress 0 queue size 0 
[32m2025-06-04 | 15:52:10.167[0;39m | [34mINFO [0;39m [[36mapp-(scheduled)-rateLimitLogging-0      [0;39m] [33mo.t.t.s.p.RateLimitService[0;39m                      : total requests 0 in progress 0 queue size 0 
[32m2025-06-04 | 15:52:10.167[0;39m | [34mINFO [0;39m [[36mapp-(scheduled)-rateLimitLogging-0      [0;39m] [33mo.t.t.s.p.RateLimitService[0;39m                      : total requests 0 in progress 0 queue size 0 
[32m2025-06-04 | 15:52:10.167[0;39m | [34mINFO [0;39m [[36mapp-(scheduled)-rateLimitLogging-0      [0;39m] [33mo.t.t.s.p.RateLimitService[0;39m                      : total requests 0 in progress 0 queue size 0 
[32m2025-06-04 | 15:52:10.167[0;39m | [34mINFO [0;39m [[36mapp-(scheduled)-rateLimitLogging-0      [0;39m] [33mo.t.t.s.p.RateLimitService[0;39m                      : total requests 0 in progress 0 queue size 0 
[32m2025-06-04 | 15:52:10.167[0;39m | [34mINFO [0;39m [[36mapp-(scheduled)-rateLimitLogging-0      [0;39m] [33mo.t.t.s.p.RateLimitService[0;39m                      : total requests 0 in progress 0 queue size 0 
[32m2025-06-04 | 15:52:10.167[0;39m | [34mINFO [0;39m [[36mapp-(scheduled)-rateLimitLogging-0      [0;39m] [33mo.t.t.s.p.RateLimitService[0;39m                      : total requests 0 in progress 0 queue size 0 
[32m2025-06-04 | 15:52:10.167[0;39m | [34mINFO [0;39m [[36mapp-(scheduled)-rateLimitLogging-0      [0;39m] [33mo.t.t.s.p.RateLimitService[0;39m                      : total requests 0 in progress 0 queue size 0 
[32m2025-06-04 | 15:52:10.167[0;39m | [34mINFO [0;39m [[36mapp-(scheduled)-rateLimitLogging-0      [0;39m] [33mo.t.t.s.p.RateLimitService[0;39m                      : total requests 0 in progress 0 queue size 0 
[32m2025-06-04 | 15:52:10.167[0;39m | [34mINFO [0;39m [[36mapp-(scheduled)-rateLimitLogging-0      [0;39m] [33mo.t.t.s.p.RateLimitService[0;39m                      : total requests 0 in progress 0 queue size 0 
[32m2025-06-04 | 15:52:10.167[0;39m | [34mINFO [0;39m [[36mapp-(scheduled)-rateLimitLogging-0      [0;39m] [33mo.t.t.s.p.RateLimitService[0;39m                      : total requests 0 in progress 0 queue size 0 
[32m2025-06-04 | 15:52:10.167[0;39m | [34mINFO [0;39m [[36mapp-(scheduled)-rateLimitLogging-0      [0;39m] [33mo.t.t.s.p.RateLimitService[0;39m                      : total requests 0 in progress 0 queue size 0 
[32m2025-06-04 | 15:52:10.167[0;39m | [34mINFO [0;39m [[36mapp-(scheduled)-rateLimitLogging-0      [0;39m] [33mo.t.t.s.p.RateLimitService[0;39m                      : total requests 0 in progress 0 queue size 0 
[32m2025-06-04 | 15:52:10.167[0;39m | [34mINFO [0;39m [[36mapp-(scheduled)-rateLimitLogging-0      [0;39m] [33mo.t.t.s.p.RateLimitService[0;39m                      : total requests 0 in progress 0 queue size 0 
[32m2025-06-04 | 15:52:10.167[0;39m | [34mINFO [0;39m [[36mapp-(scheduled)-rateLimitLogging-0      [0;39m] [33mo.t.t.s.p.RateLimitService[0;39m                      : total requests 0 in progress 0 queue size 0 
[32m2025-06-04 | 15:52:10.167[0;39m | [34mINFO [0;39m [[36mapp-(scheduled)-rateLimitLogging-0      [0;39m] [33mo.t.t.s.p.RateLimitService[0;39m                      : total requests 0 in progress 0 queue size 0 
[32m2025-06-04 | 15:52:10.178[0;39m | [34mINFO [0;39m [[36mapp-(scheduled)-rateLimitLogging-0      [0;39m] [33mo.t.t.s.p.RateLimitService[0;39m                      : total requests 0 in progress 0 queue size 0 
[32m2025-06-04 | 15:52:10.178[0;39m | [34mINFO [0;39m [[36mapp-(scheduled)-rateLimitLogging-0      [0;39m] [33mo.t.t.s.p.RateLimitService[0;39m                      : total requests 0 in progress 0 queue size 0 
[32m2025-06-04 | 15:52:10.178[0;39m | [34mINFO [0;39m [[36mapp-(scheduled)-rateLimitLogging-0      [0;39m] [33mo.t.t.s.p.RateLimitService[0;39m                      : total requests 0 in progress 0 queue size 0 
[32m2025-06-04 | 15:52:10.178[0;39m | [34mINFO [0;39m [[36mapp-(scheduled)-rateLimitLogging-0      [0;39m] [33mo.t.t.s.p.RateLimitService[0;39m                      : total requests 0 in progress 0 queue size 0 
[32m2025-06-04 | 15:52:10.178[0;39m | [34mINFO [0;39m [[36mapp-(scheduled)-rateLimitLogging-0      [0;39m] [33mo.t.t.s.p.RateLimitService[0;39m                      : total requests 0 in progress 0 queue size 0 
[32m2025-06-04 | 15:52:10.178[0;39m | [34mINFO [0;39m [[36mapp-(scheduled)-rateLimitLogging-0      [0;39m] [33mo.t.t.s.p.RateLimitService[0;39m                      : total requests 0 in progress 0 queue size 0 
[32m2025-06-04 | 15:52:10.178[0;39m | [34mINFO [0;39m [[36mapp-(scheduled)-rateLimitLogging-0      [0;39m] [33mo.t.t.s.p.RateLimitService[0;39m                      : total requests 0 in progress 0 queue size 0 
[32m2025-06-04 | 15:52:10.178[0;39m | [34mINFO [0;39m [[36mapp-(scheduled)-rateLimitLogging-0      [0;39m] [33mo.t.t.s.p.RateLimitService[0;39m                      : total requests 0 in progress 0 queue size 0 
[32m2025-06-04 | 15:52:10.189[0;39m | [34mINFO [0;39m [[36mapp-(scheduled)-rateLimitLogging-0      [0;39m] [33mo.t.t.s.p.RateLimitService[0;39m                      : total requests 0 in progress 0 queue size 0 
[32m2025-06-04 | 15:52:10.189[0;39m | [34mINFO [0;39m [[36mapp-(scheduled)-rateLimitLogging-0      [0;39m] [33mo.t.t.s.p.RateLimitService[0;39m                      : total requests 0 in progress 0 queue size 0 
[32m2025-06-04 | 15:52:10.189[0;39m | [34mINFO [0;39m [[36mapp-(scheduled)-rateLimitLogging-0      [0;39m] [33mo.t.t.s.p.RateLimitService[0;39m                      : total requests 0 in progress 0 queue size 0 
[32m2025-06-04 | 15:52:10.189[0;39m | [34mINFO [0;39m [[36mapp-(scheduled)-rateLimitLogging-0      [0;39m] [33mo.t.t.s.p.RateLimitService[0;39m                      : total requests 0 in progress 0 queue size 0 
[32m2025-06-04 | 15:52:10.189[0;39m | [34mINFO [0;39m [[36mapp-(scheduled)-rateLimitLogging-0      [0;39m] [33mo.t.t.s.p.RateLimitService[0;39m                      : total requests 0 in progress 0 queue size 0 
[32m2025-06-04 | 15:52:10.189[0;39m | [34mINFO [0;39m [[36mapp-(scheduled)-rateLimitLogging-0      [0;39m] [33mo.t.t.s.p.RateLimitService[0;39m                      : total requests 0 in progress 0 queue size 0 
[32m2025-06-04 | 15:52:10.189[0;39m | [34mINFO [0;39m [[36mapp-(scheduled)-rateLimitLogging-0      [0;39m] [33mo.t.t.s.p.RateLimitService[0;39m                      : total requests 0 in progress 0 queue size 0 
[32m2025-06-04 | 15:52:10.189[0;39m | [34mINFO [0;39m [[36mapp-(scheduled)-rateLimitLogging-0      [0;39m] [33mo.t.t.s.p.RateLimitService[0;39m                      : total requests 0 in progress 0 queue size 0 
[32m2025-06-04 | 15:52:10.189[0;39m | [34mINFO [0;39m [[36mapp-(scheduled)-rateLimitLogging-0      [0;39m] [33mo.t.t.s.p.RateLimitService[0;39m                      : total requests 0 in progress 0 queue size 0 
[32m2025-06-04 | 15:52:10.189[0;39m | [34mINFO [0;39m [[36mapp-(scheduled)-rateLimitLogging-0      [0;39m] [33mo.t.t.s.p.RateLimitService[0;39m                      : total requests 0 in progress 0 queue size 0 
[32m2025-06-04 | 15:52:10.189[0;39m | [34mINFO [0;39m [[36mapp-(scheduled)-rateLimitLogging-0      [0;39m] [33mo.t.t.s.p.RateLimitService[0;39m                      : total requests 0 in progress 0 queue size 0 
[32m2025-06-04 | 15:52:10.189[0;39m | [34mINFO [0;39m [[36mapp-(scheduled)-rateLimitLogging-0      [0;39m] [33mo.t.t.s.p.RateLimitService[0;39m                      : total requests 0 in progress 0 queue size 0 
[32m2025-06-04 | 15:52:10.189[0;39m | [34mINFO [0;39m [[36mapp-(scheduled)-rateLimitLogging-0      [0;39m] [33mo.t.t.s.p.RateLimitService[0;39m                      : total requests 0 in progress 0 queue size 0 
[32m2025-06-04 | 15:52:10.189[0;39m | [34mINFO [0;39m [[36mapp-(scheduled)-rateLimitLogging-0      [0;39m] [33mo.t.t.s.p.RateLimitService[0;39m                      : total requests 0 in progress 0 queue size 0 
[32m2025-06-04 | 15:52:10.189[0;39m | [34mINFO [0;39m [[36mapp-(scheduled)-rateLimitLogging-0      [0;39m] [33mo.t.t.s.p.RateLimitService[0;39m                      : total requests 0 in progress 0 queue size 0 
[32m2025-06-04 | 15:52:10.189[0;39m | [34mINFO [0;39m [[36mapp-(scheduled)-rateLimitLogging-0      [0;39m] [33mo.t.t.s.p.RateLimitService[0;39m                      : total requests 0 in progress 0 queue size 0 
[32m2025-06-04 | 15:52:10.189[0;39m | [34mINFO [0;39m [[36mapp-(scheduled)-rateLimitLogging-0      [0;39m] [33mo.t.t.s.p.RateLimitService[0;39m                      : total requests 0 in progress 0 queue size 0 
[32m2025-06-04 | 15:52:10.189[0;39m | [34mINFO [0;39m [[36mapp-(scheduled)-rateLimitLogging-0      [0;39m] [33mo.t.t.s.p.RateLimitService[0;39m                      : total requests 0 in progress 0 queue size 0 
[32m2025-06-04 | 15:52:10.189[0;39m | [34mINFO [0;39m [[36mapp-(scheduled)-rateLimitLogging-0      [0;39m] [33mo.t.t.s.p.RateLimitService[0;39m                      : total requests 0 in progress 0 queue size 0 
[32m2025-06-04 | 15:52:10.189[0;39m | [34mINFO [0;39m [[36mapp-(scheduled)-rateLimitLogging-0      [0;39m] [33mo.t.t.s.p.RateLimitService[0;39m                      : total requests 0 in progress 0 queue size 0 
[32m2025-06-04 | 15:52:10.189[0;39m | [34mINFO [0;39m [[36mapp-(scheduled)-rateLimitLogging-0      [0;39m] [33mo.t.t.s.p.RateLimitService[0;39m                      : total requests 0 in progress 0 queue size 0 
[32m2025-06-04 | 15:52:10.203[0;39m | [34mINFO [0;39m [[36mapp-(scheduled)-rateLimitLogging-0      [0;39m] [33mo.t.t.s.p.RateLimitService[0;39m                      : total requests 0 in progress 0 queue size 0 
[32m2025-06-04 | 15:52:10.203[0;39m | [34mINFO [0;39m [[36mapp-(scheduled)-rateLimitLogging-0      [0;39m] [33mo.t.t.s.p.RateLimitService[0;39m                      : total requests 0 in progress 0 queue size 0 
[32m2025-06-04 | 15:52:10.203[0;39m | [34mINFO [0;39m [[36mapp-(scheduled)-rateLimitLogging-0      [0;39m] [33mo.t.t.s.p.RateLimitService[0;39m                      : total requests 0 in progress 0 queue size 0 
[32m2025-06-04 | 15:52:10.203[0;39m | [34mINFO [0;39m [[36mapp-(scheduled)-rateLimitLogging-0      [0;39m] [33mo.t.t.s.p.RateLimitService[0;39m                      : total requests 0 in progress 0 queue size 0 
[32m2025-06-04 | 15:52:10.203[0;39m | [34mINFO [0;39m [[36mapp-(scheduled)-rateLimitLogging-0      [0;39m] [33mo.t.t.s.p.RateLimitService[0;39m                      : total requests 0 in progress 0 queue size 0 
[32m2025-06-04 | 15:52:10.203[0;39m | [34mINFO [0;39m [[36mapp-(scheduled)-rateLimitLogging-0      [0;39m] [33mo.t.t.s.p.RateLimitService[0;39m                      : total requests 0 in progress 0 queue size 0 
[32m2025-06-04 | 15:52:10.203[0;39m | [34mINFO [0;39m [[36mapp-(scheduled)-rateLimitLogging-0      [0;39m] [33mo.t.t.s.p.RateLimitService[0;39m                      : total requests 0 in progress 0 queue size 0 
[32m2025-06-04 | 15:52:10.203[0;39m | [34mINFO [0;39m [[36mapp-(scheduled)-rateLimitLogging-0      [0;39m] [33mo.t.t.s.p.RateLimitService[0;39m                      : total requests 0 in progress 0 queue size 0 
[32m2025-06-04 | 15:52:10.203[0;39m | [34mINFO [0;39m [[36mapp-(scheduled)-rateLimitLogging-0      [0;39m] [33mo.t.t.s.p.RateLimitService[0;39m                      : total requests 0 in progress 0 queue size 0 
[32m2025-06-04 | 15:52:10.203[0;39m | [34mINFO [0;39m [[36mapp-(scheduled)-rateLimitLogging-0      [0;39m] [33mo.t.t.s.p.RateLimitService[0;39m                      : total requests 0 in progress 0 queue size 0 
[32m2025-06-04 | 15:52:10.203[0;39m | [34mINFO [0;39m [[36mapp-(scheduled)-rateLimitLogging-0      [0;39m] [33mo.t.t.s.p.RateLimitService[0;39m                      : total requests 0 in progress 0 queue size 0 
[32m2025-06-04 | 15:52:10.203[0;39m | [34mINFO [0;39m [[36mapp-(scheduled)-rateLimitLogging-0      [0;39m] [33mo.t.t.s.p.RateLimitService[0;39m                      : total requests 0 in progress 0 queue size 0 
[32m2025-06-04 | 15:52:10.203[0;39m | [34mINFO [0;39m [[36mapp-(scheduled)-rateLimitLogging-0      [0;39m] [33mo.t.t.s.p.RateLimitService[0;39m                      : total requests 0 in progress 0 queue size 0 
[32m2025-06-04 | 15:52:10.203[0;39m | [34mINFO [0;39m [[36mapp-(scheduled)-rateLimitLogging-0      [0;39m] [33mo.t.t.s.p.RateLimitService[0;39m                      : total requests 0 in progress 0 queue size 0 
[32m2025-06-04 | 15:52:10.203[0;39m | [34mINFO [0;39m [[36mapp-(scheduled)-rateLimitLogging-0      [0;39m] [33mo.t.t.s.p.RateLimitService[0;39m                      : total requests 0 in progress 0 queue size 0 
[32m2025-06-04 | 15:52:10.203[0;39m | [34mINFO [0;39m [[36mapp-(scheduled)-rateLimitLogging-0      [0;39m] [33mo.t.t.s.p.RateLimitService[0;39m                      : total requests 0 in progress 0 queue size 0 
[32m2025-06-04 | 15:52:10.203[0;39m | [34mINFO [0;39m [[36mapp-(scheduled)-rateLimitLogging-0      [0;39m] [33mo.t.t.s.p.RateLimitService[0;39m                      : total requests 0 in progress 0 queue size 0 
[32m2025-06-04 | 15:52:10.203[0;39m | [34mINFO [0;39m [[36mapp-(scheduled)-rateLimitLogging-0      [0;39m] [33mo.t.t.s.p.RateLimitService[0;39m                      : total requests 0 in progress 0 queue size 0 
[32m2025-06-04 | 15:52:10.203[0;39m | [34mINFO [0;39m [[36mapp-(scheduled)-rateLimitLogging-0      [0;39m] [33mo.t.t.s.p.RateLimitService[0;39m                      : total requests 0 in progress 0 queue size 0 
[32m2025-06-04 | 15:52:10.203[0;39m | [34mINFO [0;39m [[36mapp-(scheduled)-rateLimitLogging-0      [0;39m] [33mo.t.t.s.p.RateLimitService[0;39m                      : total requests 0 in progress 0 queue size 0 
[32m2025-06-04 | 15:52:10.203[0;39m | [34mINFO [0;39m [[36mapp-(scheduled)-rateLimitLogging-0      [0;39m] [33mo.t.t.s.p.RateLimitService[0;39m                      : total requests 0 in progress 0 queue size 0 
[32m2025-06-04 | 15:52:10.203[0;39m | [34mINFO [0;39m [[36mapp-(scheduled)-rateLimitLogging-0      [0;39m] [33mo.t.t.s.p.RateLimitService[0;39m                      : total requests 0 in progress 0 queue size 0 
[32m2025-06-04 | 15:52:10.203[0;39m | [34mINFO [0;39m [[36mapp-(scheduled)-rateLimitLogging-0      [0;39m] [33mo.t.t.s.p.RateLimitService[0;39m                      : total requests 0 in progress 0 queue size 0 
[32m2025-06-04 | 15:52:10.203[0;39m | [34mINFO [0;39m [[36mapp-(scheduled)-rateLimitLogging-0      [0;39m] [33mo.t.t.s.p.RateLimitService[0;39m                      : total requests 0 in progress 0 queue size 0 
[32m2025-06-04 | 15:52:10.203[0;39m | [34mINFO [0;39m [[36mapp-(scheduled)-rateLimitLogging-0      [0;39m] [33mo.t.t.s.p.RateLimitService[0;39m                      : total requests 0 in progress 0 queue size 0 
[32m2025-06-04 | 15:52:10.203[0;39m | [34mINFO [0;39m [[36mapp-(scheduled)-rateLimitLogging-0      [0;39m] [33mo.t.t.s.p.RateLimitService[0;39m                      : total requests 0 in progress 0 queue size 0 
[32m2025-06-04 | 15:52:10.203[0;39m | [34mINFO [0;39m [[36mapp-(scheduled)-rateLimitLogging-0      [0;39m] [33mo.t.t.s.p.RateLimitService[0;39m                      : total requests 0 in progress 0 queue size 0 
[32m2025-06-04 | 15:52:10.203[0;39m | [34mINFO [0;39m [[36mapp-(scheduled)-rateLimitLogging-0      [0;39m] [33mo.t.t.s.p.RateLimitService[0;39m                      : total requests 0 in progress 0 queue size 0 
[32m2025-06-04 | 15:52:10.203[0;39m | [34mINFO [0;39m [[36mapp-(scheduled)-rateLimitLogging-0      [0;39m] [33mo.t.t.s.p.RateLimitService[0;39m                      : total requests 0 in progress 0 queue size 0 
[32m2025-06-04 | 15:52:10.209[0;39m | [34mINFO [0;39m [[36mapp-(scheduled)-rateLimitLogging-0      [0;39m] [33mo.t.t.s.p.RateLimitService[0;39m                      : total requests 0 in progress 0 queue size 0 
[32m2025-06-04 | 15:52:10.225[0;39m | [34mINFO [0;39m [[36mapp-(scheduled)-rateLimitLogging-0      [0;39m] [33mo.t.t.s.p.RateLimitService[0;39m                      : total requests 0 in progress 0 queue size 0 
[32m2025-06-04 | 15:52:10.225[0;39m | [34mINFO [0;39m [[36mapp-(scheduled)-rateLimitLogging-0      [0;39m] [33mo.t.t.s.p.RateLimitService[0;39m                      : total requests 0 in progress 0 queue size 0 
[32m2025-06-04 | 15:52:10.225[0;39m | [34mINFO [0;39m [[36mapp-(scheduled)-rateLimitLogging-0      [0;39m] [33mo.t.t.s.p.RateLimitService[0;39m                      : total requests 0 in progress 0 queue size 0 
[32m2025-06-04 | 15:52:10.225[0;39m | [34mINFO [0;39m [[36mapp-(scheduled)-rateLimitLogging-0      [0;39m] [33mo.t.t.s.p.RateLimitService[0;39m                      : total requests 0 in progress 0 queue size 0 
[32m2025-06-04 | 15:52:10.225[0;39m | [34mINFO [0;39m [[36mapp-(scheduled)-rateLimitLogging-0      [0;39m] [33mo.t.t.s.p.RateLimitService[0;39m                      : total requests 0 in progress 0 queue size 0 
[32m2025-06-04 | 15:52:10.225[0;39m | [34mINFO [0;39m [[36mapp-(scheduled)-rateLimitLogging-0      [0;39m] [33mo.t.t.s.p.RateLimitService[0;39m                      : total requests 0 in progress 0 queue size 0 
[32m2025-06-04 | 15:52:10.225[0;39m | [34mINFO [0;39m [[36mapp-(scheduled)-rateLimitLogging-0      [0;39m] [33mo.t.t.s.p.RateLimitService[0;39m                      : total requests 0 in progress 0 queue size 0 
[32m2025-06-04 | 15:52:10.225[0;39m | [34mINFO [0;39m [[36mapp-(scheduled)-rateLimitLogging-0      [0;39m] [33mo.t.t.s.p.RateLimitService[0;39m                      : total requests 0 in progress 0 queue size 0 
[32m2025-06-04 | 15:52:10.225[0;39m | [34mINFO [0;39m [[36mapp-(scheduled)-rateLimitLogging-0      [0;39m] [33mo.t.t.s.p.RateLimitService[0;39m                      : total requests 0 in progress 0 queue size 0 
[32m2025-06-04 | 15:52:10.225[0;39m | [34mINFO [0;39m [[36mapp-(scheduled)-rateLimitLogging-0      [0;39m] [33mo.t.t.s.p.RateLimitService[0;39m                      : total requests 0 in progress 0 queue size 0 
[32m2025-06-04 | 15:52:10.225[0;39m | [34mINFO [0;39m [[36mapp-(scheduled)-rateLimitLogging-0      [0;39m] [33mo.t.t.s.p.RateLimitService[0;39m                      : total requests 0 in progress 0 queue size 0 
[32m2025-06-04 | 15:52:10.225[0;39m | [34mINFO [0;39m [[36mapp-(scheduled)-rateLimitLogging-0      [0;39m] [33mo.t.t.s.p.RateLimitService[0;39m                      : total requests 0 in progress 0 queue size 0 
[32m2025-06-04 | 15:52:10.225[0;39m | [34mINFO [0;39m [[36mapp-(scheduled)-rateLimitLogging-0      [0;39m] [33mo.t.t.s.p.RateLimitService[0;39m                      : total requests 0 in progress 0 queue size 0 
[32m2025-06-04 | 15:52:10.225[0;39m | [34mINFO [0;39m [[36mapp-(scheduled)-rateLimitLogging-0      [0;39m] [33mo.t.t.s.p.RateLimitService[0;39m                      : total requests 0 in progress 0 queue size 0 
[32m2025-06-04 | 15:52:10.225[0;39m | [34mINFO [0;39m [[36mapp-(scheduled)-rateLimitLogging-0      [0;39m] [33mo.t.t.s.p.RateLimitService[0;39m                      : total requests 0 in progress 0 queue size 0 
[32m2025-06-04 | 15:52:10.225[0;39m | [34mINFO [0;39m [[36mapp-(scheduled)-rateLimitLogging-0      [0;39m] [33mo.t.t.s.p.RateLimitService[0;39m                      : total requests 0 in progress 0 queue size 0 
[32m2025-06-04 | 15:52:10.234[0;39m | [34mINFO [0;39m [[36mapp-(scheduled)-rateLimitLogging-0      [0;39m] [33mo.t.t.s.p.RateLimitService[0;39m                      : total requests 0 in progress 0 queue size 0 
[32m2025-06-04 | 15:52:10.234[0;39m | [34mINFO [0;39m [[36mapp-(scheduled)-rateLimitLogging-0      [0;39m] [33mo.t.t.s.p.RateLimitService[0;39m                      : total requests 0 in progress 0 queue size 0 
[32m2025-06-04 | 15:52:10.234[0;39m | [34mINFO [0;39m [[36mapp-(scheduled)-rateLimitLogging-0      [0;39m] [33mo.t.t.s.p.RateLimitService[0;39m                      : total requests 0 in progress 0 queue size 0 
[32m2025-06-04 | 15:52:10.234[0;39m | [34mINFO [0;39m [[36mapp-(scheduled)-rateLimitLogging-0      [0;39m] [33mo.t.t.s.p.RateLimitService[0;39m                      : total requests 0 in progress 0 queue size 0 
[32m2025-06-04 | 15:52:10.234[0;39m | [34mINFO [0;39m [[36mapp-(scheduled)-rateLimitLogging-0      [0;39m] [33mo.t.t.s.p.RateLimitService[0;39m                      : total requests 0 in progress 0 queue size 0 
[32m2025-06-04 | 15:52:10.234[0;39m | [34mINFO [0;39m [[36mapp-(scheduled)-rateLimitLogging-0      [0;39m] [33mo.t.t.s.p.RateLimitService[0;39m                      : total requests 0 in progress 0 queue size 0 
[32m2025-06-04 | 15:52:10.234[0;39m | [34mINFO [0;39m [[36mapp-(scheduled)-rateLimitLogging-0      [0;39m] [33mo.t.t.s.p.RateLimitService[0;39m                      : total requests 0 in progress 0 queue size 0 
[32m2025-06-04 | 15:52:10.234[0;39m | [34mINFO [0;39m [[36mapp-(scheduled)-rateLimitLogging-0      [0;39m] [33mo.t.t.s.p.RateLimitService[0;39m                      : total requests 0 in progress 0 queue size 0 
[32m2025-06-04 | 15:52:10.234[0;39m | [34mINFO [0;39m [[36mapp-(scheduled)-rateLimitLogging-0      [0;39m] [33mo.t.t.s.p.RateLimitService[0;39m                      : total requests 0 in progress 0 queue size 0 
[32m2025-06-04 | 15:52:10.234[0;39m | [34mINFO [0;39m [[36mapp-(scheduled)-rateLimitLogging-0      [0;39m] [33mo.t.t.s.p.RateLimitService[0;39m                      : total requests 0 in progress 0 queue size 0 
[32m2025-06-04 | 15:52:10.234[0;39m | [34mINFO [0;39m [[36mapp-(scheduled)-rateLimitLogging-0      [0;39m] [33mo.t.t.s.p.RateLimitService[0;39m                      : total requests 0 in progress 0 queue size 0 
[32m2025-06-04 | 15:52:10.234[0;39m | [34mINFO [0;39m [[36mapp-(scheduled)-rateLimitLogging-0      [0;39m] [33mo.t.t.s.p.RateLimitService[0;39m                      : total requests 0 in progress 0 queue size 0 
[32m2025-06-04 | 15:52:10.257[0;39m | [34mINFO [0;39m [[36mapp-(scheduled)-rateLimitLogging-0      [0;39m] [33mo.t.t.s.p.RateLimitService[0;39m                      : total requests 0 in progress 0 queue size 0 
[32m2025-06-04 | 15:52:10.257[0;39m | [34mINFO [0;39m [[36mapp-(scheduled)-rateLimitLogging-0      [0;39m] [33mo.t.t.s.p.RateLimitService[0;39m                      : total requests 0 in progress 0 queue size 0 
[32m2025-06-04 | 15:52:10.257[0;39m | [34mINFO [0;39m [[36mapp-(scheduled)-rateLimitLogging-0      [0;39m] [33mo.t.t.s.p.RateLimitService[0;39m                      : total requests 0 in progress 0 queue size 0 
[32m2025-06-04 | 15:52:10.257[0;39m | [34mINFO [0;39m [[36mapp-(scheduled)-rateLimitLogging-0      [0;39m] [33mo.t.t.s.p.RateLimitService[0;39m                      : total requests 0 in progress 0 queue size 0 
[32m2025-06-04 | 15:52:10.257[0;39m | [34mINFO [0;39m [[36mapp-(scheduled)-rateLimitLogging-0      [0;39m] [33mo.t.t.s.p.RateLimitService[0;39m                      : total requests 0 in progress 0 queue size 0 
[32m2025-06-04 | 15:52:10.257[0;39m | [34mINFO [0;39m [[36mapp-(scheduled)-rateLimitLogging-0      [0;39m] [33mo.t.t.s.p.RateLimitService[0;39m                      : total requests 0 in progress 0 queue size 0 
[32m2025-06-04 | 15:52:10.257[0;39m | [34mINFO [0;39m [[36mapp-(scheduled)-rateLimitLogging-0      [0;39m] [33mo.t.t.s.p.RateLimitService[0;39m                      : total requests 0 in progress 0 queue size 0 
[32m2025-06-04 | 15:52:10.257[0;39m | [34mINFO [0;39m [[36mapp-(scheduled)-rateLimitLogging-0      [0;39m] [33mo.t.t.s.p.RateLimitService[0;39m                      : total requests 0 in progress 0 queue size 0 
[32m2025-06-04 | 15:52:10.257[0;39m | [34mINFO [0;39m [[36mapp-(scheduled)-rateLimitLogging-0      [0;39m] [33mo.t.t.s.p.RateLimitService[0;39m                      : total requests 0 in progress 0 queue size 0 
[32m2025-06-04 | 15:52:10.257[0;39m | [34mINFO [0;39m [[36mapp-(scheduled)-rateLimitLogging-0      [0;39m] [33mo.t.t.s.p.RateLimitService[0;39m                      : total requests 0 in progress 0 queue size 0 
[32m2025-06-04 | 15:52:10.257[0;39m | [34mINFO [0;39m [[36mapp-(scheduled)-rateLimitLogging-0      [0;39m] [33mo.t.t.s.p.RateLimitService[0;39m                      : total requests 0 in progress 0 queue size 0 
[32m2025-06-04 | 15:52:10.257[0;39m | [34mINFO [0;39m [[36mapp-(scheduled)-rateLimitLogging-0      [0;39m] [33mo.t.t.s.p.RateLimitService[0;39m                      : total requests 0 in progress 0 queue size 0 
[32m2025-06-04 | 15:52:10.257[0;39m | [34mINFO [0;39m [[36mapp-(scheduled)-rateLimitLogging-0      [0;39m] [33mo.t.t.s.p.RateLimitService[0;39m                      : total requests 0 in progress 0 queue size 0 
[32m2025-06-04 | 15:52:10.257[0;39m | [34mINFO [0;39m [[36mapp-(scheduled)-rateLimitLogging-0      [0;39m] [33mo.t.t.s.p.RateLimitService[0;39m                      : total requests 0 in progress 0 queue size 0 
[32m2025-06-04 | 15:52:10.257[0;39m | [34mINFO [0;39m [[36mapp-(scheduled)-rateLimitLogging-0      [0;39m] [33mo.t.t.s.p.RateLimitService[0;39m                      : total requests 0 in progress 0 queue size 0 
[32m2025-06-04 | 15:52:10.257[0;39m | [34mINFO [0;39m [[36mapp-(scheduled)-rateLimitLogging-0      [0;39m] [33mo.t.t.s.p.RateLimitService[0;39m                      : total requests 0 in progress 0 queue size 0 
[32m2025-06-04 | 15:52:10.257[0;39m | [34mINFO [0;39m [[36mapp-(scheduled)-rateLimitLogging-0      [0;39m] [33mo.t.t.s.p.RateLimitService[0;39m                      : total requests 0 in progress 0 queue size 0 
[32m2025-06-04 | 15:52:10.257[0;39m | [34mINFO [0;39m [[36mapp-(scheduled)-rateLimitLogging-0      [0;39m] [33mo.t.t.s.p.RateLimitService[0;39m                      : total requests 0 in progress 0 queue size 0 
[32m2025-06-04 | 15:52:10.257[0;39m | [34mINFO [0;39m [[36mapp-(scheduled)-rateLimitLogging-0      [0;39m] [33mo.t.t.s.p.RateLimitService[0;39m                      : total requests 0 in progress 0 queue size 0 
[32m2025-06-04 | 15:52:10.257[0;39m | [34mINFO [0;39m [[36mapp-(scheduled)-rateLimitLogging-0      [0;39m] [33mo.t.t.s.p.RateLimitService[0;39m                      : total requests 0 in progress 0 queue size 0 
[32m2025-06-04 | 15:52:10.257[0;39m | [34mINFO [0;39m [[36mapp-(scheduled)-rateLimitLogging-0      [0;39m] [33mo.t.t.s.p.RateLimitService[0;39m                      : total requests 0 in progress 0 queue size 0 
[32m2025-06-04 | 15:52:10.257[0;39m | [34mINFO [0;39m [[36mapp-(scheduled)-rateLimitLogging-0      [0;39m] [33mo.t.t.s.p.RateLimitService[0;39m                      : total requests 0 in progress 0 queue size 0 
[32m2025-06-04 | 15:52:10.257[0;39m | [34mINFO [0;39m [[36mapp-(scheduled)-rateLimitLogging-0      [0;39m] [33mo.t.t.s.p.RateLimitService[0;39m                      : total requests 0 in progress 0 queue size 0 
[32m2025-06-04 | 15:52:10.257[0;39m | [34mINFO [0;39m [[36mapp-(scheduled)-rateLimitLogging-0      [0;39m] [33mo.t.t.s.p.RateLimitService[0;39m                      : total requests 0 in progress 0 queue size 0 
[32m2025-06-04 | 15:52:10.257[0;39m | [34mINFO [0;39m [[36mapp-(scheduled)-rateLimitLogging-0      [0;39m] [33mo.t.t.s.p.RateLimitService[0;39m                      : total requests 0 in progress 0 queue size 0 
[32m2025-06-04 | 15:52:10.257[0;39m | [34mINFO [0;39m [[36mapp-(scheduled)-rateLimitLogging-0      [0;39m] [33mo.t.t.s.p.RateLimitService[0;39m                      : total requests 0 in progress 0 queue size 0 
[32m2025-06-04 | 15:52:10.257[0;39m | [34mINFO [0;39m [[36mapp-(scheduled)-rateLimitLogging-0      [0;39m] [33mo.t.t.s.p.RateLimitService[0;39m                      : total requests 0 in progress 0 queue size 0 
[32m2025-06-04 | 15:52:10.257[0;39m | [34mINFO [0;39m [[36mapp-(scheduled)-rateLimitLogging-0      [0;39m] [33mo.t.t.s.p.RateLimitService[0;39m                      : total requests 0 in progress 0 queue size 0 
[32m2025-06-04 | 15:52:10.257[0;39m | [34mINFO [0;39m [[36mapp-(scheduled)-rateLimitLogging-0      [0;39m] [33mo.t.t.s.p.RateLimitService[0;39m                      : total requests 0 in progress 0 queue size 0 
[32m2025-06-04 | 15:52:10.257[0;39m | [34mINFO [0;39m [[36mapp-(scheduled)-rateLimitLogging-0      [0;39m] [33mo.t.t.s.p.RateLimitService[0;39m                      : total requests 0 in progress 0 queue size 0 
[32m2025-06-04 | 15:52:10.264[0;39m | [34mINFO [0;39m [[36mapp-(scheduled)-rateLimitLogging-0      [0;39m] [33mo.t.t.s.p.RateLimitService[0;39m                      : total requests 0 in progress 0 queue size 0 
[32m2025-06-04 | 15:52:10.264[0;39m | [34mINFO [0;39m [[36mapp-(scheduled)-rateLimitLogging-0      [0;39m] [33mo.t.t.s.p.RateLimitService[0;39m                      : total requests 0 in progress 0 queue size 0 
[32m2025-06-04 | 15:52:10.264[0;39m | [34mINFO [0;39m [[36mapp-(scheduled)-rateLimitLogging-0      [0;39m] [33mo.t.t.s.p.RateLimitService[0;39m                      : total requests 0 in progress 0 queue size 0 
[32m2025-06-04 | 15:52:10.264[0;39m | [34mINFO [0;39m [[36mapp-(scheduled)-rateLimitLogging-0      [0;39m] [33mo.t.t.s.p.RateLimitService[0;39m                      : total requests 0 in progress 0 queue size 0 
[32m2025-06-04 | 15:52:10.264[0;39m | [34mINFO [0;39m [[36mapp-(scheduled)-rateLimitLogging-0      [0;39m] [33mo.t.t.s.p.RateLimitService[0;39m                      : total requests 0 in progress 0 queue size 0 
[32m2025-06-04 | 15:52:10.264[0;39m | [34mINFO [0;39m [[36mapp-(scheduled)-rateLimitLogging-0      [0;39m] [33mo.t.t.s.p.RateLimitService[0;39m                      : total requests 0 in progress 0 queue size 0 
[32m2025-06-04 | 15:52:10.264[0;39m | [34mINFO [0;39m [[36mapp-(scheduled)-rateLimitLogging-0      [0;39m] [33mo.t.t.s.p.RateLimitService[0;39m                      : total requests 0 in progress 0 queue size 0 
[32m2025-06-04 | 15:52:10.264[0;39m | [34mINFO [0;39m [[36mapp-(scheduled)-rateLimitLogging-0      [0;39m] [33mo.t.t.s.p.RateLimitService[0;39m                      : total requests 0 in progress 0 queue size 0 
[32m2025-06-04 | 15:52:10.264[0;39m | [34mINFO [0;39m [[36mapp-(scheduled)-rateLimitLogging-0      [0;39m] [33mo.t.t.s.p.RateLimitService[0;39m                      : total requests 0 in progress 0 queue size 0 
[32m2025-06-04 | 15:52:10.273[0;39m | [34mINFO [0;39m [[36mapp-(scheduled)-rateLimitLogging-0      [0;39m] [33mo.t.t.s.p.RateLimitService[0;39m                      : total requests 0 in progress 0 queue size 0 
[32m2025-06-04 | 15:52:10.273[0;39m | [34mINFO [0;39m [[36mapp-(scheduled)-rateLimitLogging-0      [0;39m] [33mo.t.t.s.p.RateLimitService[0;39m                      : total requests 0 in progress 0 queue size 0 
[32m2025-06-04 | 15:52:10.273[0;39m | [34mINFO [0;39m [[36mapp-(scheduled)-rateLimitLogging-0      [0;39m] [33mo.t.t.s.p.RateLimitService[0;39m                      : total requests 0 in progress 0 queue size 0 
[32m2025-06-04 | 15:52:10.273[0;39m | [34mINFO [0;39m [[36mapp-(scheduled)-rateLimitLogging-0      [0;39m] [33mo.t.t.s.p.RateLimitService[0;39m                      : total requests 0 in progress 0 queue size 0 
[32m2025-06-04 | 15:52:10.273[0;39m | [34mINFO [0;39m [[36mapp-(scheduled)-rateLimitLogging-0      [0;39m] [33mo.t.t.s.p.RateLimitService[0;39m                      : total requests 0 in progress 0 queue size 0 
[32m2025-06-04 | 15:52:10.273[0;39m | [34mINFO [0;39m [[36mapp-(scheduled)-rateLimitLogging-0      [0;39m] [33mo.t.t.s.p.RateLimitService[0;39m                      : total requests 0 in progress 0 queue size 0 
[32m2025-06-04 | 15:52:10.273[0;39m | [34mINFO [0;39m [[36mapp-(scheduled)-rateLimitLogging-0      [0;39m] [33mo.t.t.s.p.RateLimitService[0;39m                      : total requests 0 in progress 0 queue size 0 
[32m2025-06-04 | 15:52:10.273[0;39m | [34mINFO [0;39m [[36mapp-(scheduled)-rateLimitLogging-0      [0;39m] [33mo.t.t.s.p.RateLimitService[0;39m                      : total requests 0 in progress 0 queue size 0 
[32m2025-06-04 | 15:52:10.273[0;39m | [34mINFO [0;39m [[36mapp-(scheduled)-rateLimitLogging-0      [0;39m] [33mo.t.t.s.p.RateLimitService[0;39m                      : total requests 0 in progress 0 queue size 0 
[32m2025-06-04 | 15:52:10.273[0;39m | [34mINFO [0;39m [[36mapp-(scheduled)-rateLimitLogging-0      [0;39m] [33mo.t.t.s.p.RateLimitService[0;39m                      : total requests 0 in progress 0 queue size 0 
[32m2025-06-04 | 15:52:10.273[0;39m | [34mINFO [0;39m [[36mapp-(scheduled)-rateLimitLogging-0      [0;39m] [33mo.t.t.s.p.RateLimitService[0;39m                      : total requests 0 in progress 0 queue size 0 
[32m2025-06-04 | 15:52:10.273[0;39m | [34mINFO [0;39m [[36mapp-(scheduled)-rateLimitLogging-0      [0;39m] [33mo.t.t.s.p.RateLimitService[0;39m                      : total requests 0 in progress 0 queue size 0 
[32m2025-06-04 | 15:52:10.273[0;39m | [34mINFO [0;39m [[36mapp-(scheduled)-rateLimitLogging-0      [0;39m] [33mo.t.t.s.p.RateLimitService[0;39m                      : total requests 0 in progress 0 queue size 0 
[32m2025-06-04 | 15:52:10.273[0;39m | [34mINFO [0;39m [[36mapp-(scheduled)-rateLimitLogging-0      [0;39m] [33mo.t.t.s.p.RateLimitService[0;39m                      : total requests 0 in progress 0 queue size 0 
[32m2025-06-04 | 15:52:10.274[0;39m | [34mINFO [0;39m [[36mapp-(scheduled)-rateLimitLogging-0      [0;39m] [33mo.t.t.s.p.RateLimitService[0;39m                      : total requests 0 in progress 0 queue size 0 
[32m2025-06-04 | 15:52:10.274[0;39m | [34mINFO [0;39m [[36mapp-(scheduled)-rateLimitLogging-0      [0;39m] [33mo.t.t.s.p.RateLimitService[0;39m                      : total requests 0 in progress 0 queue size 0 
[32m2025-06-04 | 15:52:10.274[0;39m | [34mINFO [0;39m [[36mapp-(scheduled)-rateLimitLogging-0      [0;39m] [33mo.t.t.s.p.RateLimitService[0;39m                      : total requests 0 in progress 0 queue size 0 
[32m2025-06-04 | 15:52:10.274[0;39m | [34mINFO [0;39m [[36mapp-(scheduled)-rateLimitLogging-0      [0;39m] [33mo.t.t.s.p.RateLimitService[0;39m                      : total requests 0 in progress 0 queue size 0 
[32m2025-06-04 | 15:52:10.274[0;39m | [34mINFO [0;39m [[36mapp-(scheduled)-rateLimitLogging-0      [0;39m] [33mo.t.t.s.p.RateLimitService[0;39m                      : total requests 0 in progress 0 queue size 0 
[32m2025-06-04 | 15:52:10.274[0;39m | [34mINFO [0;39m [[36mapp-(scheduled)-rateLimitLogging-0      [0;39m] [33mo.t.t.s.p.RateLimitService[0;39m                      : total requests 0 in progress 0 queue size 0 
[32m2025-06-04 | 15:52:10.274[0;39m | [34mINFO [0;39m [[36mapp-(scheduled)-rateLimitLogging-0      [0;39m] [33mo.t.t.s.p.RateLimitService[0;39m                      : total requests 0 in progress 0 queue size 0 
[32m2025-06-04 | 15:52:10.274[0;39m | [34mINFO [0;39m [[36mapp-(scheduled)-rateLimitLogging-0      [0;39m] [33mo.t.t.s.p.RateLimitService[0;39m                      : total requests 0 in progress 0 queue size 0 
[32m2025-06-04 | 15:52:10.274[0;39m | [34mINFO [0;39m [[36mapp-(scheduled)-rateLimitLogging-0      [0;39m] [33mo.t.t.s.p.RateLimitService[0;39m                      : total requests 0 in progress 0 queue size 0 
[32m2025-06-04 | 15:52:10.274[0;39m | [34mINFO [0;39m [[36mapp-(scheduled)-rateLimitLogging-0      [0;39m] [33mo.t.t.s.p.RateLimitService[0;39m                      : total requests 0 in progress 0 queue size 0 
[32m2025-06-04 | 15:52:10.274[0;39m | [34mINFO [0;39m [[36mapp-(scheduled)-rateLimitLogging-0      [0;39m] [33mo.t.t.s.p.RateLimitService[0;39m                      : total requests 0 in progress 0 queue size 0 
[32m2025-06-04 | 15:52:10.274[0;39m | [34mINFO [0;39m [[36mapp-(scheduled)-rateLimitLogging-0      [0;39m] [33mo.t.t.s.p.RateLimitService[0;39m                      : total requests 0 in progress 0 queue size 0 
[32m2025-06-04 | 15:52:10.274[0;39m | [34mINFO [0;39m [[36mapp-(scheduled)-rateLimitLogging-0      [0;39m] [33mo.t.t.s.p.RateLimitService[0;39m                      : total requests 0 in progress 0 queue size 0 
[32m2025-06-04 | 15:52:10.274[0;39m | [34mINFO [0;39m [[36mapp-(scheduled)-rateLimitLogging-0      [0;39m] [33mo.t.t.s.p.RateLimitService[0;39m                      : total requests 0 in progress 0 queue size 0 
[32m2025-06-04 | 15:52:10.274[0;39m | [34mINFO [0;39m [[36mapp-(scheduled)-rateLimitLogging-0      [0;39m] [33mo.t.t.s.p.RateLimitService[0;39m                      : total requests 0 in progress 0 queue size 0 
[32m2025-06-04 | 15:52:10.274[0;39m | [34mINFO [0;39m [[36mapp-(scheduled)-rateLimitLogging-0      [0;39m] [33mo.t.t.s.p.RateLimitService[0;39m                      : total requests 0 in progress 0 queue size 0 
[32m2025-06-04 | 15:52:10.274[0;39m | [34mINFO [0;39m [[36mapp-(scheduled)-rateLimitLogging-0      [0;39m] [33mo.t.t.s.p.RateLimitService[0;39m                      : total requests 0 in progress 0 queue size 0 
[32m2025-06-04 | 15:52:10.284[0;39m | [34mINFO [0;39m [[36mapp-(scheduled)-rateLimitLogging-0      [0;39m] [33mo.t.t.s.p.RateLimitService[0;39m                      : total requests 0 in progress 0 queue size 0 
[32m2025-06-04 | 15:52:10.284[0;39m | [34mINFO [0;39m [[36mapp-(scheduled)-rateLimitLogging-0      [0;39m] [33mo.t.t.s.p.RateLimitService[0;39m                      : total requests 0 in progress 0 queue size 0 
[32m2025-06-04 | 15:52:10.284[0;39m | [34mINFO [0;39m [[36mapp-(scheduled)-rateLimitLogging-0      [0;39m] [33mo.t.t.s.p.RateLimitService[0;39m                      : total requests 0 in progress 0 queue size 0 
[32m2025-06-04 | 15:52:10.284[0;39m | [34mINFO [0;39m [[36mapp-(scheduled)-rateLimitLogging-0      [0;39m] [33mo.t.t.s.p.RateLimitService[0;39m                      : total requests 0 in progress 0 queue size 0 
[32m2025-06-04 | 15:52:10.284[0;39m | [34mINFO [0;39m [[36mapp-(scheduled)-rateLimitLogging-0      [0;39m] [33mo.t.t.s.p.RateLimitService[0;39m                      : total requests 0 in progress 0 queue size 0 
[32m2025-06-04 | 15:52:10.284[0;39m | [34mINFO [0;39m [[36mapp-(scheduled)-rateLimitLogging-0      [0;39m] [33mo.t.t.s.p.RateLimitService[0;39m                      : total requests 0 in progress 0 queue size 0 
[32m2025-06-04 | 15:52:10.284[0;39m | [34mINFO [0;39m [[36mapp-(scheduled)-rateLimitLogging-0      [0;39m] [33mo.t.t.s.p.RateLimitService[0;39m                      : total requests 0 in progress 0 queue size 0 
[32m2025-06-04 | 15:52:10.284[0;39m | [34mINFO [0;39m [[36mapp-(scheduled)-rateLimitLogging-0      [0;39m] [33mo.t.t.s.p.RateLimitService[0;39m                      : total requests 0 in progress 0 queue size 0 
[32m2025-06-04 | 15:52:10.284[0;39m | [34mINFO [0;39m [[36mapp-(scheduled)-rateLimitLogging-0      [0;39m] [33mo.t.t.s.p.RateLimitService[0;39m                      : total requests 0 in progress 0 queue size 0 
[32m2025-06-04 | 15:52:10.284[0;39m | [34mINFO [0;39m [[36mapp-(scheduled)-rateLimitLogging-0      [0;39m] [33mo.t.t.s.p.RateLimitService[0;39m                      : total requests 0 in progress 0 queue size 0 
[32m2025-06-04 | 15:52:10.284[0;39m | [34mINFO [0;39m [[36mapp-(scheduled)-rateLimitLogging-0      [0;39m] [33mo.t.t.s.p.RateLimitService[0;39m                      : total requests 0 in progress 0 queue size 0 
[32m2025-06-04 | 15:52:10.284[0;39m | [34mINFO [0;39m [[36mapp-(scheduled)-rateLimitLogging-0      [0;39m] [33mo.t.t.s.p.RateLimitService[0;39m                      : total requests 0 in progress 0 queue size 0 
[32m2025-06-04 | 15:52:10.297[0;39m | [34mINFO [0;39m [[36mapp-(scheduled)-rateLimitLogging-0      [0;39m] [33mo.t.t.s.p.RateLimitService[0;39m                      : total requests 0 in progress 0 queue size 0 
[32m2025-06-04 | 15:52:10.297[0;39m | [34mINFO [0;39m [[36mapp-(scheduled)-rateLimitLogging-0      [0;39m] [33mo.t.t.s.p.RateLimitService[0;39m                      : total requests 0 in progress 0 queue size 0 
[32m2025-06-04 | 15:52:10.297[0;39m | [34mINFO [0;39m [[36mapp-(scheduled)-rateLimitLogging-0      [0;39m] [33mo.t.t.s.p.RateLimitService[0;39m                      : total requests 0 in progress 0 queue size 0 
[32m2025-06-04 | 15:52:10.297[0;39m | [34mINFO [0;39m [[36mapp-(scheduled)-rateLimitLogging-0      [0;39m] [33mo.t.t.s.p.RateLimitService[0;39m                      : total requests 0 in progress 0 queue size 0 
[32m2025-06-04 | 15:52:10.297[0;39m | [34mINFO [0;39m [[36mapp-(scheduled)-rateLimitLogging-0      [0;39m] [33mo.t.t.s.p.RateLimitService[0;39m                      : total requests 0 in progress 0 queue size 0 
[32m2025-06-04 | 15:52:10.297[0;39m | [34mINFO [0;39m [[36mapp-(scheduled)-rateLimitLogging-0      [0;39m] [33mo.t.t.s.p.RateLimitService[0;39m                      : total requests 0 in progress 0 queue size 0 
[32m2025-06-04 | 15:52:10.297[0;39m | [34mINFO [0;39m [[36mapp-(scheduled)-rateLimitLogging-0      [0;39m] [33mo.t.t.s.p.RateLimitService[0;39m                      : total requests 0 in progress 0 queue size 0 
[32m2025-06-04 | 15:52:10.297[0;39m | [34mINFO [0;39m [[36mapp-(scheduled)-rateLimitLogging-0      [0;39m] [33mo.t.t.s.p.RateLimitService[0;39m                      : total requests 0 in progress 0 queue size 0 
[32m2025-06-04 | 15:52:10.297[0;39m | [34mINFO [0;39m [[36mapp-(scheduled)-rateLimitLogging-0      [0;39m] [33mo.t.t.s.p.RateLimitService[0;39m                      : total requests 0 in progress 0 queue size 0 
[32m2025-06-04 | 15:52:10.297[0;39m | [34mINFO [0;39m [[36mapp-(scheduled)-rateLimitLogging-0      [0;39m] [33mo.t.t.s.p.RateLimitService[0;39m                      : total requests 0 in progress 0 queue size 0 
[32m2025-06-04 | 15:52:10.297[0;39m | [34mINFO [0;39m [[36mapp-(scheduled)-rateLimitLogging-0      [0;39m] [33mo.t.t.s.p.RateLimitService[0;39m                      : total requests 0 in progress 0 queue size 0 
[32m2025-06-04 | 15:52:10.297[0;39m | [34mINFO [0;39m [[36mapp-(scheduled)-rateLimitLogging-0      [0;39m] [33mo.t.t.s.p.RateLimitService[0;39m                      : total requests 0 in progress 0 queue size 0 
[32m2025-06-04 | 15:52:10.297[0;39m | [34mINFO [0;39m [[36mapp-(scheduled)-rateLimitLogging-0      [0;39m] [33mo.t.t.s.p.RateLimitService[0;39m                      : total requests 0 in progress 0 queue size 0 
[32m2025-06-04 | 15:52:10.297[0;39m | [34mINFO [0;39m [[36mapp-(scheduled)-rateLimitLogging-0      [0;39m] [33mo.t.t.s.p.RateLimitService[0;39m                      : total requests 0 in progress 0 queue size 0 
[32m2025-06-04 | 15:52:10.297[0;39m | [34mINFO [0;39m [[36mapp-(scheduled)-rateLimitLogging-0      [0;39m] [33mo.t.t.s.p.RateLimitService[0;39m                      : total requests 0 in progress 0 queue size 0 
[32m2025-06-04 | 15:52:10.297[0;39m | [34mINFO [0;39m [[36mapp-(scheduled)-rateLimitLogging-0      [0;39m] [33mo.t.t.s.p.RateLimitService[0;39m                      : total requests 0 in progress 0 queue size 0 
[32m2025-06-04 | 15:52:10.297[0;39m | [34mINFO [0;39m [[36mapp-(scheduled)-rateLimitLogging-0      [0;39m] [33mo.t.t.s.p.RateLimitService[0;39m                      : total requests 0 in progress 0 queue size 0 
[32m2025-06-04 | 15:52:10.297[0;39m | [34mINFO [0;39m [[36mapp-(scheduled)-rateLimitLogging-0      [0;39m] [33mo.t.t.s.p.RateLimitService[0;39m                      : total requests 0 in progress 0 queue size 0 
[32m2025-06-04 | 15:52:10.297[0;39m | [34mINFO [0;39m [[36mapp-(scheduled)-rateLimitLogging-0      [0;39m] [33mo.t.t.s.p.RateLimitService[0;39m                      : total requests 0 in progress 0 queue size 0 
[32m2025-06-04 | 15:52:10.297[0;39m | [34mINFO [0;39m [[36mapp-(scheduled)-rateLimitLogging-0      [0;39m] [33mo.t.t.s.p.RateLimitService[0;39m                      : total requests 0 in progress 0 queue size 0 
[32m2025-06-04 | 15:52:10.297[0;39m | [34mINFO [0;39m [[36mapp-(scheduled)-rateLimitLogging-0      [0;39m] [33mo.t.t.s.p.RateLimitService[0;39m                      : total requests 0 in progress 0 queue size 0 
[32m2025-06-04 | 15:52:10.297[0;39m | [34mINFO [0;39m [[36mapp-(scheduled)-rateLimitLogging-0      [0;39m] [33mo.t.t.s.p.RateLimitService[0;39m                      : total requests 0 in progress 0 queue size 0 
[32m2025-06-04 | 15:52:10.297[0;39m | [34mINFO [0;39m [[36mapp-(scheduled)-rateLimitLogging-0      [0;39m] [33mo.t.t.s.p.RateLimitService[0;39m                      : total requests 0 in progress 0 queue size 0 
[32m2025-06-04 | 15:52:10.297[0;39m | [34mINFO [0;39m [[36mapp-(scheduled)-rateLimitLogging-0      [0;39m] [33mo.t.t.s.p.RateLimitService[0;39m                      : total requests 0 in progress 0 queue size 0 
[32m2025-06-04 | 15:52:10.297[0;39m | [34mINFO [0;39m [[36mapp-(scheduled)-rateLimitLogging-0      [0;39m] [33mo.t.t.s.p.RateLimitService[0;39m                      : total requests 0 in progress 0 queue size 0 
[32m2025-06-04 | 15:52:10.297[0;39m | [34mINFO [0;39m [[36mapp-(scheduled)-rateLimitLogging-0      [0;39m] [33mo.t.t.s.p.RateLimitService[0;39m                      : total requests 0 in progress 0 queue size 0 
[32m2025-06-04 | 15:52:10.297[0;39m | [34mINFO [0;39m [[36mapp-(scheduled)-rateLimitLogging-0      [0;39m] [33mo.t.t.s.p.RateLimitService[0;39m                      : total requests 0 in progress 0 queue size 0 
[32m2025-06-04 | 15:52:10.297[0;39m | [34mINFO [0;39m [[36mapp-(scheduled)-rateLimitLogging-0      [0;39m] [33mo.t.t.s.p.RateLimitService[0;39m                      : total requests 0 in progress 0 queue size 0 
[32m2025-06-04 | 15:52:10.298[0;39m | [34mINFO [0;39m [[36mapp-(scheduled)-rateLimitLogging-0      [0;39m] [33mo.t.t.s.p.RateLimitService[0;39m                      : total requests 0 in progress 0 queue size 0 
[32m2025-06-04 | 15:52:10.298[0;39m | [34mINFO [0;39m [[36mapp-(scheduled)-rateLimitLogging-0      [0;39m] [33mo.t.t.s.p.RateLimitService[0;39m                      : total requests 0 in progress 0 queue size 0 
[32m2025-06-04 | 15:52:10.298[0;39m | [34mINFO [0;39m [[36mapp-(scheduled)-rateLimitLogging-0      [0;39m] [33mo.t.t.s.p.RateLimitService[0;39m                      : total requests 0 in progress 0 queue size 0 
[32m2025-06-04 | 15:52:10.298[0;39m | [34mINFO [0;39m [[36mapp-(scheduled)-rateLimitLogging-0      [0;39m] [33mo.t.t.s.p.RateLimitService[0;39m                      : total requests 0 in progress 0 queue size 0 
[32m2025-06-04 | 15:52:10.315[0;39m | [34mINFO [0;39m [[36mapp-(scheduled)-rateLimitLogging-0      [0;39m] [33mo.t.t.s.p.RateLimitService[0;39m                      : total requests 0 in progress 0 queue size 0 
[32m2025-06-04 | 15:52:10.315[0;39m | [34mINFO [0;39m [[36mapp-(scheduled)-rateLimitLogging-0      [0;39m] [33mo.t.t.s.p.RateLimitService[0;39m                      : total requests 0 in progress 0 queue size 0 
[32m2025-06-04 | 15:52:10.315[0;39m | [34mINFO [0;39m [[36mapp-(scheduled)-rateLimitLogging-0      [0;39m] [33mo.t.t.s.p.RateLimitService[0;39m                      : total requests 0 in progress 0 queue size 0 
[32m2025-06-04 | 15:52:10.315[0;39m | [34mINFO [0;39m [[36mapp-(scheduled)-rateLimitLogging-0      [0;39m] [33mo.t.t.s.p.RateLimitService[0;39m                      : total requests 0 in progress 0 queue size 0 
[32m2025-06-04 | 15:52:10.315[0;39m | [34mINFO [0;39m [[36mapp-(scheduled)-rateLimitLogging-0      [0;39m] [33mo.t.t.s.p.RateLimitService[0;39m                      : total requests 0 in progress 0 queue size 0 
[32m2025-06-04 | 15:52:10.315[0;39m | [34mINFO [0;39m [[36mapp-(scheduled)-rateLimitLogging-0      [0;39m] [33mo.t.t.s.p.RateLimitService[0;39m                      : total requests 0 in progress 0 queue size 0 
[32m2025-06-04 | 15:52:10.315[0;39m | [34mINFO [0;39m [[36mapp-(scheduled)-rateLimitLogging-0      [0;39m] [33mo.t.t.s.p.RateLimitService[0;39m                      : total requests 0 in progress 0 queue size 0 
[32m2025-06-04 | 15:52:10.315[0;39m | [34mINFO [0;39m [[36mapp-(scheduled)-rateLimitLogging-0      [0;39m] [33mo.t.t.s.p.RateLimitService[0;39m                      : total requests 0 in progress 0 queue size 0 
[32m2025-06-04 | 15:52:10.315[0;39m | [34mINFO [0;39m [[36mapp-(scheduled)-rateLimitLogging-0      [0;39m] [33mo.t.t.s.p.RateLimitService[0;39m                      : total requests 0 in progress 0 queue size 0 
[32m2025-06-04 | 15:52:10.315[0;39m | [34mINFO [0;39m [[36mapp-(scheduled)-rateLimitLogging-0      [0;39m] [33mo.t.t.s.p.RateLimitService[0;39m                      : total requests 0 in progress 0 queue size 0 
[32m2025-06-04 | 15:52:14.003[0;39m | [34mINFO [0;39m [[36mapp-(scheduled)-rateLimitLogging-0      [0;39m] [33mo.t.t.s.p.RateLimitService[0;39m                      : total requests 0 in progress 0 queue size 0 
[32m2025-06-04 | 15:52:23.301[0;39m | [31mWARN [0;39m [[36mHikariPool-1 housekeeper                [0;39m] [33mc.z.h.p.HikariPool$HouseKeeper[0;39m                  : HikariPool-1 - Thread starvation or clock leap detected (housekeeper delta=1h33m55s876ms905µs700ns). 
[32m2025-06-04 | 15:52:23.993[0;39m | [34mINFO [0;39m [[36mapp-(scheduled)-rateLimitLogging-0      [0;39m] [33mo.t.t.s.p.RateLimitService[0;39m                      : total requests 0 in progress 0 queue size 0 
[32m2025-06-04 | 15:52:33.996[0;39m | [34mINFO [0;39m [[36mapp-(scheduled)-rateLimitLogging-0      [0;39m] [33mo.t.t.s.p.RateLimitService[0;39m                      : total requests 0 in progress 0 queue size 0 
[32m2025-06-04 | 15:52:43.993[0;39m | [34mINFO [0;39m [[36mapp-(scheduled)-rateLimitLogging-0      [0;39m] [33mo.t.t.s.p.RateLimitService[0;39m                      : total requests 0 in progress 0 queue size 0 
[32m2025-06-04 | 15:52:53.993[0;39m | [34mINFO [0;39m [[36mapp-(scheduled)-rateLimitLogging-0      [0;39m] [33mo.t.t.s.p.RateLimitService[0;39m                      : total requests 0 in progress 0 queue size 0 
[32m2025-06-04 | 15:53:03.994[0;39m | [34mINFO [0;39m [[36mapp-(scheduled)-rateLimitLogging-0      [0;39m] [33mo.t.t.s.p.RateLimitService[0;39m                      : total requests 0 in progress 0 queue size 0 
[32m2025-06-04 | 15:53:13.996[0;39m | [34mINFO [0;39m [[36mapp-(scheduled)-rateLimitLogging-0      [0;39m] [33mo.t.t.s.p.RateLimitService[0;39m                      : total requests 0 in progress 0 queue size 0 
[32m2025-06-04 | 15:53:23.992[0;39m | [34mINFO [0;39m [[36mapp-(scheduled)-rateLimitLogging-0      [0;39m] [33mo.t.t.s.p.RateLimitService[0;39m                      : total requests 0 in progress 0 queue size 0 
[32m2025-06-04 | 15:53:34.001[0;39m | [34mINFO [0;39m [[36mapp-(scheduled)-rateLimitLogging-0      [0;39m] [33mo.t.t.s.p.RateLimitService[0;39m                      : total requests 0 in progress 0 queue size 0 
[32m2025-06-04 | 15:53:43.995[0;39m | [34mINFO [0;39m [[36mapp-(scheduled)-rateLimitLogging-0      [0;39m] [33mo.t.t.s.p.RateLimitService[0;39m                      : total requests 0 in progress 0 queue size 0 
[32m2025-06-04 | 15:53:53.999[0;39m | [34mINFO [0;39m [[36mapp-(scheduled)-rateLimitLogging-0      [0;39m] [33mo.t.t.s.p.RateLimitService[0;39m                      : total requests 0 in progress 0 queue size 0 
[32m2025-06-04 | 15:54:03.992[0;39m | [34mINFO [0;39m [[36mapp-(scheduled)-rateLimitLogging-0      [0;39m] [33mo.t.t.s.p.RateLimitService[0;39m                      : total requests 0 in progress 0 queue size 0 
[32m2025-06-04 | 15:54:13.996[0;39m | [34mINFO [0;39m [[36mapp-(scheduled)-rateLimitLogging-0      [0;39m] [33mo.t.t.s.p.RateLimitService[0;39m                      : total requests 0 in progress 0 queue size 0 
[32m2025-06-04 | 15:54:24.005[0;39m | [34mINFO [0;39m [[36mapp-(scheduled)-rateLimitLogging-0      [0;39m] [33mo.t.t.s.p.RateLimitService[0;39m                      : total requests 0 in progress 0 queue size 0 
[32m2025-06-04 | 15:54:33.997[0;39m | [34mINFO [0;39m [[36mapp-(scheduled)-rateLimitLogging-0      [0;39m] [33mo.t.t.s.p.RateLimitService[0;39m                      : total requests 0 in progress 0 queue size 0 
[32m2025-06-04 | 15:54:44.000[0;39m | [34mINFO [0;39m [[36mapp-(scheduled)-rateLimitLogging-0      [0;39m] [33mo.t.t.s.p.RateLimitService[0;39m                      : total requests 0 in progress 0 queue size 0 
[32m2025-06-04 | 15:54:54.002[0;39m | [34mINFO [0;39m [[36mapp-(scheduled)-rateLimitLogging-0      [0;39m] [33mo.t.t.s.p.RateLimitService[0;39m                      : total requests 0 in progress 0 queue size 0 
[32m2025-06-04 | 15:55:03.991[0;39m | [34mINFO [0;39m [[36mapp-(scheduled)-rateLimitLogging-0      [0;39m] [33mo.t.t.s.p.RateLimitService[0;39m                      : total requests 0 in progress 0 queue size 0 
[32m2025-06-04 | 15:55:13.996[0;39m | [34mINFO [0;39m [[36mapp-(scheduled)-rateLimitLogging-0      [0;39m] [33mo.t.t.s.p.RateLimitService[0;39m                      : total requests 0 in progress 0 queue size 0 
[32m2025-06-04 | 15:55:23.993[0;39m | [34mINFO [0;39m [[36mapp-(scheduled)-rateLimitLogging-0      [0;39m] [33mo.t.t.s.p.RateLimitService[0;39m                      : total requests 0 in progress 0 queue size 0 
[32m2025-06-04 | 15:55:33.996[0;39m | [34mINFO [0;39m [[36mapp-(scheduled)-rateLimitLogging-0      [0;39m] [33mo.t.t.s.p.RateLimitService[0;39m                      : total requests 0 in progress 0 queue size 0 
[32m2025-06-04 | 15:55:43.996[0;39m | [34mINFO [0;39m [[36mapp-(scheduled)-rateLimitLogging-0      [0;39m] [33mo.t.t.s.p.RateLimitService[0;39m                      : total requests 0 in progress 0 queue size 0 
[32m2025-06-04 | 15:55:53.993[0;39m | [34mINFO [0;39m [[36mapp-(scheduled)-rateLimitLogging-0      [0;39m] [33mo.t.t.s.p.RateLimitService[0;39m                      : total requests 0 in progress 0 queue size 0 
[32m2025-06-04 | 15:56:03.992[0;39m | [34mINFO [0;39m [[36mapp-(scheduled)-rateLimitLogging-0      [0;39m] [33mo.t.t.s.p.RateLimitService[0;39m                      : total requests 0 in progress 0 queue size 0 
[32m2025-06-04 | 15:56:14.002[0;39m | [34mINFO [0;39m [[36mapp-(scheduled)-rateLimitLogging-0      [0;39m] [33mo.t.t.s.p.RateLimitService[0;39m                      : total requests 0 in progress 0 queue size 0 
[32m2025-06-04 | 15:56:23.992[0;39m | [34mINFO [0;39m [[36mapp-(scheduled)-rateLimitLogging-0      [0;39m] [33mo.t.t.s.p.RateLimitService[0;39m                      : total requests 0 in progress 0 queue size 0 
[32m2025-06-04 | 15:56:34.007[0;39m | [34mINFO [0;39m [[36mapp-(scheduled)-rateLimitLogging-0      [0;39m] [33mo.t.t.s.p.RateLimitService[0;39m                      : total requests 0 in progress 0 queue size 0 
[32m2025-06-04 | 15:56:43.993[0;39m | [34mINFO [0;39m [[36mapp-(scheduled)-rateLimitLogging-0      [0;39m] [33mo.t.t.s.p.RateLimitService[0;39m                      : total requests 0 in progress 0 queue size 0 
[32m2025-06-04 | 15:56:54.003[0;39m | [34mINFO [0;39m [[36mapp-(scheduled)-rateLimitLogging-0      [0;39m] [33mo.t.t.s.p.RateLimitService[0;39m                      : total requests 0 in progress 0 queue size 0 
[32m2025-06-04 | 15:57:04.002[0;39m | [34mINFO [0;39m [[36mapp-(scheduled)-rateLimitLogging-0      [0;39m] [33mo.t.t.s.p.RateLimitService[0;39m                      : total requests 0 in progress 0 queue size 0 
[32m2025-06-04 | 15:57:13.996[0;39m | [34mINFO [0;39m [[36mapp-(scheduled)-rateLimitLogging-0      [0;39m] [33mo.t.t.s.p.RateLimitService[0;39m                      : total requests 0 in progress 0 queue size 0 
[32m2025-06-04 | 15:57:24.003[0;39m | [34mINFO [0;39m [[36mapp-(scheduled)-rateLimitLogging-0      [0;39m] [33mo.t.t.s.p.RateLimitService[0;39m                      : total requests 0 in progress 0 queue size 0 
[32m2025-06-04 | 15:57:33.993[0;39m | [34mINFO [0;39m [[36mapp-(scheduled)-rateLimitLogging-0      [0;39m] [33mo.t.t.s.p.RateLimitService[0;39m                      : total requests 0 in progress 0 queue size 0 
[32m2025-06-04 | 15:57:43.994[0;39m | [34mINFO [0;39m [[36mapp-(scheduled)-rateLimitLogging-0      [0;39m] [33mo.t.t.s.p.RateLimitService[0;39m                      : total requests 0 in progress 0 queue size 0 
[32m2025-06-04 | 15:57:54.002[0;39m | [34mINFO [0;39m [[36mapp-(scheduled)-rateLimitLogging-0      [0;39m] [33mo.t.t.s.p.RateLimitService[0;39m                      : total requests 0 in progress 0 queue size 0 
[32m2025-06-04 | 15:58:03.994[0;39m | [34mINFO [0;39m [[36mapp-(scheduled)-rateLimitLogging-0      [0;39m] [33mo.t.t.s.p.RateLimitService[0;39m                      : total requests 0 in progress 0 queue size 0 
[32m2025-06-04 | 15:58:13.992[0;39m | [34mINFO [0;39m [[36mapp-(scheduled)-rateLimitLogging-0      [0;39m] [33mo.t.t.s.p.RateLimitService[0;39m                      : total requests 0 in progress 0 queue size 0 
[32m2025-06-04 | 15:58:23.996[0;39m | [34mINFO [0;39m [[36mapp-(scheduled)-rateLimitLogging-0      [0;39m] [33mo.t.t.s.p.RateLimitService[0;39m                      : total requests 0 in progress 0 queue size 0 
[32m2025-06-04 | 15:58:33.995[0;39m | [34mINFO [0;39m [[36mapp-(scheduled)-rateLimitLogging-0      [0;39m] [33mo.t.t.s.p.RateLimitService[0;39m                      : total requests 0 in progress 0 queue size 0 
[32m2025-06-04 | 15:58:43.993[0;39m | [34mINFO [0;39m [[36mapp-(scheduled)-rateLimitLogging-0      [0;39m] [33mo.t.t.s.p.RateLimitService[0;39m                      : total requests 0 in progress 0 queue size 0 
[32m2025-06-04 | 15:58:53.996[0;39m | [34mINFO [0;39m [[36mapp-(scheduled)-rateLimitLogging-0      [0;39m] [33mo.t.t.s.p.RateLimitService[0;39m                      : total requests 0 in progress 0 queue size 0 
[32m2025-06-04 | 15:59:03.994[0;39m | [34mINFO [0;39m [[36mapp-(scheduled)-rateLimitLogging-0      [0;39m] [33mo.t.t.s.p.RateLimitService[0;39m                      : total requests 0 in progress 0 queue size 0 
[32m2025-06-04 | 15:59:13.994[0;39m | [34mINFO [0;39m [[36mapp-(scheduled)-rateLimitLogging-0      [0;39m] [33mo.t.t.s.p.RateLimitService[0;39m                      : total requests 0 in progress 0 queue size 0 
[32m2025-06-04 | 15:59:23.996[0;39m | [34mINFO [0;39m [[36mapp-(scheduled)-rateLimitLogging-0      [0;39m] [33mo.t.t.s.p.RateLimitService[0;39m                      : total requests 0 in progress 0 queue size 0 
[32m2025-06-04 | 15:59:33.993[0;39m | [34mINFO [0;39m [[36mapp-(scheduled)-rateLimitLogging-0      [0;39m] [33mo.t.t.s.p.RateLimitService[0;39m                      : total requests 0 in progress 0 queue size 0 
[32m2025-06-04 | 15:59:40.031[0;39m | [34mINFO [0;39m [[36mMessageBroker-3                         [0;39m] [33mo.s.w.s.c.WebSocketMessageBrokerStats[0;39m           : WebSocketSession[0 current WS(0)-HttpStream(0)-HttpPoll(0), 0 total, 0 closed abnormally (0 connect failure, 0 send limit, 0 transport error)], stompSubProtocol[processed CONNECT(0)-CONNECTED(0)-DISCONNECT(0)], stompBrokerRelay[null], inboundChannel[pool size = 0, active threads = 0, queued tasks = 0, completed tasks = 0], outboundChannel[pool size = 0, active threads = 0, queued tasks = 0, completed tasks = 0], sockJsScheduler[pool size = 4, active threads = 1, queued tasks = 1, completed tasks = 2] 
[32m2025-06-04 | 15:59:43.997[0;39m | [34mINFO [0;39m [[36mapp-(scheduled)-rateLimitLogging-0      [0;39m] [33mo.t.t.s.p.RateLimitService[0;39m                      : total requests 0 in progress 0 queue size 0 
[32m2025-06-04 | 15:59:53.996[0;39m | [34mINFO [0;39m [[36mapp-(scheduled)-rateLimitLogging-0      [0;39m] [33mo.t.t.s.p.RateLimitService[0;39m                      : total requests 0 in progress 0 queue size 0 
[32m2025-06-04 | 16:00:03.995[0;39m | [34mINFO [0;39m [[36mapp-(scheduled)-rateLimitLogging-0      [0;39m] [33mo.t.t.s.p.RateLimitService[0;39m                      : total requests 0 in progress 0 queue size 0 
[32m2025-06-04 | 16:00:13.997[0;39m | [34mINFO [0;39m [[36mapp-(scheduled)-rateLimitLogging-0      [0;39m] [33mo.t.t.s.p.RateLimitService[0;39m                      : total requests 0 in progress 0 queue size 0 
[32m2025-06-04 | 16:00:23.995[0;39m | [34mINFO [0;39m [[36mapp-(scheduled)-rateLimitLogging-0      [0;39m] [33mo.t.t.s.p.RateLimitService[0;39m                      : total requests 0 in progress 0 queue size 0 
[32m2025-06-04 | 16:00:33.993[0;39m | [34mINFO [0;39m [[36mapp-(scheduled)-rateLimitLogging-0      [0;39m] [33mo.t.t.s.p.RateLimitService[0;39m                      : total requests 0 in progress 0 queue size 0 
[32m2025-06-04 | 16:00:44.005[0;39m | [34mINFO [0;39m [[36mapp-(scheduled)-rateLimitLogging-0      [0;39m] [33mo.t.t.s.p.RateLimitService[0;39m                      : total requests 0 in progress 0 queue size 0 
[32m2025-06-04 | 16:00:54.003[0;39m | [34mINFO [0;39m [[36mapp-(scheduled)-rateLimitLogging-0      [0;39m] [33mo.t.t.s.p.RateLimitService[0;39m                      : total requests 0 in progress 0 queue size 0 
[32m2025-06-04 | 16:01:03.993[0;39m | [34mINFO [0;39m [[36mapp-(scheduled)-rateLimitLogging-0      [0;39m] [33mo.t.t.s.p.RateLimitService[0;39m                      : total requests 0 in progress 0 queue size 0 
[32m2025-06-04 | 16:01:13.991[0;39m | [34mINFO [0;39m [[36mapp-(scheduled)-rateLimitLogging-0      [0;39m] [33mo.t.t.s.p.RateLimitService[0;39m                      : total requests 0 in progress 0 queue size 0 
[32m2025-06-04 | 16:01:24.000[0;39m | [34mINFO [0;39m [[36mapp-(scheduled)-rateLimitLogging-0      [0;39m] [33mo.t.t.s.p.RateLimitService[0;39m                      : total requests 0 in progress 0 queue size 0 
[32m2025-06-04 | 16:01:33.995[0;39m | [34mINFO [0;39m [[36mapp-(scheduled)-rateLimitLogging-0      [0;39m] [33mo.t.t.s.p.RateLimitService[0;39m                      : total requests 0 in progress 0 queue size 0 
[32m2025-06-04 | 16:01:43.998[0;39m | [34mINFO [0;39m [[36mapp-(scheduled)-rateLimitLogging-0      [0;39m] [33mo.t.t.s.p.RateLimitService[0;39m                      : total requests 0 in progress 0 queue size 0 
[32m2025-06-04 | 16:01:54.004[0;39m | [34mINFO [0;39m [[36mapp-(scheduled)-rateLimitLogging-0      [0;39m] [33mo.t.t.s.p.RateLimitService[0;39m                      : total requests 0 in progress 0 queue size 0 
[32m2025-06-04 | 16:02:04.004[0;39m | [34mINFO [0;39m [[36mapp-(scheduled)-rateLimitLogging-0      [0;39m] [33mo.t.t.s.p.RateLimitService[0;39m                      : total requests 0 in progress 0 queue size 0 
[32m2025-06-04 | 16:02:14.003[0;39m | [34mINFO [0;39m [[36mapp-(scheduled)-rateLimitLogging-0      [0;39m] [33mo.t.t.s.p.RateLimitService[0;39m                      : total requests 0 in progress 0 queue size 0 
[32m2025-06-04 | 16:02:23.994[0;39m | [34mINFO [0;39m [[36mapp-(scheduled)-rateLimitLogging-0      [0;39m] [33mo.t.t.s.p.RateLimitService[0;39m                      : total requests 0 in progress 0 queue size 0 
[32m2025-06-04 | 16:02:33.994[0;39m | [34mINFO [0;39m [[36mapp-(scheduled)-rateLimitLogging-0      [0;39m] [33mo.t.t.s.p.RateLimitService[0;39m                      : total requests 0 in progress 0 queue size 0 
[32m2025-06-04 | 16:02:44.003[0;39m | [34mINFO [0;39m [[36mapp-(scheduled)-rateLimitLogging-0      [0;39m] [33mo.t.t.s.p.RateLimitService[0;39m                      : total requests 0 in progress 0 queue size 0 
[32m2025-06-04 | 16:02:54.000[0;39m | [34mINFO [0;39m [[36mapp-(scheduled)-rateLimitLogging-0      [0;39m] [33mo.t.t.s.p.RateLimitService[0;39m                      : total requests 0 in progress 0 queue size 0 
[32m2025-06-04 | 16:03:03.998[0;39m | [34mINFO [0;39m [[36mapp-(scheduled)-rateLimitLogging-0      [0;39m] [33mo.t.t.s.p.RateLimitService[0;39m                      : total requests 0 in progress 0 queue size 0 
[32m2025-06-04 | 16:03:13.995[0;39m | [34mINFO [0;39m [[36mapp-(scheduled)-rateLimitLogging-0      [0;39m] [33mo.t.t.s.p.RateLimitService[0;39m                      : total requests 0 in progress 0 queue size 0 
[32m2025-06-04 | 16:03:23.994[0;39m | [34mINFO [0;39m [[36mapp-(scheduled)-rateLimitLogging-0      [0;39m] [33mo.t.t.s.p.RateLimitService[0;39m                      : total requests 0 in progress 0 queue size 0 
[32m2025-06-04 | 16:03:34.003[0;39m | [34mINFO [0;39m [[36mapp-(scheduled)-rateLimitLogging-0      [0;39m] [33mo.t.t.s.p.RateLimitService[0;39m                      : total requests 0 in progress 0 queue size 0 
[32m2025-06-04 | 16:03:44.002[0;39m | [34mINFO [0;39m [[36mapp-(scheduled)-rateLimitLogging-0      [0;39m] [33mo.t.t.s.p.RateLimitService[0;39m                      : total requests 0 in progress 0 queue size 0 
[32m2025-06-04 | 16:03:54.003[0;39m | [34mINFO [0;39m [[36mapp-(scheduled)-rateLimitLogging-0      [0;39m] [33mo.t.t.s.p.RateLimitService[0;39m                      : total requests 0 in progress 0 queue size 0 
[32m2025-06-04 | 16:04:04.003[0;39m | [34mINFO [0;39m [[36mapp-(scheduled)-rateLimitLogging-0      [0;39m] [33mo.t.t.s.p.RateLimitService[0;39m                      : total requests 0 in progress 0 queue size 0 
[32m2025-06-04 | 16:04:13.994[0;39m | [34mINFO [0;39m [[36mapp-(scheduled)-rateLimitLogging-0      [0;39m] [33mo.t.t.s.p.RateLimitService[0;39m                      : total requests 0 in progress 0 queue size 0 
[32m2025-06-04 | 16:04:23.991[0;39m | [34mINFO [0;39m [[36mapp-(scheduled)-rateLimitLogging-0      [0;39m] [33mo.t.t.s.p.RateLimitService[0;39m                      : total requests 0 in progress 0 queue size 0 
[32m2025-06-04 | 16:04:34.003[0;39m | [34mINFO [0;39m [[36mapp-(scheduled)-rateLimitLogging-0      [0;39m] [33mo.t.t.s.p.RateLimitService[0;39m                      : total requests 0 in progress 0 queue size 0 
[32m2025-06-04 | 16:04:44.005[0;39m | [34mINFO [0;39m [[36mapp-(scheduled)-rateLimitLogging-0      [0;39m] [33mo.t.t.s.p.RateLimitService[0;39m                      : total requests 0 in progress 0 queue size 0 
[32m2025-06-04 | 16:04:54.002[0;39m | [34mINFO [0;39m [[36mapp-(scheduled)-rateLimitLogging-0      [0;39m] [33mo.t.t.s.p.RateLimitService[0;39m                      : total requests 0 in progress 0 queue size 0 
[32m2025-06-04 | 16:05:03.991[0;39m | [34mINFO [0;39m [[36mapp-(scheduled)-rateLimitLogging-0      [0;39m] [33mo.t.t.s.p.RateLimitService[0;39m                      : total requests 0 in progress 0 queue size 0 
[32m2025-06-04 | 16:05:13.992[0;39m | [34mINFO [0;39m [[36mapp-(scheduled)-rateLimitLogging-0      [0;39m] [33mo.t.t.s.p.RateLimitService[0;39m                      : total requests 0 in progress 0 queue size 0 
[32m2025-06-04 | 16:05:23.998[0;39m | [34mINFO [0;39m [[36mapp-(scheduled)-rateLimitLogging-0      [0;39m] [33mo.t.t.s.p.RateLimitService[0;39m                      : total requests 0 in progress 0 queue size 0 
[32m2025-06-04 | 16:05:34.003[0;39m | [34mINFO [0;39m [[36mapp-(scheduled)-rateLimitLogging-0      [0;39m] [33mo.t.t.s.p.RateLimitService[0;39m                      : total requests 0 in progress 0 queue size 0 
[32m2025-06-04 | 16:05:43.994[0;39m | [34mINFO [0;39m [[36mapp-(scheduled)-rateLimitLogging-0      [0;39m] [33mo.t.t.s.p.RateLimitService[0;39m                      : total requests 0 in progress 0 queue size 0 
[32m2025-06-04 | 16:05:54.000[0;39m | [34mINFO [0;39m [[36mapp-(scheduled)-rateLimitLogging-0      [0;39m] [33mo.t.t.s.p.RateLimitService[0;39m                      : total requests 0 in progress 0 queue size 0 
[32m2025-06-04 | 16:06:03.998[0;39m | [34mINFO [0;39m [[36mapp-(scheduled)-rateLimitLogging-0      [0;39m] [33mo.t.t.s.p.RateLimitService[0;39m                      : total requests 0 in progress 0 queue size 0 
[32m2025-06-04 | 16:06:13.995[0;39m | [34mINFO [0;39m [[36mapp-(scheduled)-rateLimitLogging-0      [0;39m] [33mo.t.t.s.p.RateLimitService[0;39m                      : total requests 0 in progress 0 queue size 0 
[32m2025-06-04 | 16:06:24.003[0;39m | [34mINFO [0;39m [[36mapp-(scheduled)-rateLimitLogging-0      [0;39m] [33mo.t.t.s.p.RateLimitService[0;39m                      : total requests 0 in progress 0 queue size 0 
[32m2025-06-04 | 16:06:33.991[0;39m | [34mINFO [0;39m [[36mapp-(scheduled)-rateLimitLogging-0      [0;39m] [33mo.t.t.s.p.RateLimitService[0;39m                      : total requests 0 in progress 0 queue size 0 
[32m2025-06-04 | 16:06:43.996[0;39m | [34mINFO [0;39m [[36mapp-(scheduled)-rateLimitLogging-0      [0;39m] [33mo.t.t.s.p.RateLimitService[0;39m                      : total requests 0 in progress 0 queue size 0 
[32m2025-06-04 | 16:06:54.002[0;39m | [34mINFO [0;39m [[36mapp-(scheduled)-rateLimitLogging-0      [0;39m] [33mo.t.t.s.p.RateLimitService[0;39m                      : total requests 0 in progress 0 queue size 0 
[32m2025-06-04 | 16:07:03.996[0;39m | [34mINFO [0;39m [[36mapp-(scheduled)-rateLimitLogging-0      [0;39m] [33mo.t.t.s.p.RateLimitService[0;39m                      : total requests 0 in progress 0 queue size 0 
[32m2025-06-04 | 16:07:14.005[0;39m | [34mINFO [0;39m [[36mapp-(scheduled)-rateLimitLogging-0      [0;39m] [33mo.t.t.s.p.RateLimitService[0;39m                      : total requests 0 in progress 0 queue size 0 
[32m2025-06-04 | 16:07:23.998[0;39m | [34mINFO [0;39m [[36mapp-(scheduled)-rateLimitLogging-0      [0;39m] [33mo.t.t.s.p.RateLimitService[0;39m                      : total requests 0 in progress 0 queue size 0 
[32m2025-06-04 | 16:07:34.006[0;39m | [34mINFO [0;39m [[36mapp-(scheduled)-rateLimitLogging-0      [0;39m] [33mo.t.t.s.p.RateLimitService[0;39m                      : total requests 0 in progress 0 queue size 0 
[32m2025-06-04 | 16:07:43.999[0;39m | [34mINFO [0;39m [[36mapp-(scheduled)-rateLimitLogging-0      [0;39m] [33mo.t.t.s.p.RateLimitService[0;39m                      : total requests 0 in progress 0 queue size 0 
[32m2025-06-04 | 16:07:53.998[0;39m | [34mINFO [0;39m [[36mapp-(scheduled)-rateLimitLogging-0      [0;39m] [33mo.t.t.s.p.RateLimitService[0;39m                      : total requests 0 in progress 0 queue size 0 
[32m2025-06-04 | 16:08:04.002[0;39m | [34mINFO [0;39m [[36mapp-(scheduled)-rateLimitLogging-0      [0;39m] [33mo.t.t.s.p.RateLimitService[0;39m                      : total requests 0 in progress 0 queue size 0 
[32m2025-06-04 | 16:08:14.004[0;39m | [34mINFO [0;39m [[36mapp-(scheduled)-rateLimitLogging-0      [0;39m] [33mo.t.t.s.p.RateLimitService[0;39m                      : total requests 0 in progress 0 queue size 0 
[32m2025-06-04 | 16:08:23.999[0;39m | [34mINFO [0;39m [[36mapp-(scheduled)-rateLimitLogging-0      [0;39m] [33mo.t.t.s.p.RateLimitService[0;39m                      : total requests 0 in progress 0 queue size 0 
[32m2025-06-04 | 16:08:34.002[0;39m | [34mINFO [0;39m [[36mapp-(scheduled)-rateLimitLogging-0      [0;39m] [33mo.t.t.s.p.RateLimitService[0;39m                      : total requests 0 in progress 0 queue size 0 
[32m2025-06-04 | 16:08:44.000[0;39m | [34mINFO [0;39m [[36mapp-(scheduled)-rateLimitLogging-0      [0;39m] [33mo.t.t.s.p.RateLimitService[0;39m                      : total requests 0 in progress 0 queue size 0 
[32m2025-06-04 | 16:08:53.995[0;39m | [34mINFO [0;39m [[36mapp-(scheduled)-rateLimitLogging-0      [0;39m] [33mo.t.t.s.p.RateLimitService[0;39m                      : total requests 0 in progress 0 queue size 0 
[32m2025-06-04 | 16:09:04.002[0;39m | [34mINFO [0;39m [[36mapp-(scheduled)-rateLimitLogging-0      [0;39m] [33mo.t.t.s.p.RateLimitService[0;39m                      : total requests 0 in progress 0 queue size 0 
[32m2025-06-04 | 16:09:14.001[0;39m | [34mINFO [0;39m [[36mapp-(scheduled)-rateLimitLogging-0      [0;39m] [33mo.t.t.s.p.RateLimitService[0;39m                      : total requests 0 in progress 0 queue size 0 
[32m2025-06-04 | 16:09:23.995[0;39m | [34mINFO [0;39m [[36mapp-(scheduled)-rateLimitLogging-0      [0;39m] [33mo.t.t.s.p.RateLimitService[0;39m                      : total requests 0 in progress 0 queue size 0 
[32m2025-06-04 | 16:09:33.999[0;39m | [34mINFO [0;39m [[36mapp-(scheduled)-rateLimitLogging-0      [0;39m] [33mo.t.t.s.p.RateLimitService[0;39m                      : total requests 0 in progress 0 queue size 0 
[32m2025-06-04 | 16:09:44.002[0;39m | [34mINFO [0;39m [[36mapp-(scheduled)-rateLimitLogging-0      [0;39m] [33mo.t.t.s.p.RateLimitService[0;39m                      : total requests 0 in progress 0 queue size 0 
[32m2025-06-04 | 16:09:53.997[0;39m | [34mINFO [0;39m [[36mapp-(scheduled)-rateLimitLogging-0      [0;39m] [33mo.t.t.s.p.RateLimitService[0;39m                      : total requests 0 in progress 0 queue size 0 
[32m2025-06-04 | 16:10:03.998[0;39m | [34mINFO [0;39m [[36mapp-(scheduled)-rateLimitLogging-0      [0;39m] [33mo.t.t.s.p.RateLimitService[0;39m                      : total requests 0 in progress 0 queue size 0 
[32m2025-06-04 | 16:10:13.994[0;39m | [34mINFO [0;39m [[36mapp-(scheduled)-rateLimitLogging-0      [0;39m] [33mo.t.t.s.p.RateLimitService[0;39m                      : total requests 0 in progress 0 queue size 0 
[32m2025-06-04 | 16:10:24.005[0;39m | [34mINFO [0;39m [[36mapp-(scheduled)-rateLimitLogging-0      [0;39m] [33mo.t.t.s.p.RateLimitService[0;39m                      : total requests 0 in progress 0 queue size 0 
[32m2025-06-04 | 16:10:34.002[0;39m | [34mINFO [0;39m [[36mapp-(scheduled)-rateLimitLogging-0      [0;39m] [33mo.t.t.s.p.RateLimitService[0;39m                      : total requests 0 in progress 0 queue size 0 
[32m2025-06-04 | 16:10:43.997[0;39m | [34mINFO [0;39m [[36mapp-(scheduled)-rateLimitLogging-0      [0;39m] [33mo.t.t.s.p.RateLimitService[0;39m                      : total requests 0 in progress 0 queue size 0 
[32m2025-06-04 | 16:10:53.996[0;39m | [34mINFO [0;39m [[36mapp-(scheduled)-rateLimitLogging-0      [0;39m] [33mo.t.t.s.p.RateLimitService[0;39m                      : total requests 0 in progress 0 queue size 0 
[32m2025-06-04 | 16:11:04.005[0;39m | [34mINFO [0;39m [[36mapp-(scheduled)-rateLimitLogging-0      [0;39m] [33mo.t.t.s.p.RateLimitService[0;39m                      : total requests 0 in progress 0 queue size 0 
[32m2025-06-04 | 16:11:14.000[0;39m | [34mINFO [0;39m [[36mapp-(scheduled)-rateLimitLogging-0      [0;39m] [33mo.t.t.s.p.RateLimitService[0;39m                      : total requests 0 in progress 0 queue size 0 
[32m2025-06-04 | 16:11:23.991[0;39m | [34mINFO [0;39m [[36mapp-(scheduled)-rateLimitLogging-0      [0;39m] [33mo.t.t.s.p.RateLimitService[0;39m                      : total requests 0 in progress 0 queue size 0 
[32m2025-06-04 | 16:11:34.005[0;39m | [34mINFO [0;39m [[36mapp-(scheduled)-rateLimitLogging-0      [0;39m] [33mo.t.t.s.p.RateLimitService[0;39m                      : total requests 0 in progress 0 queue size 0 
[32m2025-06-04 | 16:11:43.996[0;39m | [34mINFO [0;39m [[36mapp-(scheduled)-rateLimitLogging-0      [0;39m] [33mo.t.t.s.p.RateLimitService[0;39m                      : total requests 0 in progress 0 queue size 0 
[32m2025-06-04 | 16:11:53.991[0;39m | [34mINFO [0;39m [[36mapp-(scheduled)-rateLimitLogging-0      [0;39m] [33mo.t.t.s.p.RateLimitService[0;39m                      : total requests 0 in progress 0 queue size 0 
[32m2025-06-04 | 16:12:03.992[0;39m | [34mINFO [0;39m [[36mapp-(scheduled)-rateLimitLogging-0      [0;39m] [33mo.t.t.s.p.RateLimitService[0;39m                      : total requests 0 in progress 0 queue size 0 
[32m2025-06-04 | 16:12:14.013[0;39m | [34mINFO [0;39m [[36mapp-(scheduled)-rateLimitLogging-0      [0;39m] [33mo.t.t.s.p.RateLimitService[0;39m                      : total requests 0 in progress 0 queue size 0 
[32m2025-06-04 | 16:12:23.993[0;39m | [34mINFO [0;39m [[36mapp-(scheduled)-rateLimitLogging-0      [0;39m] [33mo.t.t.s.p.RateLimitService[0;39m                      : total requests 0 in progress 0 queue size 0 
[32m2025-06-04 | 16:12:34.006[0;39m | [34mINFO [0;39m [[36mapp-(scheduled)-rateLimitLogging-0      [0;39m] [33mo.t.t.s.p.RateLimitService[0;39m                      : total requests 0 in progress 0 queue size 0 
[32m2025-06-04 | 16:12:43.992[0;39m | [34mINFO [0;39m [[36mapp-(scheduled)-rateLimitLogging-0      [0;39m] [33mo.t.t.s.p.RateLimitService[0;39m                      : total requests 0 in progress 0 queue size 0 
[32m2025-06-04 | 16:12:53.992[0;39m | [34mINFO [0;39m [[36mapp-(scheduled)-rateLimitLogging-0      [0;39m] [33mo.t.t.s.p.RateLimitService[0;39m                      : total requests 0 in progress 0 queue size 0 
[32m2025-06-04 | 16:13:03.996[0;39m | [34mINFO [0;39m [[36mapp-(scheduled)-rateLimitLogging-0      [0;39m] [33mo.t.t.s.p.RateLimitService[0;39m                      : total requests 0 in progress 0 queue size 0 
[32m2025-06-04 | 16:13:13.994[0;39m | [34mINFO [0;39m [[36mapp-(scheduled)-rateLimitLogging-0      [0;39m] [33mo.t.t.s.p.RateLimitService[0;39m                      : total requests 0 in progress 0 queue size 0 
[32m2025-06-04 | 16:13:24.000[0;39m | [34mINFO [0;39m [[36mapp-(scheduled)-rateLimitLogging-0      [0;39m] [33mo.t.t.s.p.RateLimitService[0;39m                      : total requests 0 in progress 0 queue size 0 
[32m2025-06-04 | 16:13:33.992[0;39m | [34mINFO [0;39m [[36mapp-(scheduled)-rateLimitLogging-0      [0;39m] [33mo.t.t.s.p.RateLimitService[0;39m                      : total requests 0 in progress 0 queue size 0 
[32m2025-06-04 | 16:13:43.994[0;39m | [34mINFO [0;39m [[36mapp-(scheduled)-rateLimitLogging-0      [0;39m] [33mo.t.t.s.p.RateLimitService[0;39m                      : total requests 0 in progress 0 queue size 0 
[32m2025-06-04 | 16:13:54.002[0;39m | [34mINFO [0;39m [[36mapp-(scheduled)-rateLimitLogging-0      [0;39m] [33mo.t.t.s.p.RateLimitService[0;39m                      : total requests 0 in progress 0 queue size 0 
[32m2025-06-04 | 16:14:04.016[0;39m | [34mINFO [0;39m [[36mapp-(scheduled)-rateLimitLogging-0      [0;39m] [33mo.t.t.s.p.RateLimitService[0;39m                      : total requests 0 in progress 0 queue size 0 
[32m2025-06-04 | 16:14:13.994[0;39m | [34mINFO [0;39m [[36mapp-(scheduled)-rateLimitLogging-0      [0;39m] [33mo.t.t.s.p.RateLimitService[0;39m                      : total requests 0 in progress 0 queue size 0 
[32m2025-06-04 | 16:14:23.999[0;39m | [34mINFO [0;39m [[36mapp-(scheduled)-rateLimitLogging-0      [0;39m] [33mo.t.t.s.p.RateLimitService[0;39m                      : total requests 0 in progress 0 queue size 0 
[32m2025-06-04 | 16:14:33.991[0;39m | [34mINFO [0;39m [[36mapp-(scheduled)-rateLimitLogging-0      [0;39m] [33mo.t.t.s.p.RateLimitService[0;39m                      : total requests 0 in progress 0 queue size 0 
[32m2025-06-04 | 16:14:44.000[0;39m | [34mINFO [0;39m [[36mapp-(scheduled)-rateLimitLogging-0      [0;39m] [33mo.t.t.s.p.RateLimitService[0;39m                      : total requests 0 in progress 0 queue size 0 
[32m2025-06-04 | 16:14:53.994[0;39m | [34mINFO [0;39m [[36mapp-(scheduled)-rateLimitLogging-0      [0;39m] [33mo.t.t.s.p.RateLimitService[0;39m                      : total requests 0 in progress 0 queue size 0 
[32m2025-06-04 | 16:15:03.991[0;39m | [34mINFO [0;39m [[36mapp-(scheduled)-rateLimitLogging-0      [0;39m] [33mo.t.t.s.p.RateLimitService[0;39m                      : total requests 0 in progress 0 queue size 0 
[32m2025-06-04 | 16:15:14.004[0;39m | [34mINFO [0;39m [[36mapp-(scheduled)-rateLimitLogging-0      [0;39m] [33mo.t.t.s.p.RateLimitService[0;39m                      : total requests 0 in progress 0 queue size 0 
[32m2025-06-04 | 16:15:23.992[0;39m | [34mINFO [0;39m [[36mapp-(scheduled)-rateLimitLogging-0      [0;39m] [33mo.t.t.s.p.RateLimitService[0;39m                      : total requests 0 in progress 0 queue size 0 
[32m2025-06-04 | 16:15:33.999[0;39m | [34mINFO [0;39m [[36mapp-(scheduled)-rateLimitLogging-0      [0;39m] [33mo.t.t.s.p.RateLimitService[0;39m                      : total requests 0 in progress 0 queue size 0 
[32m2025-06-04 | 16:15:44.004[0;39m | [34mINFO [0;39m [[36mapp-(scheduled)-rateLimitLogging-0      [0;39m] [33mo.t.t.s.p.RateLimitService[0;39m                      : total requests 0 in progress 0 queue size 0 
[32m2025-06-04 | 16:15:53.994[0;39m | [34mINFO [0;39m [[36mapp-(scheduled)-rateLimitLogging-0      [0;39m] [33mo.t.t.s.p.RateLimitService[0;39m                      : total requests 0 in progress 0 queue size 0 
[32m2025-06-04 | 16:16:03.999[0;39m | [34mINFO [0;39m [[36mapp-(scheduled)-rateLimitLogging-0      [0;39m] [33mo.t.t.s.p.RateLimitService[0;39m                      : total requests 0 in progress 0 queue size 0 
[32m2025-06-04 | 16:16:14.000[0;39m | [34mINFO [0;39m [[36mapp-(scheduled)-rateLimitLogging-0      [0;39m] [33mo.t.t.s.p.RateLimitService[0;39m                      : total requests 0 in progress 0 queue size 0 
[32m2025-06-04 | 16:16:23.995[0;39m | [34mINFO [0;39m [[36mapp-(scheduled)-rateLimitLogging-0      [0;39m] [33mo.t.t.s.p.RateLimitService[0;39m                      : total requests 0 in progress 0 queue size 0 
[32m2025-06-04 | 16:16:33.996[0;39m | [34mINFO [0;39m [[36mapp-(scheduled)-rateLimitLogging-0      [0;39m] [33mo.t.t.s.p.RateLimitService[0;39m                      : total requests 0 in progress 0 queue size 0 
[32m2025-06-04 | 16:16:43.998[0;39m | [34mINFO [0;39m [[36mapp-(scheduled)-rateLimitLogging-0      [0;39m] [33mo.t.t.s.p.RateLimitService[0;39m                      : total requests 0 in progress 0 queue size 0 
[32m2025-06-04 | 16:16:53.991[0;39m | [34mINFO [0;39m [[36mapp-(scheduled)-rateLimitLogging-0      [0;39m] [33mo.t.t.s.p.RateLimitService[0;39m                      : total requests 0 in progress 0 queue size 0 
[32m2025-06-04 | 16:17:03.996[0;39m | [34mINFO [0;39m [[36mapp-(scheduled)-rateLimitLogging-0      [0;39m] [33mo.t.t.s.p.RateLimitService[0;39m                      : total requests 0 in progress 0 queue size 0 
[32m2025-06-04 | 16:17:13.994[0;39m | [34mINFO [0;39m [[36mapp-(scheduled)-rateLimitLogging-0      [0;39m] [33mo.t.t.s.p.RateLimitService[0;39m                      : total requests 0 in progress 0 queue size 0 
[32m2025-06-04 | 16:17:24.001[0;39m | [34mINFO [0;39m [[36mapp-(scheduled)-rateLimitLogging-0      [0;39m] [33mo.t.t.s.p.RateLimitService[0;39m                      : total requests 0 in progress 0 queue size 0 
[32m2025-06-04 | 16:17:33.996[0;39m | [34mINFO [0;39m [[36mapp-(scheduled)-rateLimitLogging-0      [0;39m] [33mo.t.t.s.p.RateLimitService[0;39m                      : total requests 0 in progress 0 queue size 0 
[32m2025-06-04 | 16:17:43.999[0;39m | [34mINFO [0;39m [[36mapp-(scheduled)-rateLimitLogging-0      [0;39m] [33mo.t.t.s.p.RateLimitService[0;39m                      : total requests 0 in progress 0 queue size 0 
[32m2025-06-04 | 16:17:53.994[0;39m | [34mINFO [0;39m [[36mapp-(scheduled)-rateLimitLogging-0      [0;39m] [33mo.t.t.s.p.RateLimitService[0;39m                      : total requests 0 in progress 0 queue size 0 
[32m2025-06-04 | 16:18:03.994[0;39m | [34mINFO [0;39m [[36mapp-(scheduled)-rateLimitLogging-0      [0;39m] [33mo.t.t.s.p.RateLimitService[0;39m                      : total requests 0 in progress 0 queue size 0 
[32m2025-06-04 | 16:18:13.997[0;39m | [34mINFO [0;39m [[36mapp-(scheduled)-rateLimitLogging-0      [0;39m] [33mo.t.t.s.p.RateLimitService[0;39m                      : total requests 0 in progress 0 queue size 0 
[32m2025-06-04 | 16:18:24.005[0;39m | [34mINFO [0;39m [[36mapp-(scheduled)-rateLimitLogging-0      [0;39m] [33mo.t.t.s.p.RateLimitService[0;39m                      : total requests 0 in progress 0 queue size 0 
[32m2025-06-04 | 16:18:33.997[0;39m | [34mINFO [0;39m [[36mapp-(scheduled)-rateLimitLogging-0      [0;39m] [33mo.t.t.s.p.RateLimitService[0;39m                      : total requests 0 in progress 0 queue size 0 
[32m2025-06-04 | 16:18:44.000[0;39m | [34mINFO [0;39m [[36mapp-(scheduled)-rateLimitLogging-0      [0;39m] [33mo.t.t.s.p.RateLimitService[0;39m                      : total requests 0 in progress 0 queue size 0 
[32m2025-06-04 | 16:18:53.995[0;39m | [34mINFO [0;39m [[36mapp-(scheduled)-rateLimitLogging-0      [0;39m] [33mo.t.t.s.p.RateLimitService[0;39m                      : total requests 0 in progress 0 queue size 0 
[32m2025-06-04 | 16:19:04.005[0;39m | [34mINFO [0;39m [[36mapp-(scheduled)-rateLimitLogging-0      [0;39m] [33mo.t.t.s.p.RateLimitService[0;39m                      : total requests 0 in progress 0 queue size 0 
[32m2025-06-04 | 16:19:14.002[0;39m | [34mINFO [0;39m [[36mapp-(scheduled)-rateLimitLogging-0      [0;39m] [33mo.t.t.s.p.RateLimitService[0;39m                      : total requests 0 in progress 0 queue size 0 
[32m2025-06-04 | 16:19:23.994[0;39m | [34mINFO [0;39m [[36mapp-(scheduled)-rateLimitLogging-0      [0;39m] [33mo.t.t.s.p.RateLimitService[0;39m                      : total requests 0 in progress 0 queue size 0 
[32m2025-06-04 | 16:19:33.991[0;39m | [34mINFO [0;39m [[36mapp-(scheduled)-rateLimitLogging-0      [0;39m] [33mo.t.t.s.p.RateLimitService[0;39m                      : total requests 0 in progress 0 queue size 0 
[32m2025-06-04 | 16:19:43.994[0;39m | [34mINFO [0;39m [[36mapp-(scheduled)-rateLimitLogging-0      [0;39m] [33mo.t.t.s.p.RateLimitService[0;39m                      : total requests 0 in progress 0 queue size 0 
[32m2025-06-04 | 16:19:53.991[0;39m | [34mINFO [0;39m [[36mapp-(scheduled)-rateLimitLogging-0      [0;39m] [33mo.t.t.s.p.RateLimitService[0;39m                      : total requests 0 in progress 0 queue size 0 
[32m2025-06-04 | 16:20:03.991[0;39m | [34mINFO [0;39m [[36mapp-(scheduled)-rateLimitLogging-0      [0;39m] [33mo.t.t.s.p.RateLimitService[0;39m                      : total requests 0 in progress 0 queue size 0 
[32m2025-06-04 | 16:20:14.000[0;39m | [34mINFO [0;39m [[36mapp-(scheduled)-rateLimitLogging-0      [0;39m] [33mo.t.t.s.p.RateLimitService[0;39m                      : total requests 0 in progress 0 queue size 0 
[32m2025-06-04 | 16:20:23.992[0;39m | [34mINFO [0;39m [[36mapp-(scheduled)-rateLimitLogging-0      [0;39m] [33mo.t.t.s.p.RateLimitService[0;39m                      : total requests 0 in progress 0 queue size 0 
[32m2025-06-04 | 16:20:33.997[0;39m | [34mINFO [0;39m [[36mapp-(scheduled)-rateLimitLogging-0      [0;39m] [33mo.t.t.s.p.RateLimitService[0;39m                      : total requests 0 in progress 0 queue size 0 
[32m2025-06-04 | 16:20:43.997[0;39m | [34mINFO [0;39m [[36mapp-(scheduled)-rateLimitLogging-0      [0;39m] [33mo.t.t.s.p.RateLimitService[0;39m                      : total requests 0 in progress 0 queue size 0 
[32m2025-06-04 | 16:20:53.991[0;39m | [34mINFO [0;39m [[36mapp-(scheduled)-rateLimitLogging-0      [0;39m] [33mo.t.t.s.p.RateLimitService[0;39m                      : total requests 0 in progress 0 queue size 0 
[32m2025-06-04 | 16:21:03.993[0;39m | [34mINFO [0;39m [[36mapp-(scheduled)-rateLimitLogging-0      [0;39m] [33mo.t.t.s.p.RateLimitService[0;39m                      : total requests 0 in progress 0 queue size 0 
[32m2025-06-04 | 16:21:13.997[0;39m | [34mINFO [0;39m [[36mapp-(scheduled)-rateLimitLogging-0      [0;39m] [33mo.t.t.s.p.RateLimitService[0;39m                      : total requests 0 in progress 0 queue size 0 
[32m2025-06-04 | 16:21:24.000[0;39m | [34mINFO [0;39m [[36mapp-(scheduled)-rateLimitLogging-0      [0;39m] [33mo.t.t.s.p.RateLimitService[0;39m                      : total requests 0 in progress 0 queue size 0 
[32m2025-06-04 | 16:21:34.005[0;39m | [34mINFO [0;39m [[36mapp-(scheduled)-rateLimitLogging-0      [0;39m] [33mo.t.t.s.p.RateLimitService[0;39m                      : total requests 0 in progress 0 queue size 0 
[32m2025-06-04 | 16:21:44.005[0;39m | [34mINFO [0;39m [[36mapp-(scheduled)-rateLimitLogging-0      [0;39m] [33mo.t.t.s.p.RateLimitService[0;39m                      : total requests 0 in progress 0 queue size 0 
[32m2025-06-04 | 16:21:53.995[0;39m | [34mINFO [0;39m [[36mapp-(scheduled)-rateLimitLogging-0      [0;39m] [33mo.t.t.s.p.RateLimitService[0;39m                      : total requests 0 in progress 0 queue size 0 
[32m2025-06-04 | 16:22:03.996[0;39m | [34mINFO [0;39m [[36mapp-(scheduled)-rateLimitLogging-0      [0;39m] [33mo.t.t.s.p.RateLimitService[0;39m                      : total requests 0 in progress 0 queue size 0 
[32m2025-06-04 | 16:22:14.002[0;39m | [34mINFO [0;39m [[36mapp-(scheduled)-rateLimitLogging-0      [0;39m] [33mo.t.t.s.p.RateLimitService[0;39m                      : total requests 0 in progress 0 queue size 0 
[32m2025-06-04 | 16:22:23.991[0;39m | [34mINFO [0;39m [[36mapp-(scheduled)-rateLimitLogging-0      [0;39m] [33mo.t.t.s.p.RateLimitService[0;39m                      : total requests 0 in progress 0 queue size 0 
[32m2025-06-04 | 16:22:34.004[0;39m | [34mINFO [0;39m [[36mapp-(scheduled)-rateLimitLogging-0      [0;39m] [33mo.t.t.s.p.RateLimitService[0;39m                      : total requests 0 in progress 0 queue size 0 
[32m2025-06-04 | 16:22:44.002[0;39m | [34mINFO [0;39m [[36mapp-(scheduled)-rateLimitLogging-0      [0;39m] [33mo.t.t.s.p.RateLimitService[0;39m                      : total requests 0 in progress 0 queue size 0 
[32m2025-06-04 | 16:22:53.997[0;39m | [34mINFO [0;39m [[36mapp-(scheduled)-rateLimitLogging-0      [0;39m] [33mo.t.t.s.p.RateLimitService[0;39m                      : total requests 0 in progress 0 queue size 0 
[32m2025-06-04 | 16:23:03.992[0;39m | [34mINFO [0;39m [[36mapp-(scheduled)-rateLimitLogging-0      [0;39m] [33mo.t.t.s.p.RateLimitService[0;39m                      : total requests 0 in progress 0 queue size 0 
[32m2025-06-04 | 16:23:13.993[0;39m | [34mINFO [0;39m [[36mapp-(scheduled)-rateLimitLogging-0      [0;39m] [33mo.t.t.s.p.RateLimitService[0;39m                      : total requests 0 in progress 0 queue size 0 
[32m2025-06-04 | 16:23:23.999[0;39m | [34mINFO [0;39m [[36mapp-(scheduled)-rateLimitLogging-0      [0;39m] [33mo.t.t.s.p.RateLimitService[0;39m                      : total requests 0 in progress 0 queue size 0 
[32m2025-06-04 | 16:23:33.996[0;39m | [34mINFO [0;39m [[36mapp-(scheduled)-rateLimitLogging-0      [0;39m] [33mo.t.t.s.p.RateLimitService[0;39m                      : total requests 0 in progress 0 queue size 0 
[32m2025-06-04 | 16:23:43.994[0;39m | [34mINFO [0;39m [[36mapp-(scheduled)-rateLimitLogging-0      [0;39m] [33mo.t.t.s.p.RateLimitService[0;39m                      : total requests 0 in progress 0 queue size 0 
[32m2025-06-04 | 16:23:53.999[0;39m | [34mINFO [0;39m [[36mapp-(scheduled)-rateLimitLogging-0      [0;39m] [33mo.t.t.s.p.RateLimitService[0;39m                      : total requests 0 in progress 0 queue size 0 
[32m2025-06-04 | 16:24:03.995[0;39m | [34mINFO [0;39m [[36mapp-(scheduled)-rateLimitLogging-0      [0;39m] [33mo.t.t.s.p.RateLimitService[0;39m                      : total requests 0 in progress 0 queue size 0 
[32m2025-06-04 | 16:24:13.991[0;39m | [34mINFO [0;39m [[36mapp-(scheduled)-rateLimitLogging-0      [0;39m] [33mo.t.t.s.p.RateLimitService[0;39m                      : total requests 0 in progress 0 queue size 0 
[32m2025-06-04 | 16:24:24.003[0;39m | [34mINFO [0;39m [[36mapp-(scheduled)-rateLimitLogging-0      [0;39m] [33mo.t.t.s.p.RateLimitService[0;39m                      : total requests 0 in progress 0 queue size 0 
[32m2025-06-04 | 16:24:34.000[0;39m | [34mINFO [0;39m [[36mapp-(scheduled)-rateLimitLogging-0      [0;39m] [33mo.t.t.s.p.RateLimitService[0;39m                      : total requests 0 in progress 0 queue size 0 
[32m2025-06-04 | 16:24:43.994[0;39m | [34mINFO [0;39m [[36mapp-(scheduled)-rateLimitLogging-0      [0;39m] [33mo.t.t.s.p.RateLimitService[0;39m                      : total requests 0 in progress 0 queue size 0 
[32m2025-06-04 | 16:24:54.000[0;39m | [34mINFO [0;39m [[36mapp-(scheduled)-rateLimitLogging-0      [0;39m] [33mo.t.t.s.p.RateLimitService[0;39m                      : total requests 0 in progress 0 queue size 0 
[32m2025-06-04 | 16:25:03.995[0;39m | [34mINFO [0;39m [[36mapp-(scheduled)-rateLimitLogging-0      [0;39m] [33mo.t.t.s.p.RateLimitService[0;39m                      : total requests 0 in progress 0 queue size 0 
[32m2025-06-04 | 16:25:14.005[0;39m | [34mINFO [0;39m [[36mapp-(scheduled)-rateLimitLogging-0      [0;39m] [33mo.t.t.s.p.RateLimitService[0;39m                      : total requests 0 in progress 0 queue size 0 
[32m2025-06-04 | 16:25:23.995[0;39m | [34mINFO [0;39m [[36mapp-(scheduled)-rateLimitLogging-0      [0;39m] [33mo.t.t.s.p.RateLimitService[0;39m                      : total requests 0 in progress 0 queue size 0 
[32m2025-06-04 | 16:25:33.996[0;39m | [34mINFO [0;39m [[36mapp-(scheduled)-rateLimitLogging-0      [0;39m] [33mo.t.t.s.p.RateLimitService[0;39m                      : total requests 0 in progress 0 queue size 0 
[32m2025-06-04 | 16:25:44.004[0;39m | [34mINFO [0;39m [[36mapp-(scheduled)-rateLimitLogging-0      [0;39m] [33mo.t.t.s.p.RateLimitService[0;39m                      : total requests 0 in progress 0 queue size 0 
[32m2025-06-04 | 16:25:53.995[0;39m | [34mINFO [0;39m [[36mapp-(scheduled)-rateLimitLogging-0      [0;39m] [33mo.t.t.s.p.RateLimitService[0;39m                      : total requests 0 in progress 0 queue size 0 
[32m2025-06-04 | 16:26:03.992[0;39m | [34mINFO [0;39m [[36mapp-(scheduled)-rateLimitLogging-0      [0;39m] [33mo.t.t.s.p.RateLimitService[0;39m                      : total requests 0 in progress 0 queue size 0 
[32m2025-06-04 | 16:26:13.994[0;39m | [34mINFO [0;39m [[36mapp-(scheduled)-rateLimitLogging-0      [0;39m] [33mo.t.t.s.p.RateLimitService[0;39m                      : total requests 0 in progress 0 queue size 0 
[32m2025-06-04 | 16:26:23.999[0;39m | [34mINFO [0;39m [[36mapp-(scheduled)-rateLimitLogging-0      [0;39m] [33mo.t.t.s.p.RateLimitService[0;39m                      : total requests 0 in progress 0 queue size 0 
[32m2025-06-04 | 16:26:33.992[0;39m | [34mINFO [0;39m [[36mapp-(scheduled)-rateLimitLogging-0      [0;39m] [33mo.t.t.s.p.RateLimitService[0;39m                      : total requests 0 in progress 0 queue size 0 
[32m2025-06-04 | 16:26:44.000[0;39m | [34mINFO [0;39m [[36mapp-(scheduled)-rateLimitLogging-0      [0;39m] [33mo.t.t.s.p.RateLimitService[0;39m                      : total requests 0 in progress 0 queue size 0 
[32m2025-06-04 | 16:26:54.002[0;39m | [34mINFO [0;39m [[36mapp-(scheduled)-rateLimitLogging-0      [0;39m] [33mo.t.t.s.p.RateLimitService[0;39m                      : total requests 0 in progress 0 queue size 0 
[32m2025-06-04 | 16:27:04.003[0;39m | [34mINFO [0;39m [[36mapp-(scheduled)-rateLimitLogging-0      [0;39m] [33mo.t.t.s.p.RateLimitService[0;39m                      : total requests 0 in progress 0 queue size 0 
[32m2025-06-04 | 16:27:14.001[0;39m | [34mINFO [0;39m [[36mapp-(scheduled)-rateLimitLogging-0      [0;39m] [33mo.t.t.s.p.RateLimitService[0;39m                      : total requests 0 in progress 0 queue size 0 
[32m2025-06-04 | 16:27:24.003[0;39m | [34mINFO [0;39m [[36mapp-(scheduled)-rateLimitLogging-0      [0;39m] [33mo.t.t.s.p.RateLimitService[0;39m                      : total requests 0 in progress 0 queue size 0 
[32m2025-06-04 | 16:27:34.005[0;39m | [34mINFO [0;39m [[36mapp-(scheduled)-rateLimitLogging-0      [0;39m] [33mo.t.t.s.p.RateLimitService[0;39m                      : total requests 0 in progress 0 queue size 0 
[32m2025-06-04 | 16:27:44.003[0;39m | [34mINFO [0;39m [[36mapp-(scheduled)-rateLimitLogging-0      [0;39m] [33mo.t.t.s.p.RateLimitService[0;39m                      : total requests 0 in progress 0 queue size 0 
[32m2025-06-04 | 16:27:53.995[0;39m | [34mINFO [0;39m [[36mapp-(scheduled)-rateLimitLogging-0      [0;39m] [33mo.t.t.s.p.RateLimitService[0;39m                      : total requests 0 in progress 0 queue size 0 
[32m2025-06-04 | 16:28:03.992[0;39m | [34mINFO [0;39m [[36mapp-(scheduled)-rateLimitLogging-0      [0;39m] [33mo.t.t.s.p.RateLimitService[0;39m                      : total requests 0 in progress 0 queue size 0 
[32m2025-06-04 | 16:28:14.002[0;39m | [34mINFO [0;39m [[36mapp-(scheduled)-rateLimitLogging-0      [0;39m] [33mo.t.t.s.p.RateLimitService[0;39m                      : total requests 0 in progress 0 queue size 0 
[32m2025-06-04 | 16:28:23.997[0;39m | [34mINFO [0;39m [[36mapp-(scheduled)-rateLimitLogging-0      [0;39m] [33mo.t.t.s.p.RateLimitService[0;39m                      : total requests 0 in progress 0 queue size 0 
[32m2025-06-04 | 16:28:30.853[0;39m | [34mINFO [0;39m [[36mpool-35-thread-1                        [0;39m] [33mo.t.l.c.TbLicenseClient[0;39m                         : Executed checkInstance method. 
[32m2025-06-04 | 16:28:30.854[0;39m | [34mINFO [0;39m [[36mpool-35-thread-1                        [0;39m] [33mo.t.l.c.TbLicenseClient[0;39m                         : instanceId: [I8XPdcC3hX4YpeAjrHtd] 
[32m2025-06-04 | 16:28:30.855[0;39m | [34mINFO [0;39m [[36mpool-35-thread-1                        [0;39m] [33mo.t.l.c.TbLicenseClient[0;39m                         : planData: {
  "asset_count" : {
    "value" : 10,
    "description" : "The maximum number of assets"
  },
  "device_count" : {
    "value" : 10,
    "description" : "The maximum number of devices"
  }
} 
[32m2025-06-04 | 16:28:31.084[0;39m | [34mINFO [0;39m [[36mpool-35-thread-1                        [0;39m] [33mo.t.l.c.TbLicenseClient[0;39m                         : Executed checkInstance method. 
[32m2025-06-04 | 16:28:31.084[0;39m | [34mINFO [0;39m [[36mpool-35-thread-1                        [0;39m] [33mo.t.l.c.TbLicenseClient[0;39m                         : instanceId: [I8XPdcC3hX4YpeAjrHtd] 
[32m2025-06-04 | 16:28:31.086[0;39m | [34mINFO [0;39m [[36mpool-35-thread-1                        [0;39m] [33mo.t.l.c.TbLicenseClient[0;39m                         : planData: {
  "asset_count" : {
    "value" : 10,
    "description" : "The maximum number of assets"
  },
  "device_count" : {
    "value" : 10,
    "description" : "The maximum number of devices"
  }
} 
[32m2025-06-04 | 16:28:34.004[0;39m | [34mINFO [0;39m [[36mapp-(scheduled)-rateLimitLogging-0      [0;39m] [33mo.t.t.s.p.RateLimitService[0;39m                      : total requests 0 in progress 0 queue size 0 
[32m2025-06-04 | 16:28:44.000[0;39m | [34mINFO [0;39m [[36mapp-(scheduled)-rateLimitLogging-0      [0;39m] [33mo.t.t.s.p.RateLimitService[0;39m                      : total requests 0 in progress 0 queue size 0 
[32m2025-06-04 | 16:28:53.999[0;39m | [34mINFO [0;39m [[36mapp-(scheduled)-rateLimitLogging-0      [0;39m] [33mo.t.t.s.p.RateLimitService[0;39m                      : total requests 0 in progress 0 queue size 0 
[32m2025-06-04 | 16:29:03.994[0;39m | [34mINFO [0;39m [[36mapp-(scheduled)-rateLimitLogging-0      [0;39m] [33mo.t.t.s.p.RateLimitService[0;39m                      : total requests 0 in progress 0 queue size 0 
[32m2025-06-04 | 16:29:13.994[0;39m | [34mINFO [0;39m [[36mapp-(scheduled)-rateLimitLogging-0      [0;39m] [33mo.t.t.s.p.RateLimitService[0;39m                      : total requests 0 in progress 0 queue size 0 
[32m2025-06-04 | 16:29:23.995[0;39m | [34mINFO [0;39m [[36mapp-(scheduled)-rateLimitLogging-0      [0;39m] [33mo.t.t.s.p.RateLimitService[0;39m                      : total requests 0 in progress 0 queue size 0 
[32m2025-06-04 | 16:29:34.002[0;39m | [34mINFO [0;39m [[36mapp-(scheduled)-rateLimitLogging-0      [0;39m] [33mo.t.t.s.p.RateLimitService[0;39m                      : total requests 0 in progress 0 queue size 0 
[32m2025-06-04 | 16:29:40.046[0;39m | [34mINFO [0;39m [[36mMessageBroker-2                         [0;39m] [33mo.s.w.s.c.WebSocketMessageBrokerStats[0;39m           : WebSocketSession[0 current WS(0)-HttpStream(0)-HttpPoll(0), 0 total, 0 closed abnormally (0 connect failure, 0 send limit, 0 transport error)], stompSubProtocol[processed CONNECT(0)-CONNECTED(0)-DISCONNECT(0)], stompBrokerRelay[null], inboundChannel[pool size = 0, active threads = 0, queued tasks = 0, completed tasks = 0], outboundChannel[pool size = 0, active threads = 0, queued tasks = 0, completed tasks = 0], sockJsScheduler[pool size = 5, active threads = 1, queued tasks = 1, completed tasks = 3] 
[32m2025-06-04 | 16:29:44.006[0;39m | [34mINFO [0;39m [[36mapp-(scheduled)-rateLimitLogging-0      [0;39m] [33mo.t.t.s.p.RateLimitService[0;39m                      : total requests 0 in progress 0 queue size 0 
[32m2025-06-04 | 16:29:53.998[0;39m | [34mINFO [0;39m [[36mapp-(scheduled)-rateLimitLogging-0      [0;39m] [33mo.t.t.s.p.RateLimitService[0;39m                      : total requests 0 in progress 0 queue size 0 
[32m2025-06-04 | 16:30:04.002[0;39m | [34mINFO [0;39m [[36mapp-(scheduled)-rateLimitLogging-0      [0;39m] [33mo.t.t.s.p.RateLimitService[0;39m                      : total requests 0 in progress 0 queue size 0 
[32m2025-06-04 | 16:30:13.991[0;39m | [34mINFO [0;39m [[36mapp-(scheduled)-rateLimitLogging-0      [0;39m] [33mo.t.t.s.p.RateLimitService[0;39m                      : total requests 0 in progress 0 queue size 0 
[32m2025-06-04 | 16:30:23.997[0;39m | [34mINFO [0;39m [[36mapp-(scheduled)-rateLimitLogging-0      [0;39m] [33mo.t.t.s.p.RateLimitService[0;39m                      : total requests 0 in progress 0 queue size 0 
[32m2025-06-04 | 16:30:34.000[0;39m | [34mINFO [0;39m [[36mapp-(scheduled)-rateLimitLogging-0      [0;39m] [33mo.t.t.s.p.RateLimitService[0;39m                      : total requests 0 in progress 0 queue size 0 
[32m2025-06-04 | 16:30:43.992[0;39m | [34mINFO [0;39m [[36mapp-(scheduled)-rateLimitLogging-0      [0;39m] [33mo.t.t.s.p.RateLimitService[0;39m                      : total requests 0 in progress 0 queue size 0 
[32m2025-06-04 | 16:30:53.996[0;39m | [34mINFO [0;39m [[36mapp-(scheduled)-rateLimitLogging-0      [0;39m] [33mo.t.t.s.p.RateLimitService[0;39m                      : total requests 0 in progress 0 queue size 0 
[32m2025-06-04 | 16:31:03.999[0;39m | [34mINFO [0;39m [[36mapp-(scheduled)-rateLimitLogging-0      [0;39m] [33mo.t.t.s.p.RateLimitService[0;39m                      : total requests 0 in progress 0 queue size 0 
[32m2025-06-04 | 16:31:13.998[0;39m | [34mINFO [0;39m [[36mapp-(scheduled)-rateLimitLogging-0      [0;39m] [33mo.t.t.s.p.RateLimitService[0;39m                      : total requests 0 in progress 0 queue size 0 
[32m2025-06-04 | 16:31:23.991[0;39m | [34mINFO [0;39m [[36mapp-(scheduled)-rateLimitLogging-0      [0;39m] [33mo.t.t.s.p.RateLimitService[0;39m                      : total requests 0 in progress 0 queue size 0 
[32m2025-06-04 | 16:31:33.995[0;39m | [34mINFO [0;39m [[36mapp-(scheduled)-rateLimitLogging-0      [0;39m] [33mo.t.t.s.p.RateLimitService[0;39m                      : total requests 0 in progress 0 queue size 0 
[32m2025-06-04 | 16:31:43.998[0;39m | [34mINFO [0;39m [[36mapp-(scheduled)-rateLimitLogging-0      [0;39m] [33mo.t.t.s.p.RateLimitService[0;39m                      : total requests 0 in progress 0 queue size 0 
[32m2025-06-04 | 16:31:54.001[0;39m | [34mINFO [0;39m [[36mapp-(scheduled)-rateLimitLogging-0      [0;39m] [33mo.t.t.s.p.RateLimitService[0;39m                      : total requests 0 in progress 0 queue size 0 
[32m2025-06-04 | 16:32:03.995[0;39m | [34mINFO [0;39m [[36mapp-(scheduled)-rateLimitLogging-0      [0;39m] [33mo.t.t.s.p.RateLimitService[0;39m                      : total requests 0 in progress 0 queue size 0 
[32m2025-06-04 | 16:32:13.993[0;39m | [34mINFO [0;39m [[36mapp-(scheduled)-rateLimitLogging-0      [0;39m] [33mo.t.t.s.p.RateLimitService[0;39m                      : total requests 0 in progress 0 queue size 0 
[32m2025-06-04 | 16:32:24.001[0;39m | [34mINFO [0;39m [[36mapp-(scheduled)-rateLimitLogging-0      [0;39m] [33mo.t.t.s.p.RateLimitService[0;39m                      : total requests 0 in progress 0 queue size 0 
[32m2025-06-04 | 16:32:34.004[0;39m | [34mINFO [0;39m [[36mapp-(scheduled)-rateLimitLogging-0      [0;39m] [33mo.t.t.s.p.RateLimitService[0;39m                      : total requests 0 in progress 0 queue size 0 
[32m2025-06-04 | 16:32:43.994[0;39m | [34mINFO [0;39m [[36mapp-(scheduled)-rateLimitLogging-0      [0;39m] [33mo.t.t.s.p.RateLimitService[0;39m                      : total requests 0 in progress 0 queue size 0 
[32m2025-06-04 | 16:32:54.005[0;39m | [34mINFO [0;39m [[36mapp-(scheduled)-rateLimitLogging-0      [0;39m] [33mo.t.t.s.p.RateLimitService[0;39m                      : total requests 0 in progress 0 queue size 0 
[32m2025-06-04 | 16:33:03.996[0;39m | [34mINFO [0;39m [[36mapp-(scheduled)-rateLimitLogging-0      [0;39m] [33mo.t.t.s.p.RateLimitService[0;39m                      : total requests 0 in progress 0 queue size 0 
[32m2025-06-04 | 16:33:13.996[0;39m | [34mINFO [0;39m [[36mapp-(scheduled)-rateLimitLogging-0      [0;39m] [33mo.t.t.s.p.RateLimitService[0;39m                      : total requests 0 in progress 0 queue size 0 
[32m2025-06-04 | 16:33:23.991[0;39m | [34mINFO [0;39m [[36mapp-(scheduled)-rateLimitLogging-0      [0;39m] [33mo.t.t.s.p.RateLimitService[0;39m                      : total requests 0 in progress 0 queue size 0 
[32m2025-06-04 | 16:33:33.995[0;39m | [34mINFO [0;39m [[36mapp-(scheduled)-rateLimitLogging-0      [0;39m] [33mo.t.t.s.p.RateLimitService[0;39m                      : total requests 0 in progress 0 queue size 0 
[32m2025-06-04 | 16:33:43.993[0;39m | [34mINFO [0;39m [[36mapp-(scheduled)-rateLimitLogging-0      [0;39m] [33mo.t.t.s.p.RateLimitService[0;39m                      : total requests 0 in progress 0 queue size 0 
[32m2025-06-04 | 16:33:53.998[0;39m | [34mINFO [0;39m [[36mapp-(scheduled)-rateLimitLogging-0      [0;39m] [33mo.t.t.s.p.RateLimitService[0;39m                      : total requests 0 in progress 0 queue size 0 
[32m2025-06-04 | 16:34:03.996[0;39m | [34mINFO [0;39m [[36mapp-(scheduled)-rateLimitLogging-0      [0;39m] [33mo.t.t.s.p.RateLimitService[0;39m                      : total requests 0 in progress 0 queue size 0 
[32m2025-06-04 | 16:34:13.994[0;39m | [34mINFO [0;39m [[36mapp-(scheduled)-rateLimitLogging-0      [0;39m] [33mo.t.t.s.p.RateLimitService[0;39m                      : total requests 0 in progress 0 queue size 0 
[32m2025-06-04 | 16:34:24.000[0;39m | [34mINFO [0;39m [[36mapp-(scheduled)-rateLimitLogging-0      [0;39m] [33mo.t.t.s.p.RateLimitService[0;39m                      : total requests 0 in progress 0 queue size 0 
[32m2025-06-04 | 16:34:34.000[0;39m | [34mINFO [0;39m [[36mapp-(scheduled)-rateLimitLogging-0      [0;39m] [33mo.t.t.s.p.RateLimitService[0;39m                      : total requests 0 in progress 0 queue size 0 
[32m2025-06-04 | 16:34:43.993[0;39m | [34mINFO [0;39m [[36mapp-(scheduled)-rateLimitLogging-0      [0;39m] [33mo.t.t.s.p.RateLimitService[0;39m                      : total requests 0 in progress 0 queue size 0 
[32m2025-06-04 | 16:34:54.005[0;39m | [34mINFO [0;39m [[36mapp-(scheduled)-rateLimitLogging-0      [0;39m] [33mo.t.t.s.p.RateLimitService[0;39m                      : total requests 0 in progress 0 queue size 0 
[32m2025-06-04 | 16:35:04.000[0;39m | [34mINFO [0;39m [[36mapp-(scheduled)-rateLimitLogging-0      [0;39m] [33mo.t.t.s.p.RateLimitService[0;39m                      : total requests 0 in progress 0 queue size 0 
[32m2025-06-04 | 16:35:13.993[0;39m | [34mINFO [0;39m [[36mapp-(scheduled)-rateLimitLogging-0      [0;39m] [33mo.t.t.s.p.RateLimitService[0;39m                      : total requests 0 in progress 0 queue size 0 
[32m2025-06-04 | 16:35:24.003[0;39m | [34mINFO [0;39m [[36mapp-(scheduled)-rateLimitLogging-0      [0;39m] [33mo.t.t.s.p.RateLimitService[0;39m                      : total requests 0 in progress 0 queue size 0 
[32m2025-06-04 | 16:35:34.004[0;39m | [34mINFO [0;39m [[36mapp-(scheduled)-rateLimitLogging-0      [0;39m] [33mo.t.t.s.p.RateLimitService[0;39m                      : total requests 0 in progress 0 queue size 0 
[32m2025-06-04 | 16:35:44.002[0;39m | [34mINFO [0;39m [[36mapp-(scheduled)-rateLimitLogging-0      [0;39m] [33mo.t.t.s.p.RateLimitService[0;39m                      : total requests 0 in progress 0 queue size 0 
[32m2025-06-04 | 16:35:54.000[0;39m | [34mINFO [0;39m [[36mapp-(scheduled)-rateLimitLogging-0      [0;39m] [33mo.t.t.s.p.RateLimitService[0;39m                      : total requests 0 in progress 0 queue size 0 
[32m2025-06-04 | 16:36:04.002[0;39m | [34mINFO [0;39m [[36mapp-(scheduled)-rateLimitLogging-0      [0;39m] [33mo.t.t.s.p.RateLimitService[0;39m                      : total requests 0 in progress 0 queue size 0 
[32m2025-06-04 | 16:36:14.004[0;39m | [34mINFO [0;39m [[36mapp-(scheduled)-rateLimitLogging-0      [0;39m] [33mo.t.t.s.p.RateLimitService[0;39m                      : total requests 0 in progress 0 queue size 0 
[32m2025-06-04 | 16:36:23.996[0;39m | [34mINFO [0;39m [[36mapp-(scheduled)-rateLimitLogging-0      [0;39m] [33mo.t.t.s.p.RateLimitService[0;39m                      : total requests 0 in progress 0 queue size 0 
[32m2025-06-04 | 16:36:33.998[0;39m | [34mINFO [0;39m [[36mapp-(scheduled)-rateLimitLogging-0      [0;39m] [33mo.t.t.s.p.RateLimitService[0;39m                      : total requests 0 in progress 0 queue size 0 
[32m2025-06-04 | 16:36:43.996[0;39m | [34mINFO [0;39m [[36mapp-(scheduled)-rateLimitLogging-0      [0;39m] [33mo.t.t.s.p.RateLimitService[0;39m                      : total requests 0 in progress 0 queue size 0 
[32m2025-06-04 | 16:36:54.003[0;39m | [34mINFO [0;39m [[36mapp-(scheduled)-rateLimitLogging-0      [0;39m] [33mo.t.t.s.p.RateLimitService[0;39m                      : total requests 0 in progress 0 queue size 0 
[32m2025-06-04 | 16:37:03.991[0;39m | [34mINFO [0;39m [[36mapp-(scheduled)-rateLimitLogging-0      [0;39m] [33mo.t.t.s.p.RateLimitService[0;39m                      : total requests 0 in progress 0 queue size 0 
[32m2025-06-04 | 16:37:14.002[0;39m | [34mINFO [0;39m [[36mapp-(scheduled)-rateLimitLogging-0      [0;39m] [33mo.t.t.s.p.RateLimitService[0;39m                      : total requests 0 in progress 0 queue size 0 
[32m2025-06-04 | 16:37:24.004[0;39m | [34mINFO [0;39m [[36mapp-(scheduled)-rateLimitLogging-0      [0;39m] [33mo.t.t.s.p.RateLimitService[0;39m                      : total requests 0 in progress 0 queue size 0 
[32m2025-06-04 | 16:37:34.006[0;39m | [34mINFO [0;39m [[36mapp-(scheduled)-rateLimitLogging-0      [0;39m] [33mo.t.t.s.p.RateLimitService[0;39m                      : total requests 0 in progress 0 queue size 0 
[32m2025-06-04 | 16:37:43.992[0;39m | [34mINFO [0;39m [[36mapp-(scheduled)-rateLimitLogging-0      [0;39m] [33mo.t.t.s.p.RateLimitService[0;39m                      : total requests 0 in progress 0 queue size 0 
[32m2025-06-04 | 16:37:53.995[0;39m | [34mINFO [0;39m [[36mapp-(scheduled)-rateLimitLogging-0      [0;39m] [33mo.t.t.s.p.RateLimitService[0;39m                      : total requests 0 in progress 0 queue size 0 
[32m2025-06-04 | 16:38:04.002[0;39m | [34mINFO [0;39m [[36mapp-(scheduled)-rateLimitLogging-0      [0;39m] [33mo.t.t.s.p.RateLimitService[0;39m                      : total requests 0 in progress 0 queue size 0 
[32m2025-06-04 | 16:38:13.991[0;39m | [34mINFO [0;39m [[36mapp-(scheduled)-rateLimitLogging-0      [0;39m] [33mo.t.t.s.p.RateLimitService[0;39m                      : total requests 0 in progress 0 queue size 0 
[32m2025-06-04 | 16:38:23.999[0;39m | [34mINFO [0;39m [[36mapp-(scheduled)-rateLimitLogging-0      [0;39m] [33mo.t.t.s.p.RateLimitService[0;39m                      : total requests 0 in progress 0 queue size 0 
[32m2025-06-04 | 16:38:34.003[0;39m | [34mINFO [0;39m [[36mapp-(scheduled)-rateLimitLogging-0      [0;39m] [33mo.t.t.s.p.RateLimitService[0;39m                      : total requests 0 in progress 0 queue size 0 
[32m2025-06-04 | 16:38:43.992[0;39m | [34mINFO [0;39m [[36mapp-(scheduled)-rateLimitLogging-0      [0;39m] [33mo.t.t.s.p.RateLimitService[0;39m                      : total requests 0 in progress 0 queue size 0 
[32m2025-06-04 | 16:38:53.998[0;39m | [34mINFO [0;39m [[36mapp-(scheduled)-rateLimitLogging-0      [0;39m] [33mo.t.t.s.p.RateLimitService[0;39m                      : total requests 0 in progress 0 queue size 0 
[32m2025-06-04 | 16:39:04.004[0;39m | [34mINFO [0;39m [[36mapp-(scheduled)-rateLimitLogging-0      [0;39m] [33mo.t.t.s.p.RateLimitService[0;39m                      : total requests 0 in progress 0 queue size 0 
[32m2025-06-04 | 16:39:13.993[0;39m | [34mINFO [0;39m [[36mapp-(scheduled)-rateLimitLogging-0      [0;39m] [33mo.t.t.s.p.RateLimitService[0;39m                      : total requests 0 in progress 0 queue size 0 
[32m2025-06-04 | 16:39:23.995[0;39m | [34mINFO [0;39m [[36mapp-(scheduled)-rateLimitLogging-0      [0;39m] [33mo.t.t.s.p.RateLimitService[0;39m                      : total requests 0 in progress 0 queue size 0 
[32m2025-06-04 | 16:39:34.003[0;39m | [34mINFO [0;39m [[36mapp-(scheduled)-rateLimitLogging-0      [0;39m] [33mo.t.t.s.p.RateLimitService[0;39m                      : total requests 0 in progress 0 queue size 0 
[32m2025-06-04 | 16:39:44.000[0;39m | [34mINFO [0;39m [[36mapp-(scheduled)-rateLimitLogging-0      [0;39m] [33mo.t.t.s.p.RateLimitService[0;39m                      : total requests 0 in progress 0 queue size 0 
[32m2025-06-04 | 16:39:54.005[0;39m | [34mINFO [0;39m [[36mapp-(scheduled)-rateLimitLogging-0      [0;39m] [33mo.t.t.s.p.RateLimitService[0;39m                      : total requests 0 in progress 0 queue size 0 
[32m2025-06-04 | 16:40:03.994[0;39m | [34mINFO [0;39m [[36mapp-(scheduled)-rateLimitLogging-0      [0;39m] [33mo.t.t.s.p.RateLimitService[0;39m                      : total requests 0 in progress 0 queue size 0 
[32m2025-06-04 | 16:40:14.001[0;39m | [34mINFO [0;39m [[36mapp-(scheduled)-rateLimitLogging-0      [0;39m] [33mo.t.t.s.p.RateLimitService[0;39m                      : total requests 0 in progress 0 queue size 0 
[32m2025-06-04 | 16:40:23.994[0;39m | [34mINFO [0;39m [[36mapp-(scheduled)-rateLimitLogging-0      [0;39m] [33mo.t.t.s.p.RateLimitService[0;39m                      : total requests 0 in progress 0 queue size 0 
[32m2025-06-04 | 16:40:34.004[0;39m | [34mINFO [0;39m [[36mapp-(scheduled)-rateLimitLogging-0      [0;39m] [33mo.t.t.s.p.RateLimitService[0;39m                      : total requests 0 in progress 0 queue size 0 
[32m2025-06-04 | 16:40:44.004[0;39m | [34mINFO [0;39m [[36mapp-(scheduled)-rateLimitLogging-0      [0;39m] [33mo.t.t.s.p.RateLimitService[0;39m                      : total requests 0 in progress 0 queue size 0 
[32m2025-06-04 | 16:40:53.996[0;39m | [34mINFO [0;39m [[36mapp-(scheduled)-rateLimitLogging-0      [0;39m] [33mo.t.t.s.p.RateLimitService[0;39m                      : total requests 0 in progress 0 queue size 0 
[32m2025-06-04 | 16:41:03.991[0;39m | [34mINFO [0;39m [[36mapp-(scheduled)-rateLimitLogging-0      [0;39m] [33mo.t.t.s.p.RateLimitService[0;39m                      : total requests 0 in progress 0 queue size 0 
[32m2025-06-04 | 16:41:13.995[0;39m | [34mINFO [0;39m [[36mapp-(scheduled)-rateLimitLogging-0      [0;39m] [33mo.t.t.s.p.RateLimitService[0;39m                      : total requests 0 in progress 0 queue size 0 
[32m2025-06-04 | 16:41:23.991[0;39m | [34mINFO [0;39m [[36mapp-(scheduled)-rateLimitLogging-0      [0;39m] [33mo.t.t.s.p.RateLimitService[0;39m                      : total requests 0 in progress 0 queue size 0 
[32m2025-06-04 | 16:41:33.999[0;39m | [34mINFO [0;39m [[36mapp-(scheduled)-rateLimitLogging-0      [0;39m] [33mo.t.t.s.p.RateLimitService[0;39m                      : total requests 0 in progress 0 queue size 0 
[32m2025-06-04 | 16:41:43.993[0;39m | [34mINFO [0;39m [[36mapp-(scheduled)-rateLimitLogging-0      [0;39m] [33mo.t.t.s.p.RateLimitService[0;39m                      : total requests 0 in progress 0 queue size 0 
[32m2025-06-04 | 16:41:53.994[0;39m | [34mINFO [0;39m [[36mapp-(scheduled)-rateLimitLogging-0      [0;39m] [33mo.t.t.s.p.RateLimitService[0;39m                      : total requests 0 in progress 0 queue size 0 
[32m2025-06-04 | 16:42:03.991[0;39m | [34mINFO [0;39m [[36mapp-(scheduled)-rateLimitLogging-0      [0;39m] [33mo.t.t.s.p.RateLimitService[0;39m                      : total requests 0 in progress 0 queue size 0 
[32m2025-06-04 | 16:42:13.991[0;39m | [34mINFO [0;39m [[36mapp-(scheduled)-rateLimitLogging-0      [0;39m] [33mo.t.t.s.p.RateLimitService[0;39m                      : total requests 0 in progress 0 queue size 0 
[32m2025-06-04 | 16:42:24.000[0;39m | [34mINFO [0;39m [[36mapp-(scheduled)-rateLimitLogging-0      [0;39m] [33mo.t.t.s.p.RateLimitService[0;39m                      : total requests 0 in progress 0 queue size 0 
[32m2025-06-04 | 16:42:34.006[0;39m | [34mINFO [0;39m [[36mapp-(scheduled)-rateLimitLogging-0      [0;39m] [33mo.t.t.s.p.RateLimitService[0;39m                      : total requests 0 in progress 0 queue size 0 
[32m2025-06-04 | 16:42:43.996[0;39m | [34mINFO [0;39m [[36mapp-(scheduled)-rateLimitLogging-0      [0;39m] [33mo.t.t.s.p.RateLimitService[0;39m                      : total requests 0 in progress 0 queue size 0 
[32m2025-06-04 | 16:42:53.996[0;39m | [34mINFO [0;39m [[36mapp-(scheduled)-rateLimitLogging-0      [0;39m] [33mo.t.t.s.p.RateLimitService[0;39m                      : total requests 0 in progress 0 queue size 0 
[32m2025-06-04 | 16:43:04.000[0;39m | [34mINFO [0;39m [[36mapp-(scheduled)-rateLimitLogging-0      [0;39m] [33mo.t.t.s.p.RateLimitService[0;39m                      : total requests 0 in progress 0 queue size 0 
[32m2025-06-04 | 16:43:14.006[0;39m | [34mINFO [0;39m [[36mapp-(scheduled)-rateLimitLogging-0      [0;39m] [33mo.t.t.s.p.RateLimitService[0;39m                      : total requests 0 in progress 0 queue size 0 
[32m2025-06-04 | 16:43:23.995[0;39m | [34mINFO [0;39m [[36mapp-(scheduled)-rateLimitLogging-0      [0;39m] [33mo.t.t.s.p.RateLimitService[0;39m                      : total requests 0 in progress 0 queue size 0 
[32m2025-06-04 | 16:43:33.997[0;39m | [34mINFO [0;39m [[36mapp-(scheduled)-rateLimitLogging-0      [0;39m] [33mo.t.t.s.p.RateLimitService[0;39m                      : total requests 0 in progress 0 queue size 0 
[32m2025-06-04 | 16:43:43.991[0;39m | [34mINFO [0;39m [[36mapp-(scheduled)-rateLimitLogging-0      [0;39m] [33mo.t.t.s.p.RateLimitService[0;39m                      : total requests 0 in progress 0 queue size 0 
[32m2025-06-04 | 16:43:54.003[0;39m | [34mINFO [0;39m [[36mapp-(scheduled)-rateLimitLogging-0      [0;39m] [33mo.t.t.s.p.RateLimitService[0;39m                      : total requests 0 in progress 0 queue size 0 
[32m2025-06-04 | 16:44:04.005[0;39m | [34mINFO [0;39m [[36mapp-(scheduled)-rateLimitLogging-0      [0;39m] [33mo.t.t.s.p.RateLimitService[0;39m                      : total requests 0 in progress 0 queue size 0 
[32m2025-06-04 | 16:44:13.997[0;39m | [34mINFO [0;39m [[36mapp-(scheduled)-rateLimitLogging-0      [0;39m] [33mo.t.t.s.p.RateLimitService[0;39m                      : total requests 0 in progress 0 queue size 0 
[32m2025-06-04 | 16:44:24.004[0;39m | [34mINFO [0;39m [[36mapp-(scheduled)-rateLimitLogging-0      [0;39m] [33mo.t.t.s.p.RateLimitService[0;39m                      : total requests 0 in progress 0 queue size 0 
[32m2025-06-04 | 16:44:33.993[0;39m | [34mINFO [0;39m [[36mapp-(scheduled)-rateLimitLogging-0      [0;39m] [33mo.t.t.s.p.RateLimitService[0;39m                      : total requests 0 in progress 0 queue size 0 
[32m2025-06-04 | 16:44:43.997[0;39m | [34mINFO [0;39m [[36mapp-(scheduled)-rateLimitLogging-0      [0;39m] [33mo.t.t.s.p.RateLimitService[0;39m                      : total requests 0 in progress 0 queue size 0 
[32m2025-06-04 | 16:44:53.996[0;39m | [34mINFO [0;39m [[36mapp-(scheduled)-rateLimitLogging-0      [0;39m] [33mo.t.t.s.p.RateLimitService[0;39m                      : total requests 0 in progress 0 queue size 0 
[32m2025-06-04 | 16:45:04.004[0;39m | [34mINFO [0;39m [[36mapp-(scheduled)-rateLimitLogging-0      [0;39m] [33mo.t.t.s.p.RateLimitService[0;39m                      : total requests 0 in progress 0 queue size 0 
[32m2025-06-04 | 16:45:14.005[0;39m | [34mINFO [0;39m [[36mapp-(scheduled)-rateLimitLogging-0      [0;39m] [33mo.t.t.s.p.RateLimitService[0;39m                      : total requests 0 in progress 0 queue size 0 
[32m2025-06-04 | 16:45:23.998[0;39m | [34mINFO [0;39m [[36mapp-(scheduled)-rateLimitLogging-0      [0;39m] [33mo.t.t.s.p.RateLimitService[0;39m                      : total requests 0 in progress 0 queue size 0 
[32m2025-06-04 | 16:45:34.005[0;39m | [34mINFO [0;39m [[36mapp-(scheduled)-rateLimitLogging-0      [0;39m] [33mo.t.t.s.p.RateLimitService[0;39m                      : total requests 0 in progress 0 queue size 0 
[32m2025-06-04 | 16:45:43.993[0;39m | [34mINFO [0;39m [[36mapp-(scheduled)-rateLimitLogging-0      [0;39m] [33mo.t.t.s.p.RateLimitService[0;39m                      : total requests 0 in progress 0 queue size 0 
[32m2025-06-04 | 16:45:54.004[0;39m | [34mINFO [0;39m [[36mapp-(scheduled)-rateLimitLogging-0      [0;39m] [33mo.t.t.s.p.RateLimitService[0;39m                      : total requests 0 in progress 0 queue size 0 
[32m2025-06-04 | 16:46:04.002[0;39m | [34mINFO [0;39m [[36mapp-(scheduled)-rateLimitLogging-0      [0;39m] [33mo.t.t.s.p.RateLimitService[0;39m                      : total requests 0 in progress 0 queue size 0 
[32m2025-06-04 | 16:46:14.006[0;39m | [34mINFO [0;39m [[36mapp-(scheduled)-rateLimitLogging-0      [0;39m] [33mo.t.t.s.p.RateLimitService[0;39m                      : total requests 0 in progress 0 queue size 0 
[32m2025-06-04 | 16:46:23.998[0;39m | [34mINFO [0;39m [[36mapp-(scheduled)-rateLimitLogging-0      [0;39m] [33mo.t.t.s.p.RateLimitService[0;39m                      : total requests 0 in progress 0 queue size 0 
[32m2025-06-04 | 16:46:34.001[0;39m | [34mINFO [0;39m [[36mapp-(scheduled)-rateLimitLogging-0      [0;39m] [33mo.t.t.s.p.RateLimitService[0;39m                      : total requests 0 in progress 0 queue size 0 
[32m2025-06-04 | 16:46:44.003[0;39m | [34mINFO [0;39m [[36mapp-(scheduled)-rateLimitLogging-0      [0;39m] [33mo.t.t.s.p.RateLimitService[0;39m                      : total requests 0 in progress 0 queue size 0 
[32m2025-06-04 | 16:46:53.994[0;39m | [34mINFO [0;39m [[36mapp-(scheduled)-rateLimitLogging-0      [0;39m] [33mo.t.t.s.p.RateLimitService[0;39m                      : total requests 0 in progress 0 queue size 0 
[32m2025-06-04 | 16:47:03.996[0;39m | [34mINFO [0;39m [[36mapp-(scheduled)-rateLimitLogging-0      [0;39m] [33mo.t.t.s.p.RateLimitService[0;39m                      : total requests 0 in progress 0 queue size 0 
[32m2025-06-04 | 16:47:13.992[0;39m | [34mINFO [0;39m [[36mapp-(scheduled)-rateLimitLogging-0      [0;39m] [33mo.t.t.s.p.RateLimitService[0;39m                      : total requests 0 in progress 0 queue size 0 
[32m2025-06-04 | 16:47:24.001[0;39m | [34mINFO [0;39m [[36mapp-(scheduled)-rateLimitLogging-0      [0;39m] [33mo.t.t.s.p.RateLimitService[0;39m                      : total requests 0 in progress 0 queue size 0 
[32m2025-06-04 | 16:47:34.004[0;39m | [34mINFO [0;39m [[36mapp-(scheduled)-rateLimitLogging-0      [0;39m] [33mo.t.t.s.p.RateLimitService[0;39m                      : total requests 0 in progress 0 queue size 0 
[32m2025-06-04 | 16:47:44.006[0;39m | [34mINFO [0;39m [[36mapp-(scheduled)-rateLimitLogging-0      [0;39m] [33mo.t.t.s.p.RateLimitService[0;39m                      : total requests 0 in progress 0 queue size 0 
[32m2025-06-04 | 16:47:54.002[0;39m | [34mINFO [0;39m [[36mapp-(scheduled)-rateLimitLogging-0      [0;39m] [33mo.t.t.s.p.RateLimitService[0;39m                      : total requests 0 in progress 0 queue size 0 
[32m2025-06-04 | 16:48:03.994[0;39m | [34mINFO [0;39m [[36mapp-(scheduled)-rateLimitLogging-0      [0;39m] [33mo.t.t.s.p.RateLimitService[0;39m                      : total requests 0 in progress 0 queue size 0 
[32m2025-06-04 | 16:48:14.001[0;39m | [34mINFO [0;39m [[36mapp-(scheduled)-rateLimitLogging-0      [0;39m] [33mo.t.t.s.p.RateLimitService[0;39m                      : total requests 0 in progress 0 queue size 0 
[32m2025-06-04 | 16:48:23.991[0;39m | [34mINFO [0;39m [[36mapp-(scheduled)-rateLimitLogging-0      [0;39m] [33mo.t.t.s.p.RateLimitService[0;39m                      : total requests 0 in progress 0 queue size 0 
[32m2025-06-04 | 16:48:33.999[0;39m | [34mINFO [0;39m [[36mapp-(scheduled)-rateLimitLogging-0      [0;39m] [33mo.t.t.s.p.RateLimitService[0;39m                      : total requests 0 in progress 0 queue size 0 
[32m2025-06-04 | 16:48:44.005[0;39m | [34mINFO [0;39m [[36mapp-(scheduled)-rateLimitLogging-0      [0;39m] [33mo.t.t.s.p.RateLimitService[0;39m                      : total requests 0 in progress 0 queue size 0 
[32m2025-06-04 | 16:48:53.996[0;39m | [34mINFO [0;39m [[36mapp-(scheduled)-rateLimitLogging-0      [0;39m] [33mo.t.t.s.p.RateLimitService[0;39m                      : total requests 0 in progress 0 queue size 0 
[32m2025-06-04 | 16:49:04.002[0;39m | [34mINFO [0;39m [[36mapp-(scheduled)-rateLimitLogging-0      [0;39m] [33mo.t.t.s.p.RateLimitService[0;39m                      : total requests 0 in progress 0 queue size 0 
[32m2025-06-04 | 16:49:13.996[0;39m | [34mINFO [0;39m [[36mapp-(scheduled)-rateLimitLogging-0      [0;39m] [33mo.t.t.s.p.RateLimitService[0;39m                      : total requests 0 in progress 0 queue size 0 
[32m2025-06-04 | 16:49:24.000[0;39m | [34mINFO [0;39m [[36mapp-(scheduled)-rateLimitLogging-0      [0;39m] [33mo.t.t.s.p.RateLimitService[0;39m                      : total requests 0 in progress 0 queue size 0 
[32m2025-06-04 | 16:49:33.995[0;39m | [34mINFO [0;39m [[36mapp-(scheduled)-rateLimitLogging-0      [0;39m] [33mo.t.t.s.p.RateLimitService[0;39m                      : total requests 0 in progress 0 queue size 0 
[32m2025-06-04 | 16:49:44.001[0;39m | [34mINFO [0;39m [[36mapp-(scheduled)-rateLimitLogging-0      [0;39m] [33mo.t.t.s.p.RateLimitService[0;39m                      : total requests 0 in progress 0 queue size 0 
[32m2025-06-04 | 16:49:54.006[0;39m | [34mINFO [0;39m [[36mapp-(scheduled)-rateLimitLogging-0      [0;39m] [33mo.t.t.s.p.RateLimitService[0;39m                      : total requests 0 in progress 0 queue size 0 
[32m2025-06-04 | 16:50:03.991[0;39m | [34mINFO [0;39m [[36mapp-(scheduled)-rateLimitLogging-0      [0;39m] [33mo.t.t.s.p.RateLimitService[0;39m                      : total requests 0 in progress 0 queue size 0 
[32m2025-06-04 | 16:50:14.004[0;39m | [34mINFO [0;39m [[36mapp-(scheduled)-rateLimitLogging-0      [0;39m] [33mo.t.t.s.p.RateLimitService[0;39m                      : total requests 0 in progress 0 queue size 0 
[32m2025-06-04 | 16:50:24.002[0;39m | [34mINFO [0;39m [[36mapp-(scheduled)-rateLimitLogging-0      [0;39m] [33mo.t.t.s.p.RateLimitService[0;39m                      : total requests 0 in progress 0 queue size 0 
[32m2025-06-04 | 16:50:34.000[0;39m | [34mINFO [0;39m [[36mapp-(scheduled)-rateLimitLogging-0      [0;39m] [33mo.t.t.s.p.RateLimitService[0;39m                      : total requests 0 in progress 0 queue size 0 
[32m2025-06-04 | 16:50:43.994[0;39m | [34mINFO [0;39m [[36mapp-(scheduled)-rateLimitLogging-0      [0;39m] [33mo.t.t.s.p.RateLimitService[0;39m                      : total requests 0 in progress 0 queue size 0 
[32m2025-06-04 | 16:50:53.996[0;39m | [34mINFO [0;39m [[36mapp-(scheduled)-rateLimitLogging-0      [0;39m] [33mo.t.t.s.p.RateLimitService[0;39m                      : total requests 0 in progress 0 queue size 0 
[32m2025-06-04 | 16:51:03.992[0;39m | [34mINFO [0;39m [[36mapp-(scheduled)-rateLimitLogging-0      [0;39m] [33mo.t.t.s.p.RateLimitService[0;39m                      : total requests 0 in progress 0 queue size 0 
[32m2025-06-04 | 16:51:14.002[0;39m | [34mINFO [0;39m [[36mapp-(scheduled)-rateLimitLogging-0      [0;39m] [33mo.t.t.s.p.RateLimitService[0;39m                      : total requests 0 in progress 0 queue size 0 
[32m2025-06-04 | 16:51:23.994[0;39m | [34mINFO [0;39m [[36mapp-(scheduled)-rateLimitLogging-0      [0;39m] [33mo.t.t.s.p.RateLimitService[0;39m                      : total requests 0 in progress 0 queue size 0 
[32m2025-06-04 | 16:51:33.996[0;39m | [34mINFO [0;39m [[36mapp-(scheduled)-rateLimitLogging-0      [0;39m] [33mo.t.t.s.p.RateLimitService[0;39m                      : total requests 0 in progress 0 queue size 0 
[32m2025-06-04 | 16:51:44.001[0;39m | [34mINFO [0;39m [[36mapp-(scheduled)-rateLimitLogging-0      [0;39m] [33mo.t.t.s.p.RateLimitService[0;39m                      : total requests 0 in progress 0 queue size 0 
[32m2025-06-04 | 16:51:54.006[0;39m | [34mINFO [0;39m [[36mapp-(scheduled)-rateLimitLogging-0      [0;39m] [33mo.t.t.s.p.RateLimitService[0;39m                      : total requests 0 in progress 0 queue size 0 
[32m2025-06-04 | 16:52:03.996[0;39m | [34mINFO [0;39m [[36mapp-(scheduled)-rateLimitLogging-0      [0;39m] [33mo.t.t.s.p.RateLimitService[0;39m                      : total requests 0 in progress 0 queue size 0 
[32m2025-06-04 | 16:52:13.996[0;39m | [34mINFO [0;39m [[36mapp-(scheduled)-rateLimitLogging-0      [0;39m] [33mo.t.t.s.p.RateLimitService[0;39m                      : total requests 0 in progress 0 queue size 0 
[32m2025-06-04 | 16:52:23.992[0;39m | [34mINFO [0;39m [[36mapp-(scheduled)-rateLimitLogging-0      [0;39m] [33mo.t.t.s.p.RateLimitService[0;39m                      : total requests 0 in progress 0 queue size 0 
[32m2025-06-04 | 16:52:33.994[0;39m | [34mINFO [0;39m [[36mapp-(scheduled)-rateLimitLogging-0      [0;39m] [33mo.t.t.s.p.RateLimitService[0;39m                      : total requests 0 in progress 0 queue size 0 
[32m2025-06-04 | 16:52:43.996[0;39m | [34mINFO [0;39m [[36mapp-(scheduled)-rateLimitLogging-0      [0;39m] [33mo.t.t.s.p.RateLimitService[0;39m                      : total requests 0 in progress 0 queue size 0 
[32m2025-06-04 | 16:52:54.000[0;39m | [34mINFO [0;39m [[36mapp-(scheduled)-rateLimitLogging-0      [0;39m] [33mo.t.t.s.p.RateLimitService[0;39m                      : total requests 0 in progress 0 queue size 0 
[32m2025-06-04 | 16:53:04.002[0;39m | [34mINFO [0;39m [[36mapp-(scheduled)-rateLimitLogging-0      [0;39m] [33mo.t.t.s.p.RateLimitService[0;39m                      : total requests 0 in progress 0 queue size 0 
[32m2025-06-04 | 16:53:13.994[0;39m | [34mINFO [0;39m [[36mapp-(scheduled)-rateLimitLogging-0      [0;39m] [33mo.t.t.s.p.RateLimitService[0;39m                      : total requests 0 in progress 0 queue size 0 
[32m2025-06-04 | 16:53:23.998[0;39m | [34mINFO [0;39m [[36mapp-(scheduled)-rateLimitLogging-0      [0;39m] [33mo.t.t.s.p.RateLimitService[0;39m                      : total requests 0 in progress 0 queue size 0 
[32m2025-06-04 | 16:53:34.001[0;39m | [34mINFO [0;39m [[36mapp-(scheduled)-rateLimitLogging-0      [0;39m] [33mo.t.t.s.p.RateLimitService[0;39m                      : total requests 0 in progress 0 queue size 0 
[32m2025-06-04 | 16:53:43.999[0;39m | [34mINFO [0;39m [[36mapp-(scheduled)-rateLimitLogging-0      [0;39m] [33mo.t.t.s.p.RateLimitService[0;39m                      : total requests 0 in progress 0 queue size 0 
[32m2025-06-04 | 16:53:53.991[0;39m | [34mINFO [0;39m [[36mapp-(scheduled)-rateLimitLogging-0      [0;39m] [33mo.t.t.s.p.RateLimitService[0;39m                      : total requests 0 in progress 0 queue size 0 
[32m2025-06-04 | 16:54:03.992[0;39m | [34mINFO [0;39m [[36mapp-(scheduled)-rateLimitLogging-0      [0;39m] [33mo.t.t.s.p.RateLimitService[0;39m                      : total requests 0 in progress 0 queue size 0 
[32m2025-06-04 | 16:54:13.994[0;39m | [34mINFO [0;39m [[36mapp-(scheduled)-rateLimitLogging-0      [0;39m] [33mo.t.t.s.p.RateLimitService[0;39m                      : total requests 0 in progress 0 queue size 0 
[32m2025-06-04 | 16:54:23.991[0;39m | [34mINFO [0;39m [[36mapp-(scheduled)-rateLimitLogging-0      [0;39m] [33mo.t.t.s.p.RateLimitService[0;39m                      : total requests 0 in progress 0 queue size 0 
[32m2025-06-04 | 16:54:33.999[0;39m | [34mINFO [0;39m [[36mapp-(scheduled)-rateLimitLogging-0      [0;39m] [33mo.t.t.s.p.RateLimitService[0;39m                      : total requests 0 in progress 0 queue size 0 
[32m2025-06-04 | 16:54:43.993[0;39m | [34mINFO [0;39m [[36mapp-(scheduled)-rateLimitLogging-0      [0;39m] [33mo.t.t.s.p.RateLimitService[0;39m                      : total requests 0 in progress 0 queue size 0 
[32m2025-06-04 | 16:54:53.999[0;39m | [34mINFO [0;39m [[36mapp-(scheduled)-rateLimitLogging-0      [0;39m] [33mo.t.t.s.p.RateLimitService[0;39m                      : total requests 0 in progress 0 queue size 0 
[32m2025-06-04 | 16:55:03.997[0;39m | [34mINFO [0;39m [[36mapp-(scheduled)-rateLimitLogging-0      [0;39m] [33mo.t.t.s.p.RateLimitService[0;39m                      : total requests 0 in progress 0 queue size 0 
[32m2025-06-04 | 16:55:04.245[0;39m | [34mINFO [0;39m [[36mpool-35-thread-1                        [0;39m] [33mo.t.l.c.TbLicenseClient[0;39m                         : Executed checkInstance method. 
[32m2025-06-04 | 16:55:04.247[0;39m | [34mINFO [0;39m [[36mpool-35-thread-1                        [0;39m] [33mo.t.l.c.TbLicenseClient[0;39m                         : instanceId: [I8XPdcC3hX4YpeAjrHtd] 
[32m2025-06-04 | 16:55:04.249[0;39m | [34mINFO [0;39m [[36mpool-35-thread-1                        [0;39m] [33mo.t.l.c.TbLicenseClient[0;39m                         : planData: {
  "asset_count" : {
    "value" : 10,
    "description" : "The maximum number of assets"
  },
  "device_count" : {
    "value" : 10,
    "description" : "The maximum number of devices"
  }
} 
[32m2025-06-04 | 16:55:13.994[0;39m | [34mINFO [0;39m [[36mapp-(scheduled)-rateLimitLogging-0      [0;39m] [33mo.t.t.s.p.RateLimitService[0;39m                      : total requests 0 in progress 0 queue size 0 
[32m2025-06-04 | 16:55:24.006[0;39m | [34mINFO [0;39m [[36mapp-(scheduled)-rateLimitLogging-0      [0;39m] [33mo.t.t.s.p.RateLimitService[0;39m                      : total requests 0 in progress 0 queue size 0 
[32m2025-06-04 | 16:55:33.995[0;39m | [34mINFO [0;39m [[36mapp-(scheduled)-rateLimitLogging-0      [0;39m] [33mo.t.t.s.p.RateLimitService[0;39m                      : total requests 0 in progress 0 queue size 0 
[32m2025-06-04 | 16:55:43.993[0;39m | [34mINFO [0;39m [[36mapp-(scheduled)-rateLimitLogging-0      [0;39m] [33mo.t.t.s.p.RateLimitService[0;39m                      : total requests 0 in progress 0 queue size 0 
[32m2025-06-04 | 16:55:53.995[0;39m | [34mINFO [0;39m [[36mapp-(scheduled)-rateLimitLogging-0      [0;39m] [33mo.t.t.s.p.RateLimitService[0;39m                      : total requests 0 in progress 0 queue size 0 
[32m2025-06-04 | 16:56:04.004[0;39m | [34mINFO [0;39m [[36mapp-(scheduled)-rateLimitLogging-0      [0;39m] [33mo.t.t.s.p.RateLimitService[0;39m                      : total requests 0 in progress 0 queue size 0 
[32m2025-06-04 | 16:56:14.003[0;39m | [34mINFO [0;39m [[36mapp-(scheduled)-rateLimitLogging-0      [0;39m] [33mo.t.t.s.p.RateLimitService[0;39m                      : total requests 0 in progress 0 queue size 0 
[32m2025-06-04 | 16:56:23.996[0;39m | [34mINFO [0;39m [[36mapp-(scheduled)-rateLimitLogging-0      [0;39m] [33mo.t.t.s.p.RateLimitService[0;39m                      : total requests 0 in progress 0 queue size 0 
[32m2025-06-04 | 16:56:33.998[0;39m | [34mINFO [0;39m [[36mapp-(scheduled)-rateLimitLogging-0      [0;39m] [33mo.t.t.s.p.RateLimitService[0;39m                      : total requests 0 in progress 0 queue size 0 
[32m2025-06-04 | 16:56:43.997[0;39m | [34mINFO [0;39m [[36mapp-(scheduled)-rateLimitLogging-0      [0;39m] [33mo.t.t.s.p.RateLimitService[0;39m                      : total requests 0 in progress 0 queue size 0 
[32m2025-06-04 | 16:56:54.005[0;39m | [34mINFO [0;39m [[36mapp-(scheduled)-rateLimitLogging-0      [0;39m] [33mo.t.t.s.p.RateLimitService[0;39m                      : total requests 0 in progress 0 queue size 0 
[32m2025-06-04 | 16:57:03.998[0;39m | [34mINFO [0;39m [[36mapp-(scheduled)-rateLimitLogging-0      [0;39m] [33mo.t.t.s.p.RateLimitService[0;39m                      : total requests 0 in progress 0 queue size 0 
[32m2025-06-04 | 16:57:13.998[0;39m | [34mINFO [0;39m [[36mapp-(scheduled)-rateLimitLogging-0      [0;39m] [33mo.t.t.s.p.RateLimitService[0;39m                      : total requests 0 in progress 0 queue size 0 
[32m2025-06-04 | 16:57:23.996[0;39m | [34mINFO [0;39m [[36mapp-(scheduled)-rateLimitLogging-0      [0;39m] [33mo.t.t.s.p.RateLimitService[0;39m                      : total requests 0 in progress 0 queue size 0 
[32m2025-06-04 | 16:57:34.000[0;39m | [34mINFO [0;39m [[36mapp-(scheduled)-rateLimitLogging-0      [0;39m] [33mo.t.t.s.p.RateLimitService[0;39m                      : total requests 0 in progress 0 queue size 0 
[32m2025-06-04 | 16:57:43.998[0;39m | [34mINFO [0;39m [[36mapp-(scheduled)-rateLimitLogging-0      [0;39m] [33mo.t.t.s.p.RateLimitService[0;39m                      : total requests 0 in progress 0 queue size 0 
[32m2025-06-04 | 16:57:53.999[0;39m | [34mINFO [0;39m [[36mapp-(scheduled)-rateLimitLogging-0      [0;39m] [33mo.t.t.s.p.RateLimitService[0;39m                      : total requests 0 in progress 0 queue size 0 
[32m2025-06-04 | 16:58:04.005[0;39m | [34mINFO [0;39m [[36mapp-(scheduled)-rateLimitLogging-0      [0;39m] [33mo.t.t.s.p.RateLimitService[0;39m                      : total requests 0 in progress 0 queue size 0 
[32m2025-06-04 | 16:58:14.005[0;39m | [34mINFO [0;39m [[36mapp-(scheduled)-rateLimitLogging-0      [0;39m] [33mo.t.t.s.p.RateLimitService[0;39m                      : total requests 0 in progress 0 queue size 0 
[32m2025-06-04 | 16:58:23.991[0;39m | [34mINFO [0;39m [[36mapp-(scheduled)-rateLimitLogging-0      [0;39m] [33mo.t.t.s.p.RateLimitService[0;39m                      : total requests 0 in progress 0 queue size 0 
[32m2025-06-04 | 16:58:33.997[0;39m | [34mINFO [0;39m [[36mapp-(scheduled)-rateLimitLogging-0      [0;39m] [33mo.t.t.s.p.RateLimitService[0;39m                      : total requests 0 in progress 0 queue size 0 
[32m2025-06-04 | 16:58:43.998[0;39m | [34mINFO [0;39m [[36mapp-(scheduled)-rateLimitLogging-0      [0;39m] [33mo.t.t.s.p.RateLimitService[0;39m                      : total requests 0 in progress 0 queue size 0 
[32m2025-06-04 | 16:58:53.993[0;39m | [34mINFO [0;39m [[36mapp-(scheduled)-rateLimitLogging-0      [0;39m] [33mo.t.t.s.p.RateLimitService[0;39m                      : total requests 0 in progress 0 queue size 0 
[32m2025-06-04 | 16:59:04.006[0;39m | [34mINFO [0;39m [[36mapp-(scheduled)-rateLimitLogging-0      [0;39m] [33mo.t.t.s.p.RateLimitService[0;39m                      : total requests 0 in progress 0 queue size 0 
[32m2025-06-04 | 16:59:13.998[0;39m | [34mINFO [0;39m [[36mapp-(scheduled)-rateLimitLogging-0      [0;39m] [33mo.t.t.s.p.RateLimitService[0;39m                      : total requests 0 in progress 0 queue size 0 
[32m2025-06-04 | 16:59:24.000[0;39m | [34mINFO [0;39m [[36mapp-(scheduled)-rateLimitLogging-0      [0;39m] [33mo.t.t.s.p.RateLimitService[0;39m                      : total requests 0 in progress 0 queue size 0 
[32m2025-06-04 | 16:59:33.997[0;39m | [34mINFO [0;39m [[36mapp-(scheduled)-rateLimitLogging-0      [0;39m] [33mo.t.t.s.p.RateLimitService[0;39m                      : total requests 0 in progress 0 queue size 0 
[32m2025-06-04 | 16:59:40.059[0;39m | [34mINFO [0;39m [[36mMessageBroker-1                         [0;39m] [33mo.s.w.s.c.WebSocketMessageBrokerStats[0;39m           : WebSocketSession[0 current WS(0)-HttpStream(0)-HttpPoll(0), 0 total, 0 closed abnormally (0 connect failure, 0 send limit, 0 transport error)], stompSubProtocol[processed CONNECT(0)-CONNECTED(0)-DISCONNECT(0)], stompBrokerRelay[null], inboundChannel[pool size = 0, active threads = 0, queued tasks = 0, completed tasks = 0], outboundChannel[pool size = 0, active threads = 0, queued tasks = 0, completed tasks = 0], sockJsScheduler[pool size = 6, active threads = 1, queued tasks = 1, completed tasks = 4] 
[32m2025-06-04 | 16:59:43.993[0;39m | [34mINFO [0;39m [[36mapp-(scheduled)-rateLimitLogging-0      [0;39m] [33mo.t.t.s.p.RateLimitService[0;39m                      : total requests 0 in progress 0 queue size 0 
[32m2025-06-04 | 16:59:53.997[0;39m | [34mINFO [0;39m [[36mapp-(scheduled)-rateLimitLogging-0      [0;39m] [33mo.t.t.s.p.RateLimitService[0;39m                      : total requests 0 in progress 0 queue size 0 
[32m2025-06-04 | 17:00:03.992[0;39m | [34mINFO [0;39m [[36mapp-(scheduled)-rateLimitLogging-0      [0;39m] [33mo.t.t.s.p.RateLimitService[0;39m                      : total requests 0 in progress 0 queue size 0 
[32m2025-06-04 | 17:00:13.991[0;39m | [34mINFO [0;39m [[36mapp-(scheduled)-rateLimitLogging-0      [0;39m] [33mo.t.t.s.p.RateLimitService[0;39m                      : total requests 0 in progress 0 queue size 0 
[32m2025-06-04 | 17:00:24.005[0;39m | [34mINFO [0;39m [[36mapp-(scheduled)-rateLimitLogging-0      [0;39m] [33mo.t.t.s.p.RateLimitService[0;39m                      : total requests 0 in progress 0 queue size 0 
[32m2025-06-04 | 17:00:34.003[0;39m | [34mINFO [0;39m [[36mapp-(scheduled)-rateLimitLogging-0      [0;39m] [33mo.t.t.s.p.RateLimitService[0;39m                      : total requests 0 in progress 0 queue size 0 
[32m2025-06-04 | 17:00:43.992[0;39m | [34mINFO [0;39m [[36mapp-(scheduled)-rateLimitLogging-0      [0;39m] [33mo.t.t.s.p.RateLimitService[0;39m                      : total requests 0 in progress 0 queue size 0 
[32m2025-06-04 | 17:00:53.991[0;39m | [34mINFO [0;39m [[36mapp-(scheduled)-rateLimitLogging-0      [0;39m] [33mo.t.t.s.p.RateLimitService[0;39m                      : total requests 0 in progress 0 queue size 0 
[32m2025-06-04 | 17:01:04.002[0;39m | [34mINFO [0;39m [[36mapp-(scheduled)-rateLimitLogging-0      [0;39m] [33mo.t.t.s.p.RateLimitService[0;39m                      : total requests 0 in progress 0 queue size 0 
[32m2025-06-04 | 17:01:13.996[0;39m | [34mINFO [0;39m [[36mapp-(scheduled)-rateLimitLogging-0      [0;39m] [33mo.t.t.s.p.RateLimitService[0;39m                      : total requests 0 in progress 0 queue size 0 
[32m2025-06-04 | 17:01:23.997[0;39m | [34mINFO [0;39m [[36mapp-(scheduled)-rateLimitLogging-0      [0;39m] [33mo.t.t.s.p.RateLimitService[0;39m                      : total requests 0 in progress 0 queue size 0 
[32m2025-06-04 | 17:01:34.001[0;39m | [34mINFO [0;39m [[36mapp-(scheduled)-rateLimitLogging-0      [0;39m] [33mo.t.t.s.p.RateLimitService[0;39m                      : total requests 0 in progress 0 queue size 0 
[32m2025-06-04 | 17:01:43.991[0;39m | [34mINFO [0;39m [[36mapp-(scheduled)-rateLimitLogging-0      [0;39m] [33mo.t.t.s.p.RateLimitService[0;39m                      : total requests 0 in progress 0 queue size 0 
[32m2025-06-04 | 17:01:54.003[0;39m | [34mINFO [0;39m [[36mapp-(scheduled)-rateLimitLogging-0      [0;39m] [33mo.t.t.s.p.RateLimitService[0;39m                      : total requests 0 in progress 0 queue size 0 
[32m2025-06-04 | 17:02:03.999[0;39m | [34mINFO [0;39m [[36mapp-(scheduled)-rateLimitLogging-0      [0;39m] [33mo.t.t.s.p.RateLimitService[0;39m                      : total requests 0 in progress 0 queue size 0 
[32m2025-06-04 | 17:02:14.000[0;39m | [34mINFO [0;39m [[36mapp-(scheduled)-rateLimitLogging-0      [0;39m] [33mo.t.t.s.p.RateLimitService[0;39m                      : total requests 0 in progress 0 queue size 0 
[32m2025-06-04 | 17:02:24.002[0;39m | [34mINFO [0;39m [[36mapp-(scheduled)-rateLimitLogging-0      [0;39m] [33mo.t.t.s.p.RateLimitService[0;39m                      : total requests 0 in progress 0 queue size 0 
[32m2025-06-04 | 17:02:33.993[0;39m | [34mINFO [0;39m [[36mapp-(scheduled)-rateLimitLogging-0      [0;39m] [33mo.t.t.s.p.RateLimitService[0;39m                      : total requests 0 in progress 0 queue size 0 
[32m2025-06-04 | 17:02:43.992[0;39m | [34mINFO [0;39m [[36mapp-(scheduled)-rateLimitLogging-0      [0;39m] [33mo.t.t.s.p.RateLimitService[0;39m                      : total requests 0 in progress 0 queue size 0 
[32m2025-06-04 | 17:02:53.993[0;39m | [34mINFO [0;39m [[36mapp-(scheduled)-rateLimitLogging-0      [0;39m] [33mo.t.t.s.p.RateLimitService[0;39m                      : total requests 0 in progress 0 queue size 0 
[32m2025-06-04 | 17:03:03.998[0;39m | [34mINFO [0;39m [[36mapp-(scheduled)-rateLimitLogging-0      [0;39m] [33mo.t.t.s.p.RateLimitService[0;39m                      : total requests 0 in progress 0 queue size 0 
[32m2025-06-04 | 17:03:14.006[0;39m | [34mINFO [0;39m [[36mapp-(scheduled)-rateLimitLogging-0      [0;39m] [33mo.t.t.s.p.RateLimitService[0;39m                      : total requests 0 in progress 0 queue size 0 
[32m2025-06-04 | 17:03:23.992[0;39m | [34mINFO [0;39m [[36mapp-(scheduled)-rateLimitLogging-0      [0;39m] [33mo.t.t.s.p.RateLimitService[0;39m                      : total requests 0 in progress 0 queue size 0 
[32m2025-06-04 | 17:03:33.997[0;39m | [34mINFO [0;39m [[36mapp-(scheduled)-rateLimitLogging-0      [0;39m] [33mo.t.t.s.p.RateLimitService[0;39m                      : total requests 0 in progress 0 queue size 0 
[32m2025-06-04 | 17:03:44.005[0;39m | [34mINFO [0;39m [[36mapp-(scheduled)-rateLimitLogging-0      [0;39m] [33mo.t.t.s.p.RateLimitService[0;39m                      : total requests 0 in progress 0 queue size 0 
[32m2025-06-04 | 17:03:54.006[0;39m | [34mINFO [0;39m [[36mapp-(scheduled)-rateLimitLogging-0      [0;39m] [33mo.t.t.s.p.RateLimitService[0;39m                      : total requests 0 in progress 0 queue size 0 
[32m2025-06-04 | 17:04:03.997[0;39m | [34mINFO [0;39m [[36mapp-(scheduled)-rateLimitLogging-0      [0;39m] [33mo.t.t.s.p.RateLimitService[0;39m                      : total requests 0 in progress 0 queue size 0 
[32m2025-06-04 | 17:04:13.991[0;39m | [34mINFO [0;39m [[36mapp-(scheduled)-rateLimitLogging-0      [0;39m] [33mo.t.t.s.p.RateLimitService[0;39m                      : total requests 0 in progress 0 queue size 0 
[32m2025-06-04 | 17:04:23.999[0;39m | [34mINFO [0;39m [[36mapp-(scheduled)-rateLimitLogging-0      [0;39m] [33mo.t.t.s.p.RateLimitService[0;39m                      : total requests 0 in progress 0 queue size 0 
[32m2025-06-04 | 17:04:34.003[0;39m | [34mINFO [0;39m [[36mapp-(scheduled)-rateLimitLogging-0      [0;39m] [33mo.t.t.s.p.RateLimitService[0;39m                      : total requests 0 in progress 0 queue size 0 
[32m2025-06-04 | 17:04:44.000[0;39m | [34mINFO [0;39m [[36mapp-(scheduled)-rateLimitLogging-0      [0;39m] [33mo.t.t.s.p.RateLimitService[0;39m                      : total requests 0 in progress 0 queue size 0 
[32m2025-06-04 | 17:04:53.996[0;39m | [34mINFO [0;39m [[36mapp-(scheduled)-rateLimitLogging-0      [0;39m] [33mo.t.t.s.p.RateLimitService[0;39m                      : total requests 0 in progress 0 queue size 0 
[32m2025-06-04 | 17:05:03.998[0;39m | [34mINFO [0;39m [[36mapp-(scheduled)-rateLimitLogging-0      [0;39m] [33mo.t.t.s.p.RateLimitService[0;39m                      : total requests 0 in progress 0 queue size 0 
[32m2025-06-04 | 17:05:13.991[0;39m | [34mINFO [0;39m [[36mapp-(scheduled)-rateLimitLogging-0      [0;39m] [33mo.t.t.s.p.RateLimitService[0;39m                      : total requests 0 in progress 0 queue size 0 
[32m2025-06-04 | 17:05:23.994[0;39m | [34mINFO [0;39m [[36mapp-(scheduled)-rateLimitLogging-0      [0;39m] [33mo.t.t.s.p.RateLimitService[0;39m                      : total requests 0 in progress 0 queue size 0 
[32m2025-06-04 | 17:05:34.000[0;39m | [34mINFO [0;39m [[36mapp-(scheduled)-rateLimitLogging-0      [0;39m] [33mo.t.t.s.p.RateLimitService[0;39m                      : total requests 0 in progress 0 queue size 0 
[32m2025-06-04 | 17:05:43.991[0;39m | [34mINFO [0;39m [[36mapp-(scheduled)-rateLimitLogging-0      [0;39m] [33mo.t.t.s.p.RateLimitService[0;39m                      : total requests 0 in progress 0 queue size 0 
[32m2025-06-04 | 17:05:54.001[0;39m | [34mINFO [0;39m [[36mapp-(scheduled)-rateLimitLogging-0      [0;39m] [33mo.t.t.s.p.RateLimitService[0;39m                      : total requests 0 in progress 0 queue size 0 
[32m2025-06-04 | 17:06:04.006[0;39m | [34mINFO [0;39m [[36mapp-(scheduled)-rateLimitLogging-0      [0;39m] [33mo.t.t.s.p.RateLimitService[0;39m                      : total requests 0 in progress 0 queue size 0 
[32m2025-06-04 | 17:06:14.002[0;39m | [34mINFO [0;39m [[36mapp-(scheduled)-rateLimitLogging-0      [0;39m] [33mo.t.t.s.p.RateLimitService[0;39m                      : total requests 0 in progress 0 queue size 0 
[32m2025-06-04 | 17:06:23.993[0;39m | [34mINFO [0;39m [[36mapp-(scheduled)-rateLimitLogging-0      [0;39m] [33mo.t.t.s.p.RateLimitService[0;39m                      : total requests 0 in progress 0 queue size 0 
[32m2025-06-04 | 17:06:33.997[0;39m | [34mINFO [0;39m [[36mapp-(scheduled)-rateLimitLogging-0      [0;39m] [33mo.t.t.s.p.RateLimitService[0;39m                      : total requests 0 in progress 0 queue size 0 
[32m2025-06-04 | 17:06:43.998[0;39m | [34mINFO [0;39m [[36mapp-(scheduled)-rateLimitLogging-0      [0;39m] [33mo.t.t.s.p.RateLimitService[0;39m                      : total requests 0 in progress 0 queue size 0 
[32m2025-06-04 | 17:06:53.993[0;39m | [34mINFO [0;39m [[36mapp-(scheduled)-rateLimitLogging-0      [0;39m] [33mo.t.t.s.p.RateLimitService[0;39m                      : total requests 0 in progress 0 queue size 0 
[32m2025-06-04 | 17:07:03.999[0;39m | [34mINFO [0;39m [[36mapp-(scheduled)-rateLimitLogging-0      [0;39m] [33mo.t.t.s.p.RateLimitService[0;39m                      : total requests 0 in progress 0 queue size 0 
[32m2025-06-04 | 17:07:14.003[0;39m | [34mINFO [0;39m [[36mapp-(scheduled)-rateLimitLogging-0      [0;39m] [33mo.t.t.s.p.RateLimitService[0;39m                      : total requests 0 in progress 0 queue size 0 
[32m2025-06-04 | 17:07:23.997[0;39m | [34mINFO [0;39m [[36mapp-(scheduled)-rateLimitLogging-0      [0;39m] [33mo.t.t.s.p.RateLimitService[0;39m                      : total requests 0 in progress 0 queue size 0 
[32m2025-06-04 | 17:07:33.997[0;39m | [34mINFO [0;39m [[36mapp-(scheduled)-rateLimitLogging-0      [0;39m] [33mo.t.t.s.p.RateLimitService[0;39m                      : total requests 0 in progress 0 queue size 0 
[32m2025-06-04 | 17:07:43.999[0;39m | [34mINFO [0;39m [[36mapp-(scheduled)-rateLimitLogging-0      [0;39m] [33mo.t.t.s.p.RateLimitService[0;39m                      : total requests 0 in progress 0 queue size 0 
[32m2025-06-04 | 17:07:53.995[0;39m | [34mINFO [0;39m [[36mapp-(scheduled)-rateLimitLogging-0      [0;39m] [33mo.t.t.s.p.RateLimitService[0;39m                      : total requests 0 in progress 0 queue size 0 
[32m2025-06-04 | 17:08:03.992[0;39m | [34mINFO [0;39m [[36mapp-(scheduled)-rateLimitLogging-0      [0;39m] [33mo.t.t.s.p.RateLimitService[0;39m                      : total requests 0 in progress 0 queue size 0 
[32m2025-06-04 | 17:08:13.997[0;39m | [34mINFO [0;39m [[36mapp-(scheduled)-rateLimitLogging-0      [0;39m] [33mo.t.t.s.p.RateLimitService[0;39m                      : total requests 0 in progress 0 queue size 0 
[32m2025-06-04 | 17:08:23.992[0;39m | [34mINFO [0;39m [[36mapp-(scheduled)-rateLimitLogging-0      [0;39m] [33mo.t.t.s.p.RateLimitService[0;39m                      : total requests 0 in progress 0 queue size 0 
[32m2025-06-04 | 17:08:34.003[0;39m | [34mINFO [0;39m [[36mapp-(scheduled)-rateLimitLogging-0      [0;39m] [33mo.t.t.s.p.RateLimitService[0;39m                      : total requests 0 in progress 0 queue size 0 
[32m2025-06-04 | 17:08:44.002[0;39m | [34mINFO [0;39m [[36mapp-(scheduled)-rateLimitLogging-0      [0;39m] [33mo.t.t.s.p.RateLimitService[0;39m                      : total requests 0 in progress 0 queue size 0 
[32m2025-06-04 | 17:08:53.993[0;39m | [34mINFO [0;39m [[36mapp-(scheduled)-rateLimitLogging-0      [0;39m] [33mo.t.t.s.p.RateLimitService[0;39m                      : total requests 0 in progress 0 queue size 0 
[32m2025-06-04 | 17:09:03.993[0;39m | [34mINFO [0;39m [[36mapp-(scheduled)-rateLimitLogging-0      [0;39m] [33mo.t.t.s.p.RateLimitService[0;39m                      : total requests 0 in progress 0 queue size 0 
[32m2025-06-04 | 17:09:13.995[0;39m | [34mINFO [0;39m [[36mapp-(scheduled)-rateLimitLogging-0      [0;39m] [33mo.t.t.s.p.RateLimitService[0;39m                      : total requests 0 in progress 0 queue size 0 
[32m2025-06-04 | 17:09:23.995[0;39m | [34mINFO [0;39m [[36mapp-(scheduled)-rateLimitLogging-0      [0;39m] [33mo.t.t.s.p.RateLimitService[0;39m                      : total requests 0 in progress 0 queue size 0 
[32m2025-06-04 | 17:09:33.991[0;39m | [34mINFO [0;39m [[36mapp-(scheduled)-rateLimitLogging-0      [0;39m] [33mo.t.t.s.p.RateLimitService[0;39m                      : total requests 0 in progress 0 queue size 0 
[32m2025-06-04 | 17:09:44.002[0;39m | [34mINFO [0;39m [[36mapp-(scheduled)-rateLimitLogging-0      [0;39m] [33mo.t.t.s.p.RateLimitService[0;39m                      : total requests 0 in progress 0 queue size 0 
[32m2025-06-04 | 17:09:53.994[0;39m | [34mINFO [0;39m [[36mapp-(scheduled)-rateLimitLogging-0      [0;39m] [33mo.t.t.s.p.RateLimitService[0;39m                      : total requests 0 in progress 0 queue size 0 
[32m2025-06-04 | 17:10:04.001[0;39m | [34mINFO [0;39m [[36mapp-(scheduled)-rateLimitLogging-0      [0;39m] [33mo.t.t.s.p.RateLimitService[0;39m                      : total requests 0 in progress 0 queue size 0 
[32m2025-06-04 | 17:10:14.002[0;39m | [34mINFO [0;39m [[36mapp-(scheduled)-rateLimitLogging-0      [0;39m] [33mo.t.t.s.p.RateLimitService[0;39m                      : total requests 0 in progress 0 queue size 0 
[32m2025-06-04 | 17:10:24.003[0;39m | [34mINFO [0;39m [[36mapp-(scheduled)-rateLimitLogging-0      [0;39m] [33mo.t.t.s.p.RateLimitService[0;39m                      : total requests 0 in progress 0 queue size 0 
[32m2025-06-04 | 17:10:33.994[0;39m | [34mINFO [0;39m [[36mapp-(scheduled)-rateLimitLogging-0      [0;39m] [33mo.t.t.s.p.RateLimitService[0;39m                      : total requests 0 in progress 0 queue size 0 
[32m2025-06-04 | 17:10:44.001[0;39m | [34mINFO [0;39m [[36mapp-(scheduled)-rateLimitLogging-0      [0;39m] [33mo.t.t.s.p.RateLimitService[0;39m                      : total requests 0 in progress 0 queue size 0 
[32m2025-06-04 | 17:10:53.999[0;39m | [34mINFO [0;39m [[36mapp-(scheduled)-rateLimitLogging-0      [0;39m] [33mo.t.t.s.p.RateLimitService[0;39m                      : total requests 0 in progress 0 queue size 0 
[32m2025-06-04 | 17:11:04.006[0;39m | [34mINFO [0;39m [[36mapp-(scheduled)-rateLimitLogging-0      [0;39m] [33mo.t.t.s.p.RateLimitService[0;39m                      : total requests 0 in progress 0 queue size 0 
[32m2025-06-04 | 17:11:14.000[0;39m | [34mINFO [0;39m [[36mapp-(scheduled)-rateLimitLogging-0      [0;39m] [33mo.t.t.s.p.RateLimitService[0;39m                      : total requests 0 in progress 0 queue size 0 
[32m2025-06-04 | 17:11:23.993[0;39m | [34mINFO [0;39m [[36mapp-(scheduled)-rateLimitLogging-0      [0;39m] [33mo.t.t.s.p.RateLimitService[0;39m                      : total requests 0 in progress 0 queue size 0 
[32m2025-06-04 | 17:11:33.998[0;39m | [34mINFO [0;39m [[36mapp-(scheduled)-rateLimitLogging-0      [0;39m] [33mo.t.t.s.p.RateLimitService[0;39m                      : total requests 0 in progress 0 queue size 0 
[32m2025-06-04 | 17:11:44.005[0;39m | [34mINFO [0;39m [[36mapp-(scheduled)-rateLimitLogging-0      [0;39m] [33mo.t.t.s.p.RateLimitService[0;39m                      : total requests 0 in progress 0 queue size 0 
[32m2025-06-04 | 17:11:53.992[0;39m | [34mINFO [0;39m [[36mapp-(scheduled)-rateLimitLogging-0      [0;39m] [33mo.t.t.s.p.RateLimitService[0;39m                      : total requests 0 in progress 0 queue size 0 
[32m2025-06-04 | 17:12:03.992[0;39m | [34mINFO [0;39m [[36mapp-(scheduled)-rateLimitLogging-0      [0;39m] [33mo.t.t.s.p.RateLimitService[0;39m                      : total requests 0 in progress 0 queue size 0 
[32m2025-06-04 | 17:12:13.999[0;39m | [34mINFO [0;39m [[36mapp-(scheduled)-rateLimitLogging-0      [0;39m] [33mo.t.t.s.p.RateLimitService[0;39m                      : total requests 0 in progress 0 queue size 0 
[32m2025-06-04 | 17:12:23.998[0;39m | [34mINFO [0;39m [[36mapp-(scheduled)-rateLimitLogging-0      [0;39m] [33mo.t.t.s.p.RateLimitService[0;39m                      : total requests 0 in progress 0 queue size 0 
[32m2025-06-04 | 17:12:34.003[0;39m | [34mINFO [0;39m [[36mapp-(scheduled)-rateLimitLogging-0      [0;39m] [33mo.t.t.s.p.RateLimitService[0;39m                      : total requests 0 in progress 0 queue size 0 
[32m2025-06-04 | 17:12:43.997[0;39m | [34mINFO [0;39m [[36mapp-(scheduled)-rateLimitLogging-0      [0;39m] [33mo.t.t.s.p.RateLimitService[0;39m                      : total requests 0 in progress 0 queue size 0 
[32m2025-06-04 | 17:12:53.994[0;39m | [34mINFO [0;39m [[36mapp-(scheduled)-rateLimitLogging-0      [0;39m] [33mo.t.t.s.p.RateLimitService[0;39m                      : total requests 0 in progress 0 queue size 0 
[32m2025-06-04 | 17:13:04.003[0;39m | [34mINFO [0;39m [[36mapp-(scheduled)-rateLimitLogging-0      [0;39m] [33mo.t.t.s.p.RateLimitService[0;39m                      : total requests 0 in progress 0 queue size 0 
[32m2025-06-04 | 17:13:14.006[0;39m | [34mINFO [0;39m [[36mapp-(scheduled)-rateLimitLogging-0      [0;39m] [33mo.t.t.s.p.RateLimitService[0;39m                      : total requests 0 in progress 0 queue size 0 
[32m2025-06-04 | 17:13:23.996[0;39m | [34mINFO [0;39m [[36mapp-(scheduled)-rateLimitLogging-0      [0;39m] [33mo.t.t.s.p.RateLimitService[0;39m                      : total requests 0 in progress 0 queue size 0 
[32m2025-06-04 | 17:13:34.003[0;39m | [34mINFO [0;39m [[36mapp-(scheduled)-rateLimitLogging-0      [0;39m] [33mo.t.t.s.p.RateLimitService[0;39m                      : total requests 0 in progress 0 queue size 0 
[32m2025-06-04 | 17:13:43.994[0;39m | [34mINFO [0;39m [[36mapp-(scheduled)-rateLimitLogging-0      [0;39m] [33mo.t.t.s.p.RateLimitService[0;39m                      : total requests 0 in progress 0 queue size 0 
[32m2025-06-04 | 17:13:54.004[0;39m | [34mINFO [0;39m [[36mapp-(scheduled)-rateLimitLogging-0      [0;39m] [33mo.t.t.s.p.RateLimitService[0;39m                      : total requests 0 in progress 0 queue size 0 
[32m2025-06-04 | 17:14:04.003[0;39m | [34mINFO [0;39m [[36mapp-(scheduled)-rateLimitLogging-0      [0;39m] [33mo.t.t.s.p.RateLimitService[0;39m                      : total requests 0 in progress 0 queue size 0 
[32m2025-06-04 | 17:14:13.998[0;39m | [34mINFO [0;39m [[36mapp-(scheduled)-rateLimitLogging-0      [0;39m] [33mo.t.t.s.p.RateLimitService[0;39m                      : total requests 0 in progress 0 queue size 0 
[32m2025-06-04 | 17:14:23.992[0;39m | [34mINFO [0;39m [[36mapp-(scheduled)-rateLimitLogging-0      [0;39m] [33mo.t.t.s.p.RateLimitService[0;39m                      : total requests 0 in progress 0 queue size 0 
[32m2025-06-04 | 17:14:34.001[0;39m | [34mINFO [0;39m [[36mapp-(scheduled)-rateLimitLogging-0      [0;39m] [33mo.t.t.s.p.RateLimitService[0;39m                      : total requests 0 in progress 0 queue size 0 
[32m2025-06-04 | 17:14:43.999[0;39m | [34mINFO [0;39m [[36mapp-(scheduled)-rateLimitLogging-0      [0;39m] [33mo.t.t.s.p.RateLimitService[0;39m                      : total requests 0 in progress 0 queue size 0 
[32m2025-06-04 | 17:14:54.002[0;39m | [34mINFO [0;39m [[36mapp-(scheduled)-rateLimitLogging-0      [0;39m] [33mo.t.t.s.p.RateLimitService[0;39m                      : total requests 0 in progress 0 queue size 0 
[32m2025-06-04 | 17:15:03.994[0;39m | [34mINFO [0;39m [[36mapp-(scheduled)-rateLimitLogging-0      [0;39m] [33mo.t.t.s.p.RateLimitService[0;39m                      : total requests 0 in progress 0 queue size 0 
[32m2025-06-04 | 17:15:14.003[0;39m | [34mINFO [0;39m [[36mapp-(scheduled)-rateLimitLogging-0      [0;39m] [33mo.t.t.s.p.RateLimitService[0;39m                      : total requests 0 in progress 0 queue size 0 
[32m2025-06-04 | 17:15:23.998[0;39m | [34mINFO [0;39m [[36mapp-(scheduled)-rateLimitLogging-0      [0;39m] [33mo.t.t.s.p.RateLimitService[0;39m                      : total requests 0 in progress 0 queue size 0 
[32m2025-06-04 | 17:15:33.997[0;39m | [34mINFO [0;39m [[36mapp-(scheduled)-rateLimitLogging-0      [0;39m] [33mo.t.t.s.p.RateLimitService[0;39m                      : total requests 0 in progress 0 queue size 0 
[32m2025-06-04 | 17:15:44.000[0;39m | [34mINFO [0;39m [[36mapp-(scheduled)-rateLimitLogging-0      [0;39m] [33mo.t.t.s.p.RateLimitService[0;39m                      : total requests 0 in progress 0 queue size 0 
[32m2025-06-04 | 17:15:54.003[0;39m | [34mINFO [0;39m [[36mapp-(scheduled)-rateLimitLogging-0      [0;39m] [33mo.t.t.s.p.RateLimitService[0;39m                      : total requests 0 in progress 0 queue size 0 
[32m2025-06-04 | 17:16:03.999[0;39m | [34mINFO [0;39m [[36mapp-(scheduled)-rateLimitLogging-0      [0;39m] [33mo.t.t.s.p.RateLimitService[0;39m                      : total requests 0 in progress 0 queue size 0 
[32m2025-06-04 | 17:16:14.004[0;39m | [34mINFO [0;39m [[36mapp-(scheduled)-rateLimitLogging-0      [0;39m] [33mo.t.t.s.p.RateLimitService[0;39m                      : total requests 0 in progress 0 queue size 0 
[32m2025-06-04 | 17:16:23.993[0;39m | [34mINFO [0;39m [[36mapp-(scheduled)-rateLimitLogging-0      [0;39m] [33mo.t.t.s.p.RateLimitService[0;39m                      : total requests 0 in progress 0 queue size 0 
[32m2025-06-04 | 17:16:33.997[0;39m | [34mINFO [0;39m [[36mapp-(scheduled)-rateLimitLogging-0      [0;39m] [33mo.t.t.s.p.RateLimitService[0;39m                      : total requests 0 in progress 0 queue size 0 
[32m2025-06-04 | 17:16:43.997[0;39m | [34mINFO [0;39m [[36mapp-(scheduled)-rateLimitLogging-0      [0;39m] [33mo.t.t.s.p.RateLimitService[0;39m                      : total requests 0 in progress 0 queue size 0 
[32m2025-06-04 | 17:16:53.997[0;39m | [34mINFO [0;39m [[36mapp-(scheduled)-rateLimitLogging-0      [0;39m] [33mo.t.t.s.p.RateLimitService[0;39m                      : total requests 0 in progress 0 queue size 0 
[32m2025-06-04 | 17:17:03.992[0;39m | [34mINFO [0;39m [[36mapp-(scheduled)-rateLimitLogging-0      [0;39m] [33mo.t.t.s.p.RateLimitService[0;39m                      : total requests 0 in progress 0 queue size 0 
[32m2025-06-04 | 17:17:13.998[0;39m | [34mINFO [0;39m [[36mapp-(scheduled)-rateLimitLogging-0      [0;39m] [33mo.t.t.s.p.RateLimitService[0;39m                      : total requests 0 in progress 0 queue size 0 
[32m2025-06-04 | 17:17:23.996[0;39m | [34mINFO [0;39m [[36mapp-(scheduled)-rateLimitLogging-0      [0;39m] [33mo.t.t.s.p.RateLimitService[0;39m                      : total requests 0 in progress 0 queue size 0 
[32m2025-06-04 | 17:17:33.999[0;39m | [34mINFO [0;39m [[36mapp-(scheduled)-rateLimitLogging-0      [0;39m] [33mo.t.t.s.p.RateLimitService[0;39m                      : total requests 0 in progress 0 queue size 0 
[32m2025-06-04 | 17:17:43.997[0;39m | [34mINFO [0;39m [[36mapp-(scheduled)-rateLimitLogging-0      [0;39m] [33mo.t.t.s.p.RateLimitService[0;39m                      : total requests 0 in progress 0 queue size 0 
[32m2025-06-04 | 17:17:53.996[0;39m | [34mINFO [0;39m [[36mapp-(scheduled)-rateLimitLogging-0      [0;39m] [33mo.t.t.s.p.RateLimitService[0;39m                      : total requests 0 in progress 0 queue size 0 
[32m2025-06-04 | 17:18:03.994[0;39m | [34mINFO [0;39m [[36mapp-(scheduled)-rateLimitLogging-0      [0;39m] [33mo.t.t.s.p.RateLimitService[0;39m                      : total requests 0 in progress 0 queue size 0 
[32m2025-06-04 | 17:18:13.995[0;39m | [34mINFO [0;39m [[36mapp-(scheduled)-rateLimitLogging-0      [0;39m] [33mo.t.t.s.p.RateLimitService[0;39m                      : total requests 0 in progress 0 queue size 0 
[32m2025-06-04 | 17:18:24.005[0;39m | [34mINFO [0;39m [[36mapp-(scheduled)-rateLimitLogging-0      [0;39m] [33mo.t.t.s.p.RateLimitService[0;39m                      : total requests 0 in progress 0 queue size 0 
[32m2025-06-04 | 17:18:33.995[0;39m | [34mINFO [0;39m [[36mapp-(scheduled)-rateLimitLogging-0      [0;39m] [33mo.t.t.s.p.RateLimitService[0;39m                      : total requests 0 in progress 0 queue size 0 
[32m2025-06-04 | 17:18:43.992[0;39m | [34mINFO [0;39m [[36mapp-(scheduled)-rateLimitLogging-0      [0;39m] [33mo.t.t.s.p.RateLimitService[0;39m                      : total requests 0 in progress 0 queue size 0 
[32m2025-06-04 | 17:18:54.002[0;39m | [34mINFO [0;39m [[36mapp-(scheduled)-rateLimitLogging-0      [0;39m] [33mo.t.t.s.p.RateLimitService[0;39m                      : total requests 0 in progress 0 queue size 0 
[32m2025-06-04 | 17:19:03.991[0;39m | [34mINFO [0;39m [[36mapp-(scheduled)-rateLimitLogging-0      [0;39m] [33mo.t.t.s.p.RateLimitService[0;39m                      : total requests 0 in progress 0 queue size 0 
[32m2025-06-04 | 17:19:13.994[0;39m | [34mINFO [0;39m [[36mapp-(scheduled)-rateLimitLogging-0      [0;39m] [33mo.t.t.s.p.RateLimitService[0;39m                      : total requests 0 in progress 0 queue size 0 
[32m2025-06-04 | 17:19:24.000[0;39m | [34mINFO [0;39m [[36mapp-(scheduled)-rateLimitLogging-0      [0;39m] [33mo.t.t.s.p.RateLimitService[0;39m                      : total requests 0 in progress 0 queue size 0 
[32m2025-06-04 | 17:19:34.000[0;39m | [34mINFO [0;39m [[36mapp-(scheduled)-rateLimitLogging-0      [0;39m] [33mo.t.t.s.p.RateLimitService[0;39m                      : total requests 0 in progress 0 queue size 0 
[32m2025-06-04 | 17:19:44.005[0;39m | [34mINFO [0;39m [[36mapp-(scheduled)-rateLimitLogging-0      [0;39m] [33mo.t.t.s.p.RateLimitService[0;39m                      : total requests 0 in progress 0 queue size 0 
[32m2025-06-04 | 17:19:53.999[0;39m | [34mINFO [0;39m [[36mapp-(scheduled)-rateLimitLogging-0      [0;39m] [33mo.t.t.s.p.RateLimitService[0;39m                      : total requests 0 in progress 0 queue size 0 
[32m2025-06-04 | 17:20:03.995[0;39m | [34mINFO [0;39m [[36mapp-(scheduled)-rateLimitLogging-0      [0;39m] [33mo.t.t.s.p.RateLimitService[0;39m                      : total requests 0 in progress 0 queue size 0 
[32m2025-06-04 | 17:20:14.002[0;39m | [34mINFO [0;39m [[36mapp-(scheduled)-rateLimitLogging-0      [0;39m] [33mo.t.t.s.p.RateLimitService[0;39m                      : total requests 0 in progress 0 queue size 0 
[32m2025-06-04 | 17:20:23.996[0;39m | [34mINFO [0;39m [[36mapp-(scheduled)-rateLimitLogging-0      [0;39m] [33mo.t.t.s.p.RateLimitService[0;39m                      : total requests 0 in progress 0 queue size 0 
[32m2025-06-04 | 17:20:34.001[0;39m | [34mINFO [0;39m [[36mapp-(scheduled)-rateLimitLogging-0      [0;39m] [33mo.t.t.s.p.RateLimitService[0;39m                      : total requests 0 in progress 0 queue size 0 
[32m2025-06-04 | 17:20:44.004[0;39m | [34mINFO [0;39m [[36mapp-(scheduled)-rateLimitLogging-0      [0;39m] [33mo.t.t.s.p.RateLimitService[0;39m                      : total requests 0 in progress 0 queue size 0 
[32m2025-06-04 | 17:20:53.991[0;39m | [34mINFO [0;39m [[36mapp-(scheduled)-rateLimitLogging-0      [0;39m] [33mo.t.t.s.p.RateLimitService[0;39m                      : total requests 0 in progress 0 queue size 0 
[32m2025-06-04 | 17:21:03.993[0;39m | [34mINFO [0;39m [[36mapp-(scheduled)-rateLimitLogging-0      [0;39m] [33mo.t.t.s.p.RateLimitService[0;39m                      : total requests 0 in progress 0 queue size 0 
[32m2025-06-04 | 17:21:13.992[0;39m | [34mINFO [0;39m [[36mapp-(scheduled)-rateLimitLogging-0      [0;39m] [33mo.t.t.s.p.RateLimitService[0;39m                      : total requests 0 in progress 0 queue size 0 
[32m2025-06-04 | 17:21:23.996[0;39m | [34mINFO [0;39m [[36mapp-(scheduled)-rateLimitLogging-0      [0;39m] [33mo.t.t.s.p.RateLimitService[0;39m                      : total requests 0 in progress 0 queue size 0 
[32m2025-06-04 | 17:21:34.004[0;39m | [34mINFO [0;39m [[36mapp-(scheduled)-rateLimitLogging-0      [0;39m] [33mo.t.t.s.p.RateLimitService[0;39m                      : total requests 0 in progress 0 queue size 0 
[32m2025-06-04 | 17:21:43.993[0;39m | [34mINFO [0;39m [[36mapp-(scheduled)-rateLimitLogging-0      [0;39m] [33mo.t.t.s.p.RateLimitService[0;39m                      : total requests 0 in progress 0 queue size 0 
[32m2025-06-04 | 17:21:53.995[0;39m | [34mINFO [0;39m [[36mapp-(scheduled)-rateLimitLogging-0      [0;39m] [33mo.t.t.s.p.RateLimitService[0;39m                      : total requests 0 in progress 0 queue size 0 
[32m2025-06-04 | 17:22:03.993[0;39m | [34mINFO [0;39m [[36mapp-(scheduled)-rateLimitLogging-0      [0;39m] [33mo.t.t.s.p.RateLimitService[0;39m                      : total requests 0 in progress 0 queue size 0 
[32m2025-06-04 | 17:22:14.003[0;39m | [34mINFO [0;39m [[36mapp-(scheduled)-rateLimitLogging-0      [0;39m] [33mo.t.t.s.p.RateLimitService[0;39m                      : total requests 0 in progress 0 queue size 0 
[32m2025-06-04 | 17:22:23.997[0;39m | [34mINFO [0;39m [[36mapp-(scheduled)-rateLimitLogging-0      [0;39m] [33mo.t.t.s.p.RateLimitService[0;39m                      : total requests 0 in progress 0 queue size 0 
[32m2025-06-04 | 17:22:34.001[0;39m | [34mINFO [0;39m [[36mapp-(scheduled)-rateLimitLogging-0      [0;39m] [33mo.t.t.s.p.RateLimitService[0;39m                      : total requests 0 in progress 0 queue size 0 
[32m2025-06-04 | 17:22:44.007[0;39m | [34mINFO [0;39m [[36mapp-(scheduled)-rateLimitLogging-0      [0;39m] [33mo.t.t.s.p.RateLimitService[0;39m                      : total requests 0 in progress 0 queue size 0 
[32m2025-06-04 | 17:22:53.997[0;39m | [34mINFO [0;39m [[36mapp-(scheduled)-rateLimitLogging-0      [0;39m] [33mo.t.t.s.p.RateLimitService[0;39m                      : total requests 0 in progress 0 queue size 0 
[32m2025-06-04 | 17:23:04.002[0;39m | [34mINFO [0;39m [[36mapp-(scheduled)-rateLimitLogging-0      [0;39m] [33mo.t.t.s.p.RateLimitService[0;39m                      : total requests 0 in progress 0 queue size 0 
[32m2025-06-04 | 17:23:13.995[0;39m | [34mINFO [0;39m [[36mapp-(scheduled)-rateLimitLogging-0      [0;39m] [33mo.t.t.s.p.RateLimitService[0;39m                      : total requests 0 in progress 0 queue size 0 
[32m2025-06-04 | 17:23:23.997[0;39m | [34mINFO [0;39m [[36mapp-(scheduled)-rateLimitLogging-0      [0;39m] [33mo.t.t.s.p.RateLimitService[0;39m                      : total requests 0 in progress 0 queue size 0 
[32m2025-06-04 | 17:23:33.993[0;39m | [34mINFO [0;39m [[36mapp-(scheduled)-rateLimitLogging-0      [0;39m] [33mo.t.t.s.p.RateLimitService[0;39m                      : total requests 0 in progress 0 queue size 0 
[32m2025-06-04 | 17:23:44.003[0;39m | [34mINFO [0;39m [[36mapp-(scheduled)-rateLimitLogging-0      [0;39m] [33mo.t.t.s.p.RateLimitService[0;39m                      : total requests 0 in progress 0 queue size 0 
[32m2025-06-04 | 17:23:54.007[0;39m | [34mINFO [0;39m [[36mapp-(scheduled)-rateLimitLogging-0      [0;39m] [33mo.t.t.s.p.RateLimitService[0;39m                      : total requests 0 in progress 0 queue size 0 
[32m2025-06-04 | 17:24:04.005[0;39m | [34mINFO [0;39m [[36mapp-(scheduled)-rateLimitLogging-0      [0;39m] [33mo.t.t.s.p.RateLimitService[0;39m                      : total requests 0 in progress 0 queue size 0 
[32m2025-06-04 | 17:24:13.992[0;39m | [34mINFO [0;39m [[36mapp-(scheduled)-rateLimitLogging-0      [0;39m] [33mo.t.t.s.p.RateLimitService[0;39m                      : total requests 0 in progress 0 queue size 0 
[32m2025-06-04 | 17:24:23.995[0;39m | [34mINFO [0;39m [[36mapp-(scheduled)-rateLimitLogging-0      [0;39m] [33mo.t.t.s.p.RateLimitService[0;39m                      : total requests 0 in progress 0 queue size 0 
[32m2025-06-04 | 17:24:33.991[0;39m | [34mINFO [0;39m [[36mapp-(scheduled)-rateLimitLogging-0      [0;39m] [33mo.t.t.s.p.RateLimitService[0;39m                      : total requests 0 in progress 0 queue size 0 
[32m2025-06-04 | 17:24:43.997[0;39m | [34mINFO [0;39m [[36mapp-(scheduled)-rateLimitLogging-0      [0;39m] [33mo.t.t.s.p.RateLimitService[0;39m                      : total requests 0 in progress 0 queue size 0 
[32m2025-06-04 | 17:24:53.993[0;39m | [34mINFO [0;39m [[36mapp-(scheduled)-rateLimitLogging-0      [0;39m] [33mo.t.t.s.p.RateLimitService[0;39m                      : total requests 0 in progress 0 queue size 0 
[32m2025-06-04 | 17:25:03.994[0;39m | [34mINFO [0;39m [[36mapp-(scheduled)-rateLimitLogging-0      [0;39m] [33mo.t.t.s.p.RateLimitService[0;39m                      : total requests 0 in progress 0 queue size 0 
[32m2025-06-04 | 17:25:13.994[0;39m | [34mINFO [0;39m [[36mapp-(scheduled)-rateLimitLogging-0      [0;39m] [33mo.t.t.s.p.RateLimitService[0;39m                      : total requests 0 in progress 0 queue size 0 
[32m2025-06-04 | 17:25:23.996[0;39m | [34mINFO [0;39m [[36mapp-(scheduled)-rateLimitLogging-0      [0;39m] [33mo.t.t.s.p.RateLimitService[0;39m                      : total requests 0 in progress 0 queue size 0 
[32m2025-06-04 | 17:25:33.998[0;39m | [34mINFO [0;39m [[36mapp-(scheduled)-rateLimitLogging-0      [0;39m] [33mo.t.t.s.p.RateLimitService[0;39m                      : total requests 0 in progress 0 queue size 0 
[32m2025-06-04 | 17:25:43.996[0;39m | [34mINFO [0;39m [[36mapp-(scheduled)-rateLimitLogging-0      [0;39m] [33mo.t.t.s.p.RateLimitService[0;39m                      : total requests 0 in progress 0 queue size 0 
[32m2025-06-04 | 17:25:54.001[0;39m | [34mINFO [0;39m [[36mapp-(scheduled)-rateLimitLogging-0      [0;39m] [33mo.t.t.s.p.RateLimitService[0;39m                      : total requests 0 in progress 0 queue size 0 
[32m2025-06-04 | 17:26:03.995[0;39m | [34mINFO [0;39m [[36mapp-(scheduled)-rateLimitLogging-0      [0;39m] [33mo.t.t.s.p.RateLimitService[0;39m                      : total requests 0 in progress 0 queue size 0 
[32m2025-06-04 | 17:26:14.002[0;39m | [34mINFO [0;39m [[36mapp-(scheduled)-rateLimitLogging-0      [0;39m] [33mo.t.t.s.p.RateLimitService[0;39m                      : total requests 0 in progress 0 queue size 0 
[32m2025-06-04 | 17:26:23.999[0;39m | [34mINFO [0;39m [[36mapp-(scheduled)-rateLimitLogging-0      [0;39m] [33mo.t.t.s.p.RateLimitService[0;39m                      : total requests 0 in progress 0 queue size 0 
[32m2025-06-04 | 17:26:33.993[0;39m | [34mINFO [0;39m [[36mapp-(scheduled)-rateLimitLogging-0      [0;39m] [33mo.t.t.s.p.RateLimitService[0;39m                      : total requests 0 in progress 0 queue size 0 
[32m2025-06-04 | 17:26:43.992[0;39m | [34mINFO [0;39m [[36mapp-(scheduled)-rateLimitLogging-0      [0;39m] [33mo.t.t.s.p.RateLimitService[0;39m                      : total requests 0 in progress 0 queue size 0 
[32m2025-06-04 | 17:26:54.002[0;39m | [34mINFO [0;39m [[36mapp-(scheduled)-rateLimitLogging-0      [0;39m] [33mo.t.t.s.p.RateLimitService[0;39m                      : total requests 0 in progress 0 queue size 0 
[32m2025-06-04 | 17:27:03.992[0;39m | [34mINFO [0;39m [[36mapp-(scheduled)-rateLimitLogging-0      [0;39m] [33mo.t.t.s.p.RateLimitService[0;39m                      : total requests 0 in progress 0 queue size 0 
[32m2025-06-04 | 17:27:13.997[0;39m | [34mINFO [0;39m [[36mapp-(scheduled)-rateLimitLogging-0      [0;39m] [33mo.t.t.s.p.RateLimitService[0;39m                      : total requests 0 in progress 0 queue size 0 
[32m2025-06-04 | 17:27:23.991[0;39m | [34mINFO [0;39m [[36mapp-(scheduled)-rateLimitLogging-0      [0;39m] [33mo.t.t.s.p.RateLimitService[0;39m                      : total requests 0 in progress 0 queue size 0 
[32m2025-06-04 | 17:27:33.998[0;39m | [34mINFO [0;39m [[36mapp-(scheduled)-rateLimitLogging-0      [0;39m] [33mo.t.t.s.p.RateLimitService[0;39m                      : total requests 0 in progress 0 queue size 0 
[32m2025-06-04 | 17:27:44.003[0;39m | [34mINFO [0;39m [[36mapp-(scheduled)-rateLimitLogging-0      [0;39m] [33mo.t.t.s.p.RateLimitService[0;39m                      : total requests 0 in progress 0 queue size 0 
[32m2025-06-04 | 17:27:54.001[0;39m | [34mINFO [0;39m [[36mapp-(scheduled)-rateLimitLogging-0      [0;39m] [33mo.t.t.s.p.RateLimitService[0;39m                      : total requests 0 in progress 0 queue size 0 
[32m2025-06-04 | 17:28:03.997[0;39m | [34mINFO [0;39m [[36mapp-(scheduled)-rateLimitLogging-0      [0;39m] [33mo.t.t.s.p.RateLimitService[0;39m                      : total requests 0 in progress 0 queue size 0 
[32m2025-06-04 | 17:28:14.002[0;39m | [34mINFO [0;39m [[36mapp-(scheduled)-rateLimitLogging-0      [0;39m] [33mo.t.t.s.p.RateLimitService[0;39m                      : total requests 0 in progress 0 queue size 0 
[32m2025-06-04 | 17:28:23.994[0;39m | [34mINFO [0;39m [[36mapp-(scheduled)-rateLimitLogging-0      [0;39m] [33mo.t.t.s.p.RateLimitService[0;39m                      : total requests 0 in progress 0 queue size 0 
[32m2025-06-04 | 17:28:33.996[0;39m | [34mINFO [0;39m [[36mapp-(scheduled)-rateLimitLogging-0      [0;39m] [33mo.t.t.s.p.RateLimitService[0;39m                      : total requests 0 in progress 0 queue size 0 
[32m2025-06-04 | 17:28:44.000[0;39m | [34mINFO [0;39m [[36mapp-(scheduled)-rateLimitLogging-0      [0;39m] [33mo.t.t.s.p.RateLimitService[0;39m                      : total requests 0 in progress 0 queue size 0 
[32m2025-06-04 | 17:28:53.999[0;39m | [34mINFO [0;39m [[36mapp-(scheduled)-rateLimitLogging-0      [0;39m] [33mo.t.t.s.p.RateLimitService[0;39m                      : total requests 0 in progress 0 queue size 0 
[32m2025-06-04 | 17:29:03.993[0;39m | [34mINFO [0;39m [[36mapp-(scheduled)-rateLimitLogging-0      [0;39m] [33mo.t.t.s.p.RateLimitService[0;39m                      : total requests 0 in progress 0 queue size 0 
[32m2025-06-04 | 17:29:13.991[0;39m | [34mINFO [0;39m [[36mapp-(scheduled)-rateLimitLogging-0      [0;39m] [33mo.t.t.s.p.RateLimitService[0;39m                      : total requests 0 in progress 0 queue size 0 
[32m2025-06-04 | 17:29:16.559[0;39m | [34mINFO [0;39m [[36mSpringApplicationShutdownHook           [0;39m] [33mo.s.c.l.CompositeLog[0;39m                            : Stopping... 
[32m2025-06-04 | 17:29:16.559[0;39m | [34mINFO [0;39m [[36mSpringApplicationShutdownHook           [0;39m] [33mo.s.c.l.CompositeLog[0;39m                            : BrokerAvailabilityEvent[available=false, SimpleBrokerMessageHandler [org.springframework.messaging.simp.broker.DefaultSubscriptionRegistry@26980ef5]] 
[32m2025-06-04 | 17:29:16.559[0;39m | [34mINFO [0;39m [[36mSpringApplicationShutdownHook           [0;39m] [33mo.s.c.l.CompositeLog[0;39m                            : Stopped. 
[32m2025-06-04 | 17:29:16.528[0;39m | [31mWARN [0;39m [[36mapp-(scheduled)-taskServiceScheduling-0 [0;39m] [33mc.z.h.p.ProxyConnection[0;39m                         : HikariPool-1 - Connection org.postgresql.jdbc.PgConnection@79803819 marked as broken because of SQLSTATE(08006), ErrorCode(0) 
org.postgresql.util.PSQLException: An I/O error occurred while sending to the backend.
	at org.postgresql.core.v3.QueryExecutorImpl.execute(QueryExecutorImpl.java:395)
	at org.postgresql.jdbc.PgStatement.executeInternal(PgStatement.java:498)
	at org.postgresql.jdbc.PgStatement.execute(PgStatement.java:415)
	at org.postgresql.jdbc.PgPreparedStatement.executeWithFlags(PgPreparedStatement.java:190)
	at org.postgresql.jdbc.PgPreparedStatement.executeQuery(PgPreparedStatement.java:134)
	at com.zaxxer.hikari.pool.ProxyPreparedStatement.executeQuery(ProxyPreparedStatement.java:52)
	at com.zaxxer.hikari.pool.HikariProxyPreparedStatement.executeQuery(HikariProxyPreparedStatement.java)
	at org.hibernate.sql.results.jdbc.internal.DeferredResultSetAccess.executeQuery(DeferredResultSetAccess.java:246)
	at org.hibernate.sql.results.jdbc.internal.DeferredResultSetAccess.getResultSet(DeferredResultSetAccess.java:167)
	at org.hibernate.sql.results.jdbc.internal.AbstractResultSetAccess.getMetaData(AbstractResultSetAccess.java:36)
	at org.hibernate.sql.results.jdbc.internal.AbstractResultSetAccess.getColumnCount(AbstractResultSetAccess.java:52)
	at org.hibernate.query.results.ResultSetMappingImpl.resolve(ResultSetMappingImpl.java:193)
	at org.hibernate.sql.exec.internal.JdbcSelectExecutorStandardImpl.resolveJdbcValuesSource(JdbcSelectExecutorStandardImpl.java:325)
	at org.hibernate.sql.exec.internal.JdbcSelectExecutorStandardImpl.doExecuteQuery(JdbcSelectExecutorStandardImpl.java:115)
	at org.hibernate.sql.exec.internal.JdbcSelectExecutorStandardImpl.executeQuery(JdbcSelectExecutorStandardImpl.java:83)
	at org.hibernate.sql.exec.spi.JdbcSelectExecutor.list(JdbcSelectExecutor.java:76)
	at org.hibernate.sql.exec.spi.JdbcSelectExecutor.list(JdbcSelectExecutor.java:65)
	at org.hibernate.query.sql.internal.NativeSelectQueryPlanImpl.performList(NativeSelectQueryPlanImpl.java:138)
	at org.hibernate.query.sql.internal.NativeQueryImpl.doList(NativeQueryImpl.java:621)
	at org.hibernate.query.spi.AbstractSelectionQuery.list(AbstractSelectionQuery.java:427)
	at org.hibernate.query.Query.getResultList(Query.java:120)
	at org.springframework.data.jpa.repository.query.JpaQueryExecution$CollectionExecution.doExecute(JpaQueryExecution.java:129)
	at org.springframework.data.jpa.repository.query.JpaQueryExecution.execute(JpaQueryExecution.java:92)
	at org.springframework.data.jpa.repository.query.AbstractJpaQuery.doExecute(AbstractJpaQuery.java:149)
	at org.springframework.data.jpa.repository.query.AbstractJpaQuery.execute(AbstractJpaQuery.java:137)
	at org.springframework.data.repository.core.support.RepositoryMethodInvoker.doInvoke(RepositoryMethodInvoker.java:170)
	at org.springframework.data.repository.core.support.RepositoryMethodInvoker.invoke(RepositoryMethodInvoker.java:158)
	at org.springframework.data.repository.core.support.QueryExecutorMethodInterceptor.doInvoke(QueryExecutorMethodInterceptor.java:164)
	at org.springframework.data.repository.core.support.QueryExecutorMethodInterceptor.invoke(QueryExecutorMethodInterceptor.java:143)
	at org.springframework.aop.framework.ReflectiveMethodInvocation.proceed(ReflectiveMethodInvocation.java:184)
	at org.springframework.transaction.interceptor.TransactionInterceptor$1.proceedWithInvocation(TransactionInterceptor.java:123)
	at org.springframework.transaction.interceptor.TransactionAspectSupport.invokeWithinTransaction(TransactionAspectSupport.java:392)
	at org.springframework.transaction.interceptor.TransactionInterceptor.invoke(TransactionInterceptor.java:119)
	at org.springframework.aop.framework.ReflectiveMethodInvocation.proceed(ReflectiveMethodInvocation.java:184)
	at org.springframework.dao.support.PersistenceExceptionTranslationInterceptor.invoke(PersistenceExceptionTranslationInterceptor.java:137)
	at org.springframework.aop.framework.ReflectiveMethodInvocation.proceed(ReflectiveMethodInvocation.java:184)
	at org.springframework.data.jpa.repository.support.CrudMethodMetadataPostProcessor$CrudMethodMetadataPopulatingMethodInterceptor.invoke(CrudMethodMetadataPostProcessor.java:135)
	at org.springframework.aop.framework.ReflectiveMethodInvocation.proceed(ReflectiveMethodInvocation.java:184)
	at org.springframework.aop.interceptor.ExposeInvocationInterceptor.invoke(ExposeInvocationInterceptor.java:97)
	at org.springframework.aop.framework.ReflectiveMethodInvocation.proceed(ReflectiveMethodInvocation.java:184)
	at org.springframework.aop.framework.JdkDynamicAopProxy.invoke(JdkDynamicAopProxy.java:220)
	at jdk.proxy2/jdk.proxy2.$Proxy197.findNextExecutionRequest(Unknown Source)
	at org.thingsboard.trendz.dao.task.TaskDao.findAndBorrowTaskExecutionRequest(TaskDao.java:477)
	at jdk.internal.reflect.GeneratedMethodAccessor57.invoke(Unknown Source)
	at java.base/jdk.internal.reflect.DelegatingMethodAccessorImpl.invoke(DelegatingMethodAccessorImpl.java:43)
	at java.base/java.lang.reflect.Method.invoke(Method.java:569)
	at org.springframework.aop.support.AopUtils.invokeJoinpointUsingReflection(AopUtils.java:351)
	at org.springframework.aop.framework.ReflectiveMethodInvocation.invokeJoinpoint(ReflectiveMethodInvocation.java:196)
	at org.springframework.aop.framework.ReflectiveMethodInvocation.proceed(ReflectiveMethodInvocation.java:163)
	at org.springframework.aop.framework.CglibAopProxy$CglibMethodInvocation.proceed(CglibAopProxy.java:765)
	at org.springframework.transaction.interceptor.TransactionInterceptor$1.proceedWithInvocation(TransactionInterceptor.java:123)
	at org.springframework.transaction.interceptor.TransactionAspectSupport.invokeWithinTransaction(TransactionAspectSupport.java:392)
	at org.springframework.transaction.interceptor.TransactionInterceptor.invoke(TransactionInterceptor.java:119)
	at org.springframework.aop.framework.ReflectiveMethodInvocation.proceed(ReflectiveMethodInvocation.java:184)
	at org.springframework.aop.framework.CglibAopProxy$CglibMethodInvocation.proceed(CglibAopProxy.java:765)
	at org.springframework.aop.framework.CglibAopProxy$DynamicAdvisedInterceptor.intercept(CglibAopProxy.java:717)
	at org.thingsboard.trendz.dao.task.TaskDao$$SpringCGLIB$$0.findAndBorrowTaskExecutionRequest(<generated>)
	at org.thingsboard.trendz.service.task.TaskRuntimeService.scheduleProcess(TaskRuntimeService.java:231)
	at java.base/java.util.concurrent.Executors$RunnableAdapter.call(Executors.java:539)
	at java.base/java.util.concurrent.FutureTask.runAndReset(FutureTask.java:305)
	at java.base/java.util.concurrent.ScheduledThreadPoolExecutor$ScheduledFutureTask.run(ScheduledThreadPoolExecutor.java:305)
	at java.base/java.util.concurrent.ThreadPoolExecutor.runWorker(ThreadPoolExecutor.java:1136)
	at java.base/java.util.concurrent.ThreadPoolExecutor$Worker.run(ThreadPoolExecutor.java:635)
	at java.base/java.lang.Thread.run(Thread.java:840)
Caused by: java.net.SocketException: Connection reset by peer
	at java.base/sun.nio.ch.NioSocketImpl.implWrite(NioSocketImpl.java:425)
	at java.base/sun.nio.ch.NioSocketImpl.write(NioSocketImpl.java:445)
	at java.base/sun.nio.ch.NioSocketImpl$2.write(NioSocketImpl.java:831)
	at java.base/java.net.Socket$SocketOutputStream.write(Socket.java:1035)
	at java.base/java.io.BufferedOutputStream.flushBuffer(BufferedOutputStream.java:81)
	at java.base/java.io.BufferedOutputStream.flush(BufferedOutputStream.java:142)
	at org.postgresql.core.PGStream.flush(PGStream.java:721)
	at org.postgresql.core.v3.QueryExecutorImpl.sendSync(QueryExecutorImpl.java:1563)
	at org.postgresql.core.v3.QueryExecutorImpl.execute(QueryExecutorImpl.java:366)
	... 63 common frames omitted
[32m2025-06-04 | 17:29:16.570[0;39m | [31mWARN [0;39m [[36mapp-(scheduled)-taskServiceScheduling-0 [0;39m] [33mo.h.e.j.s.SqlExceptionHelper[0;39m                    : SQL Error: 0, SQLState: 08006 
[32m2025-06-04 | 17:29:16.570[0;39m | [1;31mERROR[0;39m [[36mapp-(scheduled)-taskServiceScheduling-0 [0;39m] [33mo.h.e.j.s.SqlExceptionHelper[0;39m                    : An I/O error occurred while sending to the backend. 
[32m2025-06-04 | 17:29:16.673[0;39m | [1;31mERROR[0;39m [[36mapp-(scheduled)-taskServiceScheduling-0 [0;39m] [33mo.s.t.i.TransactionAspectSupport[0;39m                : Application exception overridden by rollback exception 
org.springframework.dao.DataAccessResourceFailureException: JDBC exception executing SQL [SELECT CAST(ter.task_id AS VARCHAR), CAST(ter.execution_id AS VARCHAR)
FROM trendz_task_execution_request ter
WHERE ter.state = 'FREE'
ORDER BY ter.created_ts
LIMIT 1
FOR UPDATE
] [An I/O error occurred while sending to the backend.] [n/a]
	at org.springframework.orm.jpa.vendor.HibernateJpaDialect.convertHibernateAccessException(HibernateJpaDialect.java:274)
	at org.springframework.orm.jpa.vendor.HibernateJpaDialect.translateExceptionIfPossible(HibernateJpaDialect.java:241)
	at org.springframework.orm.jpa.AbstractEntityManagerFactoryBean.translateExceptionIfPossible(AbstractEntityManagerFactoryBean.java:550)
	at org.springframework.dao.support.ChainedPersistenceExceptionTranslator.translateExceptionIfPossible(ChainedPersistenceExceptionTranslator.java:61)
	at org.springframework.dao.support.DataAccessUtils.translateIfNecessary(DataAccessUtils.java:335)
	at org.springframework.dao.support.PersistenceExceptionTranslationInterceptor.invoke(PersistenceExceptionTranslationInterceptor.java:152)
	at org.springframework.aop.framework.ReflectiveMethodInvocation.proceed(ReflectiveMethodInvocation.java:184)
	at org.springframework.data.jpa.repository.support.CrudMethodMetadataPostProcessor$CrudMethodMetadataPopulatingMethodInterceptor.invoke(CrudMethodMetadataPostProcessor.java:135)
	at org.springframework.aop.framework.ReflectiveMethodInvocation.proceed(ReflectiveMethodInvocation.java:184)
	at org.springframework.aop.interceptor.ExposeInvocationInterceptor.invoke(ExposeInvocationInterceptor.java:97)
	at org.springframework.aop.framework.ReflectiveMethodInvocation.proceed(ReflectiveMethodInvocation.java:184)
	at org.springframework.aop.framework.JdkDynamicAopProxy.invoke(JdkDynamicAopProxy.java:220)
	at jdk.proxy2/jdk.proxy2.$Proxy197.findNextExecutionRequest(Unknown Source)
	at org.thingsboard.trendz.dao.task.TaskDao.findAndBorrowTaskExecutionRequest(TaskDao.java:477)
	at jdk.internal.reflect.GeneratedMethodAccessor57.invoke(Unknown Source)
	at java.base/jdk.internal.reflect.DelegatingMethodAccessorImpl.invoke(DelegatingMethodAccessorImpl.java:43)
	at java.base/java.lang.reflect.Method.invoke(Method.java:569)
	at org.springframework.aop.support.AopUtils.invokeJoinpointUsingReflection(AopUtils.java:351)
	at org.springframework.aop.framework.ReflectiveMethodInvocation.invokeJoinpoint(ReflectiveMethodInvocation.java:196)
	at org.springframework.aop.framework.ReflectiveMethodInvocation.proceed(ReflectiveMethodInvocation.java:163)
	at org.springframework.aop.framework.CglibAopProxy$CglibMethodInvocation.proceed(CglibAopProxy.java:765)
	at org.springframework.transaction.interceptor.TransactionInterceptor$1.proceedWithInvocation(TransactionInterceptor.java:123)
	at org.springframework.transaction.interceptor.TransactionAspectSupport.invokeWithinTransaction(TransactionAspectSupport.java:392)
	at org.springframework.transaction.interceptor.TransactionInterceptor.invoke(TransactionInterceptor.java:119)
	at org.springframework.aop.framework.ReflectiveMethodInvocation.proceed(ReflectiveMethodInvocation.java:184)
	at org.springframework.aop.framework.CglibAopProxy$CglibMethodInvocation.proceed(CglibAopProxy.java:765)
	at org.springframework.aop.framework.CglibAopProxy$DynamicAdvisedInterceptor.intercept(CglibAopProxy.java:717)
	at org.thingsboard.trendz.dao.task.TaskDao$$SpringCGLIB$$0.findAndBorrowTaskExecutionRequest(<generated>)
	at org.thingsboard.trendz.service.task.TaskRuntimeService.scheduleProcess(TaskRuntimeService.java:231)
	at java.base/java.util.concurrent.Executors$RunnableAdapter.call(Executors.java:539)
	at java.base/java.util.concurrent.FutureTask.runAndReset(FutureTask.java:305)
	at java.base/java.util.concurrent.ScheduledThreadPoolExecutor$ScheduledFutureTask.run(ScheduledThreadPoolExecutor.java:305)
	at java.base/java.util.concurrent.ThreadPoolExecutor.runWorker(ThreadPoolExecutor.java:1136)
	at java.base/java.util.concurrent.ThreadPoolExecutor$Worker.run(ThreadPoolExecutor.java:635)
	at java.base/java.lang.Thread.run(Thread.java:840)
Caused by: org.hibernate.exception.JDBCConnectionException: JDBC exception executing SQL [SELECT CAST(ter.task_id AS VARCHAR), CAST(ter.execution_id AS VARCHAR)
FROM trendz_task_execution_request ter
WHERE ter.state = 'FREE'
ORDER BY ter.created_ts
LIMIT 1
FOR UPDATE
] [An I/O error occurred while sending to the backend.] [n/a]
	at org.hibernate.exception.internal.SQLStateConversionDelegate.convert(SQLStateConversionDelegate.java:100)
	at org.hibernate.exception.internal.StandardSQLExceptionConverter.convert(StandardSQLExceptionConverter.java:58)
	at org.hibernate.engine.jdbc.spi.SqlExceptionHelper.convert(SqlExceptionHelper.java:108)
	at org.hibernate.engine.jdbc.spi.SqlExceptionHelper.convert(SqlExceptionHelper.java:94)
	at org.hibernate.sql.results.jdbc.internal.DeferredResultSetAccess.executeQuery(DeferredResultSetAccess.java:265)
	at org.hibernate.sql.results.jdbc.internal.DeferredResultSetAccess.getResultSet(DeferredResultSetAccess.java:167)
	at org.hibernate.sql.results.jdbc.internal.AbstractResultSetAccess.getMetaData(AbstractResultSetAccess.java:36)
	at org.hibernate.sql.results.jdbc.internal.AbstractResultSetAccess.getColumnCount(AbstractResultSetAccess.java:52)
	at org.hibernate.query.results.ResultSetMappingImpl.resolve(ResultSetMappingImpl.java:193)
	at org.hibernate.sql.exec.internal.JdbcSelectExecutorStandardImpl.resolveJdbcValuesSource(JdbcSelectExecutorStandardImpl.java:325)
	at org.hibernate.sql.exec.internal.JdbcSelectExecutorStandardImpl.doExecuteQuery(JdbcSelectExecutorStandardImpl.java:115)
	at org.hibernate.sql.exec.internal.JdbcSelectExecutorStandardImpl.executeQuery(JdbcSelectExecutorStandardImpl.java:83)
	at org.hibernate.sql.exec.spi.JdbcSelectExecutor.list(JdbcSelectExecutor.java:76)
	at org.hibernate.sql.exec.spi.JdbcSelectExecutor.list(JdbcSelectExecutor.java:65)
	at org.hibernate.query.sql.internal.NativeSelectQueryPlanImpl.performList(NativeSelectQueryPlanImpl.java:138)
	at org.hibernate.query.sql.internal.NativeQueryImpl.doList(NativeQueryImpl.java:621)
	at org.hibernate.query.spi.AbstractSelectionQuery.list(AbstractSelectionQuery.java:427)
	at org.hibernate.query.Query.getResultList(Query.java:120)
	at org.springframework.data.jpa.repository.query.JpaQueryExecution$CollectionExecution.doExecute(JpaQueryExecution.java:129)
	at org.springframework.data.jpa.repository.query.JpaQueryExecution.execute(JpaQueryExecution.java:92)
	at org.springframework.data.jpa.repository.query.AbstractJpaQuery.doExecute(AbstractJpaQuery.java:149)
	at org.springframework.data.jpa.repository.query.AbstractJpaQuery.execute(AbstractJpaQuery.java:137)
	at org.springframework.data.repository.core.support.RepositoryMethodInvoker.doInvoke(RepositoryMethodInvoker.java:170)
	at org.springframework.data.repository.core.support.RepositoryMethodInvoker.invoke(RepositoryMethodInvoker.java:158)
	at org.springframework.data.repository.core.support.QueryExecutorMethodInterceptor.doInvoke(QueryExecutorMethodInterceptor.java:164)
	at org.springframework.data.repository.core.support.QueryExecutorMethodInterceptor.invoke(QueryExecutorMethodInterceptor.java:143)
	at org.springframework.aop.framework.ReflectiveMethodInvocation.proceed(ReflectiveMethodInvocation.java:184)
	at org.springframework.transaction.interceptor.TransactionInterceptor$1.proceedWithInvocation(TransactionInterceptor.java:123)
	at org.springframework.transaction.interceptor.TransactionAspectSupport.invokeWithinTransaction(TransactionAspectSupport.java:392)
	at org.springframework.transaction.interceptor.TransactionInterceptor.invoke(TransactionInterceptor.java:119)
	at org.springframework.aop.framework.ReflectiveMethodInvocation.proceed(ReflectiveMethodInvocation.java:184)
	at org.springframework.dao.support.PersistenceExceptionTranslationInterceptor.invoke(PersistenceExceptionTranslationInterceptor.java:137)
	... 29 common frames omitted
Caused by: org.postgresql.util.PSQLException: An I/O error occurred while sending to the backend.
	at org.postgresql.core.v3.QueryExecutorImpl.execute(QueryExecutorImpl.java:395)
	at org.postgresql.jdbc.PgStatement.executeInternal(PgStatement.java:498)
	at org.postgresql.jdbc.PgStatement.execute(PgStatement.java:415)
	at org.postgresql.jdbc.PgPreparedStatement.executeWithFlags(PgPreparedStatement.java:190)
	at org.postgresql.jdbc.PgPreparedStatement.executeQuery(PgPreparedStatement.java:134)
	at com.zaxxer.hikari.pool.ProxyPreparedStatement.executeQuery(ProxyPreparedStatement.java:52)
	at com.zaxxer.hikari.pool.HikariProxyPreparedStatement.executeQuery(HikariProxyPreparedStatement.java)
	at org.hibernate.sql.results.jdbc.internal.DeferredResultSetAccess.executeQuery(DeferredResultSetAccess.java:246)
	... 56 common frames omitted
Caused by: java.net.SocketException: Connection reset by peer
	at java.base/sun.nio.ch.NioSocketImpl.implWrite(NioSocketImpl.java:425)
	at java.base/sun.nio.ch.NioSocketImpl.write(NioSocketImpl.java:445)
	at java.base/sun.nio.ch.NioSocketImpl$2.write(NioSocketImpl.java:831)
	at java.base/java.net.Socket$SocketOutputStream.write(Socket.java:1035)
	at java.base/java.io.BufferedOutputStream.flushBuffer(BufferedOutputStream.java:81)
	at java.base/java.io.BufferedOutputStream.flush(BufferedOutputStream.java:142)
	at org.postgresql.core.PGStream.flush(PGStream.java:721)
	at org.postgresql.core.v3.QueryExecutorImpl.sendSync(QueryExecutorImpl.java:1563)
	at org.postgresql.core.v3.QueryExecutorImpl.execute(QueryExecutorImpl.java:366)
	... 63 common frames omitted
[32m2025-06-04 | 17:29:16.673[0;39m | [1;31mERROR[0;39m [[36mapp-(scheduled)-taskServiceScheduling-0 [0;39m] [33mo.t.t.s.t.TaskRuntimeService[0;39m                    : Error during task scheduling: Process. 
org.springframework.orm.jpa.JpaSystemException: Unable to rollback against JDBC Connection
	at org.springframework.orm.jpa.vendor.HibernateJpaDialect.convertHibernateAccessException(HibernateJpaDialect.java:341)
	at org.springframework.orm.jpa.vendor.HibernateJpaDialect.translateExceptionIfPossible(HibernateJpaDialect.java:241)
	at org.springframework.orm.jpa.JpaTransactionManager.doRollback(JpaTransactionManager.java:592)
	at org.springframework.transaction.support.AbstractPlatformTransactionManager.processRollback(AbstractPlatformTransactionManager.java:896)
	at org.springframework.transaction.support.AbstractPlatformTransactionManager.rollback(AbstractPlatformTransactionManager.java:865)
	at org.springframework.transaction.interceptor.TransactionAspectSupport.completeTransactionAfterThrowing(TransactionAspectSupport.java:694)
	at org.springframework.transaction.interceptor.TransactionAspectSupport.invokeWithinTransaction(TransactionAspectSupport.java:396)
	at org.springframework.transaction.interceptor.TransactionInterceptor.invoke(TransactionInterceptor.java:119)
	at org.springframework.aop.framework.ReflectiveMethodInvocation.proceed(ReflectiveMethodInvocation.java:184)
	at org.springframework.aop.framework.CglibAopProxy$CglibMethodInvocation.proceed(CglibAopProxy.java:765)
	at org.springframework.aop.framework.CglibAopProxy$DynamicAdvisedInterceptor.intercept(CglibAopProxy.java:717)
	at org.thingsboard.trendz.dao.task.TaskDao$$SpringCGLIB$$0.findAndBorrowTaskExecutionRequest(<generated>)
	at org.thingsboard.trendz.service.task.TaskRuntimeService.scheduleProcess(TaskRuntimeService.java:231)
	at java.base/java.util.concurrent.Executors$RunnableAdapter.call(Executors.java:539)
	at java.base/java.util.concurrent.FutureTask.runAndReset(FutureTask.java:305)
	at java.base/java.util.concurrent.ScheduledThreadPoolExecutor$ScheduledFutureTask.run(ScheduledThreadPoolExecutor.java:305)
	at java.base/java.util.concurrent.ThreadPoolExecutor.runWorker(ThreadPoolExecutor.java:1136)
	at java.base/java.util.concurrent.ThreadPoolExecutor$Worker.run(ThreadPoolExecutor.java:635)
	at java.base/java.lang.Thread.run(Thread.java:840)
Caused by: org.hibernate.TransactionException: Unable to rollback against JDBC Connection
	at org.hibernate.resource.jdbc.internal.AbstractLogicalConnectionImplementor.rollback(AbstractLogicalConnectionImplementor.java:127)
	at org.hibernate.resource.transaction.backend.jdbc.internal.JdbcResourceLocalTransactionCoordinatorImpl$TransactionDriverControlImpl.rollback(JdbcResourceLocalTransactionCoordinatorImpl.java:290)
	at org.hibernate.engine.transaction.internal.TransactionImpl.rollback(TransactionImpl.java:142)
	at org.springframework.orm.jpa.JpaTransactionManager.doRollback(JpaTransactionManager.java:588)
	... 16 common frames omitted
Caused by: java.sql.SQLException: Connection is closed
	at com.zaxxer.hikari.pool.ProxyConnection$ClosedConnection.lambda$getClosedConnection$0(ProxyConnection.java:502)
	at jdk.proxy3/jdk.proxy3.$Proxy139.rollback(Unknown Source)
	at com.zaxxer.hikari.pool.ProxyConnection.rollback(ProxyConnection.java:385)
	at com.zaxxer.hikari.pool.HikariProxyConnection.rollback(HikariProxyConnection.java)
	at org.hibernate.resource.jdbc.internal.AbstractLogicalConnectionImplementor.rollback(AbstractLogicalConnectionImplementor.java:121)
	... 19 common frames omitted
[32m2025-06-04 | 17:29:16.673[0;39m | [31mWARN [0;39m [[36mapp-(scheduled)-taskServiceScheduling-0 [0;39m] [33mc.z.h.p.PoolBase[0;39m                                : HikariPool-1 - Failed to validate connection org.postgresql.jdbc.PgConnection@62b34cb4 (This connection has been closed.). Possibly consider using a shorter maxLifetime value. 
[32m2025-06-04 | 17:29:16.673[0;39m | [31mWARN [0;39m [[36mapp-(scheduled)-taskServiceScheduling-0 [0;39m] [33mc.z.h.p.PoolBase[0;39m                                : HikariPool-1 - Failed to validate connection org.postgresql.jdbc.PgConnection@33358cf5 (This connection has been closed.). Possibly consider using a shorter maxLifetime value. 
[32m2025-06-04 | 17:29:16.673[0;39m | [31mWARN [0;39m [[36mapp-(scheduled)-taskServiceScheduling-0 [0;39m] [33mc.z.h.p.PoolBase[0;39m                                : HikariPool-1 - Failed to validate connection org.postgresql.jdbc.PgConnection@68ed328b (This connection has been closed.). Possibly consider using a shorter maxLifetime value. 
[32m2025-06-04 | 17:29:16.673[0;39m | [31mWARN [0;39m [[36mapp-(scheduled)-taskServiceScheduling-0 [0;39m] [33mc.z.h.p.PoolBase[0;39m                                : HikariPool-1 - Failed to validate connection org.postgresql.jdbc.PgConnection@7d60bf1f (This connection has been closed.). Possibly consider using a shorter maxLifetime value. 
[32m2025-06-04 | 17:29:16.694[0;39m | [34mINFO [0;39m [[36mSpringApplicationShutdownHook           [0;39m] [33mo.t.l.c.AbstractTbLicenseClient[0;39m                 : Stopping ThingsBoard License Client... 
[32m2025-06-04 | 17:29:16.694[0;39m | [34mINFO [0;39m [[36mSpringApplicationShutdownHook           [0;39m] [33mo.s.o.j.AbstractEntityManagerFactoryBean[0;39m        : Closing JPA EntityManagerFactory for persistence unit 'default' 
[32m2025-06-04 | 17:29:16.720[0;39m | [34mINFO [0;39m [[36mSpringApplicationShutdownHook           [0;39m] [33mc.z.h.HikariDataSource[0;39m                          : HikariPool-1 - Shutdown initiated... 
[32m2025-06-04 | 17:29:16.736[0;39m | [34mINFO [0;39m [[36mSpringApplicationShutdownHook           [0;39m] [33mc.z.h.HikariDataSource[0;39m                          : HikariPool-1 - Shutdown completed. 
[32m2025-06-04 | 17:29:16.740[0;39m | [31mWARN [0;39m [[36mapp-(scheduled)-taskServiceScheduling-0 [0;39m] [33mo.h.e.j.s.SqlExceptionHelper[0;39m                    : SQL Error: 0, SQLState: null 
[32m2025-06-04 | 17:29:16.740[0;39m | [1;31mERROR[0;39m [[36mapp-(scheduled)-taskServiceScheduling-0 [0;39m] [33mo.h.e.j.s.SqlExceptionHelper[0;39m                    : HikariPool-1 - Interrupted during connection acquisition 
[32m2025-06-04 | 17:29:16.740[0;39m | [1;31mERROR[0;39m [[36mapp-(scheduled)-taskServiceScheduling-0 [0;39m] [33mo.t.t.s.t.TaskRuntimeService[0;39m                    : Error during task scheduling: Cancellation. 
org.springframework.transaction.CannotCreateTransactionException: Could not open JPA EntityManager for transaction
	at org.springframework.orm.jpa.JpaTransactionManager.doBegin(JpaTransactionManager.java:466)
	at org.springframework.transaction.support.AbstractPlatformTransactionManager.startTransaction(AbstractPlatformTransactionManager.java:531)
	at org.springframework.transaction.support.AbstractPlatformTransactionManager.getTransaction(AbstractPlatformTransactionManager.java:405)
	at org.springframework.transaction.interceptor.TransactionAspectSupport.createTransactionIfNecessary(TransactionAspectSupport.java:617)
	at org.springframework.transaction.interceptor.TransactionAspectSupport.invokeWithinTransaction(TransactionAspectSupport.java:386)
	at org.springframework.transaction.interceptor.TransactionInterceptor.invoke(TransactionInterceptor.java:119)
	at org.springframework.aop.framework.ReflectiveMethodInvocation.proceed(ReflectiveMethodInvocation.java:184)
	at org.springframework.aop.framework.CglibAopProxy$CglibMethodInvocation.proceed(CglibAopProxy.java:765)
	at org.springframework.aop.framework.CglibAopProxy$DynamicAdvisedInterceptor.intercept(CglibAopProxy.java:717)
	at org.thingsboard.trendz.dao.task.TaskDao$$SpringCGLIB$$0.findCancelledTaskExecutionIds(<generated>)
	at org.thingsboard.trendz.service.task.TaskRuntimeService.scheduleCancellation(TaskRuntimeService.java:190)
	at java.base/java.util.concurrent.Executors$RunnableAdapter.call(Executors.java:539)
	at java.base/java.util.concurrent.FutureTask.runAndReset(FutureTask.java:305)
	at java.base/java.util.concurrent.ScheduledThreadPoolExecutor$ScheduledFutureTask.run(ScheduledThreadPoolExecutor.java:305)
	at java.base/java.util.concurrent.ThreadPoolExecutor.runWorker(ThreadPoolExecutor.java:1136)
	at java.base/java.util.concurrent.ThreadPoolExecutor$Worker.run(ThreadPoolExecutor.java:635)
	at java.base/java.lang.Thread.run(Thread.java:840)
Caused by: org.hibernate.exception.GenericJDBCException: Unable to acquire JDBC Connection [HikariPool-1 - Interrupted during connection acquisition] [n/a]
	at org.hibernate.exception.internal.StandardSQLExceptionConverter.convert(StandardSQLExceptionConverter.java:63)
	at org.hibernate.engine.jdbc.spi.SqlExceptionHelper.convert(SqlExceptionHelper.java:108)
	at org.hibernate.engine.jdbc.spi.SqlExceptionHelper.convert(SqlExceptionHelper.java:94)
	at org.hibernate.resource.jdbc.internal.LogicalConnectionManagedImpl.acquireConnectionIfNeeded(LogicalConnectionManagedImpl.java:116)
	at org.hibernate.resource.jdbc.internal.LogicalConnectionManagedImpl.getPhysicalConnection(LogicalConnectionManagedImpl.java:143)
	at org.hibernate.resource.jdbc.internal.LogicalConnectionManagedImpl.getConnectionForTransactionManagement(LogicalConnectionManagedImpl.java:273)
	at org.hibernate.resource.jdbc.internal.LogicalConnectionManagedImpl.begin(LogicalConnectionManagedImpl.java:281)
	at org.hibernate.resource.transaction.backend.jdbc.internal.JdbcResourceLocalTransactionCoordinatorImpl$TransactionDriverControlImpl.begin(JdbcResourceLocalTransactionCoordinatorImpl.java:232)
	at org.hibernate.engine.transaction.internal.TransactionImpl.begin(TransactionImpl.java:83)
	at org.springframework.orm.jpa.vendor.HibernateJpaDialect.beginTransaction(HibernateJpaDialect.java:176)
	at org.springframework.orm.jpa.JpaTransactionManager.doBegin(JpaTransactionManager.java:420)
	... 16 common frames omitted
Caused by: java.sql.SQLException: HikariPool-1 - Interrupted during connection acquisition
	at com.zaxxer.hikari.pool.HikariPool.getConnection(HikariPool.java:185)
	at com.zaxxer.hikari.pool.HikariPool.getConnection(HikariPool.java:146)
	at com.zaxxer.hikari.HikariDataSource.getConnection(HikariDataSource.java:128)
	at org.hibernate.engine.jdbc.connections.internal.DatasourceConnectionProviderImpl.getConnection(DatasourceConnectionProviderImpl.java:122)
	at org.hibernate.internal.NonContextualJdbcConnectionAccess.obtainConnection(NonContextualJdbcConnectionAccess.java:46)
	at org.hibernate.resource.jdbc.internal.LogicalConnectionManagedImpl.acquireConnectionIfNeeded(LogicalConnectionManagedImpl.java:113)
	... 23 common frames omitted
Caused by: java.lang.InterruptedException: null
	at java.base/java.util.concurrent.SynchronousQueue.poll(SynchronousQueue.java:906)
	at com.zaxxer.hikari.util.ConcurrentBag.borrow(ConcurrentBag.java:151)
	at com.zaxxer.hikari.pool.HikariPool.getConnection(HikariPool.java:164)
	... 28 common frames omitted
